provincia_id,provincia_nombre,departamento_id,departamento_nombre,anio,delitos_propiedad_hechos
2,ciudad autónoma de buenos aires,2001,comuna 1,2000,0
2,ciudad autónoma de buenos aires,2001,comuna 1,2001,0
2,ciudad autónoma de buenos aires,2001,comuna 1,2002,0
2,ciudad autónoma de buenos aires,2001,comuna 1,2003,0
2,ciudad autónoma de buenos aires,2001,comuna 1,2004,0
2,ciudad autónoma de buenos aires,2001,comuna 1,2005,0
2,ciudad autónoma de buenos aires,2001,comuna 1,2006,0
2,ciudad autónoma de buenos aires,2001,comuna 1,2007,0
2,ciudad autónoma de buenos aires,2001,comuna 1,2008,0
2,ciudad autónoma de buenos aires,2001,comuna 1,2009,0
2,ciudad autónoma de buenos aires,2001,comuna 1,2010,0
2,ciudad autónoma de buenos aires,2001,comuna 1,2011,0
2,ciudad autónoma de buenos aires,2001,comuna 1,2012,0
2,ciudad autónoma de buenos aires,2001,comuna 1,2013,0
2,ciudad autónoma de buenos aires,2001,comuna 1,2014,0
2,ciudad autónoma de buenos aires,2001,comuna 1,2015,0
2,ciudad autónoma de buenos aires,2001,comuna 1,2016,0
2,ciudad autónoma de buenos aires,2001,comuna 1,2017,17609
2,ciudad autónoma de buenos aires,2001,comuna 1,2018,18374
2,ciudad autónoma de buenos aires,2001,comuna 1,2019,21721
2,ciudad autónoma de buenos aires,2001,comuna 1,2020,9773
2,ciudad autónoma de buenos aires,2001,comuna 1,2021,13012
2,ciudad autónoma de buenos aires,2001,comuna 1,2022,20959
2,ciudad autónoma de buenos aires,2001,comuna 1,2023,23541
2,ciudad autónoma de buenos aires,2001,comuna 1,2024,24297
2,ciudad autónoma de buenos aires,2002,comuna 2,2000,0
2,ciudad autónoma de buenos aires,2002,comuna 2,2001,0
2,ciudad autónoma de buenos aires,2002,comuna 2,2002,0
2,ciudad autónoma de buenos aires,2002,comuna 2,2003,0
2,ciudad autónoma de buenos aires,2002,comuna 2,2004,0
2,ciudad autónoma de buenos aires,2002,comuna 2,2005,0
2,ciudad autónoma de buenos aires,2002,comuna 2,2006,0
2,ciudad autónoma de buenos aires,2002,comuna 2,2007,0
2,ciudad autónoma de buenos aires,2002,comuna 2,2008,0
2,ciudad autónoma de buenos aires,2002,comuna 2,2009,0
2,ciudad autónoma de buenos aires,2002,comuna 2,2010,0
2,ciudad autónoma de buenos aires,2002,comuna 2,2011,0
2,ciudad autónoma de buenos aires,2002,comuna 2,2012,0
2,ciudad autónoma de buenos aires,2002,comuna 2,2013,0
2,ciudad autónoma de buenos aires,2002,comuna 2,2014,0
2,ciudad autónoma de buenos aires,2002,comuna 2,2015,0
2,ciudad autónoma de buenos aires,2002,comuna 2,2016,0
2,ciudad autónoma de buenos aires,2002,comuna 2,2017,5747
2,ciudad autónoma de buenos aires,2002,comuna 2,2018,6514
2,ciudad autónoma de buenos aires,2002,comuna 2,2019,7062
2,ciudad autónoma de buenos aires,2002,comuna 2,2020,3801
2,ciudad autónoma de buenos aires,2002,comuna 2,2021,6055
2,ciudad autónoma de buenos aires,2002,comuna 2,2022,7858
2,ciudad autónoma de buenos aires,2002,comuna 2,2023,8690
2,ciudad autónoma de buenos aires,2002,comuna 2,2024,8829
2,ciudad autónoma de buenos aires,2003,comuna 3,2000,0
2,ciudad autónoma de buenos aires,2003,comuna 3,2001,0
2,ciudad autónoma de buenos aires,2003,comuna 3,2002,0
2,ciudad autónoma de buenos aires,2003,comuna 3,2003,0
2,ciudad autónoma de buenos aires,2003,comuna 3,2004,0
2,ciudad autónoma de buenos aires,2003,comuna 3,2005,0
2,ciudad autónoma de buenos aires,2003,comuna 3,2006,0
2,ciudad autónoma de buenos aires,2003,comuna 3,2007,0
2,ciudad autónoma de buenos aires,2003,comuna 3,2008,0
2,ciudad autónoma de buenos aires,2003,comuna 3,2009,0
2,ciudad autónoma de buenos aires,2003,comuna 3,2010,0
2,ciudad autónoma de buenos aires,2003,comuna 3,2011,0
2,ciudad autónoma de buenos aires,2003,comuna 3,2012,0
2,ciudad autónoma de buenos aires,2003,comuna 3,2013,0
2,ciudad autónoma de buenos aires,2003,comuna 3,2014,0
2,ciudad autónoma de buenos aires,2003,comuna 3,2015,0
2,ciudad autónoma de buenos aires,2003,comuna 3,2016,0
2,ciudad autónoma de buenos aires,2003,comuna 3,2017,9591
2,ciudad autónoma de buenos aires,2003,comuna 3,2018,10465
2,ciudad autónoma de buenos aires,2003,comuna 3,2019,11494
2,ciudad autónoma de buenos aires,2003,comuna 3,2020,6744
2,ciudad autónoma de buenos aires,2003,comuna 3,2021,8854
2,ciudad autónoma de buenos aires,2003,comuna 3,2022,11884
2,ciudad autónoma de buenos aires,2003,comuna 3,2023,12945
2,ciudad autónoma de buenos aires,2003,comuna 3,2024,13277
2,ciudad autónoma de buenos aires,2004,comuna 4,2000,0
2,ciudad autónoma de buenos aires,2004,comuna 4,2001,0
2,ciudad autónoma de buenos aires,2004,comuna 4,2002,0
2,ciudad autónoma de buenos aires,2004,comuna 4,2003,0
2,ciudad autónoma de buenos aires,2004,comuna 4,2004,0
2,ciudad autónoma de buenos aires,2004,comuna 4,2005,0
2,ciudad autónoma de buenos aires,2004,comuna 4,2006,0
2,ciudad autónoma de buenos aires,2004,comuna 4,2007,0
2,ciudad autónoma de buenos aires,2004,comuna 4,2008,0
2,ciudad autónoma de buenos aires,2004,comuna 4,2009,0
2,ciudad autónoma de buenos aires,2004,comuna 4,2010,0
2,ciudad autónoma de buenos aires,2004,comuna 4,2011,0
2,ciudad autónoma de buenos aires,2004,comuna 4,2012,0
2,ciudad autónoma de buenos aires,2004,comuna 4,2013,0
2,ciudad autónoma de buenos aires,2004,comuna 4,2014,0
2,ciudad autónoma de buenos aires,2004,comuna 4,2015,0
2,ciudad autónoma de buenos aires,2004,comuna 4,2016,0
2,ciudad autónoma de buenos aires,2004,comuna 4,2017,11007
2,ciudad autónoma de buenos aires,2004,comuna 4,2018,10603
2,ciudad autónoma de buenos aires,2004,comuna 4,2019,10936
2,ciudad autónoma de buenos aires,2004,comuna 4,2020,7668
2,ciudad autónoma de buenos aires,2004,comuna 4,2021,9351
2,ciudad autónoma de buenos aires,2004,comuna 4,2022,11481
2,ciudad autónoma de buenos aires,2004,comuna 4,2023,14017
2,ciudad autónoma de buenos aires,2004,comuna 4,2024,15149
2,ciudad autónoma de buenos aires,2005,comuna 5,2000,0
2,ciudad autónoma de buenos aires,2005,comuna 5,2001,0
2,ciudad autónoma de buenos aires,2005,comuna 5,2002,0
2,ciudad autónoma de buenos aires,2005,comuna 5,2003,0
2,ciudad autónoma de buenos aires,2005,comuna 5,2004,0
2,ciudad autónoma de buenos aires,2005,comuna 5,2005,0
2,ciudad autónoma de buenos aires,2005,comuna 5,2006,0
2,ciudad autónoma de buenos aires,2005,comuna 5,2007,0
2,ciudad autónoma de buenos aires,2005,comuna 5,2008,0
2,ciudad autónoma de buenos aires,2005,comuna 5,2009,0
2,ciudad autónoma de buenos aires,2005,comuna 5,2010,0
2,ciudad autónoma de buenos aires,2005,comuna 5,2011,0
2,ciudad autónoma de buenos aires,2005,comuna 5,2012,0
2,ciudad autónoma de buenos aires,2005,comuna 5,2013,0
2,ciudad autónoma de buenos aires,2005,comuna 5,2014,0
2,ciudad autónoma de buenos aires,2005,comuna 5,2015,0
2,ciudad autónoma de buenos aires,2005,comuna 5,2016,0
2,ciudad autónoma de buenos aires,2005,comuna 5,2017,7029
2,ciudad autónoma de buenos aires,2005,comuna 5,2018,7504
2,ciudad autónoma de buenos aires,2005,comuna 5,2019,7395
2,ciudad autónoma de buenos aires,2005,comuna 5,2020,4406
2,ciudad autónoma de buenos aires,2005,comuna 5,2021,6056
2,ciudad autónoma de buenos aires,2005,comuna 5,2022,7771
2,ciudad autónoma de buenos aires,2005,comuna 5,2023,8375
2,ciudad autónoma de buenos aires,2005,comuna 5,2024,9219
2,ciudad autónoma de buenos aires,2006,comuna 6,2000,0
2,ciudad autónoma de buenos aires,2006,comuna 6,2001,0
2,ciudad autónoma de buenos aires,2006,comuna 6,2002,0
2,ciudad autónoma de buenos aires,2006,comuna 6,2003,0
2,ciudad autónoma de buenos aires,2006,comuna 6,2004,0
2,ciudad autónoma de buenos aires,2006,comuna 6,2005,0
2,ciudad autónoma de buenos aires,2006,comuna 6,2006,0
2,ciudad autónoma de buenos aires,2006,comuna 6,2007,0
2,ciudad autónoma de buenos aires,2006,comuna 6,2008,0
2,ciudad autónoma de buenos aires,2006,comuna 6,2009,0
2,ciudad autónoma de buenos aires,2006,comuna 6,2010,0
2,ciudad autónoma de buenos aires,2006,comuna 6,2011,0
2,ciudad autónoma de buenos aires,2006,comuna 6,2012,0
2,ciudad autónoma de buenos aires,2006,comuna 6,2013,0
2,ciudad autónoma de buenos aires,2006,comuna 6,2014,0
2,ciudad autónoma de buenos aires,2006,comuna 6,2015,0
2,ciudad autónoma de buenos aires,2006,comuna 6,2016,0
2,ciudad autónoma de buenos aires,2006,comuna 6,2017,5782
2,ciudad autónoma de buenos aires,2006,comuna 6,2018,5810
2,ciudad autónoma de buenos aires,2006,comuna 6,2019,5410
2,ciudad autónoma de buenos aires,2006,comuna 6,2020,3536
2,ciudad autónoma de buenos aires,2006,comuna 6,2021,5219
2,ciudad autónoma de buenos aires,2006,comuna 6,2022,6536
2,ciudad autónoma de buenos aires,2006,comuna 6,2023,7076
2,ciudad autónoma de buenos aires,2006,comuna 6,2024,8297
2,ciudad autónoma de buenos aires,2007,comuna 7,2000,0
2,ciudad autónoma de buenos aires,2007,comuna 7,2001,0
2,ciudad autónoma de buenos aires,2007,comuna 7,2002,0
2,ciudad autónoma de buenos aires,2007,comuna 7,2003,0
2,ciudad autónoma de buenos aires,2007,comuna 7,2004,0
2,ciudad autónoma de buenos aires,2007,comuna 7,2005,0
2,ciudad autónoma de buenos aires,2007,comuna 7,2006,0
2,ciudad autónoma de buenos aires,2007,comuna 7,2007,0
2,ciudad autónoma de buenos aires,2007,comuna 7,2008,0
2,ciudad autónoma de buenos aires,2007,comuna 7,2009,0
2,ciudad autónoma de buenos aires,2007,comuna 7,2010,0
2,ciudad autónoma de buenos aires,2007,comuna 7,2011,0
2,ciudad autónoma de buenos aires,2007,comuna 7,2012,0
2,ciudad autónoma de buenos aires,2007,comuna 7,2013,0
2,ciudad autónoma de buenos aires,2007,comuna 7,2014,0
2,ciudad autónoma de buenos aires,2007,comuna 7,2015,0
2,ciudad autónoma de buenos aires,2007,comuna 7,2016,0
2,ciudad autónoma de buenos aires,2007,comuna 7,2017,8877
2,ciudad autónoma de buenos aires,2007,comuna 7,2018,9269
2,ciudad autónoma de buenos aires,2007,comuna 7,2019,8466
2,ciudad autónoma de buenos aires,2007,comuna 7,2020,5665
2,ciudad autónoma de buenos aires,2007,comuna 7,2021,7984
2,ciudad autónoma de buenos aires,2007,comuna 7,2022,10792
2,ciudad autónoma de buenos aires,2007,comuna 7,2023,11701
2,ciudad autónoma de buenos aires,2007,comuna 7,2024,13581
2,ciudad autónoma de buenos aires,2008,comuna 8,2000,0
2,ciudad autónoma de buenos aires,2008,comuna 8,2001,0
2,ciudad autónoma de buenos aires,2008,comuna 8,2002,0
2,ciudad autónoma de buenos aires,2008,comuna 8,2003,0
2,ciudad autónoma de buenos aires,2008,comuna 8,2004,0
2,ciudad autónoma de buenos aires,2008,comuna 8,2005,0
2,ciudad autónoma de buenos aires,2008,comuna 8,2006,0
2,ciudad autónoma de buenos aires,2008,comuna 8,2007,0
2,ciudad autónoma de buenos aires,2008,comuna 8,2008,0
2,ciudad autónoma de buenos aires,2008,comuna 8,2009,0
2,ciudad autónoma de buenos aires,2008,comuna 8,2010,0
2,ciudad autónoma de buenos aires,2008,comuna 8,2011,0
2,ciudad autónoma de buenos aires,2008,comuna 8,2012,0
2,ciudad autónoma de buenos aires,2008,comuna 8,2013,0
2,ciudad autónoma de buenos aires,2008,comuna 8,2014,0
2,ciudad autónoma de buenos aires,2008,comuna 8,2015,0
2,ciudad autónoma de buenos aires,2008,comuna 8,2016,0
2,ciudad autónoma de buenos aires,2008,comuna 8,2017,6001
2,ciudad autónoma de buenos aires,2008,comuna 8,2018,6187
2,ciudad autónoma de buenos aires,2008,comuna 8,2019,6523
2,ciudad autónoma de buenos aires,2008,comuna 8,2020,4920
2,ciudad autónoma de buenos aires,2008,comuna 8,2021,6593
2,ciudad autónoma de buenos aires,2008,comuna 8,2022,7791
2,ciudad autónoma de buenos aires,2008,comuna 8,2023,9398
2,ciudad autónoma de buenos aires,2008,comuna 8,2024,9835
2,ciudad autónoma de buenos aires,2009,comuna 9,2000,0
2,ciudad autónoma de buenos aires,2009,comuna 9,2001,0
2,ciudad autónoma de buenos aires,2009,comuna 9,2002,0
2,ciudad autónoma de buenos aires,2009,comuna 9,2003,0
2,ciudad autónoma de buenos aires,2009,comuna 9,2004,0
2,ciudad autónoma de buenos aires,2009,comuna 9,2005,0
2,ciudad autónoma de buenos aires,2009,comuna 9,2006,0
2,ciudad autónoma de buenos aires,2009,comuna 9,2007,0
2,ciudad autónoma de buenos aires,2009,comuna 9,2008,0
2,ciudad autónoma de buenos aires,2009,comuna 9,2009,0
2,ciudad autónoma de buenos aires,2009,comuna 9,2010,0
2,ciudad autónoma de buenos aires,2009,comuna 9,2011,0
2,ciudad autónoma de buenos aires,2009,comuna 9,2012,0
2,ciudad autónoma de buenos aires,2009,comuna 9,2013,0
2,ciudad autónoma de buenos aires,2009,comuna 9,2014,0
2,ciudad autónoma de buenos aires,2009,comuna 9,2015,0
2,ciudad autónoma de buenos aires,2009,comuna 9,2016,0
2,ciudad autónoma de buenos aires,2009,comuna 9,2017,7239
2,ciudad autónoma de buenos aires,2009,comuna 9,2018,7019
2,ciudad autónoma de buenos aires,2009,comuna 9,2019,6500
2,ciudad autónoma de buenos aires,2009,comuna 9,2020,4138
2,ciudad autónoma de buenos aires,2009,comuna 9,2021,5825
2,ciudad autónoma de buenos aires,2009,comuna 9,2022,7483
2,ciudad autónoma de buenos aires,2009,comuna 9,2023,9373
2,ciudad autónoma de buenos aires,2009,comuna 9,2024,8878
2,ciudad autónoma de buenos aires,2010,comuna 10,2000,0
2,ciudad autónoma de buenos aires,2010,comuna 10,2001,0
2,ciudad autónoma de buenos aires,2010,comuna 10,2002,0
2,ciudad autónoma de buenos aires,2010,comuna 10,2003,0
2,ciudad autónoma de buenos aires,2010,comuna 10,2004,0
2,ciudad autónoma de buenos aires,2010,comuna 10,2005,0
2,ciudad autónoma de buenos aires,2010,comuna 10,2006,0
2,ciudad autónoma de buenos aires,2010,comuna 10,2007,0
2,ciudad autónoma de buenos aires,2010,comuna 10,2008,0
2,ciudad autónoma de buenos aires,2010,comuna 10,2009,0
2,ciudad autónoma de buenos aires,2010,comuna 10,2010,0
2,ciudad autónoma de buenos aires,2010,comuna 10,2011,0
2,ciudad autónoma de buenos aires,2010,comuna 10,2012,0
2,ciudad autónoma de buenos aires,2010,comuna 10,2013,0
2,ciudad autónoma de buenos aires,2010,comuna 10,2014,0
2,ciudad autónoma de buenos aires,2010,comuna 10,2015,0
2,ciudad autónoma de buenos aires,2010,comuna 10,2016,0
2,ciudad autónoma de buenos aires,2010,comuna 10,2017,6267
2,ciudad autónoma de buenos aires,2010,comuna 10,2018,5979
2,ciudad autónoma de buenos aires,2010,comuna 10,2019,5699
2,ciudad autónoma de buenos aires,2010,comuna 10,2020,3119
2,ciudad autónoma de buenos aires,2010,comuna 10,2021,5034
2,ciudad autónoma de buenos aires,2010,comuna 10,2022,6291
2,ciudad autónoma de buenos aires,2010,comuna 10,2023,7372
2,ciudad autónoma de buenos aires,2010,comuna 10,2024,8161
2,ciudad autónoma de buenos aires,2011,comuna 11,2000,0
2,ciudad autónoma de buenos aires,2011,comuna 11,2001,0
2,ciudad autónoma de buenos aires,2011,comuna 11,2002,0
2,ciudad autónoma de buenos aires,2011,comuna 11,2003,0
2,ciudad autónoma de buenos aires,2011,comuna 11,2004,0
2,ciudad autónoma de buenos aires,2011,comuna 11,2005,0
2,ciudad autónoma de buenos aires,2011,comuna 11,2006,0
2,ciudad autónoma de buenos aires,2011,comuna 11,2007,0
2,ciudad autónoma de buenos aires,2011,comuna 11,2008,0
2,ciudad autónoma de buenos aires,2011,comuna 11,2009,0
2,ciudad autónoma de buenos aires,2011,comuna 11,2010,0
2,ciudad autónoma de buenos aires,2011,comuna 11,2011,0
2,ciudad autónoma de buenos aires,2011,comuna 11,2012,0
2,ciudad autónoma de buenos aires,2011,comuna 11,2013,0
2,ciudad autónoma de buenos aires,2011,comuna 11,2014,0
2,ciudad autónoma de buenos aires,2011,comuna 11,2015,0
2,ciudad autónoma de buenos aires,2011,comuna 11,2016,0
2,ciudad autónoma de buenos aires,2011,comuna 11,2017,6470
2,ciudad autónoma de buenos aires,2011,comuna 11,2018,6243
2,ciudad autónoma de buenos aires,2011,comuna 11,2019,5851
2,ciudad autónoma de buenos aires,2011,comuna 11,2020,3445
2,ciudad autónoma de buenos aires,2011,comuna 11,2021,4931
2,ciudad autónoma de buenos aires,2011,comuna 11,2022,6612
2,ciudad autónoma de buenos aires,2011,comuna 11,2023,8168
2,ciudad autónoma de buenos aires,2011,comuna 11,2024,8889
2,ciudad autónoma de buenos aires,2012,comuna 12,2000,0
2,ciudad autónoma de buenos aires,2012,comuna 12,2001,0
2,ciudad autónoma de buenos aires,2012,comuna 12,2002,0
2,ciudad autónoma de buenos aires,2012,comuna 12,2003,0
2,ciudad autónoma de buenos aires,2012,comuna 12,2004,0
2,ciudad autónoma de buenos aires,2012,comuna 12,2005,0
2,ciudad autónoma de buenos aires,2012,comuna 12,2006,0
2,ciudad autónoma de buenos aires,2012,comuna 12,2007,0
2,ciudad autónoma de buenos aires,2012,comuna 12,2008,0
2,ciudad autónoma de buenos aires,2012,comuna 12,2009,0
2,ciudad autónoma de buenos aires,2012,comuna 12,2010,0
2,ciudad autónoma de buenos aires,2012,comuna 12,2011,0
2,ciudad autónoma de buenos aires,2012,comuna 12,2012,0
2,ciudad autónoma de buenos aires,2012,comuna 12,2013,0
2,ciudad autónoma de buenos aires,2012,comuna 12,2014,0
2,ciudad autónoma de buenos aires,2012,comuna 12,2015,0
2,ciudad autónoma de buenos aires,2012,comuna 12,2016,0
2,ciudad autónoma de buenos aires,2012,comuna 12,2017,6798
2,ciudad autónoma de buenos aires,2012,comuna 12,2018,6630
2,ciudad autónoma de buenos aires,2012,comuna 12,2019,6716
2,ciudad autónoma de buenos aires,2012,comuna 12,2020,3876
2,ciudad autónoma de buenos aires,2012,comuna 12,2021,5926
2,ciudad autónoma de buenos aires,2012,comuna 12,2022,7230
2,ciudad autónoma de buenos aires,2012,comuna 12,2023,8034
2,ciudad autónoma de buenos aires,2012,comuna 12,2024,9093
2,ciudad autónoma de buenos aires,2013,comuna 13,2000,0
2,ciudad autónoma de buenos aires,2013,comuna 13,2001,0
2,ciudad autónoma de buenos aires,2013,comuna 13,2002,0
2,ciudad autónoma de buenos aires,2013,comuna 13,2003,0
2,ciudad autónoma de buenos aires,2013,comuna 13,2004,0
2,ciudad autónoma de buenos aires,2013,comuna 13,2005,0
2,ciudad autónoma de buenos aires,2013,comuna 13,2006,0
2,ciudad autónoma de buenos aires,2013,comuna 13,2007,0
2,ciudad autónoma de buenos aires,2013,comuna 13,2008,0
2,ciudad autónoma de buenos aires,2013,comuna 13,2009,0
2,ciudad autónoma de buenos aires,2013,comuna 13,2010,0
2,ciudad autónoma de buenos aires,2013,comuna 13,2011,0
2,ciudad autónoma de buenos aires,2013,comuna 13,2012,0
2,ciudad autónoma de buenos aires,2013,comuna 13,2013,0
2,ciudad autónoma de buenos aires,2013,comuna 13,2014,0
2,ciudad autónoma de buenos aires,2013,comuna 13,2015,0
2,ciudad autónoma de buenos aires,2013,comuna 13,2016,0
2,ciudad autónoma de buenos aires,2013,comuna 13,2017,7402
2,ciudad autónoma de buenos aires,2013,comuna 13,2018,8077
2,ciudad autónoma de buenos aires,2013,comuna 13,2019,8371
2,ciudad autónoma de buenos aires,2013,comuna 13,2020,4751
2,ciudad autónoma de buenos aires,2013,comuna 13,2021,7292
2,ciudad autónoma de buenos aires,2013,comuna 13,2022,9419
2,ciudad autónoma de buenos aires,2013,comuna 13,2023,10164
2,ciudad autónoma de buenos aires,2013,comuna 13,2024,11479
2,ciudad autónoma de buenos aires,2014,comuna 14,2000,0
2,ciudad autónoma de buenos aires,2014,comuna 14,2001,0
2,ciudad autónoma de buenos aires,2014,comuna 14,2002,0
2,ciudad autónoma de buenos aires,2014,comuna 14,2003,0
2,ciudad autónoma de buenos aires,2014,comuna 14,2004,0
2,ciudad autónoma de buenos aires,2014,comuna 14,2005,0
2,ciudad autónoma de buenos aires,2014,comuna 14,2006,0
2,ciudad autónoma de buenos aires,2014,comuna 14,2007,0
2,ciudad autónoma de buenos aires,2014,comuna 14,2008,0
2,ciudad autónoma de buenos aires,2014,comuna 14,2009,0
2,ciudad autónoma de buenos aires,2014,comuna 14,2010,0
2,ciudad autónoma de buenos aires,2014,comuna 14,2011,0
2,ciudad autónoma de buenos aires,2014,comuna 14,2012,0
2,ciudad autónoma de buenos aires,2014,comuna 14,2013,0
2,ciudad autónoma de buenos aires,2014,comuna 14,2014,0
2,ciudad autónoma de buenos aires,2014,comuna 14,2015,0
2,ciudad autónoma de buenos aires,2014,comuna 14,2016,0
2,ciudad autónoma de buenos aires,2014,comuna 14,2017,10492
2,ciudad autónoma de buenos aires,2014,comuna 14,2018,9913
2,ciudad autónoma de buenos aires,2014,comuna 14,2019,10961
2,ciudad autónoma de buenos aires,2014,comuna 14,2020,6511
2,ciudad autónoma de buenos aires,2014,comuna 14,2021,10081
2,ciudad autónoma de buenos aires,2014,comuna 14,2022,13613
2,ciudad autónoma de buenos aires,2014,comuna 14,2023,15534
2,ciudad autónoma de buenos aires,2014,comuna 14,2024,15853
2,ciudad autónoma de buenos aires,2015,comuna 15,2000,0
2,ciudad autónoma de buenos aires,2015,comuna 15,2001,0
2,ciudad autónoma de buenos aires,2015,comuna 15,2002,0
2,ciudad autónoma de buenos aires,2015,comuna 15,2003,0
2,ciudad autónoma de buenos aires,2015,comuna 15,2004,0
2,ciudad autónoma de buenos aires,2015,comuna 15,2005,0
2,ciudad autónoma de buenos aires,2015,comuna 15,2006,0
2,ciudad autónoma de buenos aires,2015,comuna 15,2007,0
2,ciudad autónoma de buenos aires,2015,comuna 15,2008,0
2,ciudad autónoma de buenos aires,2015,comuna 15,2009,0
2,ciudad autónoma de buenos aires,2015,comuna 15,2010,0
2,ciudad autónoma de buenos aires,2015,comuna 15,2011,0
2,ciudad autónoma de buenos aires,2015,comuna 15,2012,0
2,ciudad autónoma de buenos aires,2015,comuna 15,2013,0
2,ciudad autónoma de buenos aires,2015,comuna 15,2014,0
2,ciudad autónoma de buenos aires,2015,comuna 15,2015,0
2,ciudad autónoma de buenos aires,2015,comuna 15,2016,0
2,ciudad autónoma de buenos aires,2015,comuna 15,2017,7134
2,ciudad autónoma de buenos aires,2015,comuna 15,2018,7143
2,ciudad autónoma de buenos aires,2015,comuna 15,2019,7260
2,ciudad autónoma de buenos aires,2015,comuna 15,2020,4559
2,ciudad autónoma de buenos aires,2015,comuna 15,2021,6240
2,ciudad autónoma de buenos aires,2015,comuna 15,2022,8301
2,ciudad autónoma de buenos aires,2015,comuna 15,2023,10370
2,ciudad autónoma de buenos aires,2015,comuna 15,2024,11041
6,buenos aires,6007,adolfo alsina,2000,105
6,buenos aires,6007,adolfo alsina,2001,55
6,buenos aires,6007,adolfo alsina,2002,101
6,buenos aires,6007,adolfo alsina,2003,109
6,buenos aires,6007,adolfo alsina,2004,142
6,buenos aires,6007,adolfo alsina,2005,60
6,buenos aires,6007,adolfo alsina,2006,54
6,buenos aires,6007,adolfo alsina,2007,114
6,buenos aires,6007,adolfo alsina,2008,111
6,buenos aires,6007,adolfo alsina,2009,113
6,buenos aires,6007,adolfo alsina,2010,135
6,buenos aires,6007,adolfo alsina,2011,153
6,buenos aires,6007,adolfo alsina,2012,131
6,buenos aires,6007,adolfo alsina,2013,99
6,buenos aires,6007,adolfo alsina,2014,66
6,buenos aires,6007,adolfo alsina,2015,67
6,buenos aires,6007,adolfo alsina,2016,50
6,buenos aires,6007,adolfo alsina,2017,29
6,buenos aires,6007,adolfo alsina,2018,63
6,buenos aires,6007,adolfo alsina,2019,117
6,buenos aires,6007,adolfo alsina,2020,95
6,buenos aires,6007,adolfo alsina,2021,115
6,buenos aires,6007,adolfo alsina,2022,96
6,buenos aires,6007,adolfo alsina,2023,120
6,buenos aires,6007,adolfo alsina,2024,85
6,buenos aires,6014,adolfo gonzales chaves,2000,185
6,buenos aires,6014,adolfo gonzales chaves,2001,172
6,buenos aires,6014,adolfo gonzales chaves,2002,108
6,buenos aires,6014,adolfo gonzales chaves,2003,65
6,buenos aires,6014,adolfo gonzales chaves,2004,66
6,buenos aires,6014,adolfo gonzales chaves,2005,28
6,buenos aires,6014,adolfo gonzales chaves,2006,68
6,buenos aires,6014,adolfo gonzales chaves,2007,64
6,buenos aires,6014,adolfo gonzales chaves,2008,55
6,buenos aires,6014,adolfo gonzales chaves,2009,288
6,buenos aires,6014,adolfo gonzales chaves,2010,146
6,buenos aires,6014,adolfo gonzales chaves,2011,170
6,buenos aires,6014,adolfo gonzales chaves,2012,165
6,buenos aires,6014,adolfo gonzales chaves,2013,186
6,buenos aires,6014,adolfo gonzales chaves,2014,200
6,buenos aires,6014,adolfo gonzales chaves,2015,160
6,buenos aires,6014,adolfo gonzales chaves,2016,99
6,buenos aires,6014,adolfo gonzales chaves,2017,102
6,buenos aires,6014,adolfo gonzales chaves,2018,167
6,buenos aires,6014,adolfo gonzales chaves,2019,163
6,buenos aires,6014,adolfo gonzales chaves,2020,176
6,buenos aires,6014,adolfo gonzales chaves,2021,212
6,buenos aires,6014,adolfo gonzales chaves,2022,217
6,buenos aires,6014,adolfo gonzales chaves,2023,199
6,buenos aires,6014,adolfo gonzales chaves,2024,216
6,buenos aires,6021,alberti,2000,38
6,buenos aires,6021,alberti,2001,33
6,buenos aires,6021,alberti,2002,49
6,buenos aires,6021,alberti,2003,37
6,buenos aires,6021,alberti,2004,63
6,buenos aires,6021,alberti,2005,29
6,buenos aires,6021,alberti,2006,62
6,buenos aires,6021,alberti,2007,36
6,buenos aires,6021,alberti,2008,61
6,buenos aires,6021,alberti,2009,129
6,buenos aires,6021,alberti,2010,49
6,buenos aires,6021,alberti,2011,21
6,buenos aires,6021,alberti,2012,57
6,buenos aires,6021,alberti,2013,52
6,buenos aires,6021,alberti,2014,37
6,buenos aires,6021,alberti,2015,39
6,buenos aires,6021,alberti,2016,29
6,buenos aires,6021,alberti,2017,28
6,buenos aires,6021,alberti,2018,51
6,buenos aires,6021,alberti,2019,53
6,buenos aires,6021,alberti,2020,65
6,buenos aires,6021,alberti,2021,85
6,buenos aires,6021,alberti,2022,66
6,buenos aires,6021,alberti,2023,95
6,buenos aires,6021,alberti,2024,87
6,buenos aires,6028,almirante brown,2000,5860
6,buenos aires,6028,almirante brown,2001,6213
6,buenos aires,6028,almirante brown,2002,8992
6,buenos aires,6028,almirante brown,2003,6586
6,buenos aires,6028,almirante brown,2004,4554
6,buenos aires,6028,almirante brown,2005,3638
6,buenos aires,6028,almirante brown,2006,3880
6,buenos aires,6028,almirante brown,2007,2683
6,buenos aires,6028,almirante brown,2008,2043
6,buenos aires,6028,almirante brown,2009,1046
6,buenos aires,6028,almirante brown,2010,2357
6,buenos aires,6028,almirante brown,2011,3975
6,buenos aires,6028,almirante brown,2012,4209
6,buenos aires,6028,almirante brown,2013,4717
6,buenos aires,6028,almirante brown,2014,3922
6,buenos aires,6028,almirante brown,2015,4441
6,buenos aires,6028,almirante brown,2016,4143
6,buenos aires,6028,almirante brown,2017,4586
6,buenos aires,6028,almirante brown,2018,4123
6,buenos aires,6028,almirante brown,2019,10102
6,buenos aires,6028,almirante brown,2020,8812
6,buenos aires,6028,almirante brown,2021,8334
6,buenos aires,6028,almirante brown,2022,7532
6,buenos aires,6028,almirante brown,2023,9513
6,buenos aires,6028,almirante brown,2024,8453
6,buenos aires,6035,avellaneda,2000,5015
6,buenos aires,6035,avellaneda,2001,5442
6,buenos aires,6035,avellaneda,2002,7533
6,buenos aires,6035,avellaneda,2003,6439
6,buenos aires,6035,avellaneda,2004,5007
6,buenos aires,6035,avellaneda,2005,2928
6,buenos aires,6035,avellaneda,2006,3552
6,buenos aires,6035,avellaneda,2007,3395
6,buenos aires,6035,avellaneda,2008,4018
6,buenos aires,6035,avellaneda,2009,1606
6,buenos aires,6035,avellaneda,2010,3206
6,buenos aires,6035,avellaneda,2011,4649
6,buenos aires,6035,avellaneda,2012,4893
6,buenos aires,6035,avellaneda,2013,3346
6,buenos aires,6035,avellaneda,2014,3493
6,buenos aires,6035,avellaneda,2015,3837
6,buenos aires,6035,avellaneda,2016,5104
6,buenos aires,6035,avellaneda,2017,5344
6,buenos aires,6035,avellaneda,2018,6726
6,buenos aires,6035,avellaneda,2019,7932
6,buenos aires,6035,avellaneda,2020,5656
6,buenos aires,6035,avellaneda,2021,7310
6,buenos aires,6035,avellaneda,2022,6474
6,buenos aires,6035,avellaneda,2023,7215
6,buenos aires,6035,avellaneda,2024,6568
6,buenos aires,6042,ayacucho,2000,180
6,buenos aires,6042,ayacucho,2001,143
6,buenos aires,6042,ayacucho,2002,114
6,buenos aires,6042,ayacucho,2003,58
6,buenos aires,6042,ayacucho,2004,165
6,buenos aires,6042,ayacucho,2005,151
6,buenos aires,6042,ayacucho,2006,119
6,buenos aires,6042,ayacucho,2007,168
6,buenos aires,6042,ayacucho,2008,75
6,buenos aires,6042,ayacucho,2009,500
6,buenos aires,6042,ayacucho,2010,184
6,buenos aires,6042,ayacucho,2011,237
6,buenos aires,6042,ayacucho,2012,98
6,buenos aires,6042,ayacucho,2013,98
6,buenos aires,6042,ayacucho,2014,112
6,buenos aires,6042,ayacucho,2015,46
6,buenos aires,6042,ayacucho,2016,66
6,buenos aires,6042,ayacucho,2017,70
6,buenos aires,6042,ayacucho,2018,74
6,buenos aires,6042,ayacucho,2019,221
6,buenos aires,6042,ayacucho,2020,201
6,buenos aires,6042,ayacucho,2021,172
6,buenos aires,6042,ayacucho,2022,66
6,buenos aires,6042,ayacucho,2023,152
6,buenos aires,6042,ayacucho,2024,269
6,buenos aires,6049,azul,2000,503
6,buenos aires,6049,azul,2001,1229
6,buenos aires,6049,azul,2002,1442
6,buenos aires,6049,azul,2003,992
6,buenos aires,6049,azul,2004,770
6,buenos aires,6049,azul,2005,238
6,buenos aires,6049,azul,2006,358
6,buenos aires,6049,azul,2007,451
6,buenos aires,6049,azul,2008,633
6,buenos aires,6049,azul,2009,296
6,buenos aires,6049,azul,2010,736
6,buenos aires,6049,azul,2011,636
6,buenos aires,6049,azul,2012,774
6,buenos aires,6049,azul,2013,634
6,buenos aires,6049,azul,2014,711
6,buenos aires,6049,azul,2015,547
6,buenos aires,6049,azul,2016,473
6,buenos aires,6049,azul,2017,297
6,buenos aires,6049,azul,2018,283
6,buenos aires,6049,azul,2019,609
6,buenos aires,6049,azul,2020,619
6,buenos aires,6049,azul,2021,604
6,buenos aires,6049,azul,2022,497
6,buenos aires,6049,azul,2023,595
6,buenos aires,6049,azul,2024,786
6,buenos aires,6056,bahía blanca,2000,3494
6,buenos aires,6056,bahía blanca,2001,3079
6,buenos aires,6056,bahía blanca,2002,3627
6,buenos aires,6056,bahía blanca,2003,3556
6,buenos aires,6056,bahía blanca,2004,2896
6,buenos aires,6056,bahía blanca,2005,1279
6,buenos aires,6056,bahía blanca,2006,1741
6,buenos aires,6056,bahía blanca,2007,1463
6,buenos aires,6056,bahía blanca,2008,2042
6,buenos aires,6056,bahía blanca,2009,1723
6,buenos aires,6056,bahía blanca,2010,2270
6,buenos aires,6056,bahía blanca,2011,2846
6,buenos aires,6056,bahía blanca,2012,3049
6,buenos aires,6056,bahía blanca,2013,2936
6,buenos aires,6056,bahía blanca,2014,2510
6,buenos aires,6056,bahía blanca,2015,2265
6,buenos aires,6056,bahía blanca,2016,2177
6,buenos aires,6056,bahía blanca,2017,2136
6,buenos aires,6056,bahía blanca,2018,2175
6,buenos aires,6056,bahía blanca,2019,4328
6,buenos aires,6056,bahía blanca,2020,3746
6,buenos aires,6056,bahía blanca,2021,3968
6,buenos aires,6056,bahía blanca,2022,3699
6,buenos aires,6056,bahía blanca,2023,4459
6,buenos aires,6056,bahía blanca,2024,4782
6,buenos aires,6058,quilmes,2023,11327
6,buenos aires,6058,quilmes,2024,10789
6,buenos aires,6063,balcarce,2000,956
6,buenos aires,6063,balcarce,2001,571
6,buenos aires,6063,balcarce,2002,1155
6,buenos aires,6063,balcarce,2003,615
6,buenos aires,6063,balcarce,2004,551
6,buenos aires,6063,balcarce,2005,293
6,buenos aires,6063,balcarce,2006,340
6,buenos aires,6063,balcarce,2007,275
6,buenos aires,6063,balcarce,2008,369
6,buenos aires,6063,balcarce,2009,649
6,buenos aires,6063,balcarce,2010,204
6,buenos aires,6063,balcarce,2011,172
6,buenos aires,6063,balcarce,2012,274
6,buenos aires,6063,balcarce,2013,170
6,buenos aires,6063,balcarce,2014,97
6,buenos aires,6063,balcarce,2015,279
6,buenos aires,6063,balcarce,2016,211
6,buenos aires,6063,balcarce,2017,121
6,buenos aires,6063,balcarce,2018,134
6,buenos aires,6063,balcarce,2019,289
6,buenos aires,6063,balcarce,2020,187
6,buenos aires,6063,balcarce,2021,547
6,buenos aires,6063,balcarce,2022,608
6,buenos aires,6063,balcarce,2023,676
6,buenos aires,6063,balcarce,2024,677
6,buenos aires,6070,baradero,2000,408
6,buenos aires,6070,baradero,2001,411
6,buenos aires,6070,baradero,2002,669
6,buenos aires,6070,baradero,2003,923
6,buenos aires,6070,baradero,2004,430
6,buenos aires,6070,baradero,2005,211
6,buenos aires,6070,baradero,2006,268
6,buenos aires,6070,baradero,2007,151
6,buenos aires,6070,baradero,2008,228
6,buenos aires,6070,baradero,2009,1562
6,buenos aires,6070,baradero,2010,395
6,buenos aires,6070,baradero,2011,350
6,buenos aires,6070,baradero,2012,369
6,buenos aires,6070,baradero,2013,197
6,buenos aires,6070,baradero,2014,171
6,buenos aires,6070,baradero,2015,106
6,buenos aires,6070,baradero,2016,200
6,buenos aires,6070,baradero,2017,150
6,buenos aires,6070,baradero,2018,338
6,buenos aires,6070,baradero,2019,567
6,buenos aires,6070,baradero,2020,196
6,buenos aires,6070,baradero,2021,226
6,buenos aires,6070,baradero,2022,234
6,buenos aires,6070,baradero,2023,385
6,buenos aires,6070,baradero,2024,442
6,buenos aires,6077,arrecifes,2000,249
6,buenos aires,6077,arrecifes,2001,523
6,buenos aires,6077,arrecifes,2002,940
6,buenos aires,6077,arrecifes,2003,822
6,buenos aires,6077,arrecifes,2004,591
6,buenos aires,6077,arrecifes,2005,390
6,buenos aires,6077,arrecifes,2006,299
6,buenos aires,6077,arrecifes,2007,250
6,buenos aires,6077,arrecifes,2008,123
6,buenos aires,6077,arrecifes,2009,234
6,buenos aires,6077,arrecifes,2010,261
6,buenos aires,6077,arrecifes,2011,428
6,buenos aires,6077,arrecifes,2012,410
6,buenos aires,6077,arrecifes,2013,701
6,buenos aires,6077,arrecifes,2014,821
6,buenos aires,6077,arrecifes,2015,516
6,buenos aires,6077,arrecifes,2016,555
6,buenos aires,6077,arrecifes,2017,597
6,buenos aires,6077,arrecifes,2018,378
6,buenos aires,6077,arrecifes,2019,290
6,buenos aires,6077,arrecifes,2020,298
6,buenos aires,6077,arrecifes,2021,266
6,buenos aires,6077,arrecifes,2022,241
6,buenos aires,6077,arrecifes,2023,204
6,buenos aires,6077,arrecifes,2024,473
6,buenos aires,6084,benito juárez,2000,220
6,buenos aires,6084,benito juárez,2001,179
6,buenos aires,6084,benito juárez,2002,185
6,buenos aires,6084,benito juárez,2003,521
6,buenos aires,6084,benito juárez,2004,357
6,buenos aires,6084,benito juárez,2005,174
6,buenos aires,6084,benito juárez,2006,211
6,buenos aires,6084,benito juárez,2007,95
6,buenos aires,6084,benito juárez,2008,139
6,buenos aires,6084,benito juárez,2009,354
6,buenos aires,6084,benito juárez,2010,283
6,buenos aires,6084,benito juárez,2011,347
6,buenos aires,6084,benito juárez,2012,248
6,buenos aires,6084,benito juárez,2013,145
6,buenos aires,6084,benito juárez,2014,139
6,buenos aires,6084,benito juárez,2015,111
6,buenos aires,6084,benito juárez,2016,90
6,buenos aires,6084,benito juárez,2017,88
6,buenos aires,6084,benito juárez,2018,130
6,buenos aires,6084,benito juárez,2019,230
6,buenos aires,6084,benito juárez,2020,151
6,buenos aires,6084,benito juárez,2021,123
6,buenos aires,6084,benito juárez,2022,188
6,buenos aires,6084,benito juárez,2023,259
6,buenos aires,6084,benito juárez,2024,294
6,buenos aires,6091,berazategui,2000,2049
6,buenos aires,6091,berazategui,2001,2279
6,buenos aires,6091,berazategui,2002,2746
6,buenos aires,6091,berazategui,2003,2491
6,buenos aires,6091,berazategui,2004,2606
6,buenos aires,6091,berazategui,2005,1655
6,buenos aires,6091,berazategui,2006,1555
6,buenos aires,6091,berazategui,2007,2052
6,buenos aires,6091,berazategui,2008,2515
6,buenos aires,6091,berazategui,2009,1045
6,buenos aires,6091,berazategui,2010,2599
6,buenos aires,6091,berazategui,2011,2743
6,buenos aires,6091,berazategui,2012,3073
6,buenos aires,6091,berazategui,2013,3443
6,buenos aires,6091,berazategui,2014,3348
6,buenos aires,6091,berazategui,2015,3060
6,buenos aires,6091,berazategui,2016,2598
6,buenos aires,6091,berazategui,2017,3093
6,buenos aires,6091,berazategui,2018,3759
6,buenos aires,6091,berazategui,2019,4279
6,buenos aires,6091,berazategui,2020,3772
6,buenos aires,6091,berazategui,2021,4650
6,buenos aires,6091,berazategui,2022,4684
6,buenos aires,6091,berazategui,2023,4689
6,buenos aires,6091,berazategui,2024,5629
6,buenos aires,6098,berisso,2000,835
6,buenos aires,6098,berisso,2001,928
6,buenos aires,6098,berisso,2002,1224
6,buenos aires,6098,berisso,2003,900
6,buenos aires,6098,berisso,2004,958
6,buenos aires,6098,berisso,2005,628
6,buenos aires,6098,berisso,2006,576
6,buenos aires,6098,berisso,2007,648
6,buenos aires,6098,berisso,2008,607
6,buenos aires,6098,berisso,2009,2164
6,buenos aires,6098,berisso,2010,586
6,buenos aires,6098,berisso,2011,854
6,buenos aires,6098,berisso,2012,1109
6,buenos aires,6098,berisso,2013,812
6,buenos aires,6098,berisso,2014,793
6,buenos aires,6098,berisso,2015,606
6,buenos aires,6098,berisso,2016,637
6,buenos aires,6098,berisso,2017,1097
6,buenos aires,6098,berisso,2018,1200
6,buenos aires,6098,berisso,2019,1374
6,buenos aires,6098,berisso,2020,923
6,buenos aires,6098,berisso,2021,776
6,buenos aires,6098,berisso,2022,930
6,buenos aires,6098,berisso,2023,1108
6,buenos aires,6098,berisso,2024,1253
6,buenos aires,6105,bolívar,2000,245
6,buenos aires,6105,bolívar,2001,183
6,buenos aires,6105,bolívar,2002,285
6,buenos aires,6105,bolívar,2003,344
6,buenos aires,6105,bolívar,2004,264
6,buenos aires,6105,bolívar,2005,350
6,buenos aires,6105,bolívar,2006,487
6,buenos aires,6105,bolívar,2007,244
6,buenos aires,6105,bolívar,2008,216
6,buenos aires,6105,bolívar,2009,298
6,buenos aires,6105,bolívar,2010,228
6,buenos aires,6105,bolívar,2011,262
6,buenos aires,6105,bolívar,2012,273
6,buenos aires,6105,bolívar,2013,209
6,buenos aires,6105,bolívar,2014,176
6,buenos aires,6105,bolívar,2015,161
6,buenos aires,6105,bolívar,2016,154
6,buenos aires,6105,bolívar,2017,118
6,buenos aires,6105,bolívar,2018,180
6,buenos aires,6105,bolívar,2019,404
6,buenos aires,6105,bolívar,2020,459
6,buenos aires,6105,bolívar,2021,461
6,buenos aires,6105,bolívar,2022,485
6,buenos aires,6105,bolívar,2023,472
6,buenos aires,6105,bolívar,2024,396
6,buenos aires,6112,bragado,2000,332
6,buenos aires,6112,bragado,2001,398
6,buenos aires,6112,bragado,2002,647
6,buenos aires,6112,bragado,2003,131
6,buenos aires,6112,bragado,2004,323
6,buenos aires,6112,bragado,2005,488
6,buenos aires,6112,bragado,2006,405
6,buenos aires,6112,bragado,2007,329
6,buenos aires,6112,bragado,2008,352
6,buenos aires,6112,bragado,2009,299
6,buenos aires,6112,bragado,2010,340
6,buenos aires,6112,bragado,2011,342
6,buenos aires,6112,bragado,2012,443
6,buenos aires,6112,bragado,2013,353
6,buenos aires,6112,bragado,2014,379
6,buenos aires,6112,bragado,2015,333
6,buenos aires,6112,bragado,2016,285
6,buenos aires,6112,bragado,2017,294
6,buenos aires,6112,bragado,2018,333
6,buenos aires,6112,bragado,2019,517
6,buenos aires,6112,bragado,2020,548
6,buenos aires,6112,bragado,2021,461
6,buenos aires,6112,bragado,2022,493
6,buenos aires,6112,bragado,2023,607
6,buenos aires,6112,bragado,2024,522
6,buenos aires,6119,brandsen,2000,222
6,buenos aires,6119,brandsen,2001,158
6,buenos aires,6119,brandsen,2002,216
6,buenos aires,6119,brandsen,2003,273
6,buenos aires,6119,brandsen,2004,175
6,buenos aires,6119,brandsen,2005,165
6,buenos aires,6119,brandsen,2006,231
6,buenos aires,6119,brandsen,2007,232
6,buenos aires,6119,brandsen,2008,256
6,buenos aires,6119,brandsen,2009,351
6,buenos aires,6119,brandsen,2010,251
6,buenos aires,6119,brandsen,2011,184
6,buenos aires,6119,brandsen,2012,129
6,buenos aires,6119,brandsen,2013,151
6,buenos aires,6119,brandsen,2014,194
6,buenos aires,6119,brandsen,2015,164
6,buenos aires,6119,brandsen,2016,269
6,buenos aires,6119,brandsen,2017,291
6,buenos aires,6119,brandsen,2018,300
6,buenos aires,6119,brandsen,2019,315
6,buenos aires,6119,brandsen,2020,223
6,buenos aires,6119,brandsen,2021,278
6,buenos aires,6119,brandsen,2022,264
6,buenos aires,6119,brandsen,2023,309
6,buenos aires,6119,brandsen,2024,402
6,buenos aires,6126,campana,2000,1191
6,buenos aires,6126,campana,2001,955
6,buenos aires,6126,campana,2002,1235
6,buenos aires,6126,campana,2003,913
6,buenos aires,6126,campana,2004,609
6,buenos aires,6126,campana,2005,355
6,buenos aires,6126,campana,2006,361
6,buenos aires,6126,campana,2007,697
6,buenos aires,6126,campana,2008,902
6,buenos aires,6126,campana,2009,809
6,buenos aires,6126,campana,2010,863
6,buenos aires,6126,campana,2011,1439
6,buenos aires,6126,campana,2012,1598
6,buenos aires,6126,campana,2013,1637
6,buenos aires,6126,campana,2014,1396
6,buenos aires,6126,campana,2015,1412
6,buenos aires,6126,campana,2016,1432
6,buenos aires,6126,campana,2017,1338
6,buenos aires,6126,campana,2018,1281
6,buenos aires,6126,campana,2019,1509
6,buenos aires,6126,campana,2020,1294
6,buenos aires,6126,campana,2021,1956
6,buenos aires,6126,campana,2022,1958
6,buenos aires,6126,campana,2023,1940
6,buenos aires,6126,campana,2024,1936
6,buenos aires,6134,cañuelas,2000,738
6,buenos aires,6134,cañuelas,2001,332
6,buenos aires,6134,cañuelas,2002,334
6,buenos aires,6134,cañuelas,2003,219
6,buenos aires,6134,cañuelas,2004,318
6,buenos aires,6134,cañuelas,2005,342
6,buenos aires,6134,cañuelas,2006,328
6,buenos aires,6134,cañuelas,2007,293
6,buenos aires,6134,cañuelas,2008,348
6,buenos aires,6134,cañuelas,2009,351
6,buenos aires,6134,cañuelas,2010,418
6,buenos aires,6134,cañuelas,2011,397
6,buenos aires,6134,cañuelas,2012,418
6,buenos aires,6134,cañuelas,2013,586
6,buenos aires,6134,cañuelas,2014,689
6,buenos aires,6134,cañuelas,2015,652
6,buenos aires,6134,cañuelas,2016,416
6,buenos aires,6134,cañuelas,2017,301
6,buenos aires,6134,cañuelas,2018,646
6,buenos aires,6134,cañuelas,2019,1116
6,buenos aires,6134,cañuelas,2020,1009
6,buenos aires,6134,cañuelas,2021,996
6,buenos aires,6134,cañuelas,2022,1005
6,buenos aires,6134,cañuelas,2023,1183
6,buenos aires,6134,cañuelas,2024,1338
6,buenos aires,6140,capitán sarmiento,2000,187
6,buenos aires,6140,capitán sarmiento,2001,301
6,buenos aires,6140,capitán sarmiento,2002,472
6,buenos aires,6140,capitán sarmiento,2003,494
6,buenos aires,6140,capitán sarmiento,2004,132
6,buenos aires,6140,capitán sarmiento,2005,110
6,buenos aires,6140,capitán sarmiento,2006,71
6,buenos aires,6140,capitán sarmiento,2007,108
6,buenos aires,6140,capitán sarmiento,2008,202
6,buenos aires,6140,capitán sarmiento,2009,121
6,buenos aires,6140,capitán sarmiento,2010,169
6,buenos aires,6140,capitán sarmiento,2011,244
6,buenos aires,6140,capitán sarmiento,2012,241
6,buenos aires,6140,capitán sarmiento,2013,179
6,buenos aires,6140,capitán sarmiento,2014,289
6,buenos aires,6140,capitán sarmiento,2015,250
6,buenos aires,6140,capitán sarmiento,2016,118
6,buenos aires,6140,capitán sarmiento,2017,143
6,buenos aires,6140,capitán sarmiento,2018,82
6,buenos aires,6140,capitán sarmiento,2019,136
6,buenos aires,6140,capitán sarmiento,2020,128
6,buenos aires,6140,capitán sarmiento,2021,83
6,buenos aires,6140,capitán sarmiento,2022,129
6,buenos aires,6140,capitán sarmiento,2023,150
6,buenos aires,6140,capitán sarmiento,2024,200
6,buenos aires,6147,carlos casares,2000,335
6,buenos aires,6147,carlos casares,2001,214
6,buenos aires,6147,carlos casares,2002,271
6,buenos aires,6147,carlos casares,2003,222
6,buenos aires,6147,carlos casares,2004,217
6,buenos aires,6147,carlos casares,2005,138
6,buenos aires,6147,carlos casares,2006,95
6,buenos aires,6147,carlos casares,2007,67
6,buenos aires,6147,carlos casares,2008,190
6,buenos aires,6147,carlos casares,2009,348
6,buenos aires,6147,carlos casares,2010,194
6,buenos aires,6147,carlos casares,2011,216
6,buenos aires,6147,carlos casares,2012,295
6,buenos aires,6147,carlos casares,2013,222
6,buenos aires,6147,carlos casares,2014,243
6,buenos aires,6147,carlos casares,2015,251
6,buenos aires,6147,carlos casares,2016,176
6,buenos aires,6147,carlos casares,2017,135
6,buenos aires,6147,carlos casares,2018,192
6,buenos aires,6147,carlos casares,2019,161
6,buenos aires,6147,carlos casares,2020,112
6,buenos aires,6147,carlos casares,2021,85
6,buenos aires,6147,carlos casares,2022,103
6,buenos aires,6147,carlos casares,2023,142
6,buenos aires,6147,carlos casares,2024,219
6,buenos aires,6154,carlos tejedor,2000,114
6,buenos aires,6154,carlos tejedor,2001,61
6,buenos aires,6154,carlos tejedor,2002,109
6,buenos aires,6154,carlos tejedor,2003,113
6,buenos aires,6154,carlos tejedor,2004,62
6,buenos aires,6154,carlos tejedor,2005,29
6,buenos aires,6154,carlos tejedor,2006,56
6,buenos aires,6154,carlos tejedor,2007,52
6,buenos aires,6154,carlos tejedor,2008,36
6,buenos aires,6154,carlos tejedor,2009,40
6,buenos aires,6154,carlos tejedor,2010,41
6,buenos aires,6154,carlos tejedor,2011,33
6,buenos aires,6154,carlos tejedor,2012,62
6,buenos aires,6154,carlos tejedor,2013,102
6,buenos aires,6154,carlos tejedor,2014,102
6,buenos aires,6154,carlos tejedor,2015,65
6,buenos aires,6154,carlos tejedor,2016,44
6,buenos aires,6154,carlos tejedor,2017,52
6,buenos aires,6154,carlos tejedor,2018,42
6,buenos aires,6154,carlos tejedor,2019,52
6,buenos aires,6154,carlos tejedor,2020,48
6,buenos aires,6154,carlos tejedor,2021,52
6,buenos aires,6154,carlos tejedor,2022,49
6,buenos aires,6154,carlos tejedor,2023,61
6,buenos aires,6154,carlos tejedor,2024,61
6,buenos aires,6161,carmen de areco,2000,114
6,buenos aires,6161,carmen de areco,2001,85
6,buenos aires,6161,carmen de areco,2002,142
6,buenos aires,6161,carmen de areco,2003,125
6,buenos aires,6161,carmen de areco,2004,101
6,buenos aires,6161,carmen de areco,2005,99
6,buenos aires,6161,carmen de areco,2006,130
6,buenos aires,6161,carmen de areco,2007,99
6,buenos aires,6161,carmen de areco,2008,269
6,buenos aires,6161,carmen de areco,2009,211
6,buenos aires,6161,carmen de areco,2010,102
6,buenos aires,6161,carmen de areco,2011,102
6,buenos aires,6161,carmen de areco,2012,142
6,buenos aires,6161,carmen de areco,2013,119
6,buenos aires,6161,carmen de areco,2014,136
6,buenos aires,6161,carmen de areco,2015,139
6,buenos aires,6161,carmen de areco,2016,118
6,buenos aires,6161,carmen de areco,2017,109
6,buenos aires,6161,carmen de areco,2018,60
6,buenos aires,6161,carmen de areco,2019,162
6,buenos aires,6161,carmen de areco,2020,148
6,buenos aires,6161,carmen de areco,2021,195
6,buenos aires,6161,carmen de areco,2022,277
6,buenos aires,6161,carmen de areco,2023,363
6,buenos aires,6161,carmen de areco,2024,347
6,buenos aires,6168,castelli,2000,70
6,buenos aires,6168,castelli,2001,54
6,buenos aires,6168,castelli,2002,87
6,buenos aires,6168,castelli,2003,106
6,buenos aires,6168,castelli,2004,89
6,buenos aires,6168,castelli,2005,103
6,buenos aires,6168,castelli,2006,96
6,buenos aires,6168,castelli,2007,82
6,buenos aires,6168,castelli,2008,106
6,buenos aires,6168,castelli,2009,98
6,buenos aires,6168,castelli,2010,112
6,buenos aires,6168,castelli,2011,83
6,buenos aires,6168,castelli,2012,62
6,buenos aires,6168,castelli,2013,58
6,buenos aires,6168,castelli,2014,51
6,buenos aires,6168,castelli,2015,48
6,buenos aires,6168,castelli,2016,39
6,buenos aires,6168,castelli,2017,32
6,buenos aires,6168,castelli,2018,33
6,buenos aires,6168,castelli,2019,64
6,buenos aires,6168,castelli,2020,73
6,buenos aires,6168,castelli,2021,95
6,buenos aires,6168,castelli,2022,99
6,buenos aires,6168,castelli,2023,82
6,buenos aires,6168,castelli,2024,115
6,buenos aires,6175,colón,2000,0
6,buenos aires,6175,colón,2001,194
6,buenos aires,6175,colón,2002,305
6,buenos aires,6175,colón,2003,292
6,buenos aires,6175,colón,2004,530
6,buenos aires,6175,colón,2005,589
6,buenos aires,6175,colón,2006,414
6,buenos aires,6175,colón,2007,482
6,buenos aires,6175,colón,2008,457
6,buenos aires,6175,colón,2009,415
6,buenos aires,6175,colón,2010,531
6,buenos aires,6175,colón,2011,573
6,buenos aires,6175,colón,2012,557
6,buenos aires,6175,colón,2013,694
6,buenos aires,6175,colón,2014,809
6,buenos aires,6175,colón,2015,746
6,buenos aires,6175,colón,2016,606
6,buenos aires,6175,colón,2017,533
6,buenos aires,6175,colón,2018,517
6,buenos aires,6175,colón,2019,586
6,buenos aires,6175,colón,2020,431
6,buenos aires,6175,colón,2021,366
6,buenos aires,6175,colón,2022,290
6,buenos aires,6175,colón,2023,314
6,buenos aires,6175,colón,2024,410
6,buenos aires,6182,coronel de marina l. rosales,2000,399
6,buenos aires,6182,coronel de marina l. rosales,2001,458
6,buenos aires,6182,coronel de marina l. rosales,2002,652
6,buenos aires,6182,coronel de marina l. rosales,2003,488
6,buenos aires,6182,coronel de marina l. rosales,2004,244
6,buenos aires,6182,coronel de marina l. rosales,2005,166
6,buenos aires,6182,coronel de marina l. rosales,2006,154
6,buenos aires,6182,coronel de marina l. rosales,2007,122
6,buenos aires,6182,coronel de marina l. rosales,2008,301
6,buenos aires,6182,coronel de marina l. rosales,2009,701
6,buenos aires,6182,coronel de marina l. rosales,2010,611
6,buenos aires,6182,coronel de marina l. rosales,2011,841
6,buenos aires,6182,coronel de marina l. rosales,2012,772
6,buenos aires,6182,coronel de marina l. rosales,2013,616
6,buenos aires,6182,coronel de marina l. rosales,2014,442
6,buenos aires,6182,coronel de marina l. rosales,2015,359
6,buenos aires,6182,coronel de marina l. rosales,2016,347
6,buenos aires,6182,coronel de marina l. rosales,2017,259
6,buenos aires,6182,coronel de marina l. rosales,2018,443
6,buenos aires,6182,coronel de marina l. rosales,2019,733
6,buenos aires,6182,coronel de marina l. rosales,2020,716
6,buenos aires,6182,coronel de marina l. rosales,2021,726
6,buenos aires,6182,coronel de marina l. rosales,2022,875
6,buenos aires,6182,coronel de marina l. rosales,2023,1135
6,buenos aires,6182,coronel de marina l. rosales,2024,913
6,buenos aires,6189,coronel dorrego,2000,129
6,buenos aires,6189,coronel dorrego,2001,186
6,buenos aires,6189,coronel dorrego,2002,241
6,buenos aires,6189,coronel dorrego,2003,173
6,buenos aires,6189,coronel dorrego,2004,163
6,buenos aires,6189,coronel dorrego,2005,99
6,buenos aires,6189,coronel dorrego,2006,49
6,buenos aires,6189,coronel dorrego,2007,44
6,buenos aires,6189,coronel dorrego,2008,25
6,buenos aires,6189,coronel dorrego,2009,387
6,buenos aires,6189,coronel dorrego,2010,125
6,buenos aires,6189,coronel dorrego,2011,169
6,buenos aires,6189,coronel dorrego,2012,159
6,buenos aires,6189,coronel dorrego,2013,160
6,buenos aires,6189,coronel dorrego,2014,151
6,buenos aires,6189,coronel dorrego,2015,154
6,buenos aires,6189,coronel dorrego,2016,78
6,buenos aires,6189,coronel dorrego,2017,102
6,buenos aires,6189,coronel dorrego,2018,141
6,buenos aires,6189,coronel dorrego,2019,140
6,buenos aires,6189,coronel dorrego,2020,132
6,buenos aires,6189,coronel dorrego,2021,115
6,buenos aires,6189,coronel dorrego,2022,132
6,buenos aires,6189,coronel dorrego,2023,118
6,buenos aires,6189,coronel dorrego,2024,161
6,buenos aires,6196,coronel pringles,2000,112
6,buenos aires,6196,coronel pringles,2001,162
6,buenos aires,6196,coronel pringles,2002,283
6,buenos aires,6196,coronel pringles,2003,153
6,buenos aires,6196,coronel pringles,2004,110
6,buenos aires,6196,coronel pringles,2005,70
6,buenos aires,6196,coronel pringles,2006,68
6,buenos aires,6196,coronel pringles,2007,84
6,buenos aires,6196,coronel pringles,2008,193
6,buenos aires,6196,coronel pringles,2009,465
6,buenos aires,6196,coronel pringles,2010,166
6,buenos aires,6196,coronel pringles,2011,178
6,buenos aires,6196,coronel pringles,2012,156
6,buenos aires,6196,coronel pringles,2013,221
6,buenos aires,6196,coronel pringles,2014,237
6,buenos aires,6196,coronel pringles,2015,193
6,buenos aires,6196,coronel pringles,2016,167
6,buenos aires,6196,coronel pringles,2017,141
6,buenos aires,6196,coronel pringles,2018,176
6,buenos aires,6196,coronel pringles,2019,242
6,buenos aires,6196,coronel pringles,2020,240
6,buenos aires,6196,coronel pringles,2021,299
6,buenos aires,6196,coronel pringles,2022,365
6,buenos aires,6196,coronel pringles,2023,485
6,buenos aires,6196,coronel pringles,2024,386
6,buenos aires,6203,coronel suárez,2000,278
6,buenos aires,6203,coronel suárez,2001,189
6,buenos aires,6203,coronel suárez,2002,256
6,buenos aires,6203,coronel suárez,2003,292
6,buenos aires,6203,coronel suárez,2004,233
6,buenos aires,6203,coronel suárez,2005,218
6,buenos aires,6203,coronel suárez,2006,230
6,buenos aires,6203,coronel suárez,2007,274
6,buenos aires,6203,coronel suárez,2008,315
6,buenos aires,6203,coronel suárez,2009,214
6,buenos aires,6203,coronel suárez,2010,193
6,buenos aires,6203,coronel suárez,2011,242
6,buenos aires,6203,coronel suárez,2012,238
6,buenos aires,6203,coronel suárez,2013,254
6,buenos aires,6203,coronel suárez,2014,265
6,buenos aires,6203,coronel suárez,2015,167
6,buenos aires,6203,coronel suárez,2016,189
6,buenos aires,6203,coronel suárez,2017,205
6,buenos aires,6203,coronel suárez,2018,224
6,buenos aires,6203,coronel suárez,2019,202
6,buenos aires,6203,coronel suárez,2020,240
6,buenos aires,6203,coronel suárez,2021,302
6,buenos aires,6203,coronel suárez,2022,332
6,buenos aires,6203,coronel suárez,2023,379
6,buenos aires,6203,coronel suárez,2024,344
6,buenos aires,6210,chacabuco,2000,193
6,buenos aires,6210,chacabuco,2001,366
6,buenos aires,6210,chacabuco,2002,327
6,buenos aires,6210,chacabuco,2003,295
6,buenos aires,6210,chacabuco,2004,728
6,buenos aires,6210,chacabuco,2005,469
6,buenos aires,6210,chacabuco,2006,478
6,buenos aires,6210,chacabuco,2007,403
6,buenos aires,6210,chacabuco,2008,489
6,buenos aires,6210,chacabuco,2009,425
6,buenos aires,6210,chacabuco,2010,401
6,buenos aires,6210,chacabuco,2011,304
6,buenos aires,6210,chacabuco,2012,375
6,buenos aires,6210,chacabuco,2013,327
6,buenos aires,6210,chacabuco,2014,392
6,buenos aires,6210,chacabuco,2015,325
6,buenos aires,6210,chacabuco,2016,219
6,buenos aires,6210,chacabuco,2017,244
6,buenos aires,6210,chacabuco,2018,237
6,buenos aires,6210,chacabuco,2019,250
6,buenos aires,6210,chacabuco,2020,206
6,buenos aires,6210,chacabuco,2021,272
6,buenos aires,6210,chacabuco,2022,395
6,buenos aires,6210,chacabuco,2023,604
6,buenos aires,6210,chacabuco,2024,800
6,buenos aires,6217,chascomús,2000,247
6,buenos aires,6217,chascomús,2001,355
6,buenos aires,6217,chascomús,2002,705
6,buenos aires,6217,chascomús,2003,595
6,buenos aires,6217,chascomús,2004,622
6,buenos aires,6217,chascomús,2005,611
6,buenos aires,6217,chascomús,2006,546
6,buenos aires,6217,chascomús,2007,790
6,buenos aires,6217,chascomús,2008,766
6,buenos aires,6217,chascomús,2009,230
6,buenos aires,6217,chascomús,2010,654
6,buenos aires,6217,chascomús,2011,461
6,buenos aires,6217,chascomús,2012,492
6,buenos aires,6217,chascomús,2013,281
6,buenos aires,6217,chascomús,2014,492
6,buenos aires,6217,chascomús,2015,471
6,buenos aires,6217,chascomús,2016,461
6,buenos aires,6217,chascomús,2017,507
6,buenos aires,6217,chascomús,2018,470
6,buenos aires,6217,chascomús,2019,928
6,buenos aires,6217,chascomús,2020,944
6,buenos aires,6217,chascomús,2021,760
6,buenos aires,6217,chascomús,2022,544
6,buenos aires,6217,chascomús,2023,453
6,buenos aires,6217,chascomús,2024,805
6,buenos aires,6224,chivilcoy,2000,606
6,buenos aires,6224,chivilcoy,2001,467
6,buenos aires,6224,chivilcoy,2002,635
6,buenos aires,6224,chivilcoy,2003,502
6,buenos aires,6224,chivilcoy,2004,467
6,buenos aires,6224,chivilcoy,2005,344
6,buenos aires,6224,chivilcoy,2006,210
6,buenos aires,6224,chivilcoy,2007,257
6,buenos aires,6224,chivilcoy,2008,310
6,buenos aires,6224,chivilcoy,2009,339
6,buenos aires,6224,chivilcoy,2010,551
6,buenos aires,6224,chivilcoy,2011,440
6,buenos aires,6224,chivilcoy,2012,467
6,buenos aires,6224,chivilcoy,2013,502
6,buenos aires,6224,chivilcoy,2014,505
6,buenos aires,6224,chivilcoy,2015,393
6,buenos aires,6224,chivilcoy,2016,296
6,buenos aires,6224,chivilcoy,2017,220
6,buenos aires,6224,chivilcoy,2018,260
6,buenos aires,6224,chivilcoy,2019,652
6,buenos aires,6224,chivilcoy,2020,507
6,buenos aires,6224,chivilcoy,2021,529
6,buenos aires,6224,chivilcoy,2022,624
6,buenos aires,6224,chivilcoy,2023,850
6,buenos aires,6224,chivilcoy,2024,725
6,buenos aires,6231,daireaux,2000,161
6,buenos aires,6231,daireaux,2001,133
6,buenos aires,6231,daireaux,2002,201
6,buenos aires,6231,daireaux,2003,177
6,buenos aires,6231,daireaux,2004,211
6,buenos aires,6231,daireaux,2005,149
6,buenos aires,6231,daireaux,2006,76
6,buenos aires,6231,daireaux,2007,73
6,buenos aires,6231,daireaux,2008,86
6,buenos aires,6231,daireaux,2009,152
6,buenos aires,6231,daireaux,2010,108
6,buenos aires,6231,daireaux,2011,107
6,buenos aires,6231,daireaux,2012,187
6,buenos aires,6231,daireaux,2013,147
6,buenos aires,6231,daireaux,2014,113
6,buenos aires,6231,daireaux,2015,126
6,buenos aires,6231,daireaux,2016,74
6,buenos aires,6231,daireaux,2017,65
6,buenos aires,6231,daireaux,2018,49
6,buenos aires,6231,daireaux,2019,79
6,buenos aires,6231,daireaux,2020,103
6,buenos aires,6231,daireaux,2021,129
6,buenos aires,6231,daireaux,2022,115
6,buenos aires,6231,daireaux,2023,130
6,buenos aires,6231,daireaux,2024,137
6,buenos aires,6238,dolores,2000,564
6,buenos aires,6238,dolores,2001,562
6,buenos aires,6238,dolores,2002,774
6,buenos aires,6238,dolores,2003,669
6,buenos aires,6238,dolores,2004,799
6,buenos aires,6238,dolores,2005,621
6,buenos aires,6238,dolores,2006,598
6,buenos aires,6238,dolores,2007,564
6,buenos aires,6238,dolores,2008,340
6,buenos aires,6238,dolores,2009,213
6,buenos aires,6238,dolores,2010,318
6,buenos aires,6238,dolores,2011,257
6,buenos aires,6238,dolores,2012,210
6,buenos aires,6238,dolores,2013,292
6,buenos aires,6238,dolores,2014,365
6,buenos aires,6238,dolores,2015,286
6,buenos aires,6238,dolores,2016,313
6,buenos aires,6238,dolores,2017,218
6,buenos aires,6238,dolores,2018,187
6,buenos aires,6238,dolores,2019,282
6,buenos aires,6238,dolores,2020,189
6,buenos aires,6238,dolores,2021,218
6,buenos aires,6238,dolores,2022,209
6,buenos aires,6238,dolores,2023,346
6,buenos aires,6238,dolores,2024,476
6,buenos aires,6245,ensenada,2000,682
6,buenos aires,6245,ensenada,2001,596
6,buenos aires,6245,ensenada,2002,840
6,buenos aires,6245,ensenada,2003,655
6,buenos aires,6245,ensenada,2004,652
6,buenos aires,6245,ensenada,2005,326
6,buenos aires,6245,ensenada,2006,350
6,buenos aires,6245,ensenada,2007,312
6,buenos aires,6245,ensenada,2008,381
6,buenos aires,6245,ensenada,2009,1022
6,buenos aires,6245,ensenada,2010,557
6,buenos aires,6245,ensenada,2011,739
6,buenos aires,6245,ensenada,2012,766
6,buenos aires,6245,ensenada,2013,665
6,buenos aires,6245,ensenada,2014,565
6,buenos aires,6245,ensenada,2015,604
6,buenos aires,6245,ensenada,2016,758
6,buenos aires,6245,ensenada,2017,685
6,buenos aires,6245,ensenada,2018,716
6,buenos aires,6245,ensenada,2019,828
6,buenos aires,6245,ensenada,2020,687
6,buenos aires,6245,ensenada,2021,413
6,buenos aires,6245,ensenada,2022,296
6,buenos aires,6245,ensenada,2023,336
6,buenos aires,6245,ensenada,2024,400
6,buenos aires,6252,escobar,2000,1508
6,buenos aires,6252,escobar,2001,1538
6,buenos aires,6252,escobar,2002,2244
6,buenos aires,6252,escobar,2003,2553
6,buenos aires,6252,escobar,2004,2138
6,buenos aires,6252,escobar,2005,1202
6,buenos aires,6252,escobar,2006,1592
6,buenos aires,6252,escobar,2007,1965
6,buenos aires,6252,escobar,2008,2250
6,buenos aires,6252,escobar,2009,849
6,buenos aires,6252,escobar,2010,2324
6,buenos aires,6252,escobar,2011,2700
6,buenos aires,6252,escobar,2012,3503
6,buenos aires,6252,escobar,2013,3703
6,buenos aires,6252,escobar,2014,3078
6,buenos aires,6252,escobar,2015,2982
6,buenos aires,6252,escobar,2016,3442
6,buenos aires,6252,escobar,2017,3764
6,buenos aires,6252,escobar,2018,3522
6,buenos aires,6252,escobar,2019,4608
6,buenos aires,6252,escobar,2020,3082
6,buenos aires,6252,escobar,2021,3613
6,buenos aires,6252,escobar,2022,3193
6,buenos aires,6252,escobar,2023,3396
6,buenos aires,6252,escobar,2024,3539
6,buenos aires,6260,esteban echeverría,2000,3886
6,buenos aires,6260,esteban echeverría,2001,3744
6,buenos aires,6260,esteban echeverría,2002,6132
6,buenos aires,6260,esteban echeverría,2003,3996
6,buenos aires,6260,esteban echeverría,2004,2904
6,buenos aires,6260,esteban echeverría,2005,1827
6,buenos aires,6260,esteban echeverría,2006,2502
6,buenos aires,6260,esteban echeverría,2007,1554
6,buenos aires,6260,esteban echeverría,2008,2051
6,buenos aires,6260,esteban echeverría,2009,1170
6,buenos aires,6260,esteban echeverría,2010,1845
6,buenos aires,6260,esteban echeverría,2011,2603
6,buenos aires,6260,esteban echeverría,2012,2672
6,buenos aires,6260,esteban echeverría,2013,2955
6,buenos aires,6260,esteban echeverría,2014,3295
6,buenos aires,6260,esteban echeverría,2015,3583
6,buenos aires,6260,esteban echeverría,2016,3579
6,buenos aires,6260,esteban echeverría,2017,3401
6,buenos aires,6260,esteban echeverría,2018,2878
6,buenos aires,6260,esteban echeverría,2019,7478
6,buenos aires,6260,esteban echeverría,2020,6181
6,buenos aires,6260,esteban echeverría,2021,6359
6,buenos aires,6260,esteban echeverría,2022,6324
6,buenos aires,6260,esteban echeverría,2023,6250
6,buenos aires,6260,esteban echeverría,2024,5931
6,buenos aires,6266,exaltación de la cruz,2000,326
6,buenos aires,6266,exaltación de la cruz,2001,379
6,buenos aires,6266,exaltación de la cruz,2002,523
6,buenos aires,6266,exaltación de la cruz,2003,464
6,buenos aires,6266,exaltación de la cruz,2004,333
6,buenos aires,6266,exaltación de la cruz,2005,422
6,buenos aires,6266,exaltación de la cruz,2006,340
6,buenos aires,6266,exaltación de la cruz,2007,228
6,buenos aires,6266,exaltación de la cruz,2008,475
6,buenos aires,6266,exaltación de la cruz,2009,1792
6,buenos aires,6266,exaltación de la cruz,2010,331
6,buenos aires,6266,exaltación de la cruz,2011,358
6,buenos aires,6266,exaltación de la cruz,2012,338
6,buenos aires,6266,exaltación de la cruz,2013,353
6,buenos aires,6266,exaltación de la cruz,2014,392
6,buenos aires,6266,exaltación de la cruz,2015,384
6,buenos aires,6266,exaltación de la cruz,2016,491
6,buenos aires,6266,exaltación de la cruz,2017,482
6,buenos aires,6266,exaltación de la cruz,2018,270
6,buenos aires,6266,exaltación de la cruz,2019,473
6,buenos aires,6266,exaltación de la cruz,2020,436
6,buenos aires,6266,exaltación de la cruz,2021,522
6,buenos aires,6266,exaltación de la cruz,2022,611
6,buenos aires,6266,exaltación de la cruz,2023,556
6,buenos aires,6266,exaltación de la cruz,2024,484
6,buenos aires,6270,ezeiza,2000,1092
6,buenos aires,6270,ezeiza,2001,1267
6,buenos aires,6270,ezeiza,2002,2308
6,buenos aires,6270,ezeiza,2003,1774
6,buenos aires,6270,ezeiza,2004,1070
6,buenos aires,6270,ezeiza,2005,893
6,buenos aires,6270,ezeiza,2006,681
6,buenos aires,6270,ezeiza,2007,803
6,buenos aires,6270,ezeiza,2008,896
6,buenos aires,6270,ezeiza,2009,832
6,buenos aires,6270,ezeiza,2010,910
6,buenos aires,6270,ezeiza,2011,1653
6,buenos aires,6270,ezeiza,2012,1889
6,buenos aires,6270,ezeiza,2013,2141
6,buenos aires,6270,ezeiza,2014,1989
6,buenos aires,6270,ezeiza,2015,1535
6,buenos aires,6270,ezeiza,2016,1466
6,buenos aires,6270,ezeiza,2017,1268
6,buenos aires,6270,ezeiza,2018,941
6,buenos aires,6270,ezeiza,2019,2548
6,buenos aires,6270,ezeiza,2020,1802
6,buenos aires,6270,ezeiza,2021,1752
6,buenos aires,6270,ezeiza,2022,1821
6,buenos aires,6270,ezeiza,2023,2427
6,buenos aires,6270,ezeiza,2024,2857
6,buenos aires,6274,florencio varela,2000,2011
6,buenos aires,6274,florencio varela,2001,2373
6,buenos aires,6274,florencio varela,2002,3938
6,buenos aires,6274,florencio varela,2003,4216
6,buenos aires,6274,florencio varela,2004,3718
6,buenos aires,6274,florencio varela,2005,2691
6,buenos aires,6274,florencio varela,2006,2113
6,buenos aires,6274,florencio varela,2007,2229
6,buenos aires,6274,florencio varela,2008,2688
6,buenos aires,6274,florencio varela,2009,1343
6,buenos aires,6274,florencio varela,2010,2253
6,buenos aires,6274,florencio varela,2011,2472
6,buenos aires,6274,florencio varela,2012,3449
6,buenos aires,6274,florencio varela,2013,3671
6,buenos aires,6274,florencio varela,2014,3960
6,buenos aires,6274,florencio varela,2015,3111
6,buenos aires,6274,florencio varela,2016,3106
6,buenos aires,6274,florencio varela,2017,3086
6,buenos aires,6274,florencio varela,2018,4059
6,buenos aires,6274,florencio varela,2019,5242
6,buenos aires,6274,florencio varela,2020,4962
6,buenos aires,6274,florencio varela,2021,4712
6,buenos aires,6274,florencio varela,2022,3882
6,buenos aires,6274,florencio varela,2023,4512
6,buenos aires,6274,florencio varela,2024,4985
6,buenos aires,6277,florentino ameghino,2000,62
6,buenos aires,6277,florentino ameghino,2001,50
6,buenos aires,6277,florentino ameghino,2002,130
6,buenos aires,6277,florentino ameghino,2003,93
6,buenos aires,6277,florentino ameghino,2004,54
6,buenos aires,6277,florentino ameghino,2005,23
6,buenos aires,6277,florentino ameghino,2006,20
6,buenos aires,6277,florentino ameghino,2007,23
6,buenos aires,6277,florentino ameghino,2008,51
6,buenos aires,6277,florentino ameghino,2009,197
6,buenos aires,6277,florentino ameghino,2010,28
6,buenos aires,6277,florentino ameghino,2011,20
6,buenos aires,6277,florentino ameghino,2012,52
6,buenos aires,6277,florentino ameghino,2013,128
6,buenos aires,6277,florentino ameghino,2014,72
6,buenos aires,6277,florentino ameghino,2015,54
6,buenos aires,6277,florentino ameghino,2016,52
6,buenos aires,6277,florentino ameghino,2017,46
6,buenos aires,6277,florentino ameghino,2018,64
6,buenos aires,6277,florentino ameghino,2019,70
6,buenos aires,6277,florentino ameghino,2020,93
6,buenos aires,6277,florentino ameghino,2021,132
6,buenos aires,6277,florentino ameghino,2022,127
6,buenos aires,6277,florentino ameghino,2023,152
6,buenos aires,6277,florentino ameghino,2024,149
6,buenos aires,6280,general alvarado,2000,443
6,buenos aires,6280,general alvarado,2001,636
6,buenos aires,6280,general alvarado,2002,764
6,buenos aires,6280,general alvarado,2003,844
6,buenos aires,6280,general alvarado,2004,803
6,buenos aires,6280,general alvarado,2005,465
6,buenos aires,6280,general alvarado,2006,407
6,buenos aires,6280,general alvarado,2007,602
6,buenos aires,6280,general alvarado,2008,812
6,buenos aires,6280,general alvarado,2009,1338
6,buenos aires,6280,general alvarado,2010,388
6,buenos aires,6280,general alvarado,2011,304
6,buenos aires,6280,general alvarado,2012,395
6,buenos aires,6280,general alvarado,2013,446
6,buenos aires,6280,general alvarado,2014,463
6,buenos aires,6280,general alvarado,2015,370
6,buenos aires,6280,general alvarado,2016,320
6,buenos aires,6280,general alvarado,2017,307
6,buenos aires,6280,general alvarado,2018,293
6,buenos aires,6280,general alvarado,2019,921
6,buenos aires,6280,general alvarado,2020,818
6,buenos aires,6280,general alvarado,2021,622
6,buenos aires,6280,general alvarado,2022,816
6,buenos aires,6280,general alvarado,2023,1187
6,buenos aires,6280,general alvarado,2024,1488
6,buenos aires,6287,general alvear,2000,76
6,buenos aires,6287,general alvear,2001,83
6,buenos aires,6287,general alvear,2002,157
6,buenos aires,6287,general alvear,2003,106
6,buenos aires,6287,general alvear,2004,99
6,buenos aires,6287,general alvear,2005,57
6,buenos aires,6287,general alvear,2006,48
6,buenos aires,6287,general alvear,2007,35
6,buenos aires,6287,general alvear,2008,36
6,buenos aires,6287,general alvear,2009,45
6,buenos aires,6287,general alvear,2010,64
6,buenos aires,6287,general alvear,2011,63
6,buenos aires,6287,general alvear,2012,53
6,buenos aires,6287,general alvear,2013,65
6,buenos aires,6287,general alvear,2014,54
6,buenos aires,6287,general alvear,2015,31
6,buenos aires,6287,general alvear,2016,41
6,buenos aires,6287,general alvear,2017,43
6,buenos aires,6287,general alvear,2018,58
6,buenos aires,6287,general alvear,2019,87
6,buenos aires,6287,general alvear,2020,68
6,buenos aires,6287,general alvear,2021,115
6,buenos aires,6287,general alvear,2022,120
6,buenos aires,6287,general alvear,2023,144
6,buenos aires,6287,general alvear,2024,98
6,buenos aires,6294,general arenales,2000,73
6,buenos aires,6294,general arenales,2001,159
6,buenos aires,6294,general arenales,2002,158
6,buenos aires,6294,general arenales,2003,98
6,buenos aires,6294,general arenales,2004,123
6,buenos aires,6294,general arenales,2005,59
6,buenos aires,6294,general arenales,2006,50
6,buenos aires,6294,general arenales,2007,51
6,buenos aires,6294,general arenales,2008,86
6,buenos aires,6294,general arenales,2009,427
6,buenos aires,6294,general arenales,2010,65
6,buenos aires,6294,general arenales,2011,95
6,buenos aires,6294,general arenales,2012,89
6,buenos aires,6294,general arenales,2013,50
6,buenos aires,6294,general arenales,2014,59
6,buenos aires,6294,general arenales,2015,44
6,buenos aires,6294,general arenales,2016,35
6,buenos aires,6294,general arenales,2017,36
6,buenos aires,6294,general arenales,2018,28
6,buenos aires,6294,general arenales,2019,55
6,buenos aires,6294,general arenales,2020,51
6,buenos aires,6294,general arenales,2021,58
6,buenos aires,6294,general arenales,2022,64
6,buenos aires,6294,general arenales,2023,73
6,buenos aires,6294,general arenales,2024,104
6,buenos aires,6301,general belgrano,2000,152
6,buenos aires,6301,general belgrano,2001,117
6,buenos aires,6301,general belgrano,2002,146
6,buenos aires,6301,general belgrano,2003,304
6,buenos aires,6301,general belgrano,2004,171
6,buenos aires,6301,general belgrano,2005,140
6,buenos aires,6301,general belgrano,2006,236
6,buenos aires,6301,general belgrano,2007,253
6,buenos aires,6301,general belgrano,2008,302
6,buenos aires,6301,general belgrano,2009,92
6,buenos aires,6301,general belgrano,2010,232
6,buenos aires,6301,general belgrano,2011,170
6,buenos aires,6301,general belgrano,2012,110
6,buenos aires,6301,general belgrano,2013,101
6,buenos aires,6301,general belgrano,2014,145
6,buenos aires,6301,general belgrano,2015,67
6,buenos aires,6301,general belgrano,2016,226
6,buenos aires,6301,general belgrano,2017,250
6,buenos aires,6301,general belgrano,2018,227
6,buenos aires,6301,general belgrano,2019,277
6,buenos aires,6301,general belgrano,2020,166
6,buenos aires,6301,general belgrano,2021,183
6,buenos aires,6301,general belgrano,2022,189
6,buenos aires,6301,general belgrano,2023,203
6,buenos aires,6301,general belgrano,2024,218
6,buenos aires,6308,general guido,2000,36
6,buenos aires,6308,general guido,2001,23
6,buenos aires,6308,general guido,2002,5
6,buenos aires,6308,general guido,2003,7
6,buenos aires,6308,general guido,2004,10
6,buenos aires,6308,general guido,2005,18
6,buenos aires,6308,general guido,2006,17
6,buenos aires,6308,general guido,2007,10
6,buenos aires,6308,general guido,2008,12
6,buenos aires,6308,general guido,2009,22
6,buenos aires,6308,general guido,2010,18
6,buenos aires,6308,general guido,2011,18
6,buenos aires,6308,general guido,2012,12
6,buenos aires,6308,general guido,2013,12
6,buenos aires,6308,general guido,2014,17
6,buenos aires,6308,general guido,2015,12
6,buenos aires,6308,general guido,2016,4
6,buenos aires,6308,general guido,2017,4
6,buenos aires,6308,general guido,2018,5
6,buenos aires,6308,general guido,2019,8
6,buenos aires,6308,general guido,2020,5
6,buenos aires,6308,general guido,2021,16
6,buenos aires,6308,general guido,2022,9
6,buenos aires,6308,general guido,2023,17
6,buenos aires,6308,general guido,2024,14
6,buenos aires,6315,general juan madariaga,2000,243
6,buenos aires,6315,general juan madariaga,2001,283
6,buenos aires,6315,general juan madariaga,2002,460
6,buenos aires,6315,general juan madariaga,2003,613
6,buenos aires,6315,general juan madariaga,2004,423
6,buenos aires,6315,general juan madariaga,2005,131
6,buenos aires,6315,general juan madariaga,2006,181
6,buenos aires,6315,general juan madariaga,2007,203
6,buenos aires,6315,general juan madariaga,2008,123
6,buenos aires,6315,general juan madariaga,2009,211
6,buenos aires,6315,general juan madariaga,2010,166
6,buenos aires,6315,general juan madariaga,2011,153
6,buenos aires,6315,general juan madariaga,2012,207
6,buenos aires,6315,general juan madariaga,2013,179
6,buenos aires,6315,general juan madariaga,2014,124
6,buenos aires,6315,general juan madariaga,2015,115
6,buenos aires,6315,general juan madariaga,2016,151
6,buenos aires,6315,general juan madariaga,2017,95
6,buenos aires,6315,general juan madariaga,2018,75
6,buenos aires,6315,general juan madariaga,2019,255
6,buenos aires,6315,general juan madariaga,2020,294
6,buenos aires,6315,general juan madariaga,2021,147
6,buenos aires,6315,general juan madariaga,2022,146
6,buenos aires,6315,general juan madariaga,2023,346
6,buenos aires,6315,general juan madariaga,2024,395
6,buenos aires,6322,general la madrid,2000,119
6,buenos aires,6322,general la madrid,2001,89
6,buenos aires,6322,general la madrid,2002,227
6,buenos aires,6322,general la madrid,2003,149
6,buenos aires,6322,general la madrid,2004,152
6,buenos aires,6322,general la madrid,2005,106
6,buenos aires,6322,general la madrid,2006,66
6,buenos aires,6322,general la madrid,2007,94
6,buenos aires,6322,general la madrid,2008,133
6,buenos aires,6322,general la madrid,2009,43
6,buenos aires,6322,general la madrid,2010,143
6,buenos aires,6322,general la madrid,2011,138
6,buenos aires,6322,general la madrid,2012,193
6,buenos aires,6322,general la madrid,2013,197
6,buenos aires,6322,general la madrid,2014,160
6,buenos aires,6322,general la madrid,2015,81
6,buenos aires,6322,general la madrid,2016,77
6,buenos aires,6322,general la madrid,2017,61
6,buenos aires,6322,general la madrid,2018,63
6,buenos aires,6322,general la madrid,2019,80
6,buenos aires,6322,general la madrid,2020,56
6,buenos aires,6322,general la madrid,2021,74
6,buenos aires,6322,general la madrid,2022,54
6,buenos aires,6322,general la madrid,2023,106
6,buenos aires,6322,general la madrid,2024,91
6,buenos aires,6329,general las heras,2000,138
6,buenos aires,6329,general las heras,2001,113
6,buenos aires,6329,general las heras,2002,144
6,buenos aires,6329,general las heras,2003,105
6,buenos aires,6329,general las heras,2004,94
6,buenos aires,6329,general las heras,2005,85
6,buenos aires,6329,general las heras,2006,75
6,buenos aires,6329,general las heras,2007,47
6,buenos aires,6329,general las heras,2008,105
6,buenos aires,6329,general las heras,2009,102
6,buenos aires,6329,general las heras,2010,89
6,buenos aires,6329,general las heras,2011,90
6,buenos aires,6329,general las heras,2012,88
6,buenos aires,6329,general las heras,2013,96
6,buenos aires,6329,general las heras,2014,72
6,buenos aires,6329,general las heras,2015,71
6,buenos aires,6329,general las heras,2016,49
6,buenos aires,6329,general las heras,2017,63
6,buenos aires,6329,general las heras,2018,61
6,buenos aires,6329,general las heras,2019,100
6,buenos aires,6329,general las heras,2020,77
6,buenos aires,6329,general las heras,2021,148
6,buenos aires,6329,general las heras,2022,107
6,buenos aires,6329,general las heras,2023,66
6,buenos aires,6329,general las heras,2024,119
6,buenos aires,6336,general lavalle,2000,54
6,buenos aires,6336,general lavalle,2001,52
6,buenos aires,6336,general lavalle,2002,74
6,buenos aires,6336,general lavalle,2003,97
6,buenos aires,6336,general lavalle,2004,63
6,buenos aires,6336,general lavalle,2005,23
6,buenos aires,6336,general lavalle,2006,32
6,buenos aires,6336,general lavalle,2007,19
6,buenos aires,6336,general lavalle,2008,16
6,buenos aires,6336,general lavalle,2009,69
6,buenos aires,6336,general lavalle,2010,22
6,buenos aires,6336,general lavalle,2011,44
6,buenos aires,6336,general lavalle,2012,54
6,buenos aires,6336,general lavalle,2013,31
6,buenos aires,6336,general lavalle,2014,55
6,buenos aires,6336,general lavalle,2015,30
6,buenos aires,6336,general lavalle,2016,25
6,buenos aires,6336,general lavalle,2017,20
6,buenos aires,6336,general lavalle,2018,19
6,buenos aires,6336,general lavalle,2019,69
6,buenos aires,6336,general lavalle,2020,54
6,buenos aires,6336,general lavalle,2021,45
6,buenos aires,6336,general lavalle,2022,48
6,buenos aires,6336,general lavalle,2023,89
6,buenos aires,6336,general lavalle,2024,59
6,buenos aires,6343,general paz,2000,81
6,buenos aires,6343,general paz,2001,95
6,buenos aires,6343,general paz,2002,169
6,buenos aires,6343,general paz,2003,214
6,buenos aires,6343,general paz,2004,112
6,buenos aires,6343,general paz,2005,137
6,buenos aires,6343,general paz,2006,44
6,buenos aires,6343,general paz,2007,48
6,buenos aires,6343,general paz,2008,42
6,buenos aires,6343,general paz,2009,34
6,buenos aires,6343,general paz,2010,43
6,buenos aires,6343,general paz,2011,88
6,buenos aires,6343,general paz,2012,79
6,buenos aires,6343,general paz,2013,66
6,buenos aires,6343,general paz,2014,71
6,buenos aires,6343,general paz,2015,40
6,buenos aires,6343,general paz,2016,45
6,buenos aires,6343,general paz,2017,36
6,buenos aires,6343,general paz,2018,36
6,buenos aires,6343,general paz,2019,113
6,buenos aires,6343,general paz,2020,129
6,buenos aires,6343,general paz,2021,168
6,buenos aires,6343,general paz,2022,126
6,buenos aires,6343,general paz,2023,75
6,buenos aires,6343,general paz,2024,72
6,buenos aires,6351,general pinto,2000,55
6,buenos aires,6351,general pinto,2001,72
6,buenos aires,6351,general pinto,2002,53
6,buenos aires,6351,general pinto,2003,44
6,buenos aires,6351,general pinto,2004,58
6,buenos aires,6351,general pinto,2005,66
6,buenos aires,6351,general pinto,2006,34
6,buenos aires,6351,general pinto,2007,35
6,buenos aires,6351,general pinto,2008,40
6,buenos aires,6351,general pinto,2009,122
6,buenos aires,6351,general pinto,2010,41
6,buenos aires,6351,general pinto,2011,42
6,buenos aires,6351,general pinto,2012,51
6,buenos aires,6351,general pinto,2013,49
6,buenos aires,6351,general pinto,2014,65
6,buenos aires,6351,general pinto,2015,73
6,buenos aires,6351,general pinto,2016,50
6,buenos aires,6351,general pinto,2017,56
6,buenos aires,6351,general pinto,2018,47
6,buenos aires,6351,general pinto,2019,36
6,buenos aires,6351,general pinto,2020,57
6,buenos aires,6351,general pinto,2021,62
6,buenos aires,6351,general pinto,2022,63
6,buenos aires,6351,general pinto,2023,88
6,buenos aires,6351,general pinto,2024,85
6,buenos aires,6357,general pueyrredón,2000,11075
6,buenos aires,6357,general pueyrredón,2001,7479
6,buenos aires,6357,general pueyrredón,2002,9691
6,buenos aires,6357,general pueyrredón,2003,8591
6,buenos aires,6357,general pueyrredón,2004,6149
6,buenos aires,6357,general pueyrredón,2005,4677
6,buenos aires,6357,general pueyrredón,2006,4460
6,buenos aires,6357,general pueyrredón,2007,4836
6,buenos aires,6357,general pueyrredón,2008,6656
6,buenos aires,6357,general pueyrredón,2009,2532
6,buenos aires,6357,general pueyrredón,2010,6434
6,buenos aires,6357,general pueyrredón,2011,6077
6,buenos aires,6357,general pueyrredón,2012,7844
6,buenos aires,6357,general pueyrredón,2013,7357
6,buenos aires,6357,general pueyrredón,2014,6655
6,buenos aires,6357,general pueyrredón,2015,6700
6,buenos aires,6357,general pueyrredón,2016,5575
6,buenos aires,6357,general pueyrredón,2017,6156
6,buenos aires,6357,general pueyrredón,2018,6344
6,buenos aires,6357,general pueyrredón,2019,9666
6,buenos aires,6357,general pueyrredón,2020,7341
6,buenos aires,6357,general pueyrredón,2021,7458
6,buenos aires,6357,general pueyrredón,2022,7579
6,buenos aires,6357,general pueyrredón,2023,11160
6,buenos aires,6357,general pueyrredón,2024,13657
6,buenos aires,6364,general rodríguez,2000,728
6,buenos aires,6364,general rodríguez,2001,629
6,buenos aires,6364,general rodríguez,2002,814
6,buenos aires,6364,general rodríguez,2003,580
6,buenos aires,6364,general rodríguez,2004,816
6,buenos aires,6364,general rodríguez,2005,540
6,buenos aires,6364,general rodríguez,2006,335
6,buenos aires,6364,general rodríguez,2007,310
6,buenos aires,6364,general rodríguez,2008,373
6,buenos aires,6364,general rodríguez,2009,214
6,buenos aires,6364,general rodríguez,2010,815
6,buenos aires,6364,general rodríguez,2011,1144
6,buenos aires,6364,general rodríguez,2012,1093
6,buenos aires,6364,general rodríguez,2013,1149
6,buenos aires,6364,general rodríguez,2014,1252
6,buenos aires,6364,general rodríguez,2015,1017
6,buenos aires,6364,general rodríguez,2016,744
6,buenos aires,6364,general rodríguez,2017,650
6,buenos aires,6364,general rodríguez,2018,1609
6,buenos aires,6364,general rodríguez,2019,2292
6,buenos aires,6364,general rodríguez,2020,1841
6,buenos aires,6364,general rodríguez,2021,2007
6,buenos aires,6364,general rodríguez,2022,2337
6,buenos aires,6364,general rodríguez,2023,2502
6,buenos aires,6364,general rodríguez,2024,2250
6,buenos aires,6371,general san martín,2000,8424
6,buenos aires,6371,general san martín,2001,8169
6,buenos aires,6371,general san martín,2002,9081
6,buenos aires,6371,general san martín,2003,7690
6,buenos aires,6371,general san martín,2004,4853
6,buenos aires,6371,general san martín,2005,3033
6,buenos aires,6371,general san martín,2006,2980
6,buenos aires,6371,general san martín,2007,3741
6,buenos aires,6371,general san martín,2008,5502
6,buenos aires,6371,general san martín,2009,5564
6,buenos aires,6371,general san martín,2010,4751
6,buenos aires,6371,general san martín,2011,5899
6,buenos aires,6371,general san martín,2012,5186
6,buenos aires,6371,general san martín,2013,6903
6,buenos aires,6371,general san martín,2014,6843
6,buenos aires,6371,general san martín,2015,5925
6,buenos aires,6371,general san martín,2016,5722
6,buenos aires,6371,general san martín,2017,5595
6,buenos aires,6371,general san martín,2018,8196
6,buenos aires,6371,general san martín,2019,7668
6,buenos aires,6371,general san martín,2020,6759
6,buenos aires,6371,general san martín,2021,7173
6,buenos aires,6371,general san martín,2022,6565
6,buenos aires,6371,general san martín,2023,8668
6,buenos aires,6371,general san martín,2024,9001
6,buenos aires,6385,general viamonte,2000,166
6,buenos aires,6385,general viamonte,2001,149
6,buenos aires,6385,general viamonte,2002,170
6,buenos aires,6385,general viamonte,2003,248
6,buenos aires,6385,general viamonte,2004,317
6,buenos aires,6385,general viamonte,2005,192
6,buenos aires,6385,general viamonte,2006,149
6,buenos aires,6385,general viamonte,2007,117
6,buenos aires,6385,general viamonte,2008,133
6,buenos aires,6385,general viamonte,2009,314
6,buenos aires,6385,general viamonte,2010,79
6,buenos aires,6385,general viamonte,2011,88
6,buenos aires,6385,general viamonte,2012,156
6,buenos aires,6385,general viamonte,2013,152
6,buenos aires,6385,general viamonte,2014,173
6,buenos aires,6385,general viamonte,2015,134
6,buenos aires,6385,general viamonte,2016,127
6,buenos aires,6385,general viamonte,2017,145
6,buenos aires,6385,general viamonte,2018,141
6,buenos aires,6385,general viamonte,2019,152
6,buenos aires,6385,general viamonte,2020,122
6,buenos aires,6385,general viamonte,2021,182
6,buenos aires,6385,general viamonte,2022,175
6,buenos aires,6385,general viamonte,2023,194
6,buenos aires,6385,general viamonte,2024,210
6,buenos aires,6392,general villegas,2000,413
6,buenos aires,6392,general villegas,2001,336
6,buenos aires,6392,general villegas,2002,426
6,buenos aires,6392,general villegas,2003,430
6,buenos aires,6392,general villegas,2004,352
6,buenos aires,6392,general villegas,2005,215
6,buenos aires,6392,general villegas,2006,163
6,buenos aires,6392,general villegas,2007,159
6,buenos aires,6392,general villegas,2008,269
6,buenos aires,6392,general villegas,2009,2478
6,buenos aires,6392,general villegas,2010,226
6,buenos aires,6392,general villegas,2011,247
6,buenos aires,6392,general villegas,2012,311
6,buenos aires,6392,general villegas,2013,254
6,buenos aires,6392,general villegas,2014,330
6,buenos aires,6392,general villegas,2015,324
6,buenos aires,6392,general villegas,2016,186
6,buenos aires,6392,general villegas,2017,336
6,buenos aires,6392,general villegas,2018,345
6,buenos aires,6392,general villegas,2019,409
6,buenos aires,6392,general villegas,2020,293
6,buenos aires,6392,general villegas,2021,287
6,buenos aires,6392,general villegas,2022,248
6,buenos aires,6392,general villegas,2023,309
6,buenos aires,6392,general villegas,2024,350
6,buenos aires,6399,guaminí,2000,97
6,buenos aires,6399,guaminí,2001,79
6,buenos aires,6399,guaminí,2002,131
6,buenos aires,6399,guaminí,2003,96
6,buenos aires,6399,guaminí,2004,104
6,buenos aires,6399,guaminí,2005,61
6,buenos aires,6399,guaminí,2006,47
6,buenos aires,6399,guaminí,2007,39
6,buenos aires,6399,guaminí,2008,35
6,buenos aires,6399,guaminí,2009,97
6,buenos aires,6399,guaminí,2010,72
6,buenos aires,6399,guaminí,2011,70
6,buenos aires,6399,guaminí,2012,91
6,buenos aires,6399,guaminí,2013,78
6,buenos aires,6399,guaminí,2014,41
6,buenos aires,6399,guaminí,2015,35
6,buenos aires,6399,guaminí,2016,50
6,buenos aires,6399,guaminí,2017,20
6,buenos aires,6399,guaminí,2018,44
6,buenos aires,6399,guaminí,2019,64
6,buenos aires,6399,guaminí,2020,62
6,buenos aires,6399,guaminí,2021,73
6,buenos aires,6399,guaminí,2022,77
6,buenos aires,6399,guaminí,2023,117
6,buenos aires,6399,guaminí,2024,116
6,buenos aires,6406,hipólito yrigoyen,2000,87
6,buenos aires,6406,hipólito yrigoyen,2001,57
6,buenos aires,6406,hipólito yrigoyen,2002,111
6,buenos aires,6406,hipólito yrigoyen,2003,124
6,buenos aires,6406,hipólito yrigoyen,2004,78
6,buenos aires,6406,hipólito yrigoyen,2005,48
6,buenos aires,6406,hipólito yrigoyen,2006,54
6,buenos aires,6406,hipólito yrigoyen,2007,30
6,buenos aires,6406,hipólito yrigoyen,2008,104
6,buenos aires,6406,hipólito yrigoyen,2009,196
6,buenos aires,6406,hipólito yrigoyen,2010,49
6,buenos aires,6406,hipólito yrigoyen,2011,33
6,buenos aires,6406,hipólito yrigoyen,2012,71
6,buenos aires,6406,hipólito yrigoyen,2013,69
6,buenos aires,6406,hipólito yrigoyen,2014,93
6,buenos aires,6406,hipólito yrigoyen,2015,46
6,buenos aires,6406,hipólito yrigoyen,2016,62
6,buenos aires,6406,hipólito yrigoyen,2017,57
6,buenos aires,6406,hipólito yrigoyen,2018,88
6,buenos aires,6406,hipólito yrigoyen,2019,107
6,buenos aires,6406,hipólito yrigoyen,2020,53
6,buenos aires,6406,hipólito yrigoyen,2021,68
6,buenos aires,6406,hipólito yrigoyen,2022,76
6,buenos aires,6406,hipólito yrigoyen,2023,86
6,buenos aires,6406,hipólito yrigoyen,2024,71
6,buenos aires,6408,hurlingham,2000,2510
6,buenos aires,6408,hurlingham,2001,2537
6,buenos aires,6408,hurlingham,2002,3599
6,buenos aires,6408,hurlingham,2003,3142
6,buenos aires,6408,hurlingham,2004,2275
6,buenos aires,6408,hurlingham,2005,1481
6,buenos aires,6408,hurlingham,2006,1469
6,buenos aires,6408,hurlingham,2007,1742
6,buenos aires,6408,hurlingham,2008,1915
6,buenos aires,6408,hurlingham,2009,764
6,buenos aires,6408,hurlingham,2010,1832
6,buenos aires,6408,hurlingham,2011,2028
6,buenos aires,6408,hurlingham,2012,1915
6,buenos aires,6408,hurlingham,2013,2360
6,buenos aires,6408,hurlingham,2014,2364
6,buenos aires,6408,hurlingham,2015,1841
6,buenos aires,6408,hurlingham,2016,1698
6,buenos aires,6408,hurlingham,2017,1704
6,buenos aires,6408,hurlingham,2018,2158
6,buenos aires,6408,hurlingham,2019,3299
6,buenos aires,6408,hurlingham,2020,2189
6,buenos aires,6408,hurlingham,2021,2106
6,buenos aires,6408,hurlingham,2022,2467
6,buenos aires,6408,hurlingham,2023,2287
6,buenos aires,6408,hurlingham,2024,2393
6,buenos aires,6410,ituzaingó,2000,1940
6,buenos aires,6410,ituzaingó,2001,2388
6,buenos aires,6410,ituzaingó,2002,3584
6,buenos aires,6410,ituzaingó,2003,3147
6,buenos aires,6410,ituzaingó,2004,1909
6,buenos aires,6410,ituzaingó,2005,1060
6,buenos aires,6410,ituzaingó,2006,1154
6,buenos aires,6410,ituzaingó,2007,1453
6,buenos aires,6410,ituzaingó,2008,1621
6,buenos aires,6410,ituzaingó,2009,738
6,buenos aires,6410,ituzaingó,2010,1707
6,buenos aires,6410,ituzaingó,2011,2178
6,buenos aires,6410,ituzaingó,2012,2732
6,buenos aires,6410,ituzaingó,2013,3410
6,buenos aires,6410,ituzaingó,2014,3029
6,buenos aires,6410,ituzaingó,2015,2992
6,buenos aires,6410,ituzaingó,2016,2983
6,buenos aires,6410,ituzaingó,2017,2780
6,buenos aires,6410,ituzaingó,2018,3851
6,buenos aires,6410,ituzaingó,2019,4605
6,buenos aires,6410,ituzaingó,2020,2756
6,buenos aires,6410,ituzaingó,2021,2455
6,buenos aires,6410,ituzaingó,2022,2292
6,buenos aires,6410,ituzaingó,2023,3075
6,buenos aires,6410,ituzaingó,2024,3141
6,buenos aires,6412,josé c. paz,2000,3045
6,buenos aires,6412,josé c. paz,2001,3192
6,buenos aires,6412,josé c. paz,2002,4046
6,buenos aires,6412,josé c. paz,2003,3628
6,buenos aires,6412,josé c. paz,2004,2624
6,buenos aires,6412,josé c. paz,2005,1626
6,buenos aires,6412,josé c. paz,2006,1446
6,buenos aires,6412,josé c. paz,2007,1246
6,buenos aires,6412,josé c. paz,2008,1422
6,buenos aires,6412,josé c. paz,2009,1088
6,buenos aires,6412,josé c. paz,2010,1598
6,buenos aires,6412,josé c. paz,2011,2363
6,buenos aires,6412,josé c. paz,2012,2720
6,buenos aires,6412,josé c. paz,2013,2442
6,buenos aires,6412,josé c. paz,2014,2812
6,buenos aires,6412,josé c. paz,2015,2620
6,buenos aires,6412,josé c. paz,2016,2861
6,buenos aires,6412,josé c. paz,2017,2632
6,buenos aires,6412,josé c. paz,2018,2198
6,buenos aires,6412,josé c. paz,2019,3210
6,buenos aires,6412,josé c. paz,2020,2838
6,buenos aires,6412,josé c. paz,2021,3303
6,buenos aires,6412,josé c. paz,2022,4863
6,buenos aires,6412,josé c. paz,2023,5711
6,buenos aires,6412,josé c. paz,2024,5160
6,buenos aires,6413,junín,2000,1473
6,buenos aires,6413,junín,2001,1348
6,buenos aires,6413,junín,2002,1412
6,buenos aires,6413,junín,2003,1587
6,buenos aires,6413,junín,2004,1291
6,buenos aires,6413,junín,2005,901
6,buenos aires,6413,junín,2006,683
6,buenos aires,6413,junín,2007,792
6,buenos aires,6413,junín,2008,721
6,buenos aires,6413,junín,2009,943
6,buenos aires,6413,junín,2010,870
6,buenos aires,6413,junín,2011,879
6,buenos aires,6413,junín,2012,1266
6,buenos aires,6413,junín,2013,1264
6,buenos aires,6413,junín,2014,1361
6,buenos aires,6413,junín,2015,1410
6,buenos aires,6413,junín,2016,1391
6,buenos aires,6413,junín,2017,950
6,buenos aires,6413,junín,2018,906
6,buenos aires,6413,junín,2019,1811
6,buenos aires,6413,junín,2020,1034
6,buenos aires,6413,junín,2021,1266
6,buenos aires,6413,junín,2022,1390
6,buenos aires,6413,junín,2023,1742
6,buenos aires,6413,junín,2024,1898
6,buenos aires,6420,la costa,2000,1435
6,buenos aires,6420,la costa,2001,1528
6,buenos aires,6420,la costa,2002,2398
6,buenos aires,6420,la costa,2003,1991
6,buenos aires,6420,la costa,2004,1789
6,buenos aires,6420,la costa,2005,1501
6,buenos aires,6420,la costa,2006,1611
6,buenos aires,6420,la costa,2007,1358
6,buenos aires,6420,la costa,2008,1419
6,buenos aires,6420,la costa,2009,1072
6,buenos aires,6420,la costa,2010,1456
6,buenos aires,6420,la costa,2011,1374
6,buenos aires,6420,la costa,2012,1215
6,buenos aires,6420,la costa,2013,1155
6,buenos aires,6420,la costa,2014,1262
6,buenos aires,6420,la costa,2015,893
6,buenos aires,6420,la costa,2016,784
6,buenos aires,6420,la costa,2017,666
6,buenos aires,6420,la costa,2018,707
6,buenos aires,6420,la costa,2019,1921
6,buenos aires,6420,la costa,2020,1527
6,buenos aires,6420,la costa,2021,1186
6,buenos aires,6420,la costa,2022,1250
6,buenos aires,6420,la costa,2023,1598
6,buenos aires,6420,la costa,2024,2528
6,buenos aires,6427,la matanza,2000,16448
6,buenos aires,6427,la matanza,2001,16875
6,buenos aires,6427,la matanza,2002,19304
6,buenos aires,6427,la matanza,2003,15890
6,buenos aires,6427,la matanza,2004,11398
6,buenos aires,6427,la matanza,2005,10524
6,buenos aires,6427,la matanza,2006,9941
6,buenos aires,6427,la matanza,2007,12076
6,buenos aires,6427,la matanza,2008,12838
6,buenos aires,6427,la matanza,2009,5659
6,buenos aires,6427,la matanza,2010,13342
6,buenos aires,6427,la matanza,2011,14805
6,buenos aires,6427,la matanza,2012,16127
6,buenos aires,6427,la matanza,2013,15175
6,buenos aires,6427,la matanza,2014,16195
6,buenos aires,6427,la matanza,2015,14486
6,buenos aires,6427,la matanza,2016,14190
6,buenos aires,6427,la matanza,2017,15953
6,buenos aires,6427,la matanza,2018,19626
6,buenos aires,6427,la matanza,2019,37604
6,buenos aires,6427,la matanza,2020,25822
6,buenos aires,6427,la matanza,2021,27038
6,buenos aires,6427,la matanza,2022,27640
6,buenos aires,6427,la matanza,2023,32772
6,buenos aires,6427,la matanza,2024,35190
6,buenos aires,6434,lanús,2000,8053
6,buenos aires,6434,lanús,2001,8325
6,buenos aires,6434,lanús,2002,10839
6,buenos aires,6434,lanús,2003,8246
6,buenos aires,6434,lanús,2004,6496
6,buenos aires,6434,lanús,2005,4205
6,buenos aires,6434,lanús,2006,3908
6,buenos aires,6434,lanús,2007,3853
6,buenos aires,6434,lanús,2008,4930
6,buenos aires,6434,lanús,2009,8659
6,buenos aires,6434,lanús,2010,4291
6,buenos aires,6434,lanús,2011,5104
6,buenos aires,6434,lanús,2012,4390
6,buenos aires,6434,lanús,2013,5044
6,buenos aires,6434,lanús,2014,5563
6,buenos aires,6434,lanús,2015,5409
6,buenos aires,6434,lanús,2016,5270
6,buenos aires,6434,lanús,2017,5168
6,buenos aires,6434,lanús,2018,8023
6,buenos aires,6434,lanús,2019,8557
6,buenos aires,6434,lanús,2020,6497
6,buenos aires,6434,lanús,2021,6841
6,buenos aires,6434,lanús,2022,5715
6,buenos aires,6434,lanús,2023,7231
6,buenos aires,6434,lanús,2024,9389
6,buenos aires,6441,la plata,2000,10031
6,buenos aires,6441,la plata,2001,8812
6,buenos aires,6441,la plata,2002,10157
6,buenos aires,6441,la plata,2003,8652
6,buenos aires,6441,la plata,2004,8730
6,buenos aires,6441,la plata,2005,6217
6,buenos aires,6441,la plata,2006,5594
6,buenos aires,6441,la plata,2007,4936
6,buenos aires,6441,la plata,2008,7453
6,buenos aires,6441,la plata,2009,3792
6,buenos aires,6441,la plata,2010,7075
6,buenos aires,6441,la plata,2011,9618
6,buenos aires,6441,la plata,2012,11060
6,buenos aires,6441,la plata,2013,10628
6,buenos aires,6441,la plata,2014,6901
6,buenos aires,6441,la plata,2015,7854
6,buenos aires,6441,la plata,2016,9255
6,buenos aires,6441,la plata,2017,10333
6,buenos aires,6441,la plata,2018,12129
6,buenos aires,6441,la plata,2019,13755
6,buenos aires,6441,la plata,2020,9734
6,buenos aires,6441,la plata,2021,10872
6,buenos aires,6441,la plata,2022,11070
6,buenos aires,6441,la plata,2023,12248
6,buenos aires,6441,la plata,2024,11883
6,buenos aires,6448,laprida,2000,128
6,buenos aires,6448,laprida,2001,58
6,buenos aires,6448,laprida,2002,70
6,buenos aires,6448,laprida,2003,97
6,buenos aires,6448,laprida,2004,74
6,buenos aires,6448,laprida,2005,101
6,buenos aires,6448,laprida,2006,40
6,buenos aires,6448,laprida,2007,99
6,buenos aires,6448,laprida,2008,97
6,buenos aires,6448,laprida,2009,2732
6,buenos aires,6448,laprida,2010,118
6,buenos aires,6448,laprida,2011,165
6,buenos aires,6448,laprida,2012,164
6,buenos aires,6448,laprida,2013,172
6,buenos aires,6448,laprida,2014,142
6,buenos aires,6448,laprida,2015,108
6,buenos aires,6448,laprida,2016,84
6,buenos aires,6448,laprida,2017,119
6,buenos aires,6448,laprida,2018,67
6,buenos aires,6448,laprida,2019,84
6,buenos aires,6448,laprida,2020,114
6,buenos aires,6448,laprida,2021,104
6,buenos aires,6448,laprida,2022,98
6,buenos aires,6448,laprida,2023,195
6,buenos aires,6448,laprida,2024,132
6,buenos aires,6455,las flores,2000,98
6,buenos aires,6455,las flores,2001,133
6,buenos aires,6455,las flores,2002,200
6,buenos aires,6455,las flores,2003,266
6,buenos aires,6455,las flores,2004,182
6,buenos aires,6455,las flores,2005,142
6,buenos aires,6455,las flores,2006,116
6,buenos aires,6455,las flores,2007,71
6,buenos aires,6455,las flores,2008,127
6,buenos aires,6455,las flores,2009,131
6,buenos aires,6455,las flores,2010,194
6,buenos aires,6455,las flores,2011,179
6,buenos aires,6455,las flores,2012,144
6,buenos aires,6455,las flores,2013,120
6,buenos aires,6455,las flores,2014,122
6,buenos aires,6455,las flores,2015,109
6,buenos aires,6455,las flores,2016,76
6,buenos aires,6455,las flores,2017,59
6,buenos aires,6455,las flores,2018,73
6,buenos aires,6455,las flores,2019,245
6,buenos aires,6455,las flores,2020,138
6,buenos aires,6455,las flores,2021,101
6,buenos aires,6455,las flores,2022,96
6,buenos aires,6455,las flores,2023,189
6,buenos aires,6455,las flores,2024,272
6,buenos aires,6462,leandro n. alem,2000,130
6,buenos aires,6462,leandro n. alem,2001,140
6,buenos aires,6462,leandro n. alem,2002,191
6,buenos aires,6462,leandro n. alem,2003,147
6,buenos aires,6462,leandro n. alem,2004,144
6,buenos aires,6462,leandro n. alem,2005,79
6,buenos aires,6462,leandro n. alem,2006,88
6,buenos aires,6462,leandro n. alem,2007,64
6,buenos aires,6462,leandro n. alem,2008,99
6,buenos aires,6462,leandro n. alem,2009,171
6,buenos aires,6462,leandro n. alem,2010,93
6,buenos aires,6462,leandro n. alem,2011,84
6,buenos aires,6462,leandro n. alem,2012,88
6,buenos aires,6462,leandro n. alem,2013,58
6,buenos aires,6462,leandro n. alem,2014,44
6,buenos aires,6462,leandro n. alem,2015,25
6,buenos aires,6462,leandro n. alem,2016,56
6,buenos aires,6462,leandro n. alem,2017,58
6,buenos aires,6462,leandro n. alem,2018,34
6,buenos aires,6462,leandro n. alem,2019,59
6,buenos aires,6462,leandro n. alem,2020,49
6,buenos aires,6462,leandro n. alem,2021,72
6,buenos aires,6462,leandro n. alem,2022,117
6,buenos aires,6462,leandro n. alem,2023,125
6,buenos aires,6462,leandro n. alem,2024,191
6,buenos aires,6466,lezama,2010,41
6,buenos aires,6466,lezama,2011,47
6,buenos aires,6466,lezama,2012,37
6,buenos aires,6466,lezama,2013,16
6,buenos aires,6466,lezama,2014,19
6,buenos aires,6466,lezama,2015,20
6,buenos aires,6466,lezama,2016,29
6,buenos aires,6466,lezama,2017,33
6,buenos aires,6466,lezama,2018,43
6,buenos aires,6466,lezama,2019,59
6,buenos aires,6466,lezama,2020,29
6,buenos aires,6466,lezama,2021,29
6,buenos aires,6466,lezama,2022,29
6,buenos aires,6466,lezama,2023,55
6,buenos aires,6466,lezama,2024,81
6,buenos aires,6469,lincoln,2000,186
6,buenos aires,6469,lincoln,2001,257
6,buenos aires,6469,lincoln,2002,239
6,buenos aires,6469,lincoln,2003,279
6,buenos aires,6469,lincoln,2004,266
6,buenos aires,6469,lincoln,2005,183
6,buenos aires,6469,lincoln,2006,142
6,buenos aires,6469,lincoln,2007,208
6,buenos aires,6469,lincoln,2008,289
6,buenos aires,6469,lincoln,2009,79
6,buenos aires,6469,lincoln,2010,236
6,buenos aires,6469,lincoln,2011,223
6,buenos aires,6469,lincoln,2012,284
6,buenos aires,6469,lincoln,2013,299
6,buenos aires,6469,lincoln,2014,383
6,buenos aires,6469,lincoln,2015,347
6,buenos aires,6469,lincoln,2016,256
6,buenos aires,6469,lincoln,2017,220
6,buenos aires,6469,lincoln,2018,296
6,buenos aires,6469,lincoln,2019,424
6,buenos aires,6469,lincoln,2020,275
6,buenos aires,6469,lincoln,2021,309
6,buenos aires,6469,lincoln,2022,322
6,buenos aires,6469,lincoln,2023,467
6,buenos aires,6469,lincoln,2024,526
6,buenos aires,6476,lobería,2000,139
6,buenos aires,6476,lobería,2001,58
6,buenos aires,6476,lobería,2002,166
6,buenos aires,6476,lobería,2003,301
6,buenos aires,6476,lobería,2004,144
6,buenos aires,6476,lobería,2005,61
6,buenos aires,6476,lobería,2006,106
6,buenos aires,6476,lobería,2007,84
6,buenos aires,6476,lobería,2008,251
6,buenos aires,6476,lobería,2009,242
6,buenos aires,6476,lobería,2010,218
6,buenos aires,6476,lobería,2011,250
6,buenos aires,6476,lobería,2012,248
6,buenos aires,6476,lobería,2013,196
6,buenos aires,6476,lobería,2014,225
6,buenos aires,6476,lobería,2015,175
6,buenos aires,6476,lobería,2016,200
6,buenos aires,6476,lobería,2017,192
6,buenos aires,6476,lobería,2018,173
6,buenos aires,6476,lobería,2019,176
6,buenos aires,6476,lobería,2020,142
6,buenos aires,6476,lobería,2021,224
6,buenos aires,6476,lobería,2022,238
6,buenos aires,6476,lobería,2023,247
6,buenos aires,6476,lobería,2024,269
6,buenos aires,6483,lobos,2000,127
6,buenos aires,6483,lobos,2001,225
6,buenos aires,6483,lobos,2002,301
6,buenos aires,6483,lobos,2003,204
6,buenos aires,6483,lobos,2004,245
6,buenos aires,6483,lobos,2005,157
6,buenos aires,6483,lobos,2006,122
6,buenos aires,6483,lobos,2007,197
6,buenos aires,6483,lobos,2008,139
6,buenos aires,6483,lobos,2009,293
6,buenos aires,6483,lobos,2010,289
6,buenos aires,6483,lobos,2011,252
6,buenos aires,6483,lobos,2012,254
6,buenos aires,6483,lobos,2013,264
6,buenos aires,6483,lobos,2014,427
6,buenos aires,6483,lobos,2015,216
6,buenos aires,6483,lobos,2016,209
6,buenos aires,6483,lobos,2017,156
6,buenos aires,6483,lobos,2018,172
6,buenos aires,6483,lobos,2019,334
6,buenos aires,6483,lobos,2020,489
6,buenos aires,6483,lobos,2021,340
6,buenos aires,6483,lobos,2022,541
6,buenos aires,6483,lobos,2023,516
6,buenos aires,6483,lobos,2024,627
6,buenos aires,6490,lomas de zamora,2000,7347
6,buenos aires,6490,lomas de zamora,2001,8410
6,buenos aires,6490,lomas de zamora,2002,11941
6,buenos aires,6490,lomas de zamora,2003,8642
6,buenos aires,6490,lomas de zamora,2004,5578
6,buenos aires,6490,lomas de zamora,2005,3541
6,buenos aires,6490,lomas de zamora,2006,4311
6,buenos aires,6490,lomas de zamora,2007,4190
6,buenos aires,6490,lomas de zamora,2008,5068
6,buenos aires,6490,lomas de zamora,2009,2422
6,buenos aires,6490,lomas de zamora,2010,4107
6,buenos aires,6490,lomas de zamora,2011,5332
6,buenos aires,6490,lomas de zamora,2012,6064
6,buenos aires,6490,lomas de zamora,2013,6039
6,buenos aires,6490,lomas de zamora,2014,7347
6,buenos aires,6490,lomas de zamora,2015,7211
6,buenos aires,6490,lomas de zamora,2016,7360
6,buenos aires,6490,lomas de zamora,2017,7048
6,buenos aires,6490,lomas de zamora,2018,9365
6,buenos aires,6490,lomas de zamora,2019,12470
6,buenos aires,6490,lomas de zamora,2020,8494
6,buenos aires,6490,lomas de zamora,2021,8741
6,buenos aires,6490,lomas de zamora,2022,7234
6,buenos aires,6490,lomas de zamora,2023,7364
6,buenos aires,6490,lomas de zamora,2024,9292
6,buenos aires,6497,luján,2000,919
6,buenos aires,6497,luján,2001,782
6,buenos aires,6497,luján,2002,736
6,buenos aires,6497,luján,2003,594
6,buenos aires,6497,luján,2004,652
6,buenos aires,6497,luján,2005,314
6,buenos aires,6497,luján,2006,330
6,buenos aires,6497,luján,2007,361
6,buenos aires,6497,luján,2008,531
6,buenos aires,6497,luján,2009,2238
6,buenos aires,6497,luján,2010,978
6,buenos aires,6497,luján,2011,864
6,buenos aires,6497,luján,2012,921
6,buenos aires,6497,luján,2013,886
6,buenos aires,6497,luján,2014,824
6,buenos aires,6497,luján,2015,773
6,buenos aires,6497,luján,2016,740
6,buenos aires,6497,luján,2017,733
6,buenos aires,6497,luján,2018,739
6,buenos aires,6497,luján,2019,1390
6,buenos aires,6497,luján,2020,1337
6,buenos aires,6497,luján,2021,1572
6,buenos aires,6497,luján,2022,1834
6,buenos aires,6497,luján,2023,2169
6,buenos aires,6497,luján,2024,2321
6,buenos aires,6505,magdalena,2000,123
6,buenos aires,6505,magdalena,2001,121
6,buenos aires,6505,magdalena,2002,210
6,buenos aires,6505,magdalena,2003,119
6,buenos aires,6505,magdalena,2004,157
6,buenos aires,6505,magdalena,2005,89
6,buenos aires,6505,magdalena,2006,102
6,buenos aires,6505,magdalena,2007,210
6,buenos aires,6505,magdalena,2008,192
6,buenos aires,6505,magdalena,2009,634
6,buenos aires,6505,magdalena,2010,121
6,buenos aires,6505,magdalena,2011,150
6,buenos aires,6505,magdalena,2012,189
6,buenos aires,6505,magdalena,2013,184
6,buenos aires,6505,magdalena,2014,167
6,buenos aires,6505,magdalena,2015,95
6,buenos aires,6505,magdalena,2016,108
6,buenos aires,6505,magdalena,2017,136
6,buenos aires,6505,magdalena,2018,83
6,buenos aires,6505,magdalena,2019,131
6,buenos aires,6505,magdalena,2020,135
6,buenos aires,6505,magdalena,2021,173
6,buenos aires,6505,magdalena,2022,179
6,buenos aires,6505,magdalena,2023,230
6,buenos aires,6505,magdalena,2024,235
6,buenos aires,6511,maipú,2000,162
6,buenos aires,6511,maipú,2001,227
6,buenos aires,6511,maipú,2002,242
6,buenos aires,6511,maipú,2003,218
6,buenos aires,6511,maipú,2004,207
6,buenos aires,6511,maipú,2005,135
6,buenos aires,6511,maipú,2006,136
6,buenos aires,6511,maipú,2007,120
6,buenos aires,6511,maipú,2008,118
6,buenos aires,6511,maipú,2009,139
6,buenos aires,6511,maipú,2010,207
6,buenos aires,6511,maipú,2011,216
6,buenos aires,6511,maipú,2012,132
6,buenos aires,6511,maipú,2013,74
6,buenos aires,6511,maipú,2014,68
6,buenos aires,6511,maipú,2015,44
6,buenos aires,6511,maipú,2016,37
6,buenos aires,6511,maipú,2017,42
6,buenos aires,6511,maipú,2018,31
6,buenos aires,6511,maipú,2019,30
6,buenos aires,6511,maipú,2020,82
6,buenos aires,6511,maipú,2021,58
6,buenos aires,6511,maipú,2022,35
6,buenos aires,6511,maipú,2023,88
6,buenos aires,6511,maipú,2024,149
6,buenos aires,6515,malvinas argentinas,2000,2188
6,buenos aires,6515,malvinas argentinas,2001,2047
6,buenos aires,6515,malvinas argentinas,2002,4584
6,buenos aires,6515,malvinas argentinas,2003,4157
6,buenos aires,6515,malvinas argentinas,2004,2759
6,buenos aires,6515,malvinas argentinas,2005,1848
6,buenos aires,6515,malvinas argentinas,2006,1343
6,buenos aires,6515,malvinas argentinas,2007,1314
6,buenos aires,6515,malvinas argentinas,2008,2685
6,buenos aires,6515,malvinas argentinas,2009,846
6,buenos aires,6515,malvinas argentinas,2010,2333
6,buenos aires,6515,malvinas argentinas,2011,3032
6,buenos aires,6515,malvinas argentinas,2012,3477
6,buenos aires,6515,malvinas argentinas,2013,2629
6,buenos aires,6515,malvinas argentinas,2014,2956
6,buenos aires,6515,malvinas argentinas,2015,3497
6,buenos aires,6515,malvinas argentinas,2016,2833
6,buenos aires,6515,malvinas argentinas,2017,2847
6,buenos aires,6515,malvinas argentinas,2018,3476
6,buenos aires,6515,malvinas argentinas,2019,5481
6,buenos aires,6515,malvinas argentinas,2020,3720
6,buenos aires,6515,malvinas argentinas,2021,3490
6,buenos aires,6515,malvinas argentinas,2022,3715
6,buenos aires,6515,malvinas argentinas,2023,4279
6,buenos aires,6515,malvinas argentinas,2024,5153
6,buenos aires,6518,mar chiquita,2000,253
6,buenos aires,6518,mar chiquita,2001,347
6,buenos aires,6518,mar chiquita,2002,384
6,buenos aires,6518,mar chiquita,2003,495
6,buenos aires,6518,mar chiquita,2004,228
6,buenos aires,6518,mar chiquita,2005,239
6,buenos aires,6518,mar chiquita,2006,233
6,buenos aires,6518,mar chiquita,2007,94
6,buenos aires,6518,mar chiquita,2008,282
6,buenos aires,6518,mar chiquita,2009,1386
6,buenos aires,6518,mar chiquita,2010,374
6,buenos aires,6518,mar chiquita,2011,306
6,buenos aires,6518,mar chiquita,2012,274
6,buenos aires,6518,mar chiquita,2013,192
6,buenos aires,6518,mar chiquita,2014,203
6,buenos aires,6518,mar chiquita,2015,245
6,buenos aires,6518,mar chiquita,2016,168
6,buenos aires,6518,mar chiquita,2017,159
6,buenos aires,6518,mar chiquita,2018,179
6,buenos aires,6518,mar chiquita,2019,424
6,buenos aires,6518,mar chiquita,2020,455
6,buenos aires,6518,mar chiquita,2021,379
6,buenos aires,6518,mar chiquita,2022,320
6,buenos aires,6518,mar chiquita,2023,436
6,buenos aires,6518,mar chiquita,2024,581
6,buenos aires,6525,marcos paz,2000,599
6,buenos aires,6525,marcos paz,2001,550
6,buenos aires,6525,marcos paz,2002,388
6,buenos aires,6525,marcos paz,2003,96
6,buenos aires,6525,marcos paz,2004,623
6,buenos aires,6525,marcos paz,2005,260
6,buenos aires,6525,marcos paz,2006,177
6,buenos aires,6525,marcos paz,2007,154
6,buenos aires,6525,marcos paz,2008,448
6,buenos aires,6525,marcos paz,2009,299
6,buenos aires,6525,marcos paz,2010,416
6,buenos aires,6525,marcos paz,2011,551
6,buenos aires,6525,marcos paz,2012,612
6,buenos aires,6525,marcos paz,2013,715
6,buenos aires,6525,marcos paz,2014,612
6,buenos aires,6525,marcos paz,2015,511
6,buenos aires,6525,marcos paz,2016,635
6,buenos aires,6525,marcos paz,2017,708
6,buenos aires,6525,marcos paz,2018,569
6,buenos aires,6525,marcos paz,2019,1108
6,buenos aires,6525,marcos paz,2020,792
6,buenos aires,6525,marcos paz,2021,866
6,buenos aires,6525,marcos paz,2022,672
6,buenos aires,6525,marcos paz,2023,963
6,buenos aires,6525,marcos paz,2024,860
6,buenos aires,6532,mercedes,2000,530
6,buenos aires,6532,mercedes,2001,593
6,buenos aires,6532,mercedes,2002,773
6,buenos aires,6532,mercedes,2003,980
6,buenos aires,6532,mercedes,2004,676
6,buenos aires,6532,mercedes,2005,501
6,buenos aires,6532,mercedes,2006,527
6,buenos aires,6532,mercedes,2007,660
6,buenos aires,6532,mercedes,2008,476
6,buenos aires,6532,mercedes,2009,439
6,buenos aires,6532,mercedes,2010,463
6,buenos aires,6532,mercedes,2011,477
6,buenos aires,6532,mercedes,2012,458
6,buenos aires,6532,mercedes,2013,450
6,buenos aires,6532,mercedes,2014,431
6,buenos aires,6532,mercedes,2015,399
6,buenos aires,6532,mercedes,2016,286
6,buenos aires,6532,mercedes,2017,167
6,buenos aires,6532,mercedes,2018,174
6,buenos aires,6532,mercedes,2019,425
6,buenos aires,6532,mercedes,2020,544
6,buenos aires,6532,mercedes,2021,646
6,buenos aires,6532,mercedes,2022,733
6,buenos aires,6532,mercedes,2023,977
6,buenos aires,6532,mercedes,2024,1083
6,buenos aires,6539,merlo,2000,3557
6,buenos aires,6539,merlo,2001,3862
6,buenos aires,6539,merlo,2002,6970
6,buenos aires,6539,merlo,2003,6382
6,buenos aires,6539,merlo,2004,4755
6,buenos aires,6539,merlo,2005,3101
6,buenos aires,6539,merlo,2006,2320
6,buenos aires,6539,merlo,2007,1640
6,buenos aires,6539,merlo,2008,4326
6,buenos aires,6539,merlo,2009,1517
6,buenos aires,6539,merlo,2010,3539
6,buenos aires,6539,merlo,2011,3580
6,buenos aires,6539,merlo,2012,3340
6,buenos aires,6539,merlo,2013,3770
6,buenos aires,6539,merlo,2014,4155
6,buenos aires,6539,merlo,2015,4029
6,buenos aires,6539,merlo,2016,3848
6,buenos aires,6539,merlo,2017,3781
6,buenos aires,6539,merlo,2018,4969
6,buenos aires,6539,merlo,2019,8732
6,buenos aires,6539,merlo,2020,6868
6,buenos aires,6539,merlo,2021,5370
6,buenos aires,6539,merlo,2022,5456
6,buenos aires,6539,merlo,2023,6721
6,buenos aires,6539,merlo,2024,8075
6,buenos aires,6547,monte,2000,127
6,buenos aires,6547,monte,2001,131
6,buenos aires,6547,monte,2002,177
6,buenos aires,6547,monte,2003,297
6,buenos aires,6547,monte,2004,237
6,buenos aires,6547,monte,2005,145
6,buenos aires,6547,monte,2006,85
6,buenos aires,6547,monte,2007,78
6,buenos aires,6547,monte,2008,99
6,buenos aires,6547,monte,2009,2082
6,buenos aires,6547,monte,2010,109
6,buenos aires,6547,monte,2011,116
6,buenos aires,6547,monte,2012,113
6,buenos aires,6547,monte,2013,141
6,buenos aires,6547,monte,2014,124
6,buenos aires,6547,monte,2015,123
6,buenos aires,6547,monte,2016,139
6,buenos aires,6547,monte,2017,69
6,buenos aires,6547,monte,2018,60
6,buenos aires,6547,monte,2019,291
6,buenos aires,6547,monte,2020,278
6,buenos aires,6547,monte,2021,255
6,buenos aires,6547,monte,2022,267
6,buenos aires,6547,monte,2023,315
6,buenos aires,6547,monte,2024,409
6,buenos aires,6553,monte hermoso,2000,83
6,buenos aires,6553,monte hermoso,2001,94
6,buenos aires,6553,monte hermoso,2002,99
6,buenos aires,6553,monte hermoso,2003,98
6,buenos aires,6553,monte hermoso,2004,118
6,buenos aires,6553,monte hermoso,2005,77
6,buenos aires,6553,monte hermoso,2006,105
6,buenos aires,6553,monte hermoso,2007,129
6,buenos aires,6553,monte hermoso,2008,169
6,buenos aires,6553,monte hermoso,2009,104
6,buenos aires,6553,monte hermoso,2010,110
6,buenos aires,6553,monte hermoso,2011,136
6,buenos aires,6553,monte hermoso,2012,177
6,buenos aires,6553,monte hermoso,2013,165
6,buenos aires,6553,monte hermoso,2014,133
6,buenos aires,6553,monte hermoso,2015,229
6,buenos aires,6553,monte hermoso,2016,256
6,buenos aires,6553,monte hermoso,2017,191
6,buenos aires,6553,monte hermoso,2018,248
6,buenos aires,6553,monte hermoso,2019,219
6,buenos aires,6553,monte hermoso,2020,273
6,buenos aires,6553,monte hermoso,2021,210
6,buenos aires,6553,monte hermoso,2022,178
6,buenos aires,6553,monte hermoso,2023,254
6,buenos aires,6553,monte hermoso,2024,225
6,buenos aires,6560,moreno,2000,2528
6,buenos aires,6560,moreno,2001,2390
6,buenos aires,6560,moreno,2002,3787
6,buenos aires,6560,moreno,2003,3093
6,buenos aires,6560,moreno,2004,2492
6,buenos aires,6560,moreno,2005,1324
6,buenos aires,6560,moreno,2006,2124
6,buenos aires,6560,moreno,2007,1597
6,buenos aires,6560,moreno,2008,2236
6,buenos aires,6560,moreno,2009,1047
6,buenos aires,6560,moreno,2010,3471
6,buenos aires,6560,moreno,2011,4425
6,buenos aires,6560,moreno,2012,5890
6,buenos aires,6560,moreno,2013,5819
6,buenos aires,6560,moreno,2014,5218
6,buenos aires,6560,moreno,2015,5541
6,buenos aires,6560,moreno,2016,5826
6,buenos aires,6560,moreno,2017,5835
6,buenos aires,6560,moreno,2018,7754
6,buenos aires,6560,moreno,2019,9989
6,buenos aires,6560,moreno,2020,7878
6,buenos aires,6560,moreno,2021,7894
6,buenos aires,6560,moreno,2022,6991
6,buenos aires,6560,moreno,2023,7500
6,buenos aires,6560,moreno,2024,7220
6,buenos aires,6568,morón,2000,6205
6,buenos aires,6568,morón,2001,6361
6,buenos aires,6568,morón,2002,9722
6,buenos aires,6568,morón,2003,8164
6,buenos aires,6568,morón,2004,6311
6,buenos aires,6568,morón,2005,4010
6,buenos aires,6568,morón,2006,3608
6,buenos aires,6568,morón,2007,3569
6,buenos aires,6568,morón,2008,3873
6,buenos aires,6568,morón,2009,3937
6,buenos aires,6568,morón,2010,4296
6,buenos aires,6568,morón,2011,4497
6,buenos aires,6568,morón,2012,5065
6,buenos aires,6568,morón,2013,6296
6,buenos aires,6568,morón,2014,6086
6,buenos aires,6568,morón,2015,5316
6,buenos aires,6568,morón,2016,4972
6,buenos aires,6568,morón,2017,4800
6,buenos aires,6568,morón,2018,6342
6,buenos aires,6568,morón,2019,9237
6,buenos aires,6568,morón,2020,6696
6,buenos aires,6568,morón,2021,7133
6,buenos aires,6568,morón,2022,7582
6,buenos aires,6568,morón,2023,9032
6,buenos aires,6568,morón,2024,9796
6,buenos aires,6574,navarro,2000,98
6,buenos aires,6574,navarro,2001,99
6,buenos aires,6574,navarro,2002,163
6,buenos aires,6574,navarro,2003,116
6,buenos aires,6574,navarro,2004,134
6,buenos aires,6574,navarro,2005,62
6,buenos aires,6574,navarro,2006,88
6,buenos aires,6574,navarro,2007,66
6,buenos aires,6574,navarro,2008,77
6,buenos aires,6574,navarro,2009,1595
6,buenos aires,6574,navarro,2010,110
6,buenos aires,6574,navarro,2011,60
6,buenos aires,6574,navarro,2012,66
6,buenos aires,6574,navarro,2013,77
6,buenos aires,6574,navarro,2014,63
6,buenos aires,6574,navarro,2015,47
6,buenos aires,6574,navarro,2016,61
6,buenos aires,6574,navarro,2017,59
6,buenos aires,6574,navarro,2018,71
6,buenos aires,6574,navarro,2019,235
6,buenos aires,6574,navarro,2020,233
6,buenos aires,6574,navarro,2021,228
6,buenos aires,6574,navarro,2022,203
6,buenos aires,6574,navarro,2023,303
6,buenos aires,6574,navarro,2024,342
6,buenos aires,6581,necochea,2000,1666
6,buenos aires,6581,necochea,2001,1395
6,buenos aires,6581,necochea,2002,1518
6,buenos aires,6581,necochea,2003,1459
6,buenos aires,6581,necochea,2004,1395
6,buenos aires,6581,necochea,2005,901
6,buenos aires,6581,necochea,2006,872
6,buenos aires,6581,necochea,2007,1203
6,buenos aires,6581,necochea,2008,1397
6,buenos aires,6581,necochea,2009,338
6,buenos aires,6581,necochea,2010,1594
6,buenos aires,6581,necochea,2011,1998
6,buenos aires,6581,necochea,2012,1862
6,buenos aires,6581,necochea,2013,1581
6,buenos aires,6581,necochea,2014,2011
6,buenos aires,6581,necochea,2015,1884
6,buenos aires,6581,necochea,2016,1702
6,buenos aires,6581,necochea,2017,1561
6,buenos aires,6581,necochea,2018,1554
6,buenos aires,6581,necochea,2019,2042
6,buenos aires,6581,necochea,2020,1899
6,buenos aires,6581,necochea,2021,1904
6,buenos aires,6581,necochea,2022,2006
6,buenos aires,6581,necochea,2023,2167
6,buenos aires,6581,necochea,2024,1888
6,buenos aires,6588,9 de julio,2000,261
6,buenos aires,6588,9 de julio,2001,291
6,buenos aires,6588,9 de julio,2002,460
6,buenos aires,6588,9 de julio,2003,420
6,buenos aires,6588,9 de julio,2004,278
6,buenos aires,6588,9 de julio,2005,177
6,buenos aires,6588,9 de julio,2006,109
6,buenos aires,6588,9 de julio,2007,168
6,buenos aires,6588,9 de julio,2008,283
6,buenos aires,6588,9 de julio,2009,1108
6,buenos aires,6588,9 de julio,2010,279
6,buenos aires,6588,9 de julio,2011,269
6,buenos aires,6588,9 de julio,2012,311
6,buenos aires,6588,9 de julio,2013,319
6,buenos aires,6588,9 de julio,2014,297
6,buenos aires,6588,9 de julio,2015,248
6,buenos aires,6588,9 de julio,2016,411
6,buenos aires,6588,9 de julio,2017,378
6,buenos aires,6588,9 de julio,2018,485
6,buenos aires,6588,9 de julio,2019,428
6,buenos aires,6588,9 de julio,2020,388
6,buenos aires,6588,9 de julio,2021,256
6,buenos aires,6588,9 de julio,2022,347
6,buenos aires,6588,9 de julio,2023,472
6,buenos aires,6588,9 de julio,2024,538
6,buenos aires,6595,olavarría,2000,844
6,buenos aires,6595,olavarría,2001,831
6,buenos aires,6595,olavarría,2002,1523
6,buenos aires,6595,olavarría,2003,1757
6,buenos aires,6595,olavarría,2004,638
6,buenos aires,6595,olavarría,2005,473
6,buenos aires,6595,olavarría,2006,647
6,buenos aires,6595,olavarría,2007,724
6,buenos aires,6595,olavarría,2008,1015
6,buenos aires,6595,olavarría,2009,939
6,buenos aires,6595,olavarría,2010,947
6,buenos aires,6595,olavarría,2011,853
6,buenos aires,6595,olavarría,2012,806
6,buenos aires,6595,olavarría,2013,751
6,buenos aires,6595,olavarría,2014,670
6,buenos aires,6595,olavarría,2015,603
6,buenos aires,6595,olavarría,2016,634
6,buenos aires,6595,olavarría,2017,517
6,buenos aires,6595,olavarría,2018,529
6,buenos aires,6595,olavarría,2019,587
6,buenos aires,6595,olavarría,2020,1010
6,buenos aires,6595,olavarría,2021,1212
6,buenos aires,6595,olavarría,2022,1430
6,buenos aires,6595,olavarría,2023,1889
6,buenos aires,6595,olavarría,2024,1866
6,buenos aires,6602,patagones,2000,130
6,buenos aires,6602,patagones,2001,89
6,buenos aires,6602,patagones,2002,137
6,buenos aires,6602,patagones,2003,188
6,buenos aires,6602,patagones,2004,176
6,buenos aires,6602,patagones,2005,169
6,buenos aires,6602,patagones,2006,191
6,buenos aires,6602,patagones,2007,129
6,buenos aires,6602,patagones,2008,168
6,buenos aires,6602,patagones,2009,179
6,buenos aires,6602,patagones,2010,265
6,buenos aires,6602,patagones,2011,273
6,buenos aires,6602,patagones,2012,491
6,buenos aires,6602,patagones,2013,397
6,buenos aires,6602,patagones,2014,442
6,buenos aires,6602,patagones,2015,354
6,buenos aires,6602,patagones,2016,341
6,buenos aires,6602,patagones,2017,268
6,buenos aires,6602,patagones,2018,335
6,buenos aires,6602,patagones,2019,358
6,buenos aires,6602,patagones,2020,405
6,buenos aires,6602,patagones,2021,533
6,buenos aires,6602,patagones,2022,496
6,buenos aires,6602,patagones,2023,640
6,buenos aires,6602,patagones,2024,596
6,buenos aires,6609,pehuajó,2000,457
6,buenos aires,6609,pehuajó,2001,606
6,buenos aires,6609,pehuajó,2002,500
6,buenos aires,6609,pehuajó,2003,615
6,buenos aires,6609,pehuajó,2004,588
6,buenos aires,6609,pehuajó,2005,274
6,buenos aires,6609,pehuajó,2006,250
6,buenos aires,6609,pehuajó,2007,410
6,buenos aires,6609,pehuajó,2008,663
6,buenos aires,6609,pehuajó,2009,621
6,buenos aires,6609,pehuajó,2010,559
6,buenos aires,6609,pehuajó,2011,426
6,buenos aires,6609,pehuajó,2012,478
6,buenos aires,6609,pehuajó,2013,385
6,buenos aires,6609,pehuajó,2014,380
6,buenos aires,6609,pehuajó,2015,317
6,buenos aires,6609,pehuajó,2016,279
6,buenos aires,6609,pehuajó,2017,282
6,buenos aires,6609,pehuajó,2018,491
6,buenos aires,6609,pehuajó,2019,536
6,buenos aires,6609,pehuajó,2020,542
6,buenos aires,6609,pehuajó,2021,595
6,buenos aires,6609,pehuajó,2022,550
6,buenos aires,6609,pehuajó,2023,557
6,buenos aires,6609,pehuajó,2024,600
6,buenos aires,6616,pellegrini,2000,58
6,buenos aires,6616,pellegrini,2001,80
6,buenos aires,6616,pellegrini,2002,124
6,buenos aires,6616,pellegrini,2003,101
6,buenos aires,6616,pellegrini,2004,100
6,buenos aires,6616,pellegrini,2005,46
6,buenos aires,6616,pellegrini,2006,47
6,buenos aires,6616,pellegrini,2007,33
6,buenos aires,6616,pellegrini,2008,54
6,buenos aires,6616,pellegrini,2009,47
6,buenos aires,6616,pellegrini,2010,47
6,buenos aires,6616,pellegrini,2011,41
6,buenos aires,6616,pellegrini,2012,46
6,buenos aires,6616,pellegrini,2013,23
6,buenos aires,6616,pellegrini,2014,31
6,buenos aires,6616,pellegrini,2015,24
6,buenos aires,6616,pellegrini,2016,51
6,buenos aires,6616,pellegrini,2017,54
6,buenos aires,6616,pellegrini,2018,40
6,buenos aires,6616,pellegrini,2019,81
6,buenos aires,6616,pellegrini,2020,34
6,buenos aires,6616,pellegrini,2021,49
6,buenos aires,6616,pellegrini,2022,30
6,buenos aires,6616,pellegrini,2023,51
6,buenos aires,6616,pellegrini,2024,53
6,buenos aires,6623,pergamino,2000,1900
6,buenos aires,6623,pergamino,2001,1477
6,buenos aires,6623,pergamino,2002,2116
6,buenos aires,6623,pergamino,2003,1615
6,buenos aires,6623,pergamino,2004,1473
6,buenos aires,6623,pergamino,2005,1281
6,buenos aires,6623,pergamino,2006,1124
6,buenos aires,6623,pergamino,2007,1344
6,buenos aires,6623,pergamino,2008,2184
6,buenos aires,6623,pergamino,2009,2176
6,buenos aires,6623,pergamino,2010,1995
6,buenos aires,6623,pergamino,2011,2262
6,buenos aires,6623,pergamino,2012,2500
6,buenos aires,6623,pergamino,2013,2582
6,buenos aires,6623,pergamino,2014,3029
6,buenos aires,6623,pergamino,2015,3140
6,buenos aires,6623,pergamino,2016,3643
6,buenos aires,6623,pergamino,2017,2931
6,buenos aires,6623,pergamino,2018,2664
6,buenos aires,6623,pergamino,2019,2234
6,buenos aires,6623,pergamino,2020,1825
6,buenos aires,6623,pergamino,2021,1650
6,buenos aires,6623,pergamino,2022,1612
6,buenos aires,6623,pergamino,2023,2167
6,buenos aires,6623,pergamino,2024,2282
6,buenos aires,6630,pila,2000,35
6,buenos aires,6630,pila,2001,33
6,buenos aires,6630,pila,2002,39
6,buenos aires,6630,pila,2003,42
6,buenos aires,6630,pila,2004,30
6,buenos aires,6630,pila,2005,29
6,buenos aires,6630,pila,2006,28
6,buenos aires,6630,pila,2007,32
6,buenos aires,6630,pila,2008,44
6,buenos aires,6630,pila,2009,61
6,buenos aires,6630,pila,2010,49
6,buenos aires,6630,pila,2011,36
6,buenos aires,6630,pila,2012,43
6,buenos aires,6630,pila,2013,34
6,buenos aires,6630,pila,2014,33
6,buenos aires,6630,pila,2015,39
6,buenos aires,6630,pila,2016,23
6,buenos aires,6630,pila,2017,18
6,buenos aires,6630,pila,2018,16
6,buenos aires,6630,pila,2019,20
6,buenos aires,6630,pila,2020,23
6,buenos aires,6630,pila,2021,24
6,buenos aires,6630,pila,2022,14
6,buenos aires,6630,pila,2023,10
6,buenos aires,6630,pila,2024,24
6,buenos aires,6638,pilar,2000,2634
6,buenos aires,6638,pilar,2001,2178
6,buenos aires,6638,pilar,2002,2691
6,buenos aires,6638,pilar,2003,3622
6,buenos aires,6638,pilar,2004,3227
6,buenos aires,6638,pilar,2005,1881
6,buenos aires,6638,pilar,2006,1738
6,buenos aires,6638,pilar,2007,2190
6,buenos aires,6638,pilar,2008,3544
6,buenos aires,6638,pilar,2009,3474
6,buenos aires,6638,pilar,2010,3773
6,buenos aires,6638,pilar,2011,3434
6,buenos aires,6638,pilar,2012,3497
6,buenos aires,6638,pilar,2013,3630
6,buenos aires,6638,pilar,2014,3409
6,buenos aires,6638,pilar,2015,3803
6,buenos aires,6638,pilar,2016,4777
6,buenos aires,6638,pilar,2017,4535
6,buenos aires,6638,pilar,2018,5029
6,buenos aires,6638,pilar,2019,8673
6,buenos aires,6638,pilar,2020,6622
6,buenos aires,6638,pilar,2021,6190
6,buenos aires,6638,pilar,2022,5438
6,buenos aires,6638,pilar,2023,5163
6,buenos aires,6638,pilar,2024,4194
6,buenos aires,6644,pinamar,2000,898
6,buenos aires,6644,pinamar,2001,734
6,buenos aires,6644,pinamar,2002,897
6,buenos aires,6644,pinamar,2003,972
6,buenos aires,6644,pinamar,2004,817
6,buenos aires,6644,pinamar,2005,633
6,buenos aires,6644,pinamar,2006,766
6,buenos aires,6644,pinamar,2007,775
6,buenos aires,6644,pinamar,2008,806
6,buenos aires,6644,pinamar,2009,731
6,buenos aires,6644,pinamar,2010,507
6,buenos aires,6644,pinamar,2011,484
6,buenos aires,6644,pinamar,2012,646
6,buenos aires,6644,pinamar,2013,1015
6,buenos aires,6644,pinamar,2014,742
6,buenos aires,6644,pinamar,2015,601
6,buenos aires,6644,pinamar,2016,698
6,buenos aires,6644,pinamar,2017,516
6,buenos aires,6644,pinamar,2018,627
6,buenos aires,6644,pinamar,2019,1058
6,buenos aires,6644,pinamar,2020,1031
6,buenos aires,6644,pinamar,2021,1118
6,buenos aires,6644,pinamar,2022,864
6,buenos aires,6644,pinamar,2023,1038
6,buenos aires,6644,pinamar,2024,1360
6,buenos aires,6648,presidente perón,2000,550
6,buenos aires,6648,presidente perón,2001,409
6,buenos aires,6648,presidente perón,2002,483
6,buenos aires,6648,presidente perón,2003,537
6,buenos aires,6648,presidente perón,2004,613
6,buenos aires,6648,presidente perón,2005,448
6,buenos aires,6648,presidente perón,2006,427
6,buenos aires,6648,presidente perón,2007,403
6,buenos aires,6648,presidente perón,2008,718
6,buenos aires,6648,presidente perón,2009,573
6,buenos aires,6648,presidente perón,2010,562
6,buenos aires,6648,presidente perón,2011,570
6,buenos aires,6648,presidente perón,2012,574
6,buenos aires,6648,presidente perón,2013,473
6,buenos aires,6648,presidente perón,2014,613
6,buenos aires,6648,presidente perón,2015,634
6,buenos aires,6648,presidente perón,2016,556
6,buenos aires,6648,presidente perón,2017,453
6,buenos aires,6648,presidente perón,2018,445
6,buenos aires,6648,presidente perón,2019,850
6,buenos aires,6648,presidente perón,2020,998
6,buenos aires,6648,presidente perón,2021,957
6,buenos aires,6648,presidente perón,2022,756
6,buenos aires,6648,presidente perón,2023,1295
6,buenos aires,6648,presidente perón,2024,1093
6,buenos aires,6651,puán,2000,109
6,buenos aires,6651,puán,2001,88
6,buenos aires,6651,puán,2002,155
6,buenos aires,6651,puán,2003,134
6,buenos aires,6651,puán,2004,100
6,buenos aires,6651,puán,2005,50
6,buenos aires,6651,puán,2006,57
6,buenos aires,6651,puán,2007,71
6,buenos aires,6651,puán,2008,123
6,buenos aires,6651,puán,2009,103
6,buenos aires,6651,puán,2010,118
6,buenos aires,6651,puán,2011,99
6,buenos aires,6651,puán,2012,154
6,buenos aires,6651,puán,2013,110
6,buenos aires,6651,puán,2014,125
6,buenos aires,6651,puán,2015,106
6,buenos aires,6651,puán,2016,68
6,buenos aires,6651,puán,2017,110
6,buenos aires,6651,puán,2018,111
6,buenos aires,6651,puán,2019,139
6,buenos aires,6651,puán,2020,101
6,buenos aires,6651,puán,2021,171
6,buenos aires,6651,puán,2022,143
6,buenos aires,6651,puán,2023,157
6,buenos aires,6651,puán,2024,163
6,buenos aires,6655,punta indio,2000,90
6,buenos aires,6655,punta indio,2001,79
6,buenos aires,6655,punta indio,2002,199
6,buenos aires,6655,punta indio,2003,180
6,buenos aires,6655,punta indio,2004,123
6,buenos aires,6655,punta indio,2005,77
6,buenos aires,6655,punta indio,2006,150
6,buenos aires,6655,punta indio,2007,165
6,buenos aires,6655,punta indio,2008,213
6,buenos aires,6655,punta indio,2009,178
6,buenos aires,6655,punta indio,2010,193
6,buenos aires,6655,punta indio,2011,146
6,buenos aires,6655,punta indio,2012,117
6,buenos aires,6655,punta indio,2013,113
6,buenos aires,6655,punta indio,2014,84
6,buenos aires,6655,punta indio,2015,55
6,buenos aires,6655,punta indio,2016,68
6,buenos aires,6655,punta indio,2017,72
6,buenos aires,6655,punta indio,2018,66
6,buenos aires,6655,punta indio,2019,71
6,buenos aires,6655,punta indio,2020,85
6,buenos aires,6655,punta indio,2021,119
6,buenos aires,6655,punta indio,2022,97
6,buenos aires,6655,punta indio,2023,169
6,buenos aires,6655,punta indio,2024,106
6,buenos aires,6658,quilmes,2000,6791
6,buenos aires,6658,quilmes,2001,8413
6,buenos aires,6658,quilmes,2002,11494
6,buenos aires,6658,quilmes,2003,10458
6,buenos aires,6658,quilmes,2004,8147
6,buenos aires,6658,quilmes,2005,5041
6,buenos aires,6658,quilmes,2006,4568
6,buenos aires,6658,quilmes,2007,6019
6,buenos aires,6658,quilmes,2008,6774
6,buenos aires,6658,quilmes,2009,2483
6,buenos aires,6658,quilmes,2010,6461
6,buenos aires,6658,quilmes,2011,7267
6,buenos aires,6658,quilmes,2012,8697
6,buenos aires,6658,quilmes,2013,7575
6,buenos aires,6658,quilmes,2014,8312
6,buenos aires,6658,quilmes,2015,7534
6,buenos aires,6658,quilmes,2016,6796
6,buenos aires,6658,quilmes,2017,7336
6,buenos aires,6658,quilmes,2018,7892
6,buenos aires,6658,quilmes,2019,8917
6,buenos aires,6658,quilmes,2020,8804
6,buenos aires,6658,quilmes,2021,9773
6,buenos aires,6658,quilmes,2022,9971
6,buenos aires,6665,ramallo,2000,208
6,buenos aires,6665,ramallo,2001,481
6,buenos aires,6665,ramallo,2002,651
6,buenos aires,6665,ramallo,2003,471
6,buenos aires,6665,ramallo,2004,358
6,buenos aires,6665,ramallo,2005,301
6,buenos aires,6665,ramallo,2006,200
6,buenos aires,6665,ramallo,2007,210
6,buenos aires,6665,ramallo,2008,382
6,buenos aires,6665,ramallo,2009,4149
6,buenos aires,6665,ramallo,2010,385
6,buenos aires,6665,ramallo,2011,437
6,buenos aires,6665,ramallo,2012,332
6,buenos aires,6665,ramallo,2013,306
6,buenos aires,6665,ramallo,2014,314
6,buenos aires,6665,ramallo,2015,310
6,buenos aires,6665,ramallo,2016,262
6,buenos aires,6665,ramallo,2017,236
6,buenos aires,6665,ramallo,2018,218
6,buenos aires,6665,ramallo,2019,311
6,buenos aires,6665,ramallo,2020,313
6,buenos aires,6665,ramallo,2021,318
6,buenos aires,6665,ramallo,2022,476
6,buenos aires,6665,ramallo,2023,567
6,buenos aires,6665,ramallo,2024,634
6,buenos aires,6672,rauch,2000,172
6,buenos aires,6672,rauch,2001,126
6,buenos aires,6672,rauch,2002,142
6,buenos aires,6672,rauch,2003,166
6,buenos aires,6672,rauch,2004,90
6,buenos aires,6672,rauch,2005,101
6,buenos aires,6672,rauch,2006,84
6,buenos aires,6672,rauch,2007,90
6,buenos aires,6672,rauch,2008,79
6,buenos aires,6672,rauch,2009,279
6,buenos aires,6672,rauch,2010,109
6,buenos aires,6672,rauch,2011,162
6,buenos aires,6672,rauch,2012,78
6,buenos aires,6672,rauch,2013,102
6,buenos aires,6672,rauch,2014,110
6,buenos aires,6672,rauch,2015,41
6,buenos aires,6672,rauch,2016,27
6,buenos aires,6672,rauch,2017,45
6,buenos aires,6672,rauch,2018,42
6,buenos aires,6672,rauch,2019,139
6,buenos aires,6672,rauch,2020,132
6,buenos aires,6672,rauch,2021,63
6,buenos aires,6672,rauch,2022,29
6,buenos aires,6672,rauch,2023,142
6,buenos aires,6672,rauch,2024,173
6,buenos aires,6679,rivadavia,2000,148
6,buenos aires,6679,rivadavia,2001,116
6,buenos aires,6679,rivadavia,2002,165
6,buenos aires,6679,rivadavia,2003,178
6,buenos aires,6679,rivadavia,2004,164
6,buenos aires,6679,rivadavia,2005,80
6,buenos aires,6679,rivadavia,2006,73
6,buenos aires,6679,rivadavia,2007,68
6,buenos aires,6679,rivadavia,2008,79
6,buenos aires,6679,rivadavia,2009,68
6,buenos aires,6679,rivadavia,2010,134
6,buenos aires,6679,rivadavia,2011,117
6,buenos aires,6679,rivadavia,2012,158
6,buenos aires,6679,rivadavia,2013,136
6,buenos aires,6679,rivadavia,2014,164
6,buenos aires,6679,rivadavia,2015,133
6,buenos aires,6679,rivadavia,2016,99
6,buenos aires,6679,rivadavia,2017,85
6,buenos aires,6679,rivadavia,2018,156
6,buenos aires,6679,rivadavia,2019,228
6,buenos aires,6679,rivadavia,2020,152
6,buenos aires,6679,rivadavia,2021,153
6,buenos aires,6679,rivadavia,2022,171
6,buenos aires,6679,rivadavia,2023,245
6,buenos aires,6679,rivadavia,2024,212
6,buenos aires,6686,rojas,2000,229
6,buenos aires,6686,rojas,2001,261
6,buenos aires,6686,rojas,2002,390
6,buenos aires,6686,rojas,2003,211
6,buenos aires,6686,rojas,2004,223
6,buenos aires,6686,rojas,2005,116
6,buenos aires,6686,rojas,2006,201
6,buenos aires,6686,rojas,2007,191
6,buenos aires,6686,rojas,2008,247
6,buenos aires,6686,rojas,2009,172
6,buenos aires,6686,rojas,2010,299
6,buenos aires,6686,rojas,2011,265
6,buenos aires,6686,rojas,2012,279
6,buenos aires,6686,rojas,2013,309
6,buenos aires,6686,rojas,2014,353
6,buenos aires,6686,rojas,2015,317
6,buenos aires,6686,rojas,2016,261
6,buenos aires,6686,rojas,2017,250
6,buenos aires,6686,rojas,2018,206
6,buenos aires,6686,rojas,2019,294
6,buenos aires,6686,rojas,2020,214
6,buenos aires,6686,rojas,2021,266
6,buenos aires,6686,rojas,2022,180
6,buenos aires,6686,rojas,2023,218
6,buenos aires,6686,rojas,2024,341
6,buenos aires,6693,roque pérez,2000,79
6,buenos aires,6693,roque pérez,2001,57
6,buenos aires,6693,roque pérez,2002,123
6,buenos aires,6693,roque pérez,2003,85
6,buenos aires,6693,roque pérez,2004,86
6,buenos aires,6693,roque pérez,2005,38
6,buenos aires,6693,roque pérez,2006,28
6,buenos aires,6693,roque pérez,2007,29
6,buenos aires,6693,roque pérez,2008,21
6,buenos aires,6693,roque pérez,2009,205
6,buenos aires,6693,roque pérez,2010,56
6,buenos aires,6693,roque pérez,2011,55
6,buenos aires,6693,roque pérez,2012,43
6,buenos aires,6693,roque pérez,2013,66
6,buenos aires,6693,roque pérez,2014,64
6,buenos aires,6693,roque pérez,2015,63
6,buenos aires,6693,roque pérez,2016,65
6,buenos aires,6693,roque pérez,2017,55
6,buenos aires,6693,roque pérez,2018,75
6,buenos aires,6693,roque pérez,2019,88
6,buenos aires,6693,roque pérez,2020,87
6,buenos aires,6693,roque pérez,2021,72
6,buenos aires,6693,roque pérez,2022,68
6,buenos aires,6693,roque pérez,2023,126
6,buenos aires,6693,roque pérez,2024,102
6,buenos aires,6700,saavedra,2000,156
6,buenos aires,6700,saavedra,2001,120
6,buenos aires,6700,saavedra,2002,167
6,buenos aires,6700,saavedra,2003,123
6,buenos aires,6700,saavedra,2004,85
6,buenos aires,6700,saavedra,2005,28
6,buenos aires,6700,saavedra,2006,89
6,buenos aires,6700,saavedra,2007,141
6,buenos aires,6700,saavedra,2008,154
6,buenos aires,6700,saavedra,2009,82
6,buenos aires,6700,saavedra,2010,190
6,buenos aires,6700,saavedra,2011,162
6,buenos aires,6700,saavedra,2012,100
6,buenos aires,6700,saavedra,2013,97
6,buenos aires,6700,saavedra,2014,78
6,buenos aires,6700,saavedra,2015,86
6,buenos aires,6700,saavedra,2016,79
6,buenos aires,6700,saavedra,2017,94
6,buenos aires,6700,saavedra,2018,106
6,buenos aires,6700,saavedra,2019,125
6,buenos aires,6700,saavedra,2020,150
6,buenos aires,6700,saavedra,2021,204
6,buenos aires,6700,saavedra,2022,197
6,buenos aires,6700,saavedra,2023,218
6,buenos aires,6700,saavedra,2024,184
6,buenos aires,6707,saladillo,2000,165
6,buenos aires,6707,saladillo,2001,261
6,buenos aires,6707,saladillo,2002,347
6,buenos aires,6707,saladillo,2003,210
6,buenos aires,6707,saladillo,2004,311
6,buenos aires,6707,saladillo,2005,216
6,buenos aires,6707,saladillo,2006,172
6,buenos aires,6707,saladillo,2007,92
6,buenos aires,6707,saladillo,2008,103
6,buenos aires,6707,saladillo,2009,139
6,buenos aires,6707,saladillo,2010,124
6,buenos aires,6707,saladillo,2011,96
6,buenos aires,6707,saladillo,2012,84
6,buenos aires,6707,saladillo,2013,74
6,buenos aires,6707,saladillo,2014,96
6,buenos aires,6707,saladillo,2015,68
6,buenos aires,6707,saladillo,2016,78
6,buenos aires,6707,saladillo,2017,68
6,buenos aires,6707,saladillo,2018,149
6,buenos aires,6707,saladillo,2019,268
6,buenos aires,6707,saladillo,2020,171
6,buenos aires,6707,saladillo,2021,239
6,buenos aires,6707,saladillo,2022,306
6,buenos aires,6707,saladillo,2023,342
6,buenos aires,6707,saladillo,2024,303
6,buenos aires,6714,salto,2000,112
6,buenos aires,6714,salto,2001,175
6,buenos aires,6714,salto,2002,253
6,buenos aires,6714,salto,2003,159
6,buenos aires,6714,salto,2004,264
6,buenos aires,6714,salto,2005,154
6,buenos aires,6714,salto,2006,209
6,buenos aires,6714,salto,2007,170
6,buenos aires,6714,salto,2008,91
6,buenos aires,6714,salto,2009,112
6,buenos aires,6714,salto,2010,197
6,buenos aires,6714,salto,2011,343
6,buenos aires,6714,salto,2012,387
6,buenos aires,6714,salto,2013,422
6,buenos aires,6714,salto,2014,406
6,buenos aires,6714,salto,2015,348
6,buenos aires,6714,salto,2016,250
6,buenos aires,6714,salto,2017,191
6,buenos aires,6714,salto,2018,295
6,buenos aires,6714,salto,2019,247
6,buenos aires,6714,salto,2020,221
6,buenos aires,6714,salto,2021,167
6,buenos aires,6714,salto,2022,217
6,buenos aires,6714,salto,2023,256
6,buenos aires,6714,salto,2024,302
6,buenos aires,6721,salliqueló,2000,55
6,buenos aires,6721,salliqueló,2001,55
6,buenos aires,6721,salliqueló,2002,37
6,buenos aires,6721,salliqueló,2003,77
6,buenos aires,6721,salliqueló,2004,71
6,buenos aires,6721,salliqueló,2005,66
6,buenos aires,6721,salliqueló,2006,74
6,buenos aires,6721,salliqueló,2007,47
6,buenos aires,6721,salliqueló,2008,63
6,buenos aires,6721,salliqueló,2009,44
6,buenos aires,6721,salliqueló,2010,39
6,buenos aires,6721,salliqueló,2011,61
6,buenos aires,6721,salliqueló,2012,46
6,buenos aires,6721,salliqueló,2013,36
6,buenos aires,6721,salliqueló,2014,32
6,buenos aires,6721,salliqueló,2015,39
6,buenos aires,6721,salliqueló,2016,21
6,buenos aires,6721,salliqueló,2017,13
6,buenos aires,6721,salliqueló,2018,20
6,buenos aires,6721,salliqueló,2019,46
6,buenos aires,6721,salliqueló,2020,41
6,buenos aires,6721,salliqueló,2021,50
6,buenos aires,6721,salliqueló,2022,39
6,buenos aires,6721,salliqueló,2023,53
6,buenos aires,6721,salliqueló,2024,64
6,buenos aires,6728,san andrés de giles,2000,176
6,buenos aires,6728,san andrés de giles,2001,163
6,buenos aires,6728,san andrés de giles,2002,243
6,buenos aires,6728,san andrés de giles,2003,82
6,buenos aires,6728,san andrés de giles,2004,155
6,buenos aires,6728,san andrés de giles,2005,91
6,buenos aires,6728,san andrés de giles,2006,67
6,buenos aires,6728,san andrés de giles,2007,53
6,buenos aires,6728,san andrés de giles,2008,93
6,buenos aires,6728,san andrés de giles,2009,208
6,buenos aires,6728,san andrés de giles,2010,110
6,buenos aires,6728,san andrés de giles,2011,76
6,buenos aires,6728,san andrés de giles,2012,111
6,buenos aires,6728,san andrés de giles,2013,95
6,buenos aires,6728,san andrés de giles,2014,65
6,buenos aires,6728,san andrés de giles,2015,60
6,buenos aires,6728,san andrés de giles,2016,67
6,buenos aires,6728,san andrés de giles,2017,27
6,buenos aires,6728,san andrés de giles,2018,34
6,buenos aires,6728,san andrés de giles,2019,89
6,buenos aires,6728,san andrés de giles,2020,41
6,buenos aires,6728,san andrés de giles,2021,65
6,buenos aires,6728,san andrés de giles,2022,109
6,buenos aires,6728,san andrés de giles,2023,151
6,buenos aires,6728,san andrés de giles,2024,171
6,buenos aires,6735,san antonio de areco,2000,167
6,buenos aires,6735,san antonio de areco,2001,202
6,buenos aires,6735,san antonio de areco,2002,260
6,buenos aires,6735,san antonio de areco,2003,83
6,buenos aires,6735,san antonio de areco,2004,206
6,buenos aires,6735,san antonio de areco,2005,181
6,buenos aires,6735,san antonio de areco,2006,181
6,buenos aires,6735,san antonio de areco,2007,167
6,buenos aires,6735,san antonio de areco,2008,186
6,buenos aires,6735,san antonio de areco,2009,154
6,buenos aires,6735,san antonio de areco,2010,112
6,buenos aires,6735,san antonio de areco,2011,87
6,buenos aires,6735,san antonio de areco,2012,135
6,buenos aires,6735,san antonio de areco,2013,152
6,buenos aires,6735,san antonio de areco,2014,221
6,buenos aires,6735,san antonio de areco,2015,164
6,buenos aires,6735,san antonio de areco,2016,181
6,buenos aires,6735,san antonio de areco,2017,92
6,buenos aires,6735,san antonio de areco,2018,79
6,buenos aires,6735,san antonio de areco,2019,300
6,buenos aires,6735,san antonio de areco,2020,142
6,buenos aires,6735,san antonio de areco,2021,135
6,buenos aires,6735,san antonio de areco,2022,146
6,buenos aires,6735,san antonio de areco,2023,268
6,buenos aires,6735,san antonio de areco,2024,318
6,buenos aires,6742,san cayetano,2000,77
6,buenos aires,6742,san cayetano,2001,42
6,buenos aires,6742,san cayetano,2002,61
6,buenos aires,6742,san cayetano,2003,128
6,buenos aires,6742,san cayetano,2004,105
6,buenos aires,6742,san cayetano,2005,39
6,buenos aires,6742,san cayetano,2006,44
6,buenos aires,6742,san cayetano,2007,41
6,buenos aires,6742,san cayetano,2008,47
6,buenos aires,6742,san cayetano,2009,119
6,buenos aires,6742,san cayetano,2010,86
6,buenos aires,6742,san cayetano,2011,100
6,buenos aires,6742,san cayetano,2012,79
6,buenos aires,6742,san cayetano,2013,63
6,buenos aires,6742,san cayetano,2014,85
6,buenos aires,6742,san cayetano,2015,85
6,buenos aires,6742,san cayetano,2016,51
6,buenos aires,6742,san cayetano,2017,78
6,buenos aires,6742,san cayetano,2018,75
6,buenos aires,6742,san cayetano,2019,48
6,buenos aires,6742,san cayetano,2020,36
6,buenos aires,6742,san cayetano,2021,53
6,buenos aires,6742,san cayetano,2022,75
6,buenos aires,6742,san cayetano,2023,74
6,buenos aires,6742,san cayetano,2024,78
6,buenos aires,6749,san fernando,2000,1688
6,buenos aires,6749,san fernando,2001,1638
6,buenos aires,6749,san fernando,2002,1506
6,buenos aires,6749,san fernando,2003,841
6,buenos aires,6749,san fernando,2004,1218
6,buenos aires,6749,san fernando,2005,1051
6,buenos aires,6749,san fernando,2006,963
6,buenos aires,6749,san fernando,2007,907
6,buenos aires,6749,san fernando,2008,1568
6,buenos aires,6749,san fernando,2009,552
6,buenos aires,6749,san fernando,2010,2090
6,buenos aires,6749,san fernando,2011,1963
6,buenos aires,6749,san fernando,2012,1835
6,buenos aires,6749,san fernando,2013,1705
6,buenos aires,6749,san fernando,2014,1625
6,buenos aires,6749,san fernando,2015,1392
6,buenos aires,6749,san fernando,2016,1232
6,buenos aires,6749,san fernando,2017,1450
6,buenos aires,6749,san fernando,2018,1702
6,buenos aires,6749,san fernando,2019,2475
6,buenos aires,6749,san fernando,2020,1248
6,buenos aires,6749,san fernando,2021,1637
6,buenos aires,6749,san fernando,2022,1580
6,buenos aires,6749,san fernando,2023,1469
6,buenos aires,6749,san fernando,2024,1673
6,buenos aires,6756,san isidro,2000,7884
6,buenos aires,6756,san isidro,2001,6384
6,buenos aires,6756,san isidro,2002,7206
6,buenos aires,6756,san isidro,2003,6647
6,buenos aires,6756,san isidro,2004,6384
6,buenos aires,6756,san isidro,2005,3551
6,buenos aires,6756,san isidro,2006,2750
6,buenos aires,6756,san isidro,2007,2167
6,buenos aires,6756,san isidro,2008,3281
6,buenos aires,6756,san isidro,2009,2461
6,buenos aires,6756,san isidro,2010,4438
6,buenos aires,6756,san isidro,2011,4433
6,buenos aires,6756,san isidro,2012,3314
6,buenos aires,6756,san isidro,2013,3055
6,buenos aires,6756,san isidro,2014,3155
6,buenos aires,6756,san isidro,2015,3391
6,buenos aires,6756,san isidro,2016,3734
6,buenos aires,6756,san isidro,2017,4492
6,buenos aires,6756,san isidro,2018,4360
6,buenos aires,6756,san isidro,2019,5842
6,buenos aires,6756,san isidro,2020,3432
6,buenos aires,6756,san isidro,2021,4674
6,buenos aires,6756,san isidro,2022,5179
6,buenos aires,6756,san isidro,2023,5430
6,buenos aires,6756,san isidro,2024,5131
6,buenos aires,6760,san miguel,2000,3900
6,buenos aires,6760,san miguel,2001,4685
6,buenos aires,6760,san miguel,2002,4606
6,buenos aires,6760,san miguel,2003,3958
6,buenos aires,6760,san miguel,2004,2903
6,buenos aires,6760,san miguel,2005,2129
6,buenos aires,6760,san miguel,2006,2145
6,buenos aires,6760,san miguel,2007,2050
6,buenos aires,6760,san miguel,2008,3294
6,buenos aires,6760,san miguel,2009,3423
6,buenos aires,6760,san miguel,2010,2653
6,buenos aires,6760,san miguel,2011,3427
6,buenos aires,6760,san miguel,2012,4164
6,buenos aires,6760,san miguel,2013,3374
6,buenos aires,6760,san miguel,2014,2895
6,buenos aires,6760,san miguel,2015,2366
6,buenos aires,6760,san miguel,2016,2350
6,buenos aires,6760,san miguel,2017,2698
6,buenos aires,6760,san miguel,2018,2749
6,buenos aires,6760,san miguel,2019,4115
6,buenos aires,6760,san miguel,2020,3067
6,buenos aires,6760,san miguel,2021,3627
6,buenos aires,6760,san miguel,2022,3351
6,buenos aires,6760,san miguel,2023,3551
6,buenos aires,6760,san miguel,2024,3415
6,buenos aires,6763,san nicolás,2000,1556
6,buenos aires,6763,san nicolás,2001,3586
6,buenos aires,6763,san nicolás,2002,3763
6,buenos aires,6763,san nicolás,2003,2666
6,buenos aires,6763,san nicolás,2004,1371
6,buenos aires,6763,san nicolás,2005,887
6,buenos aires,6763,san nicolás,2006,999
6,buenos aires,6763,san nicolás,2007,1157
6,buenos aires,6763,san nicolás,2008,1232
6,buenos aires,6763,san nicolás,2009,1160
6,buenos aires,6763,san nicolás,2010,1291
6,buenos aires,6763,san nicolás,2011,1619
6,buenos aires,6763,san nicolás,2012,1748
6,buenos aires,6763,san nicolás,2013,1606
6,buenos aires,6763,san nicolás,2014,1123
6,buenos aires,6763,san nicolás,2015,1279
6,buenos aires,6763,san nicolás,2016,915
6,buenos aires,6763,san nicolás,2017,759
6,buenos aires,6763,san nicolás,2018,1038
6,buenos aires,6763,san nicolás,2019,2211
6,buenos aires,6763,san nicolás,2020,1625
6,buenos aires,6763,san nicolás,2021,1288
6,buenos aires,6763,san nicolás,2022,1257
6,buenos aires,6763,san nicolás,2023,2087
6,buenos aires,6763,san nicolás,2024,3036
6,buenos aires,6770,san pedro,2000,790
6,buenos aires,6770,san pedro,2001,878
6,buenos aires,6770,san pedro,2002,1488
6,buenos aires,6770,san pedro,2003,1424
6,buenos aires,6770,san pedro,2004,793
6,buenos aires,6770,san pedro,2005,619
6,buenos aires,6770,san pedro,2006,395
6,buenos aires,6770,san pedro,2007,420
6,buenos aires,6770,san pedro,2008,657
6,buenos aires,6770,san pedro,2009,1161
6,buenos aires,6770,san pedro,2010,755
6,buenos aires,6770,san pedro,2011,997
6,buenos aires,6770,san pedro,2012,876
6,buenos aires,6770,san pedro,2013,562
6,buenos aires,6770,san pedro,2014,491
6,buenos aires,6770,san pedro,2015,478
6,buenos aires,6770,san pedro,2016,353
6,buenos aires,6770,san pedro,2017,335
6,buenos aires,6770,san pedro,2018,824
6,buenos aires,6770,san pedro,2019,1441
6,buenos aires,6770,san pedro,2020,1028
6,buenos aires,6770,san pedro,2021,1022
6,buenos aires,6770,san pedro,2022,1172
6,buenos aires,6770,san pedro,2023,1411
6,buenos aires,6770,san pedro,2024,1886
6,buenos aires,6778,san vicente,2000,239
6,buenos aires,6778,san vicente,2001,471
6,buenos aires,6778,san vicente,2002,789
6,buenos aires,6778,san vicente,2003,625
6,buenos aires,6778,san vicente,2004,713
6,buenos aires,6778,san vicente,2005,419
6,buenos aires,6778,san vicente,2006,375
6,buenos aires,6778,san vicente,2007,307
6,buenos aires,6778,san vicente,2008,324
6,buenos aires,6778,san vicente,2009,545
6,buenos aires,6778,san vicente,2010,388
6,buenos aires,6778,san vicente,2011,628
6,buenos aires,6778,san vicente,2012,585
6,buenos aires,6778,san vicente,2013,535
6,buenos aires,6778,san vicente,2014,647
6,buenos aires,6778,san vicente,2015,713
6,buenos aires,6778,san vicente,2016,762
6,buenos aires,6778,san vicente,2017,954
6,buenos aires,6778,san vicente,2018,992
6,buenos aires,6778,san vicente,2019,1419
6,buenos aires,6778,san vicente,2020,1070
6,buenos aires,6778,san vicente,2021,1249
6,buenos aires,6778,san vicente,2022,1211
6,buenos aires,6778,san vicente,2023,1253
6,buenos aires,6778,san vicente,2024,1250
6,buenos aires,6784,suipacha,2000,70
6,buenos aires,6784,suipacha,2001,65
6,buenos aires,6784,suipacha,2002,123
6,buenos aires,6784,suipacha,2003,41
6,buenos aires,6784,suipacha,2004,83
6,buenos aires,6784,suipacha,2005,74
6,buenos aires,6784,suipacha,2006,62
6,buenos aires,6784,suipacha,2007,80
6,buenos aires,6784,suipacha,2008,78
6,buenos aires,6784,suipacha,2009,275
6,buenos aires,6784,suipacha,2010,44
6,buenos aires,6784,suipacha,2011,30
6,buenos aires,6784,suipacha,2012,62
6,buenos aires,6784,suipacha,2013,42
6,buenos aires,6784,suipacha,2014,48
6,buenos aires,6784,suipacha,2015,32
6,buenos aires,6784,suipacha,2016,32
6,buenos aires,6784,suipacha,2017,40
6,buenos aires,6784,suipacha,2018,36
6,buenos aires,6784,suipacha,2019,83
6,buenos aires,6784,suipacha,2020,61
6,buenos aires,6784,suipacha,2021,99
6,buenos aires,6784,suipacha,2022,90
6,buenos aires,6784,suipacha,2023,109
6,buenos aires,6784,suipacha,2024,86
6,buenos aires,6791,tandil,2000,977
6,buenos aires,6791,tandil,2001,1613
6,buenos aires,6791,tandil,2002,1776
6,buenos aires,6791,tandil,2003,1292
6,buenos aires,6791,tandil,2004,952
6,buenos aires,6791,tandil,2005,629
6,buenos aires,6791,tandil,2006,519
6,buenos aires,6791,tandil,2007,668
6,buenos aires,6791,tandil,2008,761
6,buenos aires,6791,tandil,2009,217
6,buenos aires,6791,tandil,2010,1104
6,buenos aires,6791,tandil,2011,1438
6,buenos aires,6791,tandil,2012,1139
6,buenos aires,6791,tandil,2013,822
6,buenos aires,6791,tandil,2014,923
6,buenos aires,6791,tandil,2015,968
6,buenos aires,6791,tandil,2016,901
6,buenos aires,6791,tandil,2017,761
6,buenos aires,6791,tandil,2018,683
6,buenos aires,6791,tandil,2019,1468
6,buenos aires,6791,tandil,2020,1310
6,buenos aires,6791,tandil,2021,1364
6,buenos aires,6791,tandil,2022,1364
6,buenos aires,6791,tandil,2023,2150
6,buenos aires,6791,tandil,2024,2241
6,buenos aires,6798,tapalqué,2000,98
6,buenos aires,6798,tapalqué,2001,86
6,buenos aires,6798,tapalqué,2002,64
6,buenos aires,6798,tapalqué,2003,124
6,buenos aires,6798,tapalqué,2004,134
6,buenos aires,6798,tapalqué,2005,61
6,buenos aires,6798,tapalqué,2006,47
6,buenos aires,6798,tapalqué,2007,49
6,buenos aires,6798,tapalqué,2008,79
6,buenos aires,6798,tapalqué,2009,788
6,buenos aires,6798,tapalqué,2010,101
6,buenos aires,6798,tapalqué,2011,63
6,buenos aires,6798,tapalqué,2012,51
6,buenos aires,6798,tapalqué,2013,92
6,buenos aires,6798,tapalqué,2014,94
6,buenos aires,6798,tapalqué,2015,57
6,buenos aires,6798,tapalqué,2016,70
6,buenos aires,6798,tapalqué,2017,69
6,buenos aires,6798,tapalqué,2018,49
6,buenos aires,6798,tapalqué,2019,83
6,buenos aires,6798,tapalqué,2020,41
6,buenos aires,6798,tapalqué,2021,72
6,buenos aires,6798,tapalqué,2022,75
6,buenos aires,6798,tapalqué,2023,88
6,buenos aires,6798,tapalqué,2024,89
6,buenos aires,6805,tigre,2000,4224
6,buenos aires,6805,tigre,2001,4000
6,buenos aires,6805,tigre,2002,4482
6,buenos aires,6805,tigre,2003,4205
6,buenos aires,6805,tigre,2004,3404
6,buenos aires,6805,tigre,2005,2617
6,buenos aires,6805,tigre,2006,2810
6,buenos aires,6805,tigre,2007,1482
6,buenos aires,6805,tigre,2008,2320
6,buenos aires,6805,tigre,2009,1159
6,buenos aires,6805,tigre,2010,3300
6,buenos aires,6805,tigre,2011,4245
6,buenos aires,6805,tigre,2012,3793
6,buenos aires,6805,tigre,2013,3094
6,buenos aires,6805,tigre,2014,3123
6,buenos aires,6805,tigre,2015,3459
6,buenos aires,6805,tigre,2016,3615
6,buenos aires,6805,tigre,2017,4417
6,buenos aires,6805,tigre,2018,5697
6,buenos aires,6805,tigre,2019,6726
6,buenos aires,6805,tigre,2020,4547
6,buenos aires,6805,tigre,2021,4404
6,buenos aires,6805,tigre,2022,4359
6,buenos aires,6805,tigre,2023,4352
6,buenos aires,6805,tigre,2024,5695
6,buenos aires,6812,tordillo,2000,87
6,buenos aires,6812,tordillo,2001,66
6,buenos aires,6812,tordillo,2002,41
6,buenos aires,6812,tordillo,2003,32
6,buenos aires,6812,tordillo,2004,23
6,buenos aires,6812,tordillo,2005,6
6,buenos aires,6812,tordillo,2006,7
6,buenos aires,6812,tordillo,2007,9
6,buenos aires,6812,tordillo,2008,6
6,buenos aires,6812,tordillo,2009,1600
6,buenos aires,6812,tordillo,2010,16
6,buenos aires,6812,tordillo,2011,19
6,buenos aires,6812,tordillo,2012,7
6,buenos aires,6812,tordillo,2013,12
6,buenos aires,6812,tordillo,2014,20
6,buenos aires,6812,tordillo,2015,3
6,buenos aires,6812,tordillo,2016,2
6,buenos aires,6812,tordillo,2017,4
6,buenos aires,6812,tordillo,2018,4
6,buenos aires,6812,tordillo,2019,6
6,buenos aires,6812,tordillo,2020,2
6,buenos aires,6812,tordillo,2021,12
6,buenos aires,6812,tordillo,2022,12
6,buenos aires,6812,tordillo,2023,8
6,buenos aires,6812,tordillo,2024,13
6,buenos aires,6819,tornquist,2000,54
6,buenos aires,6819,tornquist,2001,67
6,buenos aires,6819,tornquist,2002,66
6,buenos aires,6819,tornquist,2003,31
6,buenos aires,6819,tornquist,2004,59
6,buenos aires,6819,tornquist,2005,71
6,buenos aires,6819,tornquist,2006,64
6,buenos aires,6819,tornquist,2007,58
6,buenos aires,6819,tornquist,2008,69
6,buenos aires,6819,tornquist,2009,47
6,buenos aires,6819,tornquist,2010,81
6,buenos aires,6819,tornquist,2011,98
6,buenos aires,6819,tornquist,2012,133
6,buenos aires,6819,tornquist,2013,130
6,buenos aires,6819,tornquist,2014,112
6,buenos aires,6819,tornquist,2015,133
6,buenos aires,6819,tornquist,2016,125
6,buenos aires,6819,tornquist,2017,119
6,buenos aires,6819,tornquist,2018,109
6,buenos aires,6819,tornquist,2019,124
6,buenos aires,6819,tornquist,2020,100
6,buenos aires,6819,tornquist,2021,118
6,buenos aires,6819,tornquist,2022,132
6,buenos aires,6819,tornquist,2023,111
6,buenos aires,6819,tornquist,2024,106
6,buenos aires,6826,trenque lauquen,2000,638
6,buenos aires,6826,trenque lauquen,2001,362
6,buenos aires,6826,trenque lauquen,2002,634
6,buenos aires,6826,trenque lauquen,2003,461
6,buenos aires,6826,trenque lauquen,2004,356
6,buenos aires,6826,trenque lauquen,2005,250
6,buenos aires,6826,trenque lauquen,2006,347
6,buenos aires,6826,trenque lauquen,2007,615
6,buenos aires,6826,trenque lauquen,2008,819
6,buenos aires,6826,trenque lauquen,2009,187
6,buenos aires,6826,trenque lauquen,2010,491
6,buenos aires,6826,trenque lauquen,2011,613
6,buenos aires,6826,trenque lauquen,2012,713
6,buenos aires,6826,trenque lauquen,2013,833
6,buenos aires,6826,trenque lauquen,2014,829
6,buenos aires,6826,trenque lauquen,2015,981
6,buenos aires,6826,trenque lauquen,2016,641
6,buenos aires,6826,trenque lauquen,2017,577
6,buenos aires,6826,trenque lauquen,2018,626
6,buenos aires,6826,trenque lauquen,2019,554
6,buenos aires,6826,trenque lauquen,2020,530
6,buenos aires,6826,trenque lauquen,2021,690
6,buenos aires,6826,trenque lauquen,2022,629
6,buenos aires,6826,trenque lauquen,2023,687
6,buenos aires,6826,trenque lauquen,2024,731
6,buenos aires,6833,tres arroyos,2000,894
6,buenos aires,6833,tres arroyos,2001,511
6,buenos aires,6833,tres arroyos,2002,594
6,buenos aires,6833,tres arroyos,2003,664
6,buenos aires,6833,tres arroyos,2004,690
6,buenos aires,6833,tres arroyos,2005,664
6,buenos aires,6833,tres arroyos,2006,616
6,buenos aires,6833,tres arroyos,2007,289
6,buenos aires,6833,tres arroyos,2008,393
6,buenos aires,6833,tres arroyos,2009,676
6,buenos aires,6833,tres arroyos,2010,866
6,buenos aires,6833,tres arroyos,2011,779
6,buenos aires,6833,tres arroyos,2012,942
6,buenos aires,6833,tres arroyos,2013,964
6,buenos aires,6833,tres arroyos,2014,700
6,buenos aires,6833,tres arroyos,2015,482
6,buenos aires,6833,tres arroyos,2016,312
6,buenos aires,6833,tres arroyos,2017,284
6,buenos aires,6833,tres arroyos,2018,434
6,buenos aires,6833,tres arroyos,2019,942
6,buenos aires,6833,tres arroyos,2020,848
6,buenos aires,6833,tres arroyos,2021,935
6,buenos aires,6833,tres arroyos,2022,1041
6,buenos aires,6833,tres arroyos,2023,1191
6,buenos aires,6833,tres arroyos,2024,1236
6,buenos aires,6840,tres de febrero,2000,7045
6,buenos aires,6840,tres de febrero,2001,7273
6,buenos aires,6840,tres de febrero,2002,9325
6,buenos aires,6840,tres de febrero,2003,8640
6,buenos aires,6840,tres de febrero,2004,5710
6,buenos aires,6840,tres de febrero,2005,2416
6,buenos aires,6840,tres de febrero,2006,2117
6,buenos aires,6840,tres de febrero,2007,2506
6,buenos aires,6840,tres de febrero,2008,4102
6,buenos aires,6840,tres de febrero,2009,2213
6,buenos aires,6840,tres de febrero,2010,3927
6,buenos aires,6840,tres de febrero,2011,3971
6,buenos aires,6840,tres de febrero,2012,5211
6,buenos aires,6840,tres de febrero,2013,6060
6,buenos aires,6840,tres de febrero,2014,8527
6,buenos aires,6840,tres de febrero,2015,8671
6,buenos aires,6840,tres de febrero,2016,7304
6,buenos aires,6840,tres de febrero,2017,6090
6,buenos aires,6840,tres de febrero,2018,6647
6,buenos aires,6840,tres de febrero,2019,8353
6,buenos aires,6840,tres de febrero,2020,5355
6,buenos aires,6840,tres de febrero,2021,4798
6,buenos aires,6840,tres de febrero,2022,5210
6,buenos aires,6840,tres de febrero,2023,6296
6,buenos aires,6840,tres de febrero,2024,6930
6,buenos aires,6847,tres lomas,2000,60
6,buenos aires,6847,tres lomas,2001,40
6,buenos aires,6847,tres lomas,2002,71
6,buenos aires,6847,tres lomas,2003,50
6,buenos aires,6847,tres lomas,2004,56
6,buenos aires,6847,tres lomas,2005,27
6,buenos aires,6847,tres lomas,2006,18
6,buenos aires,6847,tres lomas,2007,32
6,buenos aires,6847,tres lomas,2008,42
6,buenos aires,6847,tres lomas,2009,1350
6,buenos aires,6847,tres lomas,2010,47
6,buenos aires,6847,tres lomas,2011,30
6,buenos aires,6847,tres lomas,2012,24
6,buenos aires,6847,tres lomas,2013,7
6,buenos aires,6847,tres lomas,2014,8
6,buenos aires,6847,tres lomas,2015,13
6,buenos aires,6847,tres lomas,2016,13
6,buenos aires,6847,tres lomas,2017,15
6,buenos aires,6847,tres lomas,2018,19
6,buenos aires,6847,tres lomas,2019,39
6,buenos aires,6847,tres lomas,2020,34
6,buenos aires,6847,tres lomas,2021,52
6,buenos aires,6847,tres lomas,2022,59
6,buenos aires,6847,tres lomas,2023,69
6,buenos aires,6847,tres lomas,2024,66
6,buenos aires,6854,25 de mayo,2000,311
6,buenos aires,6854,25 de mayo,2001,275
6,buenos aires,6854,25 de mayo,2002,343
6,buenos aires,6854,25 de mayo,2003,350
6,buenos aires,6854,25 de mayo,2004,180
6,buenos aires,6854,25 de mayo,2005,137
6,buenos aires,6854,25 de mayo,2006,121
6,buenos aires,6854,25 de mayo,2007,115
6,buenos aires,6854,25 de mayo,2008,109
6,buenos aires,6854,25 de mayo,2009,64
6,buenos aires,6854,25 de mayo,2010,106
6,buenos aires,6854,25 de mayo,2011,102
6,buenos aires,6854,25 de mayo,2012,119
6,buenos aires,6854,25 de mayo,2013,112
6,buenos aires,6854,25 de mayo,2014,124
6,buenos aires,6854,25 de mayo,2015,164
6,buenos aires,6854,25 de mayo,2016,104
6,buenos aires,6854,25 de mayo,2017,88
6,buenos aires,6854,25 de mayo,2018,77
6,buenos aires,6854,25 de mayo,2019,207
6,buenos aires,6854,25 de mayo,2020,129
6,buenos aires,6854,25 de mayo,2021,124
6,buenos aires,6854,25 de mayo,2022,169
6,buenos aires,6854,25 de mayo,2023,276
6,buenos aires,6854,25 de mayo,2024,358
6,buenos aires,6861,vicente lópez,2000,5409
6,buenos aires,6861,vicente lópez,2001,5586
6,buenos aires,6861,vicente lópez,2002,6719
6,buenos aires,6861,vicente lópez,2003,6758
6,buenos aires,6861,vicente lópez,2004,5531
6,buenos aires,6861,vicente lópez,2005,3849
6,buenos aires,6861,vicente lópez,2006,2254
6,buenos aires,6861,vicente lópez,2007,2284
6,buenos aires,6861,vicente lópez,2008,2487
6,buenos aires,6861,vicente lópez,2009,3383
6,buenos aires,6861,vicente lópez,2010,4063
6,buenos aires,6861,vicente lópez,2011,4203
6,buenos aires,6861,vicente lópez,2012,4078
6,buenos aires,6861,vicente lópez,2013,4048
6,buenos aires,6861,vicente lópez,2014,3850
6,buenos aires,6861,vicente lópez,2015,3497
6,buenos aires,6861,vicente lópez,2016,3015
6,buenos aires,6861,vicente lópez,2017,3460
6,buenos aires,6861,vicente lópez,2018,4623
6,buenos aires,6861,vicente lópez,2019,7856
6,buenos aires,6861,vicente lópez,2020,3708
6,buenos aires,6861,vicente lópez,2021,5133
6,buenos aires,6861,vicente lópez,2022,4973
6,buenos aires,6861,vicente lópez,2023,3885
6,buenos aires,6861,vicente lópez,2024,4032
6,buenos aires,6868,villa gesell,2000,780
6,buenos aires,6868,villa gesell,2001,931
6,buenos aires,6868,villa gesell,2002,1084
6,buenos aires,6868,villa gesell,2003,1015
6,buenos aires,6868,villa gesell,2004,976
6,buenos aires,6868,villa gesell,2005,839
6,buenos aires,6868,villa gesell,2006,503
6,buenos aires,6868,villa gesell,2007,614
6,buenos aires,6868,villa gesell,2008,511
6,buenos aires,6868,villa gesell,2009,597
6,buenos aires,6868,villa gesell,2010,582
6,buenos aires,6868,villa gesell,2011,532
6,buenos aires,6868,villa gesell,2012,654
6,buenos aires,6868,villa gesell,2013,1155
6,buenos aires,6868,villa gesell,2014,900
6,buenos aires,6868,villa gesell,2015,672
6,buenos aires,6868,villa gesell,2016,761
6,buenos aires,6868,villa gesell,2017,553
6,buenos aires,6868,villa gesell,2018,413
6,buenos aires,6868,villa gesell,2019,696
6,buenos aires,6868,villa gesell,2020,849
6,buenos aires,6868,villa gesell,2021,669
6,buenos aires,6868,villa gesell,2022,393
6,buenos aires,6868,villa gesell,2023,1026
6,buenos aires,6868,villa gesell,2024,1745
6,buenos aires,6875,villarino,2000,273
6,buenos aires,6875,villarino,2001,284
6,buenos aires,6875,villarino,2002,302
6,buenos aires,6875,villarino,2003,185
6,buenos aires,6875,villarino,2004,187
6,buenos aires,6875,villarino,2005,108
6,buenos aires,6875,villarino,2006,89
6,buenos aires,6875,villarino,2007,86
6,buenos aires,6875,villarino,2008,114
6,buenos aires,6875,villarino,2009,155
6,buenos aires,6875,villarino,2010,256
6,buenos aires,6875,villarino,2011,242
6,buenos aires,6875,villarino,2012,156
6,buenos aires,6875,villarino,2013,189
6,buenos aires,6875,villarino,2014,153
6,buenos aires,6875,villarino,2015,156
6,buenos aires,6875,villarino,2016,117
6,buenos aires,6875,villarino,2017,115
6,buenos aires,6875,villarino,2018,125
6,buenos aires,6875,villarino,2019,234
6,buenos aires,6875,villarino,2020,242
6,buenos aires,6875,villarino,2021,348
6,buenos aires,6875,villarino,2022,302
6,buenos aires,6875,villarino,2023,376
6,buenos aires,6875,villarino,2024,334
6,buenos aires,6882,zárate,2000,1322
6,buenos aires,6882,zárate,2001,1387
6,buenos aires,6882,zárate,2002,1333
6,buenos aires,6882,zárate,2003,1543
6,buenos aires,6882,zárate,2004,1098
6,buenos aires,6882,zárate,2005,693
6,buenos aires,6882,zárate,2006,648
6,buenos aires,6882,zárate,2007,1125
6,buenos aires,6882,zárate,2008,1444
6,buenos aires,6882,zárate,2009,1229
6,buenos aires,6882,zárate,2010,1792
6,buenos aires,6882,zárate,2011,1528
6,buenos aires,6882,zárate,2012,417
6,buenos aires,6882,zárate,2013,1905
6,buenos aires,6882,zárate,2014,1303
6,buenos aires,6882,zárate,2015,1348
6,buenos aires,6882,zárate,2016,1458
6,buenos aires,6882,zárate,2017,1858
6,buenos aires,6882,zárate,2018,1573
6,buenos aires,6882,zárate,2019,2217
6,buenos aires,6882,zárate,2020,1795
6,buenos aires,6882,zárate,2021,1960
6,buenos aires,6882,zárate,2022,1805
6,buenos aires,6882,zárate,2023,2019
6,buenos aires,6882,zárate,2024,1908
10,catamarca,10007,ambato,2000,61
10,catamarca,10007,ambato,2001,70
10,catamarca,10007,ambato,2002,59
10,catamarca,10007,ambato,2003,67
10,catamarca,10007,ambato,2004,83
10,catamarca,10007,ambato,2005,72
10,catamarca,10007,ambato,2006,89
10,catamarca,10007,ambato,2007,81
10,catamarca,10007,ambato,2008,99
10,catamarca,10007,ambato,2009,74
10,catamarca,10007,ambato,2010,132
10,catamarca,10007,ambato,2011,93
10,catamarca,10007,ambato,2012,64
10,catamarca,10007,ambato,2013,57
10,catamarca,10007,ambato,2014,86
10,catamarca,10007,ambato,2015,148
10,catamarca,10007,ambato,2016,126
10,catamarca,10007,ambato,2017,98
10,catamarca,10007,ambato,2018,75
10,catamarca,10007,ambato,2019,57
10,catamarca,10007,ambato,2020,32
10,catamarca,10007,ambato,2021,51
10,catamarca,10007,ambato,2022,63
10,catamarca,10007,ambato,2023,85
10,catamarca,10007,ambato,2024,81
10,catamarca,10014,ancasti,2000,17
10,catamarca,10014,ancasti,2001,25
10,catamarca,10014,ancasti,2002,28
10,catamarca,10014,ancasti,2003,41
10,catamarca,10014,ancasti,2004,30
10,catamarca,10014,ancasti,2005,24
10,catamarca,10014,ancasti,2006,17
10,catamarca,10014,ancasti,2007,33
10,catamarca,10014,ancasti,2008,37
10,catamarca,10014,ancasti,2009,38
10,catamarca,10014,ancasti,2010,39
10,catamarca,10014,ancasti,2011,45
10,catamarca,10014,ancasti,2012,69
10,catamarca,10014,ancasti,2013,114
10,catamarca,10014,ancasti,2014,71
10,catamarca,10014,ancasti,2015,85
10,catamarca,10014,ancasti,2016,76
10,catamarca,10014,ancasti,2017,66
10,catamarca,10014,ancasti,2018,48
10,catamarca,10014,ancasti,2019,32
10,catamarca,10014,ancasti,2020,31
10,catamarca,10014,ancasti,2021,29
10,catamarca,10014,ancasti,2022,32
10,catamarca,10014,ancasti,2023,59
10,catamarca,10014,ancasti,2024,43
10,catamarca,10021,andalgalá,2000,323
10,catamarca,10021,andalgalá,2001,434
10,catamarca,10021,andalgalá,2002,426
10,catamarca,10021,andalgalá,2003,455
10,catamarca,10021,andalgalá,2004,461
10,catamarca,10021,andalgalá,2005,380
10,catamarca,10021,andalgalá,2006,409
10,catamarca,10021,andalgalá,2007,272
10,catamarca,10021,andalgalá,2008,258
10,catamarca,10021,andalgalá,2009,353
10,catamarca,10021,andalgalá,2010,428
10,catamarca,10021,andalgalá,2011,215
10,catamarca,10021,andalgalá,2012,241
10,catamarca,10021,andalgalá,2013,421
10,catamarca,10021,andalgalá,2014,523
10,catamarca,10021,andalgalá,2015,561
10,catamarca,10021,andalgalá,2016,595
10,catamarca,10021,andalgalá,2017,426
10,catamarca,10021,andalgalá,2018,372
10,catamarca,10021,andalgalá,2019,350
10,catamarca,10021,andalgalá,2020,300
10,catamarca,10021,andalgalá,2021,337
10,catamarca,10021,andalgalá,2022,345
10,catamarca,10021,andalgalá,2023,374
10,catamarca,10021,andalgalá,2024,367
10,catamarca,10028,antofagasta de la sierra,2000,5
10,catamarca,10028,antofagasta de la sierra,2001,9
10,catamarca,10028,antofagasta de la sierra,2002,21
10,catamarca,10028,antofagasta de la sierra,2003,20
10,catamarca,10028,antofagasta de la sierra,2004,14
10,catamarca,10028,antofagasta de la sierra,2005,9
10,catamarca,10028,antofagasta de la sierra,2006,12
10,catamarca,10028,antofagasta de la sierra,2007,14
10,catamarca,10028,antofagasta de la sierra,2008,8
10,catamarca,10028,antofagasta de la sierra,2009,17
10,catamarca,10028,antofagasta de la sierra,2010,10
10,catamarca,10028,antofagasta de la sierra,2011,10
10,catamarca,10028,antofagasta de la sierra,2012,20
10,catamarca,10028,antofagasta de la sierra,2013,45
10,catamarca,10028,antofagasta de la sierra,2014,48
10,catamarca,10028,antofagasta de la sierra,2015,40
10,catamarca,10028,antofagasta de la sierra,2016,62
10,catamarca,10028,antofagasta de la sierra,2017,53
10,catamarca,10028,antofagasta de la sierra,2018,34
10,catamarca,10028,antofagasta de la sierra,2019,31
10,catamarca,10028,antofagasta de la sierra,2020,17
10,catamarca,10028,antofagasta de la sierra,2021,25
10,catamarca,10028,antofagasta de la sierra,2022,23
10,catamarca,10028,antofagasta de la sierra,2023,25
10,catamarca,10028,antofagasta de la sierra,2024,29
10,catamarca,10035,belén,2000,311
10,catamarca,10035,belén,2001,269
10,catamarca,10035,belén,2002,338
10,catamarca,10035,belén,2003,370
10,catamarca,10035,belén,2004,321
10,catamarca,10035,belén,2005,219
10,catamarca,10035,belén,2006,183
10,catamarca,10035,belén,2007,195
10,catamarca,10035,belén,2008,215
10,catamarca,10035,belén,2009,204
10,catamarca,10035,belén,2010,217
10,catamarca,10035,belén,2011,147
10,catamarca,10035,belén,2012,333
10,catamarca,10035,belén,2013,387
10,catamarca,10035,belén,2014,408
10,catamarca,10035,belén,2015,476
10,catamarca,10035,belén,2016,494
10,catamarca,10035,belén,2017,429
10,catamarca,10035,belén,2018,339
10,catamarca,10035,belén,2019,299
10,catamarca,10035,belén,2020,264
10,catamarca,10035,belén,2021,480
10,catamarca,10035,belén,2022,429
10,catamarca,10035,belén,2023,421
10,catamarca,10035,belén,2024,444
10,catamarca,10042,capayán,2000,216
10,catamarca,10042,capayán,2001,199
10,catamarca,10042,capayán,2002,245
10,catamarca,10042,capayán,2003,204
10,catamarca,10042,capayán,2004,211
10,catamarca,10042,capayán,2005,222
10,catamarca,10042,capayán,2006,196
10,catamarca,10042,capayán,2007,185
10,catamarca,10042,capayán,2008,290
10,catamarca,10042,capayán,2009,253
10,catamarca,10042,capayán,2010,260
10,catamarca,10042,capayán,2011,182
10,catamarca,10042,capayán,2012,202
10,catamarca,10042,capayán,2013,264
10,catamarca,10042,capayán,2014,297
10,catamarca,10042,capayán,2015,333
10,catamarca,10042,capayán,2016,302
10,catamarca,10042,capayán,2017,282
10,catamarca,10042,capayán,2018,235
10,catamarca,10042,capayán,2019,226
10,catamarca,10042,capayán,2020,187
10,catamarca,10042,capayán,2021,301
10,catamarca,10042,capayán,2022,260
10,catamarca,10042,capayán,2023,280
10,catamarca,10042,capayán,2024,306
10,catamarca,10049,capital,2000,4327
10,catamarca,10049,capital,2001,4357
10,catamarca,10049,capital,2002,6219
10,catamarca,10049,capital,2003,5167
10,catamarca,10049,capital,2004,5188
10,catamarca,10049,capital,2005,5551
10,catamarca,10049,capital,2006,6936
10,catamarca,10049,capital,2007,6917
10,catamarca,10049,capital,2008,6078
10,catamarca,10049,capital,2009,5882
10,catamarca,10049,capital,2010,7664
10,catamarca,10049,capital,2011,6696
10,catamarca,10049,capital,2012,7634
10,catamarca,10049,capital,2013,9744
10,catamarca,10049,capital,2014,8865
10,catamarca,10049,capital,2015,7876
10,catamarca,10049,capital,2016,8935
10,catamarca,10049,capital,2017,7872
10,catamarca,10049,capital,2018,7589
10,catamarca,10049,capital,2019,6788
10,catamarca,10049,capital,2020,4527
10,catamarca,10049,capital,2021,5579
10,catamarca,10049,capital,2022,6457
10,catamarca,10049,capital,2023,7601
10,catamarca,10049,capital,2024,8135
10,catamarca,10056,el alto,2000,64
10,catamarca,10056,el alto,2001,58
10,catamarca,10056,el alto,2002,109
10,catamarca,10056,el alto,2003,94
10,catamarca,10056,el alto,2004,94
10,catamarca,10056,el alto,2005,121
10,catamarca,10056,el alto,2006,86
10,catamarca,10056,el alto,2007,63
10,catamarca,10056,el alto,2008,112
10,catamarca,10056,el alto,2009,94
10,catamarca,10056,el alto,2010,97
10,catamarca,10056,el alto,2011,81
10,catamarca,10056,el alto,2012,96
10,catamarca,10056,el alto,2013,155
10,catamarca,10056,el alto,2014,111
10,catamarca,10056,el alto,2015,202
10,catamarca,10056,el alto,2016,184
10,catamarca,10056,el alto,2017,134
10,catamarca,10056,el alto,2018,95
10,catamarca,10056,el alto,2019,72
10,catamarca,10056,el alto,2020,48
10,catamarca,10056,el alto,2021,87
10,catamarca,10056,el alto,2022,97
10,catamarca,10056,el alto,2023,50
10,catamarca,10056,el alto,2024,75
10,catamarca,10063,fray mamerto esquiú,2000,169
10,catamarca,10063,fray mamerto esquiú,2001,160
10,catamarca,10063,fray mamerto esquiú,2002,249
10,catamarca,10063,fray mamerto esquiú,2003,226
10,catamarca,10063,fray mamerto esquiú,2004,0
10,catamarca,10063,fray mamerto esquiú,2005,153
10,catamarca,10063,fray mamerto esquiú,2006,295
10,catamarca,10063,fray mamerto esquiú,2007,184
10,catamarca,10063,fray mamerto esquiú,2008,171
10,catamarca,10063,fray mamerto esquiú,2009,219
10,catamarca,10063,fray mamerto esquiú,2010,392
10,catamarca,10063,fray mamerto esquiú,2011,297
10,catamarca,10063,fray mamerto esquiú,2012,319
10,catamarca,10063,fray mamerto esquiú,2013,500
10,catamarca,10063,fray mamerto esquiú,2014,501
10,catamarca,10063,fray mamerto esquiú,2015,496
10,catamarca,10063,fray mamerto esquiú,2016,511
10,catamarca,10063,fray mamerto esquiú,2017,422
10,catamarca,10063,fray mamerto esquiú,2018,410
10,catamarca,10063,fray mamerto esquiú,2019,340
10,catamarca,10063,fray mamerto esquiú,2020,289
10,catamarca,10063,fray mamerto esquiú,2021,394
10,catamarca,10063,fray mamerto esquiú,2022,449
10,catamarca,10063,fray mamerto esquiú,2023,428
10,catamarca,10063,fray mamerto esquiú,2024,444
10,catamarca,10070,la paz,2000,221
10,catamarca,10070,la paz,2001,222
10,catamarca,10070,la paz,2002,234
10,catamarca,10070,la paz,2003,194
10,catamarca,10070,la paz,2004,211
10,catamarca,10070,la paz,2005,349
10,catamarca,10070,la paz,2006,270
10,catamarca,10070,la paz,2007,315
10,catamarca,10070,la paz,2008,235
10,catamarca,10070,la paz,2009,335
10,catamarca,10070,la paz,2010,443
10,catamarca,10070,la paz,2011,285
10,catamarca,10070,la paz,2012,283
10,catamarca,10070,la paz,2013,409
10,catamarca,10070,la paz,2014,490
10,catamarca,10070,la paz,2015,524
10,catamarca,10070,la paz,2016,528
10,catamarca,10070,la paz,2017,392
10,catamarca,10070,la paz,2018,290
10,catamarca,10070,la paz,2019,270
10,catamarca,10070,la paz,2020,268
10,catamarca,10070,la paz,2021,377
10,catamarca,10070,la paz,2022,313
10,catamarca,10070,la paz,2023,226
10,catamarca,10070,la paz,2024,275
10,catamarca,10077,paclín,2000,54
10,catamarca,10077,paclín,2001,45
10,catamarca,10077,paclín,2002,76
10,catamarca,10077,paclín,2003,73
10,catamarca,10077,paclín,2004,49
10,catamarca,10077,paclín,2005,67
10,catamarca,10077,paclín,2006,41
10,catamarca,10077,paclín,2007,36
10,catamarca,10077,paclín,2008,57
10,catamarca,10077,paclín,2009,65
10,catamarca,10077,paclín,2010,73
10,catamarca,10077,paclín,2011,49
10,catamarca,10077,paclín,2012,48
10,catamarca,10077,paclín,2013,11
10,catamarca,10077,paclín,2014,92
10,catamarca,10077,paclín,2015,109
10,catamarca,10077,paclín,2016,122
10,catamarca,10077,paclín,2017,107
10,catamarca,10077,paclín,2018,63
10,catamarca,10077,paclín,2019,53
10,catamarca,10077,paclín,2020,25
10,catamarca,10077,paclín,2021,30
10,catamarca,10077,paclín,2022,58
10,catamarca,10077,paclín,2023,57
10,catamarca,10077,paclín,2024,49
10,catamarca,10084,pomán,2000,80
10,catamarca,10084,pomán,2001,96
10,catamarca,10084,pomán,2002,83
10,catamarca,10084,pomán,2003,66
10,catamarca,10084,pomán,2004,71
10,catamarca,10084,pomán,2005,64
10,catamarca,10084,pomán,2006,73
10,catamarca,10084,pomán,2007,94
10,catamarca,10084,pomán,2008,80
10,catamarca,10084,pomán,2009,124
10,catamarca,10084,pomán,2010,128
10,catamarca,10084,pomán,2011,78
10,catamarca,10084,pomán,2012,119
10,catamarca,10084,pomán,2013,202
10,catamarca,10084,pomán,2014,154
10,catamarca,10084,pomán,2015,133
10,catamarca,10084,pomán,2016,157
10,catamarca,10084,pomán,2017,115
10,catamarca,10084,pomán,2018,111
10,catamarca,10084,pomán,2019,85
10,catamarca,10084,pomán,2020,79
10,catamarca,10084,pomán,2021,93
10,catamarca,10084,pomán,2022,124
10,catamarca,10084,pomán,2023,162
10,catamarca,10084,pomán,2024,103
10,catamarca,10091,santa maría,2000,258
10,catamarca,10091,santa maría,2001,275
10,catamarca,10091,santa maría,2002,453
10,catamarca,10091,santa maría,2003,429
10,catamarca,10091,santa maría,2004,330
10,catamarca,10091,santa maría,2005,299
10,catamarca,10091,santa maría,2006,317
10,catamarca,10091,santa maría,2007,384
10,catamarca,10091,santa maría,2008,396
10,catamarca,10091,santa maría,2009,401
10,catamarca,10091,santa maría,2010,435
10,catamarca,10091,santa maría,2011,229
10,catamarca,10091,santa maría,2012,428
10,catamarca,10091,santa maría,2013,473
10,catamarca,10091,santa maría,2014,599
10,catamarca,10091,santa maría,2015,655
10,catamarca,10091,santa maría,2016,719
10,catamarca,10091,santa maría,2017,535
10,catamarca,10091,santa maría,2018,427
10,catamarca,10091,santa maría,2019,294
10,catamarca,10091,santa maría,2020,320
10,catamarca,10091,santa maría,2021,532
10,catamarca,10091,santa maría,2022,516
10,catamarca,10091,santa maría,2023,529
10,catamarca,10091,santa maría,2024,587
10,catamarca,10098,santa rosa,2000,123
10,catamarca,10098,santa rosa,2001,161
10,catamarca,10098,santa rosa,2002,221
10,catamarca,10098,santa rosa,2003,229
10,catamarca,10098,santa rosa,2004,188
10,catamarca,10098,santa rosa,2005,140
10,catamarca,10098,santa rosa,2006,164
10,catamarca,10098,santa rosa,2007,157
10,catamarca,10098,santa rosa,2008,141
10,catamarca,10098,santa rosa,2009,129
10,catamarca,10098,santa rosa,2010,195
10,catamarca,10098,santa rosa,2011,207
10,catamarca,10098,santa rosa,2012,243
10,catamarca,10098,santa rosa,2013,256
10,catamarca,10098,santa rosa,2014,327
10,catamarca,10098,santa rosa,2015,272
10,catamarca,10098,santa rosa,2016,281
10,catamarca,10098,santa rosa,2017,208
10,catamarca,10098,santa rosa,2018,191
10,catamarca,10098,santa rosa,2019,156
10,catamarca,10098,santa rosa,2020,117
10,catamarca,10098,santa rosa,2021,166
10,catamarca,10098,santa rosa,2022,221
10,catamarca,10098,santa rosa,2023,232
10,catamarca,10098,santa rosa,2024,166
10,catamarca,10105,tinogasta,2000,183
10,catamarca,10105,tinogasta,2001,180
10,catamarca,10105,tinogasta,2002,422
10,catamarca,10105,tinogasta,2003,407
10,catamarca,10105,tinogasta,2004,316
10,catamarca,10105,tinogasta,2005,257
10,catamarca,10105,tinogasta,2006,295
10,catamarca,10105,tinogasta,2007,396
10,catamarca,10105,tinogasta,2008,335
10,catamarca,10105,tinogasta,2009,408
10,catamarca,10105,tinogasta,2010,306
10,catamarca,10105,tinogasta,2011,216
10,catamarca,10105,tinogasta,2012,233
10,catamarca,10105,tinogasta,2013,407
10,catamarca,10105,tinogasta,2014,411
10,catamarca,10105,tinogasta,2015,394
10,catamarca,10105,tinogasta,2016,466
10,catamarca,10105,tinogasta,2017,374
10,catamarca,10105,tinogasta,2018,349
10,catamarca,10105,tinogasta,2019,327
10,catamarca,10105,tinogasta,2020,304
10,catamarca,10105,tinogasta,2021,416
10,catamarca,10105,tinogasta,2022,376
10,catamarca,10105,tinogasta,2023,430
10,catamarca,10105,tinogasta,2024,408
10,catamarca,10112,valle viejo,2000,581
10,catamarca,10112,valle viejo,2001,586
10,catamarca,10112,valle viejo,2002,745
10,catamarca,10112,valle viejo,2003,650
10,catamarca,10112,valle viejo,2004,0
10,catamarca,10112,valle viejo,2005,590
10,catamarca,10112,valle viejo,2006,857
10,catamarca,10112,valle viejo,2007,769
10,catamarca,10112,valle viejo,2008,529
10,catamarca,10112,valle viejo,2009,601
10,catamarca,10112,valle viejo,2010,1032
10,catamarca,10112,valle viejo,2011,972
10,catamarca,10112,valle viejo,2012,831
10,catamarca,10112,valle viejo,2013,1268
10,catamarca,10112,valle viejo,2014,1446
10,catamarca,10112,valle viejo,2015,1259
10,catamarca,10112,valle viejo,2016,1403
10,catamarca,10112,valle viejo,2017,1127
10,catamarca,10112,valle viejo,2018,944
10,catamarca,10112,valle viejo,2019,829
10,catamarca,10112,valle viejo,2020,717
10,catamarca,10112,valle viejo,2021,947
10,catamarca,10112,valle viejo,2022,1003
10,catamarca,10112,valle viejo,2023,1079
10,catamarca,10112,valle viejo,2024,1234
14,córdoba,14007,calamuchita,2000,612
14,córdoba,14007,calamuchita,2001,870
14,córdoba,14007,calamuchita,2002,848
14,córdoba,14007,calamuchita,2003,858
14,córdoba,14007,calamuchita,2004,927
14,córdoba,14007,calamuchita,2005,909
14,córdoba,14007,calamuchita,2006,986
14,córdoba,14007,calamuchita,2007,858
14,córdoba,14007,calamuchita,2008,772
14,córdoba,14007,calamuchita,2009,885
14,córdoba,14007,calamuchita,2010,591
14,córdoba,14007,calamuchita,2011,512
14,córdoba,14007,calamuchita,2012,385
14,córdoba,14007,calamuchita,2013,0
14,córdoba,14007,calamuchita,2014,714
14,córdoba,14007,calamuchita,2015,770
14,córdoba,14007,calamuchita,2016,872
14,córdoba,14007,calamuchita,2017,1100
14,córdoba,14007,calamuchita,2018,1518
14,córdoba,14007,calamuchita,2019,1773
14,córdoba,14007,calamuchita,2020,1371
14,córdoba,14007,calamuchita,2021,1340
14,córdoba,14007,calamuchita,2022,1984
14,córdoba,14007,calamuchita,2023,2718
14,córdoba,14007,calamuchita,2024,2807
14,córdoba,14014,capital,2000,47511
14,córdoba,14014,capital,2001,49128
14,córdoba,14014,capital,2002,54823
14,córdoba,14014,capital,2003,51610
14,córdoba,14014,capital,2004,48841
14,córdoba,14014,capital,2005,45511
14,córdoba,14014,capital,2006,44478
14,córdoba,14014,capital,2007,48170
14,córdoba,14014,capital,2008,55249
14,córdoba,14014,capital,2009,52620
14,córdoba,14014,capital,2010,53858
14,córdoba,14014,capital,2011,56100
14,córdoba,14014,capital,2012,48896
14,córdoba,14014,capital,2013,25618
14,córdoba,14014,capital,2014,74815
14,córdoba,14014,capital,2015,71191
14,córdoba,14014,capital,2016,69812
14,córdoba,14014,capital,2017,71061
14,córdoba,14014,capital,2018,72358
14,córdoba,14014,capital,2019,78403
14,córdoba,14014,capital,2020,50187
14,córdoba,14014,capital,2021,57174
14,córdoba,14014,capital,2022,68878
14,córdoba,14014,capital,2023,98729
14,córdoba,14014,capital,2024,91725
14,córdoba,14021,colón,2000,2684
14,córdoba,14021,colón,2001,2841
14,córdoba,14021,colón,2002,5086
14,córdoba,14021,colón,2003,4569
14,córdoba,14021,colón,2004,3711
14,córdoba,14021,colón,2005,4891
14,córdoba,14021,colón,2006,5157
14,córdoba,14021,colón,2007,4680
14,córdoba,14021,colón,2008,3340
14,córdoba,14021,colón,2009,2607
14,córdoba,14021,colón,2010,2516
14,córdoba,14021,colón,2011,2378
14,córdoba,14021,colón,2012,1698
14,córdoba,14021,colón,2013,0
14,córdoba,14021,colón,2014,3747
14,córdoba,14021,colón,2015,3181
14,córdoba,14021,colón,2016,5213
14,córdoba,14021,colón,2017,2411
14,córdoba,14021,colón,2018,4819
14,córdoba,14021,colón,2019,8238
14,córdoba,14021,colón,2020,5930
14,córdoba,14021,colón,2021,5035
14,córdoba,14021,colón,2022,5955
14,córdoba,14021,colón,2023,5881
14,córdoba,14021,colón,2024,9370
14,córdoba,14028,cruz del eje,2000,1073
14,córdoba,14028,cruz del eje,2001,921
14,córdoba,14028,cruz del eje,2002,1232
14,córdoba,14028,cruz del eje,2003,1278
14,córdoba,14028,cruz del eje,2004,919
14,córdoba,14028,cruz del eje,2005,950
14,córdoba,14028,cruz del eje,2006,862
14,córdoba,14028,cruz del eje,2007,882
14,córdoba,14028,cruz del eje,2008,998
14,córdoba,14028,cruz del eje,2009,1065
14,córdoba,14028,cruz del eje,2010,1038
14,córdoba,14028,cruz del eje,2011,1042
14,córdoba,14028,cruz del eje,2012,790
14,córdoba,14028,cruz del eje,2013,0
14,córdoba,14028,cruz del eje,2014,1380
14,córdoba,14028,cruz del eje,2015,1451
14,córdoba,14028,cruz del eje,2016,1496
14,córdoba,14028,cruz del eje,2017,1485
14,córdoba,14028,cruz del eje,2018,1587
14,córdoba,14028,cruz del eje,2019,1682
14,córdoba,14028,cruz del eje,2020,1352
14,córdoba,14028,cruz del eje,2021,1477
14,córdoba,14028,cruz del eje,2022,1430
14,córdoba,14028,cruz del eje,2023,1530
14,córdoba,14028,cruz del eje,2024,1546
14,córdoba,14035,general roca,2000,773
14,córdoba,14035,general roca,2001,868
14,córdoba,14035,general roca,2002,846
14,córdoba,14035,general roca,2003,664
14,córdoba,14035,general roca,2004,619
14,córdoba,14035,general roca,2005,459
14,córdoba,14035,general roca,2006,410
14,córdoba,14035,general roca,2007,404
14,córdoba,14035,general roca,2008,479
14,córdoba,14035,general roca,2009,547
14,córdoba,14035,general roca,2010,446
14,córdoba,14035,general roca,2011,426
14,córdoba,14035,general roca,2012,286
14,córdoba,14035,general roca,2013,0
14,córdoba,14035,general roca,2014,465
14,córdoba,14035,general roca,2015,438
14,córdoba,14035,general roca,2016,453
14,córdoba,14035,general roca,2017,464
14,córdoba,14035,general roca,2018,544
14,córdoba,14035,general roca,2019,682
14,córdoba,14035,general roca,2020,409
14,córdoba,14035,general roca,2021,521
14,córdoba,14035,general roca,2022,584
14,córdoba,14035,general roca,2023,529
14,córdoba,14035,general roca,2024,556
14,córdoba,14042,general san martín,2000,1148
14,córdoba,14042,general san martín,2001,1270
14,córdoba,14042,general san martín,2002,2002
14,córdoba,14042,general san martín,2003,1910
14,córdoba,14042,general san martín,2004,1893
14,córdoba,14042,general san martín,2005,2105
14,córdoba,14042,general san martín,2006,2340
14,córdoba,14042,general san martín,2007,2015
14,córdoba,14042,general san martín,2008,2057
14,córdoba,14042,general san martín,2009,2231
14,córdoba,14042,general san martín,2010,1426
14,córdoba,14042,general san martín,2011,1359
14,córdoba,14042,general san martín,2012,978
14,córdoba,14042,general san martín,2013,0
14,córdoba,14042,general san martín,2014,1471
14,córdoba,14042,general san martín,2015,2192
14,córdoba,14042,general san martín,2016,1863
14,córdoba,14042,general san martín,2017,1614
14,córdoba,14042,general san martín,2018,2093
14,córdoba,14042,general san martín,2019,2234
14,córdoba,14042,general san martín,2020,1558
14,córdoba,14042,general san martín,2021,2180
14,córdoba,14042,general san martín,2022,2632
14,córdoba,14042,general san martín,2023,3428
14,córdoba,14042,general san martín,2024,3224
14,córdoba,14049,ischilín,2000,488
14,córdoba,14049,ischilín,2001,447
14,córdoba,14049,ischilín,2002,656
14,córdoba,14049,ischilín,2003,594
14,córdoba,14049,ischilín,2004,627
14,córdoba,14049,ischilín,2005,500
14,córdoba,14049,ischilín,2006,420
14,córdoba,14049,ischilín,2007,478
14,córdoba,14049,ischilín,2008,447
14,córdoba,14049,ischilín,2009,442
14,córdoba,14049,ischilín,2010,548
14,córdoba,14049,ischilín,2011,595
14,córdoba,14049,ischilín,2012,366
14,córdoba,14049,ischilín,2013,0
14,córdoba,14049,ischilín,2014,507
14,córdoba,14049,ischilín,2015,512
14,córdoba,14049,ischilín,2016,564
14,córdoba,14049,ischilín,2017,570
14,córdoba,14049,ischilín,2018,515
14,córdoba,14049,ischilín,2019,563
14,córdoba,14049,ischilín,2020,575
14,córdoba,14049,ischilín,2021,549
14,córdoba,14049,ischilín,2022,695
14,córdoba,14049,ischilín,2023,728
14,córdoba,14049,ischilín,2024,739
14,córdoba,14056,juárez celman,2000,600
14,córdoba,14056,juárez celman,2001,648
14,córdoba,14056,juárez celman,2002,765
14,córdoba,14056,juárez celman,2003,646
14,córdoba,14056,juárez celman,2004,597
14,córdoba,14056,juárez celman,2005,489
14,córdoba,14056,juárez celman,2006,480
14,córdoba,14056,juárez celman,2007,429
14,córdoba,14056,juárez celman,2008,521
14,córdoba,14056,juárez celman,2009,458
14,córdoba,14056,juárez celman,2010,437
14,córdoba,14056,juárez celman,2011,455
14,córdoba,14056,juárez celman,2012,278
14,córdoba,14056,juárez celman,2013,0
14,córdoba,14056,juárez celman,2014,440
14,córdoba,14056,juárez celman,2015,563
14,córdoba,14056,juárez celman,2016,695
14,córdoba,14056,juárez celman,2017,695
14,córdoba,14056,juárez celman,2018,755
14,córdoba,14056,juárez celman,2019,812
14,córdoba,14056,juárez celman,2020,612
14,córdoba,14056,juárez celman,2021,707
14,córdoba,14056,juárez celman,2022,900
14,córdoba,14056,juárez celman,2023,1101
14,córdoba,14056,juárez celman,2024,1114
14,córdoba,14063,marcos juárez,2000,879
14,córdoba,14063,marcos juárez,2001,908
14,córdoba,14063,marcos juárez,2002,1225
14,córdoba,14063,marcos juárez,2003,1057
14,córdoba,14063,marcos juárez,2004,854
14,córdoba,14063,marcos juárez,2005,929
14,córdoba,14063,marcos juárez,2006,803
14,córdoba,14063,marcos juárez,2007,787
14,córdoba,14063,marcos juárez,2008,817
14,córdoba,14063,marcos juárez,2009,777
14,córdoba,14063,marcos juárez,2010,771
14,córdoba,14063,marcos juárez,2011,763
14,córdoba,14063,marcos juárez,2012,518
14,córdoba,14063,marcos juárez,2013,0
14,córdoba,14063,marcos juárez,2014,591
14,córdoba,14063,marcos juárez,2015,655
14,córdoba,14063,marcos juárez,2016,938
14,córdoba,14063,marcos juárez,2017,431
14,córdoba,14063,marcos juárez,2018,390
14,córdoba,14063,marcos juárez,2019,514
14,córdoba,14063,marcos juárez,2020,504
14,córdoba,14063,marcos juárez,2021,598
14,córdoba,14063,marcos juárez,2022,636
14,córdoba,14063,marcos juárez,2023,762
14,córdoba,14063,marcos juárez,2024,833
14,córdoba,14070,minas,2000,101
14,córdoba,14070,minas,2001,121
14,córdoba,14070,minas,2002,149
14,córdoba,14070,minas,2003,125
14,córdoba,14070,minas,2004,187
14,córdoba,14070,minas,2005,240
14,córdoba,14070,minas,2006,178
14,córdoba,14070,minas,2007,161
14,córdoba,14070,minas,2008,142
14,córdoba,14070,minas,2009,141
14,córdoba,14070,minas,2010,112
14,córdoba,14070,minas,2011,110
14,córdoba,14070,minas,2012,66
14,córdoba,14070,minas,2013,0
14,córdoba,14070,minas,2014,77
14,córdoba,14070,minas,2015,62
14,córdoba,14070,minas,2016,108
14,córdoba,14070,minas,2017,89
14,córdoba,14070,minas,2018,75
14,córdoba,14070,minas,2019,71
14,córdoba,14070,minas,2020,79
14,córdoba,14070,minas,2021,45
14,córdoba,14070,minas,2022,40
14,córdoba,14070,minas,2023,112
14,córdoba,14070,minas,2024,141
14,córdoba,14077,pocho,2000,47
14,córdoba,14077,pocho,2001,54
14,córdoba,14077,pocho,2002,130
14,córdoba,14077,pocho,2003,99
14,córdoba,14077,pocho,2004,143
14,córdoba,14077,pocho,2005,153
14,córdoba,14077,pocho,2006,121
14,córdoba,14077,pocho,2007,103
14,córdoba,14077,pocho,2008,80
14,córdoba,14077,pocho,2009,90
14,córdoba,14077,pocho,2010,95
14,córdoba,14077,pocho,2011,81
14,córdoba,14077,pocho,2012,81
14,córdoba,14077,pocho,2013,0
14,córdoba,14077,pocho,2014,102
14,córdoba,14077,pocho,2015,104
14,córdoba,14077,pocho,2016,77
14,córdoba,14077,pocho,2017,72
14,córdoba,14077,pocho,2018,64
14,córdoba,14077,pocho,2019,91
14,córdoba,14077,pocho,2020,71
14,córdoba,14077,pocho,2021,86
14,córdoba,14077,pocho,2022,90
14,córdoba,14077,pocho,2023,86
14,córdoba,14077,pocho,2024,87
14,córdoba,14084,presidente roque sáenz peña,2000,705
14,córdoba,14084,presidente roque sáenz peña,2001,809
14,córdoba,14084,presidente roque sáenz peña,2002,1079
14,córdoba,14084,presidente roque sáenz peña,2003,886
14,córdoba,14084,presidente roque sáenz peña,2004,868
14,córdoba,14084,presidente roque sáenz peña,2005,625
14,córdoba,14084,presidente roque sáenz peña,2006,418
14,córdoba,14084,presidente roque sáenz peña,2007,300
14,córdoba,14084,presidente roque sáenz peña,2008,393
14,córdoba,14084,presidente roque sáenz peña,2009,500
14,córdoba,14084,presidente roque sáenz peña,2010,569
14,córdoba,14084,presidente roque sáenz peña,2011,595
14,córdoba,14084,presidente roque sáenz peña,2012,377
14,córdoba,14084,presidente roque sáenz peña,2013,0
14,córdoba,14084,presidente roque sáenz peña,2014,701
14,córdoba,14084,presidente roque sáenz peña,2015,780
14,córdoba,14084,presidente roque sáenz peña,2016,843
14,córdoba,14084,presidente roque sáenz peña,2017,705
14,córdoba,14084,presidente roque sáenz peña,2018,668
14,córdoba,14084,presidente roque sáenz peña,2019,698
14,córdoba,14084,presidente roque sáenz peña,2020,491
14,córdoba,14084,presidente roque sáenz peña,2021,675
14,córdoba,14084,presidente roque sáenz peña,2022,593
14,córdoba,14084,presidente roque sáenz peña,2023,650
14,córdoba,14084,presidente roque sáenz peña,2024,609
14,córdoba,14091,punilla,2000,6781
14,córdoba,14091,punilla,2001,6784
14,córdoba,14091,punilla,2002,7199
14,córdoba,14091,punilla,2003,7788
14,córdoba,14091,punilla,2004,6532
14,córdoba,14091,punilla,2005,5478
14,córdoba,14091,punilla,2006,6232
14,córdoba,14091,punilla,2007,6022
14,córdoba,14091,punilla,2008,5716
14,córdoba,14091,punilla,2009,6490
14,córdoba,14091,punilla,2010,5778
14,córdoba,14091,punilla,2011,5862
14,córdoba,14091,punilla,2012,4104
14,córdoba,14091,punilla,2013,0
14,córdoba,14091,punilla,2014,7980
14,córdoba,14091,punilla,2015,6850
14,córdoba,14091,punilla,2016,7838
14,córdoba,14091,punilla,2017,8194
14,córdoba,14091,punilla,2018,8344
14,córdoba,14091,punilla,2019,8997
14,córdoba,14091,punilla,2020,7238
14,córdoba,14091,punilla,2021,6873
14,córdoba,14091,punilla,2022,5595
14,córdoba,14091,punilla,2023,6342
14,córdoba,14091,punilla,2024,11064
14,córdoba,14098,río cuarto,2000,5597
14,córdoba,14098,río cuarto,2001,4855
14,córdoba,14098,río cuarto,2002,7329
14,córdoba,14098,río cuarto,2003,6683
14,córdoba,14098,río cuarto,2004,6056
14,córdoba,14098,río cuarto,2005,5142
14,córdoba,14098,río cuarto,2006,4297
14,córdoba,14098,río cuarto,2007,3878
14,córdoba,14098,río cuarto,2008,3917
14,córdoba,14098,río cuarto,2009,3787
14,córdoba,14098,río cuarto,2010,3834
14,córdoba,14098,río cuarto,2011,4012
14,córdoba,14098,río cuarto,2012,2828
14,córdoba,14098,río cuarto,2013,0
14,córdoba,14098,río cuarto,2014,5374
14,córdoba,14098,río cuarto,2015,5446
14,córdoba,14098,río cuarto,2016,5995
14,córdoba,14098,río cuarto,2017,6049
14,córdoba,14098,río cuarto,2018,5925
14,córdoba,14098,río cuarto,2019,5952
14,córdoba,14098,río cuarto,2020,4409
14,córdoba,14098,río cuarto,2021,5241
14,córdoba,14098,río cuarto,2022,6143
14,córdoba,14098,río cuarto,2023,5880
14,córdoba,14098,río cuarto,2024,5742
14,córdoba,14105,río primero,2000,433
14,córdoba,14105,río primero,2001,482
14,córdoba,14105,río primero,2002,735
14,córdoba,14105,río primero,2003,774
14,córdoba,14105,río primero,2004,615
14,córdoba,14105,río primero,2005,639
14,córdoba,14105,río primero,2006,479
14,córdoba,14105,río primero,2007,438
14,córdoba,14105,río primero,2008,444
14,córdoba,14105,río primero,2009,392
14,córdoba,14105,río primero,2010,352
14,córdoba,14105,río primero,2011,324
14,córdoba,14105,río primero,2012,272
14,córdoba,14105,río primero,2013,0
14,córdoba,14105,río primero,2014,411
14,córdoba,14105,río primero,2015,492
14,córdoba,14105,río primero,2016,681
14,córdoba,14105,río primero,2017,348
14,córdoba,14105,río primero,2018,386
14,córdoba,14105,río primero,2019,413
14,córdoba,14105,río primero,2020,580
14,córdoba,14105,río primero,2021,747
14,córdoba,14105,río primero,2022,657
14,córdoba,14105,río primero,2023,736
14,córdoba,14105,río primero,2024,924
14,córdoba,14112,río seco,2000,146
14,córdoba,14112,río seco,2001,143
14,córdoba,14112,río seco,2002,239
14,córdoba,14112,río seco,2003,303
14,córdoba,14112,río seco,2004,262
14,córdoba,14112,río seco,2005,175
14,córdoba,14112,río seco,2006,143
14,córdoba,14112,río seco,2007,184
14,córdoba,14112,río seco,2008,139
14,córdoba,14112,río seco,2009,157
14,córdoba,14112,río seco,2010,104
14,córdoba,14112,río seco,2011,122
14,córdoba,14112,río seco,2012,71
14,córdoba,14112,río seco,2013,0
14,córdoba,14112,río seco,2014,189
14,córdoba,14112,río seco,2015,126
14,córdoba,14112,río seco,2016,114
14,córdoba,14112,río seco,2017,94
14,córdoba,14112,río seco,2018,98
14,córdoba,14112,río seco,2019,177
14,córdoba,14112,río seco,2020,115
14,córdoba,14112,río seco,2021,174
14,córdoba,14112,río seco,2022,225
14,córdoba,14112,río seco,2023,240
14,córdoba,14112,río seco,2024,217
14,córdoba,14119,río segundo,2000,735
14,córdoba,14119,río segundo,2001,591
14,córdoba,14119,río segundo,2002,788
14,córdoba,14119,río segundo,2003,696
14,córdoba,14119,río segundo,2004,932
14,córdoba,14119,río segundo,2005,1015
14,córdoba,14119,río segundo,2006,946
14,córdoba,14119,río segundo,2007,1044
14,córdoba,14119,río segundo,2008,1015
14,córdoba,14119,río segundo,2009,1139
14,córdoba,14119,río segundo,2010,1039
14,córdoba,14119,río segundo,2011,1002
14,córdoba,14119,río segundo,2012,802
14,córdoba,14119,río segundo,2013,0
14,córdoba,14119,río segundo,2014,1462
14,córdoba,14119,río segundo,2015,1438
14,córdoba,14119,río segundo,2016,1510
14,córdoba,14119,río segundo,2017,1797
14,córdoba,14119,río segundo,2018,2452
14,córdoba,14119,río segundo,2019,2533
14,córdoba,14119,río segundo,2020,1793
14,córdoba,14119,río segundo,2021,2423
14,córdoba,14119,río segundo,2022,2821
14,córdoba,14119,río segundo,2023,2925
14,córdoba,14119,río segundo,2024,2945
14,córdoba,14126,san alberto,2000,381
14,córdoba,14126,san alberto,2001,299
14,córdoba,14126,san alberto,2002,513
14,córdoba,14126,san alberto,2003,573
14,córdoba,14126,san alberto,2004,689
14,córdoba,14126,san alberto,2005,630
14,córdoba,14126,san alberto,2006,555
14,córdoba,14126,san alberto,2007,513
14,córdoba,14126,san alberto,2008,557
14,córdoba,14126,san alberto,2009,553
14,córdoba,14126,san alberto,2010,476
14,córdoba,14126,san alberto,2011,477
14,córdoba,14126,san alberto,2012,304
14,córdoba,14126,san alberto,2013,0
14,córdoba,14126,san alberto,2014,440
14,córdoba,14126,san alberto,2015,438
14,córdoba,14126,san alberto,2016,432
14,córdoba,14126,san alberto,2017,386
14,córdoba,14126,san alberto,2018,479
14,córdoba,14126,san alberto,2019,528
14,córdoba,14126,san alberto,2020,595
14,córdoba,14126,san alberto,2021,860
14,córdoba,14126,san alberto,2022,642
14,córdoba,14126,san alberto,2023,389
14,córdoba,14126,san alberto,2024,748
14,córdoba,14133,san javier,2000,1373
14,córdoba,14133,san javier,2001,1360
14,córdoba,14133,san javier,2002,1422
14,córdoba,14133,san javier,2003,1300
14,córdoba,14133,san javier,2004,975
14,córdoba,14133,san javier,2005,848
14,córdoba,14133,san javier,2006,682
14,córdoba,14133,san javier,2007,477
14,córdoba,14133,san javier,2008,490
14,córdoba,14133,san javier,2009,615
14,córdoba,14133,san javier,2010,567
14,córdoba,14133,san javier,2011,531
14,córdoba,14133,san javier,2012,341
14,córdoba,14133,san javier,2013,0
14,córdoba,14133,san javier,2014,424
14,córdoba,14133,san javier,2015,353
14,córdoba,14133,san javier,2016,511
14,córdoba,14133,san javier,2017,650
14,córdoba,14133,san javier,2018,464
14,córdoba,14133,san javier,2019,422
14,córdoba,14133,san javier,2020,326
14,córdoba,14133,san javier,2021,421
14,córdoba,14133,san javier,2022,321
14,córdoba,14133,san javier,2023,486
14,córdoba,14133,san javier,2024,473
14,córdoba,14140,san justo,2000,1743
14,córdoba,14140,san justo,2001,1904
14,córdoba,14140,san justo,2002,2431
14,córdoba,14140,san justo,2003,2493
14,córdoba,14140,san justo,2004,2360
14,córdoba,14140,san justo,2005,2849
14,córdoba,14140,san justo,2006,2559
14,córdoba,14140,san justo,2007,2597
14,córdoba,14140,san justo,2008,2273
14,córdoba,14140,san justo,2009,2469
14,córdoba,14140,san justo,2010,2331
14,córdoba,14140,san justo,2011,2257
14,córdoba,14140,san justo,2012,1360
14,córdoba,14140,san justo,2013,0
14,córdoba,14140,san justo,2014,2020
14,córdoba,14140,san justo,2015,2210
14,córdoba,14140,san justo,2016,1407
14,córdoba,14140,san justo,2017,1581
14,córdoba,14140,san justo,2018,1864
14,córdoba,14140,san justo,2019,1760
14,córdoba,14140,san justo,2020,1563
14,córdoba,14140,san justo,2021,2091
14,córdoba,14140,san justo,2022,2020
14,córdoba,14140,san justo,2023,2434
14,córdoba,14140,san justo,2024,3481
14,córdoba,14147,santa maría,2000,1583
14,córdoba,14147,santa maría,2001,1981
14,córdoba,14147,santa maría,2002,2557
14,córdoba,14147,santa maría,2003,2167
14,córdoba,14147,santa maría,2004,2848
14,córdoba,14147,santa maría,2005,2683
14,córdoba,14147,santa maría,2006,2729
14,córdoba,14147,santa maría,2007,2513
14,córdoba,14147,santa maría,2008,2545
14,córdoba,14147,santa maría,2009,2448
14,córdoba,14147,santa maría,2010,2231
14,córdoba,14147,santa maría,2011,2261
14,córdoba,14147,santa maría,2012,1494
14,córdoba,14147,santa maría,2013,0
14,córdoba,14147,santa maría,2014,0
14,córdoba,14147,santa maría,2015,0
14,córdoba,14147,santa maría,2016,2761
14,córdoba,14147,santa maría,2017,2682
14,córdoba,14147,santa maría,2018,2407
14,córdoba,14147,santa maría,2019,2717
14,córdoba,14147,santa maría,2020,1865
14,córdoba,14147,santa maría,2021,2395
14,córdoba,14147,santa maría,2022,3274
14,córdoba,14147,santa maría,2023,3539
14,córdoba,14147,santa maría,2024,3764
14,córdoba,14154,sobremonte,2000,64
14,córdoba,14154,sobremonte,2001,55
14,córdoba,14154,sobremonte,2002,100
14,córdoba,14154,sobremonte,2003,76
14,córdoba,14154,sobremonte,2004,94
14,córdoba,14154,sobremonte,2005,85
14,córdoba,14154,sobremonte,2006,82
14,córdoba,14154,sobremonte,2007,70
14,córdoba,14154,sobremonte,2008,64
14,córdoba,14154,sobremonte,2009,65
14,córdoba,14154,sobremonte,2010,86
14,córdoba,14154,sobremonte,2011,71
14,córdoba,14154,sobremonte,2012,43
14,córdoba,14154,sobremonte,2013,0
14,córdoba,14154,sobremonte,2014,38
14,córdoba,14154,sobremonte,2015,47
14,córdoba,14154,sobremonte,2016,30
14,córdoba,14154,sobremonte,2017,32
14,córdoba,14154,sobremonte,2018,41
14,córdoba,14154,sobremonte,2019,32
14,córdoba,14154,sobremonte,2020,21
14,córdoba,14154,sobremonte,2021,26
14,córdoba,14154,sobremonte,2022,28
14,córdoba,14154,sobremonte,2023,69
14,córdoba,14154,sobremonte,2024,79
14,córdoba,14161,tercero arriba,2000,1343
14,córdoba,14161,tercero arriba,2001,1653
14,córdoba,14161,tercero arriba,2002,2180
14,córdoba,14161,tercero arriba,2003,1972
14,córdoba,14161,tercero arriba,2004,1075
14,córdoba,14161,tercero arriba,2005,1147
14,córdoba,14161,tercero arriba,2006,1480
14,córdoba,14161,tercero arriba,2007,1099
14,córdoba,14161,tercero arriba,2008,1021
14,córdoba,14161,tercero arriba,2009,1068
14,córdoba,14161,tercero arriba,2010,1095
14,córdoba,14161,tercero arriba,2011,999
14,córdoba,14161,tercero arriba,2012,720
14,córdoba,14161,tercero arriba,2013,0
14,córdoba,14161,tercero arriba,2014,1199
14,córdoba,14161,tercero arriba,2015,896
14,córdoba,14161,tercero arriba,2016,1124
14,córdoba,14161,tercero arriba,2017,1149
14,córdoba,14161,tercero arriba,2018,1249
14,córdoba,14161,tercero arriba,2019,938
14,córdoba,14161,tercero arriba,2020,560
14,córdoba,14161,tercero arriba,2021,569
14,córdoba,14161,tercero arriba,2022,517
14,córdoba,14161,tercero arriba,2023,578
14,córdoba,14161,tercero arriba,2024,587
14,córdoba,14168,totoral,2000,154
14,córdoba,14168,totoral,2001,229
14,córdoba,14168,totoral,2002,276
14,córdoba,14168,totoral,2003,272
14,córdoba,14168,totoral,2004,322
14,córdoba,14168,totoral,2005,326
14,córdoba,14168,totoral,2006,213
14,córdoba,14168,totoral,2007,207
14,córdoba,14168,totoral,2008,221
14,córdoba,14168,totoral,2009,255
14,córdoba,14168,totoral,2010,247
14,córdoba,14168,totoral,2011,171
14,córdoba,14168,totoral,2012,160
14,córdoba,14168,totoral,2013,0
14,córdoba,14168,totoral,2014,239
14,córdoba,14168,totoral,2015,227
14,córdoba,14168,totoral,2016,337
14,córdoba,14168,totoral,2017,302
14,córdoba,14168,totoral,2018,381
14,córdoba,14168,totoral,2019,329
14,córdoba,14168,totoral,2020,348
14,córdoba,14168,totoral,2021,433
14,córdoba,14168,totoral,2022,526
14,córdoba,14168,totoral,2023,466
14,córdoba,14168,totoral,2024,421
14,córdoba,14175,tulumba,2000,184
14,córdoba,14175,tulumba,2001,180
14,córdoba,14175,tulumba,2002,236
14,córdoba,14175,tulumba,2003,254
14,córdoba,14175,tulumba,2004,280
14,córdoba,14175,tulumba,2005,301
14,córdoba,14175,tulumba,2006,187
14,córdoba,14175,tulumba,2007,186
14,córdoba,14175,tulumba,2008,177
14,córdoba,14175,tulumba,2009,210
14,córdoba,14175,tulumba,2010,164
14,córdoba,14175,tulumba,2011,134
14,córdoba,14175,tulumba,2012,110
14,córdoba,14175,tulumba,2013,0
14,córdoba,14175,tulumba,2014,192
14,córdoba,14175,tulumba,2015,146
14,córdoba,14175,tulumba,2016,156
14,córdoba,14175,tulumba,2017,133
14,córdoba,14175,tulumba,2018,130
14,córdoba,14175,tulumba,2019,157
14,córdoba,14175,tulumba,2020,123
14,córdoba,14175,tulumba,2021,132
14,córdoba,14175,tulumba,2022,115
14,córdoba,14175,tulumba,2023,156
14,córdoba,14175,tulumba,2024,159
14,córdoba,14182,unión,2000,1087
14,córdoba,14182,unión,2001,1167
14,córdoba,14182,unión,2002,1581
14,córdoba,14182,unión,2003,1427
14,córdoba,14182,unión,2004,1812
14,córdoba,14182,unión,2005,1792
14,córdoba,14182,unión,2006,1512
14,córdoba,14182,unión,2007,1470
14,córdoba,14182,unión,2008,1596
14,córdoba,14182,unión,2009,1566
14,córdoba,14182,unión,2010,1222
14,córdoba,14182,unión,2011,1085
14,córdoba,14182,unión,2012,817
14,córdoba,14182,unión,2013,0
14,córdoba,14182,unión,2014,1592
14,córdoba,14182,unión,2015,1418
14,córdoba,14182,unión,2016,1382
14,córdoba,14182,unión,2017,1122
14,córdoba,14182,unión,2018,1107
14,córdoba,14182,unión,2019,1331
14,córdoba,14182,unión,2020,1188
14,córdoba,14182,unión,2021,1651
14,córdoba,14182,unión,2022,1648
14,córdoba,14182,unión,2023,1732
14,córdoba,14182,unión,2024,1885
18,corrientes,18007,bella vista,2000,415
18,corrientes,18007,bella vista,2001,439
18,corrientes,18007,bella vista,2002,856
18,corrientes,18007,bella vista,2003,747
18,corrientes,18007,bella vista,2004,679
18,corrientes,18007,bella vista,2005,613
18,corrientes,18007,bella vista,2006,517
18,corrientes,18007,bella vista,2007,473
18,corrientes,18007,bella vista,2008,367
18,corrientes,18007,bella vista,2009,328
18,corrientes,18007,bella vista,2010,382
18,corrientes,18007,bella vista,2011,310
18,corrientes,18007,bella vista,2012,289
18,corrientes,18007,bella vista,2013,234
18,corrientes,18007,bella vista,2014,257
18,corrientes,18007,bella vista,2015,295
18,corrientes,18007,bella vista,2016,249
18,corrientes,18007,bella vista,2017,165
18,corrientes,18007,bella vista,2018,184
18,corrientes,18007,bella vista,2019,245
18,corrientes,18007,bella vista,2020,184
18,corrientes,18007,bella vista,2021,266
18,corrientes,18007,bella vista,2022,294
18,corrientes,18007,bella vista,2023,286
18,corrientes,18007,bella vista,2024,209
18,corrientes,18014,berón de astrada,2000,17
18,corrientes,18014,berón de astrada,2001,14
18,corrientes,18014,berón de astrada,2002,48
18,corrientes,18014,berón de astrada,2003,31
18,corrientes,18014,berón de astrada,2004,30
18,corrientes,18014,berón de astrada,2005,14
18,corrientes,18014,berón de astrada,2006,8
18,corrientes,18014,berón de astrada,2007,28
18,corrientes,18014,berón de astrada,2008,34
18,corrientes,18014,berón de astrada,2009,45
18,corrientes,18014,berón de astrada,2010,35
18,corrientes,18014,berón de astrada,2011,53
18,corrientes,18014,berón de astrada,2012,51
18,corrientes,18014,berón de astrada,2013,24
18,corrientes,18014,berón de astrada,2014,11
18,corrientes,18014,berón de astrada,2015,25
18,corrientes,18014,berón de astrada,2016,15
18,corrientes,18014,berón de astrada,2017,11
18,corrientes,18014,berón de astrada,2018,4
18,corrientes,18014,berón de astrada,2019,1
18,corrientes,18014,berón de astrada,2020,3
18,corrientes,18014,berón de astrada,2021,17
18,corrientes,18014,berón de astrada,2022,19
18,corrientes,18014,berón de astrada,2023,19
18,corrientes,18014,berón de astrada,2024,6
18,corrientes,18021,capital,2000,10777
18,corrientes,18021,capital,2001,11466
18,corrientes,18021,capital,2002,12250
18,corrientes,18021,capital,2003,11669
18,corrientes,18021,capital,2004,10127
18,corrientes,18021,capital,2005,9362
18,corrientes,18021,capital,2006,8600
18,corrientes,18021,capital,2007,8208
18,corrientes,18021,capital,2008,8658
18,corrientes,18021,capital,2009,9183
18,corrientes,18021,capital,2010,8364
18,corrientes,18021,capital,2011,7096
18,corrientes,18021,capital,2012,7408
18,corrientes,18021,capital,2013,7481
18,corrientes,18021,capital,2014,9696
18,corrientes,18021,capital,2015,6286
18,corrientes,18021,capital,2016,6494
18,corrientes,18021,capital,2017,4944
18,corrientes,18021,capital,2018,5928
18,corrientes,18021,capital,2019,5580
18,corrientes,18021,capital,2020,4812
18,corrientes,18021,capital,2021,5629
18,corrientes,18021,capital,2022,6689
18,corrientes,18021,capital,2023,7292
18,corrientes,18021,capital,2024,6468
18,corrientes,18028,concepción,2000,144
18,corrientes,18028,concepción,2001,179
18,corrientes,18028,concepción,2002,315
18,corrientes,18028,concepción,2003,239
18,corrientes,18028,concepción,2004,191
18,corrientes,18028,concepción,2005,168
18,corrientes,18028,concepción,2006,131
18,corrientes,18028,concepción,2007,118
18,corrientes,18028,concepción,2008,126
18,corrientes,18028,concepción,2009,154
18,corrientes,18028,concepción,2010,165
18,corrientes,18028,concepción,2011,114
18,corrientes,18028,concepción,2012,105
18,corrientes,18028,concepción,2013,86
18,corrientes,18028,concepción,2014,85
18,corrientes,18028,concepción,2015,130
18,corrientes,18028,concepción,2016,108
18,corrientes,18028,concepción,2017,109
18,corrientes,18028,concepción,2018,96
18,corrientes,18028,concepción,2019,112
18,corrientes,18028,concepción,2020,152
18,corrientes,18028,concepción,2021,200
18,corrientes,18028,concepción,2022,200
18,corrientes,18028,concepción,2023,324
18,corrientes,18028,concepción,2024,281
18,corrientes,18035,curuzú cuatiá,2000,427
18,corrientes,18035,curuzú cuatiá,2001,507
18,corrientes,18035,curuzú cuatiá,2002,556
18,corrientes,18035,curuzú cuatiá,2003,554
18,corrientes,18035,curuzú cuatiá,2004,436
18,corrientes,18035,curuzú cuatiá,2005,406
18,corrientes,18035,curuzú cuatiá,2006,418
18,corrientes,18035,curuzú cuatiá,2007,491
18,corrientes,18035,curuzú cuatiá,2008,506
18,corrientes,18035,curuzú cuatiá,2009,520
18,corrientes,18035,curuzú cuatiá,2010,464
18,corrientes,18035,curuzú cuatiá,2011,458
18,corrientes,18035,curuzú cuatiá,2012,460
18,corrientes,18035,curuzú cuatiá,2013,264
18,corrientes,18035,curuzú cuatiá,2014,199
18,corrientes,18035,curuzú cuatiá,2015,242
18,corrientes,18035,curuzú cuatiá,2016,265
18,corrientes,18035,curuzú cuatiá,2017,439
18,corrientes,18035,curuzú cuatiá,2018,271
18,corrientes,18035,curuzú cuatiá,2019,333
18,corrientes,18035,curuzú cuatiá,2020,261
18,corrientes,18035,curuzú cuatiá,2021,450
18,corrientes,18035,curuzú cuatiá,2022,553
18,corrientes,18035,curuzú cuatiá,2023,556
18,corrientes,18035,curuzú cuatiá,2024,513
18,corrientes,18042,empedrado,2000,100
18,corrientes,18042,empedrado,2001,77
18,corrientes,18042,empedrado,2002,163
18,corrientes,18042,empedrado,2003,186
18,corrientes,18042,empedrado,2004,222
18,corrientes,18042,empedrado,2005,199
18,corrientes,18042,empedrado,2006,191
18,corrientes,18042,empedrado,2007,165
18,corrientes,18042,empedrado,2008,177
18,corrientes,18042,empedrado,2009,193
18,corrientes,18042,empedrado,2010,211
18,corrientes,18042,empedrado,2011,180
18,corrientes,18042,empedrado,2012,177
18,corrientes,18042,empedrado,2013,158
18,corrientes,18042,empedrado,2014,176
18,corrientes,18042,empedrado,2015,150
18,corrientes,18042,empedrado,2016,103
18,corrientes,18042,empedrado,2017,71
18,corrientes,18042,empedrado,2018,126
18,corrientes,18042,empedrado,2019,171
18,corrientes,18042,empedrado,2020,121
18,corrientes,18042,empedrado,2021,159
18,corrientes,18042,empedrado,2022,201
18,corrientes,18042,empedrado,2023,157
18,corrientes,18042,empedrado,2024,114
18,corrientes,18049,esquina,2000,162
18,corrientes,18049,esquina,2001,220
18,corrientes,18049,esquina,2002,384
18,corrientes,18049,esquina,2003,359
18,corrientes,18049,esquina,2004,377
18,corrientes,18049,esquina,2005,247
18,corrientes,18049,esquina,2006,246
18,corrientes,18049,esquina,2007,202
18,corrientes,18049,esquina,2008,212
18,corrientes,18049,esquina,2009,190
18,corrientes,18049,esquina,2010,199
18,corrientes,18049,esquina,2011,227
18,corrientes,18049,esquina,2012,225
18,corrientes,18049,esquina,2013,187
18,corrientes,18049,esquina,2014,188
18,corrientes,18049,esquina,2015,220
18,corrientes,18049,esquina,2016,208
18,corrientes,18049,esquina,2017,188
18,corrientes,18049,esquina,2018,107
18,corrientes,18049,esquina,2019,164
18,corrientes,18049,esquina,2020,169
18,corrientes,18049,esquina,2021,252
18,corrientes,18049,esquina,2022,270
18,corrientes,18049,esquina,2023,356
18,corrientes,18049,esquina,2024,321
18,corrientes,18056,general alvear,2000,97
18,corrientes,18056,general alvear,2001,101
18,corrientes,18056,general alvear,2002,182
18,corrientes,18056,general alvear,2003,177
18,corrientes,18056,general alvear,2004,124
18,corrientes,18056,general alvear,2005,115
18,corrientes,18056,general alvear,2006,115
18,corrientes,18056,general alvear,2007,115
18,corrientes,18056,general alvear,2008,146
18,corrientes,18056,general alvear,2009,113
18,corrientes,18056,general alvear,2010,131
18,corrientes,18056,general alvear,2011,115
18,corrientes,18056,general alvear,2012,108
18,corrientes,18056,general alvear,2013,111
18,corrientes,18056,general alvear,2014,72
18,corrientes,18056,general alvear,2015,49
18,corrientes,18056,general alvear,2016,95
18,corrientes,18056,general alvear,2017,133
18,corrientes,18056,general alvear,2018,63
18,corrientes,18056,general alvear,2019,74
18,corrientes,18056,general alvear,2020,116
18,corrientes,18056,general alvear,2021,123
18,corrientes,18056,general alvear,2022,168
18,corrientes,18056,general alvear,2023,182
18,corrientes,18056,general alvear,2024,147
18,corrientes,18063,general paz,2000,130
18,corrientes,18063,general paz,2001,132
18,corrientes,18063,general paz,2002,245
18,corrientes,18063,general paz,2003,169
18,corrientes,18063,general paz,2004,146
18,corrientes,18063,general paz,2005,147
18,corrientes,18063,general paz,2006,147
18,corrientes,18063,general paz,2007,118
18,corrientes,18063,general paz,2008,85
18,corrientes,18063,general paz,2009,76
18,corrientes,18063,general paz,2010,104
18,corrientes,18063,general paz,2011,90
18,corrientes,18063,general paz,2012,93
18,corrientes,18063,general paz,2013,155
18,corrientes,18063,general paz,2014,104
18,corrientes,18063,general paz,2015,114
18,corrientes,18063,general paz,2016,105
18,corrientes,18063,general paz,2017,67
18,corrientes,18063,general paz,2018,46
18,corrientes,18063,general paz,2019,54
18,corrientes,18063,general paz,2020,53
18,corrientes,18063,general paz,2021,144
18,corrientes,18063,general paz,2022,132
18,corrientes,18063,general paz,2023,121
18,corrientes,18063,general paz,2024,98
18,corrientes,18070,goya,2000,960
18,corrientes,18070,goya,2001,1703
18,corrientes,18070,goya,2002,2480
18,corrientes,18070,goya,2003,2007
18,corrientes,18070,goya,2004,1573
18,corrientes,18070,goya,2005,1098
18,corrientes,18070,goya,2006,1170
18,corrientes,18070,goya,2007,982
18,corrientes,18070,goya,2008,794
18,corrientes,18070,goya,2009,828
18,corrientes,18070,goya,2010,721
18,corrientes,18070,goya,2011,629
18,corrientes,18070,goya,2012,626
18,corrientes,18070,goya,2013,442
18,corrientes,18070,goya,2014,439
18,corrientes,18070,goya,2015,609
18,corrientes,18070,goya,2016,590
18,corrientes,18070,goya,2017,714
18,corrientes,18070,goya,2018,623
18,corrientes,18070,goya,2019,614
18,corrientes,18070,goya,2020,507
18,corrientes,18070,goya,2021,890
18,corrientes,18070,goya,2022,994
18,corrientes,18070,goya,2023,1457
18,corrientes,18070,goya,2024,1062
18,corrientes,18077,itatí,2000,168
18,corrientes,18077,itatí,2001,139
18,corrientes,18077,itatí,2002,270
18,corrientes,18077,itatí,2003,190
18,corrientes,18077,itatí,2004,126
18,corrientes,18077,itatí,2005,124
18,corrientes,18077,itatí,2006,173
18,corrientes,18077,itatí,2007,125
18,corrientes,18077,itatí,2008,148
18,corrientes,18077,itatí,2009,172
18,corrientes,18077,itatí,2010,194
18,corrientes,18077,itatí,2011,161
18,corrientes,18077,itatí,2012,129
18,corrientes,18077,itatí,2013,92
18,corrientes,18077,itatí,2014,87
18,corrientes,18077,itatí,2015,93
18,corrientes,18077,itatí,2016,63
18,corrientes,18077,itatí,2017,103
18,corrientes,18077,itatí,2018,43
18,corrientes,18077,itatí,2019,112
18,corrientes,18077,itatí,2020,91
18,corrientes,18077,itatí,2021,111
18,corrientes,18077,itatí,2022,169
18,corrientes,18077,itatí,2023,159
18,corrientes,18077,itatí,2024,136
18,corrientes,18084,ituzaingó,2000,336
18,corrientes,18084,ituzaingó,2001,398
18,corrientes,18084,ituzaingó,2002,781
18,corrientes,18084,ituzaingó,2003,675
18,corrientes,18084,ituzaingó,2004,545
18,corrientes,18084,ituzaingó,2005,461
18,corrientes,18084,ituzaingó,2006,473
18,corrientes,18084,ituzaingó,2007,408
18,corrientes,18084,ituzaingó,2008,344
18,corrientes,18084,ituzaingó,2009,389
18,corrientes,18084,ituzaingó,2010,356
18,corrientes,18084,ituzaingó,2011,320
18,corrientes,18084,ituzaingó,2012,347
18,corrientes,18084,ituzaingó,2013,273
18,corrientes,18084,ituzaingó,2014,307
18,corrientes,18084,ituzaingó,2015,350
18,corrientes,18084,ituzaingó,2016,332
18,corrientes,18084,ituzaingó,2017,305
18,corrientes,18084,ituzaingó,2018,336
18,corrientes,18084,ituzaingó,2019,367
18,corrientes,18084,ituzaingó,2020,299
18,corrientes,18084,ituzaingó,2021,419
18,corrientes,18084,ituzaingó,2022,583
18,corrientes,18084,ituzaingó,2023,490
18,corrientes,18084,ituzaingó,2024,455
18,corrientes,18091,lavalle,2000,156
18,corrientes,18091,lavalle,2001,154
18,corrientes,18091,lavalle,2002,237
18,corrientes,18091,lavalle,2003,250
18,corrientes,18091,lavalle,2004,302
18,corrientes,18091,lavalle,2005,197
18,corrientes,18091,lavalle,2006,167
18,corrientes,18091,lavalle,2007,146
18,corrientes,18091,lavalle,2008,175
18,corrientes,18091,lavalle,2009,177
18,corrientes,18091,lavalle,2010,189
18,corrientes,18091,lavalle,2011,138
18,corrientes,18091,lavalle,2012,132
18,corrientes,18091,lavalle,2013,135
18,corrientes,18091,lavalle,2014,169
18,corrientes,18091,lavalle,2015,136
18,corrientes,18091,lavalle,2016,147
18,corrientes,18091,lavalle,2017,102
18,corrientes,18091,lavalle,2018,86
18,corrientes,18091,lavalle,2019,90
18,corrientes,18091,lavalle,2020,68
18,corrientes,18091,lavalle,2021,78
18,corrientes,18091,lavalle,2022,91
18,corrientes,18091,lavalle,2023,77
18,corrientes,18091,lavalle,2024,148
18,corrientes,18098,mburucuyá,2000,53
18,corrientes,18098,mburucuyá,2001,106
18,corrientes,18098,mburucuyá,2002,87
18,corrientes,18098,mburucuyá,2003,69
18,corrientes,18098,mburucuyá,2004,60
18,corrientes,18098,mburucuyá,2005,34
18,corrientes,18098,mburucuyá,2006,45
18,corrientes,18098,mburucuyá,2007,67
18,corrientes,18098,mburucuyá,2008,65
18,corrientes,18098,mburucuyá,2009,41
18,corrientes,18098,mburucuyá,2010,34
18,corrientes,18098,mburucuyá,2011,46
18,corrientes,18098,mburucuyá,2012,66
18,corrientes,18098,mburucuyá,2013,61
18,corrientes,18098,mburucuyá,2014,61
18,corrientes,18098,mburucuyá,2015,65
18,corrientes,18098,mburucuyá,2016,42
18,corrientes,18098,mburucuyá,2017,44
18,corrientes,18098,mburucuyá,2018,23
18,corrientes,18098,mburucuyá,2019,55
18,corrientes,18098,mburucuyá,2020,65
18,corrientes,18098,mburucuyá,2021,72
18,corrientes,18098,mburucuyá,2022,107
18,corrientes,18098,mburucuyá,2023,80
18,corrientes,18098,mburucuyá,2024,66
18,corrientes,18105,mercedes,2000,435
18,corrientes,18105,mercedes,2001,486
18,corrientes,18105,mercedes,2002,1116
18,corrientes,18105,mercedes,2003,873
18,corrientes,18105,mercedes,2004,719
18,corrientes,18105,mercedes,2005,778
18,corrientes,18105,mercedes,2006,759
18,corrientes,18105,mercedes,2007,483
18,corrientes,18105,mercedes,2008,398
18,corrientes,18105,mercedes,2009,393
18,corrientes,18105,mercedes,2010,342
18,corrientes,18105,mercedes,2011,409
18,corrientes,18105,mercedes,2012,439
18,corrientes,18105,mercedes,2013,425
18,corrientes,18105,mercedes,2014,277
18,corrientes,18105,mercedes,2015,437
18,corrientes,18105,mercedes,2016,314
18,corrientes,18105,mercedes,2017,301
18,corrientes,18105,mercedes,2018,258
18,corrientes,18105,mercedes,2019,291
18,corrientes,18105,mercedes,2020,287
18,corrientes,18105,mercedes,2021,568
18,corrientes,18105,mercedes,2022,533
18,corrientes,18105,mercedes,2023,519
18,corrientes,18105,mercedes,2024,489
18,corrientes,18112,monte caseros,2000,499
18,corrientes,18112,monte caseros,2001,614
18,corrientes,18112,monte caseros,2002,889
18,corrientes,18112,monte caseros,2003,529
18,corrientes,18112,monte caseros,2004,410
18,corrientes,18112,monte caseros,2005,293
18,corrientes,18112,monte caseros,2006,291
18,corrientes,18112,monte caseros,2007,276
18,corrientes,18112,monte caseros,2008,311
18,corrientes,18112,monte caseros,2009,317
18,corrientes,18112,monte caseros,2010,325
18,corrientes,18112,monte caseros,2011,316
18,corrientes,18112,monte caseros,2012,290
18,corrientes,18112,monte caseros,2013,278
18,corrientes,18112,monte caseros,2014,285
18,corrientes,18112,monte caseros,2015,386
18,corrientes,18112,monte caseros,2016,326
18,corrientes,18112,monte caseros,2017,394
18,corrientes,18112,monte caseros,2018,259
18,corrientes,18112,monte caseros,2019,248
18,corrientes,18112,monte caseros,2020,225
18,corrientes,18112,monte caseros,2021,390
18,corrientes,18112,monte caseros,2022,407
18,corrientes,18112,monte caseros,2023,567
18,corrientes,18112,monte caseros,2024,416
18,corrientes,18119,paso de los libres,2000,1246
18,corrientes,18119,paso de los libres,2001,1268
18,corrientes,18119,paso de los libres,2002,1828
18,corrientes,18119,paso de los libres,2003,1552
18,corrientes,18119,paso de los libres,2004,1430
18,corrientes,18119,paso de los libres,2005,1521
18,corrientes,18119,paso de los libres,2006,1283
18,corrientes,18119,paso de los libres,2007,1098
18,corrientes,18119,paso de los libres,2008,1124
18,corrientes,18119,paso de los libres,2009,1073
18,corrientes,18119,paso de los libres,2010,1116
18,corrientes,18119,paso de los libres,2011,874
18,corrientes,18119,paso de los libres,2012,835
18,corrientes,18119,paso de los libres,2013,859
18,corrientes,18119,paso de los libres,2014,749
18,corrientes,18119,paso de los libres,2015,765
18,corrientes,18119,paso de los libres,2016,808
18,corrientes,18119,paso de los libres,2017,872
18,corrientes,18119,paso de los libres,2018,466
18,corrientes,18119,paso de los libres,2019,503
18,corrientes,18119,paso de los libres,2020,578
18,corrientes,18119,paso de los libres,2021,990
18,corrientes,18119,paso de los libres,2022,999
18,corrientes,18119,paso de los libres,2023,1022
18,corrientes,18119,paso de los libres,2024,825
18,corrientes,18126,saladas,2000,128
18,corrientes,18126,saladas,2001,219
18,corrientes,18126,saladas,2002,369
18,corrientes,18126,saladas,2003,256
18,corrientes,18126,saladas,2004,256
18,corrientes,18126,saladas,2005,193
18,corrientes,18126,saladas,2006,204
18,corrientes,18126,saladas,2007,214
18,corrientes,18126,saladas,2008,236
18,corrientes,18126,saladas,2009,221
18,corrientes,18126,saladas,2010,229
18,corrientes,18126,saladas,2011,257
18,corrientes,18126,saladas,2012,242
18,corrientes,18126,saladas,2013,198
18,corrientes,18126,saladas,2014,190
18,corrientes,18126,saladas,2015,139
18,corrientes,18126,saladas,2016,165
18,corrientes,18126,saladas,2017,142
18,corrientes,18126,saladas,2018,145
18,corrientes,18126,saladas,2019,168
18,corrientes,18126,saladas,2020,173
18,corrientes,18126,saladas,2021,234
18,corrientes,18126,saladas,2022,275
18,corrientes,18126,saladas,2023,221
18,corrientes,18126,saladas,2024,209
18,corrientes,18133,san cosme,2000,266
18,corrientes,18133,san cosme,2001,329
18,corrientes,18133,san cosme,2002,672
18,corrientes,18133,san cosme,2003,480
18,corrientes,18133,san cosme,2004,408
18,corrientes,18133,san cosme,2005,399
18,corrientes,18133,san cosme,2006,472
18,corrientes,18133,san cosme,2007,408
18,corrientes,18133,san cosme,2008,363
18,corrientes,18133,san cosme,2009,347
18,corrientes,18133,san cosme,2010,400
18,corrientes,18133,san cosme,2011,337
18,corrientes,18133,san cosme,2012,341
18,corrientes,18133,san cosme,2013,545
18,corrientes,18133,san cosme,2014,419
18,corrientes,18133,san cosme,2015,431
18,corrientes,18133,san cosme,2016,407
18,corrientes,18133,san cosme,2017,287
18,corrientes,18133,san cosme,2018,246
18,corrientes,18133,san cosme,2019,178
18,corrientes,18133,san cosme,2020,178
18,corrientes,18133,san cosme,2021,280
18,corrientes,18133,san cosme,2022,353
18,corrientes,18133,san cosme,2023,436
18,corrientes,18133,san cosme,2024,360
18,corrientes,18140,san luis del palmar,2000,217
18,corrientes,18140,san luis del palmar,2001,273
18,corrientes,18140,san luis del palmar,2002,233
18,corrientes,18140,san luis del palmar,2003,265
18,corrientes,18140,san luis del palmar,2004,269
18,corrientes,18140,san luis del palmar,2005,213
18,corrientes,18140,san luis del palmar,2006,176
18,corrientes,18140,san luis del palmar,2007,214
18,corrientes,18140,san luis del palmar,2008,233
18,corrientes,18140,san luis del palmar,2009,184
18,corrientes,18140,san luis del palmar,2010,199
18,corrientes,18140,san luis del palmar,2011,222
18,corrientes,18140,san luis del palmar,2012,285
18,corrientes,18140,san luis del palmar,2013,141
18,corrientes,18140,san luis del palmar,2014,114
18,corrientes,18140,san luis del palmar,2015,117
18,corrientes,18140,san luis del palmar,2016,99
18,corrientes,18140,san luis del palmar,2017,98
18,corrientes,18140,san luis del palmar,2018,50
18,corrientes,18140,san luis del palmar,2019,99
18,corrientes,18140,san luis del palmar,2020,73
18,corrientes,18140,san luis del palmar,2021,153
18,corrientes,18140,san luis del palmar,2022,162
18,corrientes,18140,san luis del palmar,2023,151
18,corrientes,18140,san luis del palmar,2024,149
18,corrientes,18147,san martín,2000,94
18,corrientes,18147,san martín,2001,142
18,corrientes,18147,san martín,2002,193
18,corrientes,18147,san martín,2003,204
18,corrientes,18147,san martín,2004,175
18,corrientes,18147,san martín,2005,153
18,corrientes,18147,san martín,2006,128
18,corrientes,18147,san martín,2007,148
18,corrientes,18147,san martín,2008,152
18,corrientes,18147,san martín,2009,129
18,corrientes,18147,san martín,2010,175
18,corrientes,18147,san martín,2011,132
18,corrientes,18147,san martín,2012,120
18,corrientes,18147,san martín,2013,107
18,corrientes,18147,san martín,2014,100
18,corrientes,18147,san martín,2015,93
18,corrientes,18147,san martín,2016,105
18,corrientes,18147,san martín,2017,74
18,corrientes,18147,san martín,2018,25
18,corrientes,18147,san martín,2019,9
18,corrientes,18147,san martín,2020,48
18,corrientes,18147,san martín,2021,96
18,corrientes,18147,san martín,2022,120
18,corrientes,18147,san martín,2023,146
18,corrientes,18147,san martín,2024,173
18,corrientes,18154,san miguel,2000,77
18,corrientes,18154,san miguel,2001,93
18,corrientes,18154,san miguel,2002,228
18,corrientes,18154,san miguel,2003,147
18,corrientes,18154,san miguel,2004,123
18,corrientes,18154,san miguel,2005,125
18,corrientes,18154,san miguel,2006,102
18,corrientes,18154,san miguel,2007,103
18,corrientes,18154,san miguel,2008,84
18,corrientes,18154,san miguel,2009,63
18,corrientes,18154,san miguel,2010,58
18,corrientes,18154,san miguel,2011,59
18,corrientes,18154,san miguel,2012,72
18,corrientes,18154,san miguel,2013,54
18,corrientes,18154,san miguel,2014,59
18,corrientes,18154,san miguel,2015,81
18,corrientes,18154,san miguel,2016,56
18,corrientes,18154,san miguel,2017,29
18,corrientes,18154,san miguel,2018,37
18,corrientes,18154,san miguel,2019,17
18,corrientes,18154,san miguel,2020,47
18,corrientes,18154,san miguel,2021,65
18,corrientes,18154,san miguel,2022,90
18,corrientes,18154,san miguel,2023,91
18,corrientes,18154,san miguel,2024,86
18,corrientes,18161,san roque,2000,93
18,corrientes,18161,san roque,2001,136
18,corrientes,18161,san roque,2002,235
18,corrientes,18161,san roque,2003,299
18,corrientes,18161,san roque,2004,212
18,corrientes,18161,san roque,2005,137
18,corrientes,18161,san roque,2006,111
18,corrientes,18161,san roque,2007,127
18,corrientes,18161,san roque,2008,130
18,corrientes,18161,san roque,2009,118
18,corrientes,18161,san roque,2010,125
18,corrientes,18161,san roque,2011,133
18,corrientes,18161,san roque,2012,116
18,corrientes,18161,san roque,2013,118
18,corrientes,18161,san roque,2014,139
18,corrientes,18161,san roque,2015,112
18,corrientes,18161,san roque,2016,118
18,corrientes,18161,san roque,2017,61
18,corrientes,18161,san roque,2018,65
18,corrientes,18161,san roque,2019,111
18,corrientes,18161,san roque,2020,84
18,corrientes,18161,san roque,2021,138
18,corrientes,18161,san roque,2022,103
18,corrientes,18161,san roque,2023,34
18,corrientes,18161,san roque,2024,124
18,corrientes,18168,santo tomé,2000,490
18,corrientes,18168,santo tomé,2001,660
18,corrientes,18168,santo tomé,2002,933
18,corrientes,18168,santo tomé,2003,962
18,corrientes,18168,santo tomé,2004,732
18,corrientes,18168,santo tomé,2005,684
18,corrientes,18168,santo tomé,2006,915
18,corrientes,18168,santo tomé,2007,650
18,corrientes,18168,santo tomé,2008,634
18,corrientes,18168,santo tomé,2009,687
18,corrientes,18168,santo tomé,2010,648
18,corrientes,18168,santo tomé,2011,585
18,corrientes,18168,santo tomé,2012,512
18,corrientes,18168,santo tomé,2013,453
18,corrientes,18168,santo tomé,2014,459
18,corrientes,18168,santo tomé,2015,637
18,corrientes,18168,santo tomé,2016,504
18,corrientes,18168,santo tomé,2017,577
18,corrientes,18168,santo tomé,2018,481
18,corrientes,18168,santo tomé,2019,538
18,corrientes,18168,santo tomé,2020,486
18,corrientes,18168,santo tomé,2021,576
18,corrientes,18168,santo tomé,2022,780
18,corrientes,18168,santo tomé,2023,846
18,corrientes,18168,santo tomé,2024,763
18,corrientes,18175,sauce,2000,41
18,corrientes,18175,sauce,2001,42
18,corrientes,18175,sauce,2002,55
18,corrientes,18175,sauce,2003,119
18,corrientes,18175,sauce,2004,65
18,corrientes,18175,sauce,2005,54
18,corrientes,18175,sauce,2006,35
18,corrientes,18175,sauce,2007,22
18,corrientes,18175,sauce,2008,24
18,corrientes,18175,sauce,2009,19
18,corrientes,18175,sauce,2010,33
18,corrientes,18175,sauce,2011,35
18,corrientes,18175,sauce,2012,30
18,corrientes,18175,sauce,2013,33
18,corrientes,18175,sauce,2014,35
18,corrientes,18175,sauce,2015,39
18,corrientes,18175,sauce,2016,44
18,corrientes,18175,sauce,2017,31
18,corrientes,18175,sauce,2018,31
18,corrientes,18175,sauce,2019,26
18,corrientes,18175,sauce,2020,20
18,corrientes,18175,sauce,2021,51
18,corrientes,18175,sauce,2022,38
18,corrientes,18175,sauce,2023,91
18,corrientes,18175,sauce,2024,87
22,chaco,22007,almirante brown,2000,334
22,chaco,22007,almirante brown,2001,350
22,chaco,22007,almirante brown,2002,585
22,chaco,22007,almirante brown,2003,481
22,chaco,22007,almirante brown,2004,299
22,chaco,22007,almirante brown,2005,259
22,chaco,22007,almirante brown,2006,217
22,chaco,22007,almirante brown,2007,223
22,chaco,22007,almirante brown,2008,209
22,chaco,22007,almirante brown,2009,203
22,chaco,22007,almirante brown,2010,238
22,chaco,22007,almirante brown,2011,174
22,chaco,22007,almirante brown,2012,167
22,chaco,22007,almirante brown,2013,132
22,chaco,22007,almirante brown,2014,127
22,chaco,22007,almirante brown,2015,89
22,chaco,22007,almirante brown,2016,147
22,chaco,22007,almirante brown,2017,165
22,chaco,22007,almirante brown,2018,215
22,chaco,22007,almirante brown,2019,294
22,chaco,22007,almirante brown,2020,223
22,chaco,22007,almirante brown,2021,256
22,chaco,22007,almirante brown,2022,232
22,chaco,22007,almirante brown,2023,305
22,chaco,22007,almirante brown,2024,211
22,chaco,22014,bermejo,2000,169
22,chaco,22014,bermejo,2001,268
22,chaco,22014,bermejo,2002,403
22,chaco,22014,bermejo,2003,496
22,chaco,22014,bermejo,2004,434
22,chaco,22014,bermejo,2005,390
22,chaco,22014,bermejo,2006,379
22,chaco,22014,bermejo,2007,380
22,chaco,22014,bermejo,2008,361
22,chaco,22014,bermejo,2009,355
22,chaco,22014,bermejo,2010,431
22,chaco,22014,bermejo,2011,310
22,chaco,22014,bermejo,2012,300
22,chaco,22014,bermejo,2013,267
22,chaco,22014,bermejo,2014,298
22,chaco,22014,bermejo,2015,281
22,chaco,22014,bermejo,2016,370
22,chaco,22014,bermejo,2017,319
22,chaco,22014,bermejo,2018,287
22,chaco,22014,bermejo,2019,367
22,chaco,22014,bermejo,2020,251
22,chaco,22014,bermejo,2021,235
22,chaco,22014,bermejo,2022,238
22,chaco,22014,bermejo,2023,269
22,chaco,22014,bermejo,2024,337
22,chaco,22021,comandante fernández,2000,2740
22,chaco,22021,comandante fernández,2001,2682
22,chaco,22021,comandante fernández,2002,3403
22,chaco,22021,comandante fernández,2003,2826
22,chaco,22021,comandante fernández,2004,2337
22,chaco,22021,comandante fernández,2005,2214
22,chaco,22021,comandante fernández,2006,1952
22,chaco,22021,comandante fernández,2007,1496
22,chaco,22021,comandante fernández,2008,1127
22,chaco,22021,comandante fernández,2009,814
22,chaco,22021,comandante fernández,2010,333
22,chaco,22021,comandante fernández,2011,303
22,chaco,22021,comandante fernández,2012,419
22,chaco,22021,comandante fernández,2013,682
22,chaco,22021,comandante fernández,2014,1015
22,chaco,22021,comandante fernández,2015,533
22,chaco,22021,comandante fernández,2016,905
22,chaco,22021,comandante fernández,2017,1347
22,chaco,22021,comandante fernández,2018,2305
22,chaco,22021,comandante fernández,2019,2254
22,chaco,22021,comandante fernández,2020,1891
22,chaco,22021,comandante fernández,2021,2088
22,chaco,22021,comandante fernández,2022,1971
22,chaco,22021,comandante fernández,2023,1717
22,chaco,22021,comandante fernández,2024,1522
22,chaco,22028,chacabuco,2000,674
22,chaco,22028,chacabuco,2001,935
22,chaco,22028,chacabuco,2002,1545
22,chaco,22028,chacabuco,2003,1227
22,chaco,22028,chacabuco,2004,1058
22,chaco,22028,chacabuco,2005,997
22,chaco,22028,chacabuco,2006,1129
22,chaco,22028,chacabuco,2007,852
22,chaco,22028,chacabuco,2008,901
22,chaco,22028,chacabuco,2009,440
22,chaco,22028,chacabuco,2010,388
22,chaco,22028,chacabuco,2011,452
22,chaco,22028,chacabuco,2012,258
22,chaco,22028,chacabuco,2013,254
22,chaco,22028,chacabuco,2014,83
22,chaco,22028,chacabuco,2015,54
22,chaco,22028,chacabuco,2016,470
22,chaco,22028,chacabuco,2017,389
22,chaco,22028,chacabuco,2018,584
22,chaco,22028,chacabuco,2019,688
22,chaco,22028,chacabuco,2020,397
22,chaco,22028,chacabuco,2021,434
22,chaco,22028,chacabuco,2022,560
22,chaco,22028,chacabuco,2023,761
22,chaco,22028,chacabuco,2024,522
22,chaco,22036,12 de octubre,2000,385
22,chaco,22036,12 de octubre,2001,475
22,chaco,22036,12 de octubre,2002,584
22,chaco,22036,12 de octubre,2003,499
22,chaco,22036,12 de octubre,2004,403
22,chaco,22036,12 de octubre,2005,409
22,chaco,22036,12 de octubre,2006,338
22,chaco,22036,12 de octubre,2007,318
22,chaco,22036,12 de octubre,2008,229
22,chaco,22036,12 de octubre,2009,273
22,chaco,22036,12 de octubre,2010,194
22,chaco,22036,12 de octubre,2011,141
22,chaco,22036,12 de octubre,2012,223
22,chaco,22036,12 de octubre,2013,174
22,chaco,22036,12 de octubre,2014,108
22,chaco,22036,12 de octubre,2015,36
22,chaco,22036,12 de octubre,2016,140
22,chaco,22036,12 de octubre,2017,206
22,chaco,22036,12 de octubre,2018,166
22,chaco,22036,12 de octubre,2019,222
22,chaco,22036,12 de octubre,2020,157
22,chaco,22036,12 de octubre,2021,151
22,chaco,22036,12 de octubre,2022,93
22,chaco,22036,12 de octubre,2023,87
22,chaco,22036,12 de octubre,2024,136
22,chaco,22039,2 de abril,2000,86
22,chaco,22039,2 de abril,2001,77
22,chaco,22039,2 de abril,2002,120
22,chaco,22039,2 de abril,2003,121
22,chaco,22039,2 de abril,2004,84
22,chaco,22039,2 de abril,2005,100
22,chaco,22039,2 de abril,2006,98
22,chaco,22039,2 de abril,2007,58
22,chaco,22039,2 de abril,2008,53
22,chaco,22039,2 de abril,2009,59
22,chaco,22039,2 de abril,2010,46
22,chaco,22039,2 de abril,2011,66
22,chaco,22039,2 de abril,2012,65
22,chaco,22039,2 de abril,2013,36
22,chaco,22039,2 de abril,2014,13
22,chaco,22039,2 de abril,2015,5
22,chaco,22039,2 de abril,2016,16
22,chaco,22039,2 de abril,2017,27
22,chaco,22039,2 de abril,2018,19
22,chaco,22039,2 de abril,2019,15
22,chaco,22039,2 de abril,2020,27
22,chaco,22039,2 de abril,2021,26
22,chaco,22039,2 de abril,2022,18
22,chaco,22039,2 de abril,2023,18
22,chaco,22039,2 de abril,2024,38
22,chaco,22043,fray justo santa maría de oro,2000,104
22,chaco,22043,fray justo santa maría de oro,2001,146
22,chaco,22043,fray justo santa maría de oro,2002,201
22,chaco,22043,fray justo santa maría de oro,2003,197
22,chaco,22043,fray justo santa maría de oro,2004,158
22,chaco,22043,fray justo santa maría de oro,2005,170
22,chaco,22043,fray justo santa maría de oro,2006,104
22,chaco,22043,fray justo santa maría de oro,2007,46
22,chaco,22043,fray justo santa maría de oro,2008,46
22,chaco,22043,fray justo santa maría de oro,2009,79
22,chaco,22043,fray justo santa maría de oro,2010,67
22,chaco,22043,fray justo santa maría de oro,2011,87
22,chaco,22043,fray justo santa maría de oro,2012,99
22,chaco,22043,fray justo santa maría de oro,2013,55
22,chaco,22043,fray justo santa maría de oro,2014,69
22,chaco,22043,fray justo santa maría de oro,2015,41
22,chaco,22043,fray justo santa maría de oro,2016,40
22,chaco,22043,fray justo santa maría de oro,2017,83
22,chaco,22043,fray justo santa maría de oro,2018,55
22,chaco,22043,fray justo santa maría de oro,2019,70
22,chaco,22043,fray justo santa maría de oro,2020,75
22,chaco,22043,fray justo santa maría de oro,2021,49
22,chaco,22043,fray justo santa maría de oro,2022,82
22,chaco,22043,fray justo santa maría de oro,2023,82
22,chaco,22043,fray justo santa maría de oro,2024,71
22,chaco,22049,general belgrano,2000,211
22,chaco,22049,general belgrano,2001,222
22,chaco,22049,general belgrano,2002,281
22,chaco,22049,general belgrano,2003,309
22,chaco,22049,general belgrano,2004,214
22,chaco,22049,general belgrano,2005,202
22,chaco,22049,general belgrano,2006,167
22,chaco,22049,general belgrano,2007,134
22,chaco,22049,general belgrano,2008,74
22,chaco,22049,general belgrano,2009,103
22,chaco,22049,general belgrano,2010,81
22,chaco,22049,general belgrano,2011,62
22,chaco,22049,general belgrano,2012,80
22,chaco,22049,general belgrano,2013,7
22,chaco,22049,general belgrano,2014,50
22,chaco,22049,general belgrano,2015,11
22,chaco,22049,general belgrano,2016,44
22,chaco,22049,general belgrano,2017,90
22,chaco,22049,general belgrano,2018,93
22,chaco,22049,general belgrano,2019,80
22,chaco,22049,general belgrano,2020,62
22,chaco,22049,general belgrano,2021,69
22,chaco,22049,general belgrano,2022,129
22,chaco,22049,general belgrano,2023,161
22,chaco,22049,general belgrano,2024,221
22,chaco,22056,general donovan,2000,213
22,chaco,22056,general donovan,2001,213
22,chaco,22056,general donovan,2002,338
22,chaco,22056,general donovan,2003,274
22,chaco,22056,general donovan,2004,248
22,chaco,22056,general donovan,2005,246
22,chaco,22056,general donovan,2006,152
22,chaco,22056,general donovan,2007,109
22,chaco,22056,general donovan,2008,114
22,chaco,22056,general donovan,2009,190
22,chaco,22056,general donovan,2010,194
22,chaco,22056,general donovan,2011,126
22,chaco,22056,general donovan,2012,182
22,chaco,22056,general donovan,2013,186
22,chaco,22056,general donovan,2014,129
22,chaco,22056,general donovan,2015,145
22,chaco,22056,general donovan,2016,93
22,chaco,22056,general donovan,2017,80
22,chaco,22056,general donovan,2018,102
22,chaco,22056,general donovan,2019,96
22,chaco,22056,general donovan,2020,73
22,chaco,22056,general donovan,2021,82
22,chaco,22056,general donovan,2022,90
22,chaco,22056,general donovan,2023,80
22,chaco,22056,general donovan,2024,94
22,chaco,22063,general güemes,2000,995
22,chaco,22063,general güemes,2001,1032
22,chaco,22063,general güemes,2002,1255
22,chaco,22063,general güemes,2003,809
22,chaco,22063,general güemes,2004,829
22,chaco,22063,general güemes,2005,986
22,chaco,22063,general güemes,2006,842
22,chaco,22063,general güemes,2007,786
22,chaco,22063,general güemes,2008,953
22,chaco,22063,general güemes,2009,610
22,chaco,22063,general güemes,2010,693
22,chaco,22063,general güemes,2011,534
22,chaco,22063,general güemes,2012,539
22,chaco,22063,general güemes,2013,516
22,chaco,22063,general güemes,2014,543
22,chaco,22063,general güemes,2015,684
22,chaco,22063,general güemes,2016,1301
22,chaco,22063,general güemes,2017,981
22,chaco,22063,general güemes,2018,1196
22,chaco,22063,general güemes,2019,966
22,chaco,22063,general güemes,2020,654
22,chaco,22063,general güemes,2021,942
22,chaco,22063,general güemes,2022,882
22,chaco,22063,general güemes,2023,928
22,chaco,22063,general güemes,2024,855
22,chaco,22070,independencia,2000,276
22,chaco,22070,independencia,2001,338
22,chaco,22070,independencia,2002,446
22,chaco,22070,independencia,2003,409
22,chaco,22070,independencia,2004,237
22,chaco,22070,independencia,2005,262
22,chaco,22070,independencia,2006,178
22,chaco,22070,independencia,2007,189
22,chaco,22070,independencia,2008,165
22,chaco,22070,independencia,2009,169
22,chaco,22070,independencia,2010,75
22,chaco,22070,independencia,2011,66
22,chaco,22070,independencia,2012,108
22,chaco,22070,independencia,2013,115
22,chaco,22070,independencia,2014,153
22,chaco,22070,independencia,2015,48
22,chaco,22070,independencia,2016,76
22,chaco,22070,independencia,2017,150
22,chaco,22070,independencia,2018,243
22,chaco,22070,independencia,2019,276
22,chaco,22070,independencia,2020,211
22,chaco,22070,independencia,2021,289
22,chaco,22070,independencia,2022,201
22,chaco,22070,independencia,2023,220
22,chaco,22070,independencia,2024,185
22,chaco,22077,libertad,2000,256
22,chaco,22077,libertad,2001,245
22,chaco,22077,libertad,2002,255
22,chaco,22077,libertad,2003,175
22,chaco,22077,libertad,2004,170
22,chaco,22077,libertad,2005,146
22,chaco,22077,libertad,2006,202
22,chaco,22077,libertad,2007,271
22,chaco,22077,libertad,2008,303
22,chaco,22077,libertad,2009,184
22,chaco,22077,libertad,2010,246
22,chaco,22077,libertad,2011,178
22,chaco,22077,libertad,2012,217
22,chaco,22077,libertad,2013,217
22,chaco,22077,libertad,2014,353
22,chaco,22077,libertad,2015,273
22,chaco,22077,libertad,2016,273
22,chaco,22077,libertad,2017,194
22,chaco,22077,libertad,2018,190
22,chaco,22077,libertad,2019,171
22,chaco,22077,libertad,2020,104
22,chaco,22077,libertad,2021,147
22,chaco,22077,libertad,2022,140
22,chaco,22077,libertad,2023,207
22,chaco,22077,libertad,2024,262
22,chaco,22084,libertador general san martín,2000,1017
22,chaco,22084,libertador general san martín,2001,1293
22,chaco,22084,libertador general san martín,2002,1720
22,chaco,22084,libertador general san martín,2003,1124
22,chaco,22084,libertador general san martín,2004,1032
22,chaco,22084,libertador general san martín,2005,692
22,chaco,22084,libertador general san martín,2006,853
22,chaco,22084,libertador general san martín,2007,676
22,chaco,22084,libertador general san martín,2008,553
22,chaco,22084,libertador general san martín,2009,566
22,chaco,22084,libertador general san martín,2010,557
22,chaco,22084,libertador general san martín,2011,692
22,chaco,22084,libertador general san martín,2012,794
22,chaco,22084,libertador general san martín,2013,852
22,chaco,22084,libertador general san martín,2014,828
22,chaco,22084,libertador general san martín,2015,706
22,chaco,22084,libertador general san martín,2016,775
22,chaco,22084,libertador general san martín,2017,718
22,chaco,22084,libertador general san martín,2018,963
22,chaco,22084,libertador general san martín,2019,1171
22,chaco,22084,libertador general san martín,2020,680
22,chaco,22084,libertador general san martín,2021,625
22,chaco,22084,libertador general san martín,2022,460
22,chaco,22084,libertador general san martín,2023,530
22,chaco,22084,libertador general san martín,2024,787
22,chaco,22091,maipú,2000,160
22,chaco,22091,maipú,2001,236
22,chaco,22091,maipú,2002,301
22,chaco,22091,maipú,2003,250
22,chaco,22091,maipú,2004,207
22,chaco,22091,maipú,2005,183
22,chaco,22091,maipú,2006,171
22,chaco,22091,maipú,2007,122
22,chaco,22091,maipú,2008,84
22,chaco,22091,maipú,2009,124
22,chaco,22091,maipú,2010,130
22,chaco,22091,maipú,2011,161
22,chaco,22091,maipú,2012,120
22,chaco,22091,maipú,2013,34
22,chaco,22091,maipú,2014,19
22,chaco,22091,maipú,2015,31
22,chaco,22091,maipú,2016,162
22,chaco,22091,maipú,2017,307
22,chaco,22091,maipú,2018,298
22,chaco,22091,maipú,2019,305
22,chaco,22091,maipú,2020,209
22,chaco,22091,maipú,2021,154
22,chaco,22091,maipú,2022,161
22,chaco,22091,maipú,2023,229
22,chaco,22091,maipú,2024,184
22,chaco,22098,mayor luis j. fontana,2000,1682
22,chaco,22098,mayor luis j. fontana,2001,1744
22,chaco,22098,mayor luis j. fontana,2002,2938
22,chaco,22098,mayor luis j. fontana,2003,2346
22,chaco,22098,mayor luis j. fontana,2004,2017
22,chaco,22098,mayor luis j. fontana,2005,1241
22,chaco,22098,mayor luis j. fontana,2006,669
22,chaco,22098,mayor luis j. fontana,2007,831
22,chaco,22098,mayor luis j. fontana,2008,661
22,chaco,22098,mayor luis j. fontana,2009,504
22,chaco,22098,mayor luis j. fontana,2010,487
22,chaco,22098,mayor luis j. fontana,2011,448
22,chaco,22098,mayor luis j. fontana,2012,706
22,chaco,22098,mayor luis j. fontana,2013,586
22,chaco,22098,mayor luis j. fontana,2014,900
22,chaco,22098,mayor luis j. fontana,2015,554
22,chaco,22098,mayor luis j. fontana,2016,575
22,chaco,22098,mayor luis j. fontana,2017,729
22,chaco,22098,mayor luis j. fontana,2018,968
22,chaco,22098,mayor luis j. fontana,2019,819
22,chaco,22098,mayor luis j. fontana,2020,801
22,chaco,22098,mayor luis j. fontana,2021,776
22,chaco,22098,mayor luis j. fontana,2022,718
22,chaco,22098,mayor luis j. fontana,2023,754
22,chaco,22098,mayor luis j. fontana,2024,835
22,chaco,22105,9 de julio,2000,451
22,chaco,22105,9 de julio,2001,482
22,chaco,22105,9 de julio,2002,660
22,chaco,22105,9 de julio,2003,483
22,chaco,22105,9 de julio,2004,372
22,chaco,22105,9 de julio,2005,561
22,chaco,22105,9 de julio,2006,476
22,chaco,22105,9 de julio,2007,335
22,chaco,22105,9 de julio,2008,249
22,chaco,22105,9 de julio,2009,461
22,chaco,22105,9 de julio,2010,298
22,chaco,22105,9 de julio,2011,268
22,chaco,22105,9 de julio,2012,276
22,chaco,22105,9 de julio,2013,134
22,chaco,22105,9 de julio,2014,92
22,chaco,22105,9 de julio,2015,27
22,chaco,22105,9 de julio,2016,188
22,chaco,22105,9 de julio,2017,298
22,chaco,22105,9 de julio,2018,288
22,chaco,22105,9 de julio,2019,182
22,chaco,22105,9 de julio,2020,125
22,chaco,22105,9 de julio,2021,168
22,chaco,22105,9 de julio,2022,246
22,chaco,22105,9 de julio,2023,407
22,chaco,22105,9 de julio,2024,245
22,chaco,22112,o' higgins,2000,216
22,chaco,22112,o' higgins,2001,290
22,chaco,22112,o' higgins,2002,326
22,chaco,22112,o' higgins,2003,263
22,chaco,22112,o' higgins,2004,163
22,chaco,22112,o' higgins,2005,197
22,chaco,22112,o' higgins,2006,189
22,chaco,22112,o' higgins,2007,243
22,chaco,22112,o' higgins,2008,159
22,chaco,22112,o' higgins,2009,148
22,chaco,22112,o' higgins,2010,147
22,chaco,22112,o' higgins,2011,110
22,chaco,22112,o' higgins,2012,122
22,chaco,22112,o' higgins,2013,126
22,chaco,22112,o' higgins,2014,129
22,chaco,22112,o' higgins,2015,136
22,chaco,22112,o' higgins,2016,127
22,chaco,22112,o' higgins,2017,180
22,chaco,22112,o' higgins,2018,229
22,chaco,22112,o' higgins,2019,159
22,chaco,22112,o' higgins,2020,145
22,chaco,22112,o' higgins,2021,226
22,chaco,22112,o' higgins,2022,155
22,chaco,22112,o' higgins,2023,169
22,chaco,22112,o' higgins,2024,207
22,chaco,22119,presidencia de la plaza,2000,107
22,chaco,22119,presidencia de la plaza,2001,170
22,chaco,22119,presidencia de la plaza,2002,234
22,chaco,22119,presidencia de la plaza,2003,203
22,chaco,22119,presidencia de la plaza,2004,243
22,chaco,22119,presidencia de la plaza,2005,181
22,chaco,22119,presidencia de la plaza,2006,215
22,chaco,22119,presidencia de la plaza,2007,125
22,chaco,22119,presidencia de la plaza,2008,195
22,chaco,22119,presidencia de la plaza,2009,160
22,chaco,22119,presidencia de la plaza,2010,90
22,chaco,22119,presidencia de la plaza,2011,121
22,chaco,22119,presidencia de la plaza,2012,63
22,chaco,22119,presidencia de la plaza,2013,53
22,chaco,22119,presidencia de la plaza,2014,70
22,chaco,22119,presidencia de la plaza,2015,74
22,chaco,22119,presidencia de la plaza,2016,0
22,chaco,22119,presidencia de la plaza,2017,79
22,chaco,22119,presidencia de la plaza,2018,98
22,chaco,22119,presidencia de la plaza,2019,89
22,chaco,22119,presidencia de la plaza,2020,77
22,chaco,22119,presidencia de la plaza,2021,73
22,chaco,22119,presidencia de la plaza,2022,89
22,chaco,22119,presidencia de la plaza,2023,101
22,chaco,22119,presidencia de la plaza,2024,130
22,chaco,22126,1º de mayo,2000,150
22,chaco,22126,1º de mayo,2001,237
22,chaco,22126,1º de mayo,2002,334
22,chaco,22126,1º de mayo,2003,242
22,chaco,22126,1º de mayo,2004,162
22,chaco,22126,1º de mayo,2005,133
22,chaco,22126,1º de mayo,2006,160
22,chaco,22126,1º de mayo,2007,172
22,chaco,22126,1º de mayo,2008,137
22,chaco,22126,1º de mayo,2009,179
22,chaco,22126,1º de mayo,2010,156
22,chaco,22126,1º de mayo,2011,134
22,chaco,22126,1º de mayo,2012,208
22,chaco,22126,1º de mayo,2013,275
22,chaco,22126,1º de mayo,2014,266
22,chaco,22126,1º de mayo,2015,237
22,chaco,22126,1º de mayo,2016,160
22,chaco,22126,1º de mayo,2017,65
22,chaco,22126,1º de mayo,2018,90
22,chaco,22126,1º de mayo,2019,143
22,chaco,22126,1º de mayo,2020,150
22,chaco,22126,1º de mayo,2021,144
22,chaco,22126,1º de mayo,2022,159
22,chaco,22126,1º de mayo,2023,122
22,chaco,22126,1º de mayo,2024,175
22,chaco,22133,quitilipi,2000,544
22,chaco,22133,quitilipi,2001,701
22,chaco,22133,quitilipi,2002,1038
22,chaco,22133,quitilipi,2003,628
22,chaco,22133,quitilipi,2004,564
22,chaco,22133,quitilipi,2005,372
22,chaco,22133,quitilipi,2006,353
22,chaco,22133,quitilipi,2007,276
22,chaco,22133,quitilipi,2008,458
22,chaco,22133,quitilipi,2009,281
22,chaco,22133,quitilipi,2010,240
22,chaco,22133,quitilipi,2011,290
22,chaco,22133,quitilipi,2012,70
22,chaco,22133,quitilipi,2013,70
22,chaco,22133,quitilipi,2014,94
22,chaco,22133,quitilipi,2015,78
22,chaco,22133,quitilipi,2016,218
22,chaco,22133,quitilipi,2017,165
22,chaco,22133,quitilipi,2018,365
22,chaco,22133,quitilipi,2019,323
22,chaco,22133,quitilipi,2020,211
22,chaco,22133,quitilipi,2021,242
22,chaco,22133,quitilipi,2022,228
22,chaco,22133,quitilipi,2023,351
22,chaco,22133,quitilipi,2024,205
22,chaco,22140,san fernando,2000,18044
22,chaco,22140,san fernando,2001,21178
22,chaco,22140,san fernando,2002,21921
22,chaco,22140,san fernando,2003,15673
22,chaco,22140,san fernando,2004,15025
22,chaco,22140,san fernando,2005,13990
22,chaco,22140,san fernando,2006,13309
22,chaco,22140,san fernando,2007,11803
22,chaco,22140,san fernando,2008,11284
22,chaco,22140,san fernando,2009,10156
22,chaco,22140,san fernando,2010,9850
22,chaco,22140,san fernando,2011,9176
22,chaco,22140,san fernando,2012,11555
22,chaco,22140,san fernando,2013,14281
22,chaco,22140,san fernando,2014,14446
22,chaco,22140,san fernando,2015,10910
22,chaco,22140,san fernando,2016,9787
22,chaco,22140,san fernando,2017,8744
22,chaco,22140,san fernando,2018,8169
22,chaco,22140,san fernando,2019,6853
22,chaco,22140,san fernando,2020,5390
22,chaco,22140,san fernando,2021,5505
22,chaco,22140,san fernando,2022,5524
22,chaco,22140,san fernando,2023,7558
22,chaco,22140,san fernando,2024,8017
22,chaco,22147,san lorenzo,2000,204
22,chaco,22147,san lorenzo,2001,262
22,chaco,22147,san lorenzo,2002,185
22,chaco,22147,san lorenzo,2003,263
22,chaco,22147,san lorenzo,2004,158
22,chaco,22147,san lorenzo,2005,141
22,chaco,22147,san lorenzo,2006,75
22,chaco,22147,san lorenzo,2007,85
22,chaco,22147,san lorenzo,2008,98
22,chaco,22147,san lorenzo,2009,81
22,chaco,22147,san lorenzo,2010,95
22,chaco,22147,san lorenzo,2011,96
22,chaco,22147,san lorenzo,2012,72
22,chaco,22147,san lorenzo,2013,69
22,chaco,22147,san lorenzo,2014,90
22,chaco,22147,san lorenzo,2015,72
22,chaco,22147,san lorenzo,2016,69
22,chaco,22147,san lorenzo,2017,78
22,chaco,22147,san lorenzo,2018,96
22,chaco,22147,san lorenzo,2019,102
22,chaco,22147,san lorenzo,2020,66
22,chaco,22147,san lorenzo,2021,93
22,chaco,22147,san lorenzo,2022,85
22,chaco,22147,san lorenzo,2023,95
22,chaco,22147,san lorenzo,2024,122
22,chaco,22154,sargento cabral,2000,243
22,chaco,22154,sargento cabral,2001,247
22,chaco,22154,sargento cabral,2002,366
22,chaco,22154,sargento cabral,2003,238
22,chaco,22154,sargento cabral,2004,176
22,chaco,22154,sargento cabral,2005,183
22,chaco,22154,sargento cabral,2006,141
22,chaco,22154,sargento cabral,2007,144
22,chaco,22154,sargento cabral,2008,124
22,chaco,22154,sargento cabral,2009,97
22,chaco,22154,sargento cabral,2010,93
22,chaco,22154,sargento cabral,2011,83
22,chaco,22154,sargento cabral,2012,101
22,chaco,22154,sargento cabral,2013,94
22,chaco,22154,sargento cabral,2014,118
22,chaco,22154,sargento cabral,2015,107
22,chaco,22154,sargento cabral,2016,132
22,chaco,22154,sargento cabral,2017,116
22,chaco,22154,sargento cabral,2018,101
22,chaco,22154,sargento cabral,2019,95
22,chaco,22154,sargento cabral,2020,124
22,chaco,22154,sargento cabral,2021,112
22,chaco,22154,sargento cabral,2022,107
22,chaco,22154,sargento cabral,2023,87
22,chaco,22154,sargento cabral,2024,132
22,chaco,22161,tapenagá,2000,55
22,chaco,22161,tapenagá,2001,66
22,chaco,22161,tapenagá,2002,72
22,chaco,22161,tapenagá,2003,63
22,chaco,22161,tapenagá,2004,53
22,chaco,22161,tapenagá,2005,51
22,chaco,22161,tapenagá,2006,39
22,chaco,22161,tapenagá,2007,35
22,chaco,22161,tapenagá,2008,43
22,chaco,22161,tapenagá,2009,46
22,chaco,22161,tapenagá,2010,48
22,chaco,22161,tapenagá,2011,70
22,chaco,22161,tapenagá,2012,55
22,chaco,22161,tapenagá,2013,53
22,chaco,22161,tapenagá,2014,51
22,chaco,22161,tapenagá,2015,29
22,chaco,22161,tapenagá,2016,27
22,chaco,22161,tapenagá,2017,37
22,chaco,22161,tapenagá,2018,29
22,chaco,22161,tapenagá,2019,20
22,chaco,22161,tapenagá,2020,29
22,chaco,22161,tapenagá,2021,24
22,chaco,22161,tapenagá,2022,27
22,chaco,22161,tapenagá,2023,16
22,chaco,22161,tapenagá,2024,23
22,chaco,22168,25 de mayo,2000,300
22,chaco,22168,25 de mayo,2001,655
22,chaco,22168,25 de mayo,2002,907
22,chaco,22168,25 de mayo,2003,702
22,chaco,22168,25 de mayo,2004,479
22,chaco,22168,25 de mayo,2005,344
22,chaco,22168,25 de mayo,2006,358
22,chaco,22168,25 de mayo,2007,295
22,chaco,22168,25 de mayo,2008,367
22,chaco,22168,25 de mayo,2009,363
22,chaco,22168,25 de mayo,2010,190
22,chaco,22168,25 de mayo,2011,252
22,chaco,22168,25 de mayo,2012,231
22,chaco,22168,25 de mayo,2013,567
22,chaco,22168,25 de mayo,2014,490
22,chaco,22168,25 de mayo,2015,320
22,chaco,22168,25 de mayo,2016,337
22,chaco,22168,25 de mayo,2017,522
22,chaco,22168,25 de mayo,2018,480
22,chaco,22168,25 de mayo,2019,448
22,chaco,22168,25 de mayo,2020,310
22,chaco,22168,25 de mayo,2021,316
22,chaco,22168,25 de mayo,2022,305
22,chaco,22168,25 de mayo,2023,300
22,chaco,22168,25 de mayo,2024,366
26,chubut,26007,biedma,2000,1349
26,chubut,26007,biedma,2001,1969
26,chubut,26007,biedma,2002,1854
26,chubut,26007,biedma,2003,2458
26,chubut,26007,biedma,2004,1827
26,chubut,26007,biedma,2005,1493
26,chubut,26007,biedma,2006,1819
26,chubut,26007,biedma,2007,2216
26,chubut,26007,biedma,2008,1705
26,chubut,26007,biedma,2009,1665
26,chubut,26007,biedma,2010,1622
26,chubut,26007,biedma,2011,1249
26,chubut,26007,biedma,2012,1325
26,chubut,26007,biedma,2013,2889
26,chubut,26007,biedma,2014,3336
26,chubut,26007,biedma,2015,3235
26,chubut,26007,biedma,2016,2557
26,chubut,26007,biedma,2017,2209
26,chubut,26007,biedma,2018,1890
26,chubut,26007,biedma,2019,2086
26,chubut,26007,biedma,2020,1944
26,chubut,26007,biedma,2021,2096
26,chubut,26007,biedma,2022,2247
26,chubut,26007,biedma,2023,2474
26,chubut,26007,biedma,2024,2227
26,chubut,26014,cushamen,2000,200
26,chubut,26014,cushamen,2001,210
26,chubut,26014,cushamen,2002,284
26,chubut,26014,cushamen,2003,215
26,chubut,26014,cushamen,2004,194
26,chubut,26014,cushamen,2005,156
26,chubut,26014,cushamen,2006,200
26,chubut,26014,cushamen,2007,265
26,chubut,26014,cushamen,2008,201
26,chubut,26014,cushamen,2009,290
26,chubut,26014,cushamen,2010,296
26,chubut,26014,cushamen,2011,263
26,chubut,26014,cushamen,2012,175
26,chubut,26014,cushamen,2013,312
26,chubut,26014,cushamen,2014,300
26,chubut,26014,cushamen,2015,212
26,chubut,26014,cushamen,2016,235
26,chubut,26014,cushamen,2017,185
26,chubut,26014,cushamen,2018,379
26,chubut,26014,cushamen,2019,319
26,chubut,26014,cushamen,2020,290
26,chubut,26014,cushamen,2021,268
26,chubut,26014,cushamen,2022,382
26,chubut,26014,cushamen,2023,491
26,chubut,26014,cushamen,2024,556
26,chubut,26021,escalante,2000,2136
26,chubut,26021,escalante,2001,2196
26,chubut,26021,escalante,2002,2683
26,chubut,26021,escalante,2003,3225
26,chubut,26021,escalante,2004,3473
26,chubut,26021,escalante,2005,3517
26,chubut,26021,escalante,2006,3192
26,chubut,26021,escalante,2007,3520
26,chubut,26021,escalante,2008,3120
26,chubut,26021,escalante,2009,3704
26,chubut,26021,escalante,2010,3659
26,chubut,26021,escalante,2011,3741
26,chubut,26021,escalante,2012,3814
26,chubut,26021,escalante,2013,3714
26,chubut,26021,escalante,2014,3390
26,chubut,26021,escalante,2015,2716
26,chubut,26021,escalante,2016,3218
26,chubut,26021,escalante,2017,3119
26,chubut,26021,escalante,2018,3510
26,chubut,26021,escalante,2019,3550
26,chubut,26021,escalante,2020,2723
26,chubut,26021,escalante,2021,3257
26,chubut,26021,escalante,2022,3286
26,chubut,26021,escalante,2023,5032
26,chubut,26021,escalante,2024,5095
26,chubut,26028,florentino ameghino,2000,17
26,chubut,26028,florentino ameghino,2001,17
26,chubut,26028,florentino ameghino,2002,39
26,chubut,26028,florentino ameghino,2003,37
26,chubut,26028,florentino ameghino,2004,34
26,chubut,26028,florentino ameghino,2005,14
26,chubut,26028,florentino ameghino,2006,35
26,chubut,26028,florentino ameghino,2007,24
26,chubut,26028,florentino ameghino,2008,20
26,chubut,26028,florentino ameghino,2009,33
26,chubut,26028,florentino ameghino,2010,28
26,chubut,26028,florentino ameghino,2011,20
26,chubut,26028,florentino ameghino,2012,10
26,chubut,26028,florentino ameghino,2013,6
26,chubut,26028,florentino ameghino,2014,34
26,chubut,26028,florentino ameghino,2015,18
26,chubut,26028,florentino ameghino,2016,31
26,chubut,26028,florentino ameghino,2017,5
26,chubut,26028,florentino ameghino,2018,43
26,chubut,26028,florentino ameghino,2019,30
26,chubut,26028,florentino ameghino,2020,10
26,chubut,26028,florentino ameghino,2021,9
26,chubut,26028,florentino ameghino,2022,5
26,chubut,26028,florentino ameghino,2023,10
26,chubut,26028,florentino ameghino,2024,20
26,chubut,26035,futaleufú,2000,556
26,chubut,26035,futaleufú,2001,598
26,chubut,26035,futaleufú,2002,712
26,chubut,26035,futaleufú,2003,552
26,chubut,26035,futaleufú,2004,343
26,chubut,26035,futaleufú,2005,196
26,chubut,26035,futaleufú,2006,538
26,chubut,26035,futaleufú,2007,520
26,chubut,26035,futaleufú,2008,565
26,chubut,26035,futaleufú,2009,1113
26,chubut,26035,futaleufú,2010,1208
26,chubut,26035,futaleufú,2011,1032
26,chubut,26035,futaleufú,2012,693
26,chubut,26035,futaleufú,2013,843
26,chubut,26035,futaleufú,2014,812
26,chubut,26035,futaleufú,2015,727
26,chubut,26035,futaleufú,2016,773
26,chubut,26035,futaleufú,2017,865
26,chubut,26035,futaleufú,2018,934
26,chubut,26035,futaleufú,2019,881
26,chubut,26035,futaleufú,2020,736
26,chubut,26035,futaleufú,2021,957
26,chubut,26035,futaleufú,2022,707
26,chubut,26035,futaleufú,2023,897
26,chubut,26035,futaleufú,2024,891
26,chubut,26042,gaiman,2000,84
26,chubut,26042,gaiman,2001,93
26,chubut,26042,gaiman,2002,142
26,chubut,26042,gaiman,2003,103
26,chubut,26042,gaiman,2004,115
26,chubut,26042,gaiman,2005,110
26,chubut,26042,gaiman,2006,108
26,chubut,26042,gaiman,2007,101
26,chubut,26042,gaiman,2008,108
26,chubut,26042,gaiman,2009,184
26,chubut,26042,gaiman,2010,181
26,chubut,26042,gaiman,2011,161
26,chubut,26042,gaiman,2012,99
26,chubut,26042,gaiman,2013,282
26,chubut,26042,gaiman,2014,276
26,chubut,26042,gaiman,2015,252
26,chubut,26042,gaiman,2016,232
26,chubut,26042,gaiman,2017,205
26,chubut,26042,gaiman,2018,202
26,chubut,26042,gaiman,2019,205
26,chubut,26042,gaiman,2020,174
26,chubut,26042,gaiman,2021,187
26,chubut,26042,gaiman,2022,256
26,chubut,26042,gaiman,2023,278
26,chubut,26042,gaiman,2024,292
26,chubut,26049,gastre,2000,1
26,chubut,26049,gastre,2001,1
26,chubut,26049,gastre,2002,7
26,chubut,26049,gastre,2003,12
26,chubut,26049,gastre,2004,5
26,chubut,26049,gastre,2005,4
26,chubut,26049,gastre,2006,7
26,chubut,26049,gastre,2007,8
26,chubut,26049,gastre,2008,9
26,chubut,26049,gastre,2009,9
26,chubut,26049,gastre,2010,5
26,chubut,26049,gastre,2011,7
26,chubut,26049,gastre,2012,1
26,chubut,26049,gastre,2013,4
26,chubut,26049,gastre,2014,3
26,chubut,26049,gastre,2015,6
26,chubut,26049,gastre,2016,6
26,chubut,26049,gastre,2017,3
26,chubut,26049,gastre,2018,24
26,chubut,26049,gastre,2019,14
26,chubut,26049,gastre,2020,6
26,chubut,26049,gastre,2021,3
26,chubut,26049,gastre,2022,0
26,chubut,26049,gastre,2023,0
26,chubut,26056,languiñeo,2000,34
26,chubut,26056,languiñeo,2001,40
26,chubut,26056,languiñeo,2002,43
26,chubut,26056,languiñeo,2003,52
26,chubut,26056,languiñeo,2004,33
26,chubut,26056,languiñeo,2005,29
26,chubut,26056,languiñeo,2006,31
26,chubut,26056,languiñeo,2007,29
26,chubut,26056,languiñeo,2008,13
26,chubut,26056,languiñeo,2009,21
26,chubut,26056,languiñeo,2010,20
26,chubut,26056,languiñeo,2011,32
26,chubut,26056,languiñeo,2012,12
26,chubut,26056,languiñeo,2013,30
26,chubut,26056,languiñeo,2014,25
26,chubut,26056,languiñeo,2015,27
26,chubut,26056,languiñeo,2016,22
26,chubut,26056,languiñeo,2017,11
26,chubut,26056,languiñeo,2018,16
26,chubut,26056,languiñeo,2019,30
26,chubut,26056,languiñeo,2020,12
26,chubut,26056,languiñeo,2021,14
26,chubut,26056,languiñeo,2022,29
26,chubut,26056,languiñeo,2023,31
26,chubut,26056,languiñeo,2024,37
26,chubut,26063,mártires,2000,7
26,chubut,26063,mártires,2001,11
26,chubut,26063,mártires,2002,6
26,chubut,26063,mártires,2003,5
26,chubut,26063,mártires,2004,2
26,chubut,26063,mártires,2005,7
26,chubut,26063,mártires,2006,7
26,chubut,26063,mártires,2007,12
26,chubut,26063,mártires,2008,9
26,chubut,26063,mártires,2009,2
26,chubut,26063,mártires,2010,1
26,chubut,26063,mártires,2011,2
26,chubut,26063,mártires,2012,0
26,chubut,26063,mártires,2013,9
26,chubut,26063,mártires,2014,16
26,chubut,26063,mártires,2015,13
26,chubut,26063,mártires,2016,5
26,chubut,26063,mártires,2017,1
26,chubut,26063,mártires,2018,5
26,chubut,26063,mártires,2019,4
26,chubut,26063,mártires,2020,11
26,chubut,26063,mártires,2021,8
26,chubut,26063,mártires,2022,13
26,chubut,26063,mártires,2023,10
26,chubut,26063,mártires,2024,7
26,chubut,26070,paso de indios,2000,10
26,chubut,26070,paso de indios,2001,20
26,chubut,26070,paso de indios,2002,19
26,chubut,26070,paso de indios,2003,11
26,chubut,26070,paso de indios,2004,14
26,chubut,26070,paso de indios,2005,9
26,chubut,26070,paso de indios,2006,35
26,chubut,26070,paso de indios,2007,12
26,chubut,26070,paso de indios,2008,12
26,chubut,26070,paso de indios,2009,11
26,chubut,26070,paso de indios,2010,14
26,chubut,26070,paso de indios,2011,8
26,chubut,26070,paso de indios,2012,6
26,chubut,26070,paso de indios,2013,22
26,chubut,26070,paso de indios,2014,14
26,chubut,26070,paso de indios,2015,17
26,chubut,26070,paso de indios,2016,38
26,chubut,26070,paso de indios,2017,6
26,chubut,26070,paso de indios,2018,14
26,chubut,26070,paso de indios,2019,21
26,chubut,26070,paso de indios,2020,15
26,chubut,26070,paso de indios,2021,23
26,chubut,26070,paso de indios,2022,26
26,chubut,26070,paso de indios,2023,23
26,chubut,26070,paso de indios,2024,30
26,chubut,26077,rawson,2000,2025
26,chubut,26077,rawson,2001,2005
26,chubut,26077,rawson,2002,2163
26,chubut,26077,rawson,2003,3084
26,chubut,26077,rawson,2004,3104
26,chubut,26077,rawson,2005,3191
26,chubut,26077,rawson,2006,3296
26,chubut,26077,rawson,2007,2880
26,chubut,26077,rawson,2008,2700
26,chubut,26077,rawson,2009,3060
26,chubut,26077,rawson,2010,2904
26,chubut,26077,rawson,2011,2503
26,chubut,26077,rawson,2012,2204
26,chubut,26077,rawson,2013,3405
26,chubut,26077,rawson,2014,3678
26,chubut,26077,rawson,2015,3405
26,chubut,26077,rawson,2016,3826
26,chubut,26077,rawson,2017,3898
26,chubut,26077,rawson,2018,3819
26,chubut,26077,rawson,2019,4471
26,chubut,26077,rawson,2020,3628
26,chubut,26077,rawson,2021,4936
26,chubut,26077,rawson,2022,4910
26,chubut,26077,rawson,2023,6271
26,chubut,26077,rawson,2024,5664
26,chubut,26084,río senguer,2000,64
26,chubut,26084,río senguer,2001,35
26,chubut,26084,río senguer,2002,60
26,chubut,26084,río senguer,2003,53
26,chubut,26084,río senguer,2004,39
26,chubut,26084,río senguer,2005,64
26,chubut,26084,río senguer,2006,54
26,chubut,26084,río senguer,2007,61
26,chubut,26084,río senguer,2008,46
26,chubut,26084,río senguer,2009,59
26,chubut,26084,río senguer,2010,52
26,chubut,26084,río senguer,2011,46
26,chubut,26084,río senguer,2012,23
26,chubut,26084,río senguer,2013,1
26,chubut,26084,río senguer,2014,25
26,chubut,26084,río senguer,2015,8
26,chubut,26084,río senguer,2016,43
26,chubut,26084,río senguer,2017,8
26,chubut,26084,río senguer,2018,25
26,chubut,26084,río senguer,2019,42
26,chubut,26084,río senguer,2020,29
26,chubut,26084,río senguer,2021,44
26,chubut,26084,río senguer,2022,28
26,chubut,26084,río senguer,2023,34
26,chubut,26084,río senguer,2024,40
26,chubut,26091,sarmiento,2000,88
26,chubut,26091,sarmiento,2001,65
26,chubut,26091,sarmiento,2002,64
26,chubut,26091,sarmiento,2003,144
26,chubut,26091,sarmiento,2004,133
26,chubut,26091,sarmiento,2005,161
26,chubut,26091,sarmiento,2006,93
26,chubut,26091,sarmiento,2007,202
26,chubut,26091,sarmiento,2008,306
26,chubut,26091,sarmiento,2009,287
26,chubut,26091,sarmiento,2010,214
26,chubut,26091,sarmiento,2011,161
26,chubut,26091,sarmiento,2012,109
26,chubut,26091,sarmiento,2013,227
26,chubut,26091,sarmiento,2014,238
26,chubut,26091,sarmiento,2015,107
26,chubut,26091,sarmiento,2016,167
26,chubut,26091,sarmiento,2017,201
26,chubut,26091,sarmiento,2018,268
26,chubut,26091,sarmiento,2019,235
26,chubut,26091,sarmiento,2020,163
26,chubut,26091,sarmiento,2021,213
26,chubut,26091,sarmiento,2022,232
26,chubut,26091,sarmiento,2023,242
26,chubut,26091,sarmiento,2024,219
26,chubut,26098,tehuelches,2000,30
26,chubut,26098,tehuelches,2001,61
26,chubut,26098,tehuelches,2002,68
26,chubut,26098,tehuelches,2003,47
26,chubut,26098,tehuelches,2004,47
26,chubut,26098,tehuelches,2005,42
26,chubut,26098,tehuelches,2006,53
26,chubut,26098,tehuelches,2007,119
26,chubut,26098,tehuelches,2008,76
26,chubut,26098,tehuelches,2009,75
26,chubut,26098,tehuelches,2010,68
26,chubut,26098,tehuelches,2011,55
26,chubut,26098,tehuelches,2012,35
26,chubut,26098,tehuelches,2013,38
26,chubut,26098,tehuelches,2014,54
26,chubut,26098,tehuelches,2015,43
26,chubut,26098,tehuelches,2016,44
26,chubut,26098,tehuelches,2017,15
26,chubut,26098,tehuelches,2018,44
26,chubut,26098,tehuelches,2019,58
26,chubut,26098,tehuelches,2020,52
26,chubut,26098,tehuelches,2021,49
26,chubut,26098,tehuelches,2022,69
26,chubut,26098,tehuelches,2023,103
26,chubut,26098,tehuelches,2024,74
26,chubut,26105,telsen,2000,6
26,chubut,26105,telsen,2001,13
26,chubut,26105,telsen,2002,17
26,chubut,26105,telsen,2003,13
26,chubut,26105,telsen,2004,24
26,chubut,26105,telsen,2005,18
26,chubut,26105,telsen,2006,7
26,chubut,26105,telsen,2007,12
26,chubut,26105,telsen,2008,3
26,chubut,26105,telsen,2009,11
26,chubut,26105,telsen,2010,9
26,chubut,26105,telsen,2011,15
26,chubut,26105,telsen,2012,3
26,chubut,26105,telsen,2013,5
26,chubut,26105,telsen,2014,7
26,chubut,26105,telsen,2015,11
26,chubut,26105,telsen,2016,16
26,chubut,26105,telsen,2017,0
26,chubut,26105,telsen,2018,18
26,chubut,26105,telsen,2019,8
26,chubut,26105,telsen,2020,4
26,chubut,26105,telsen,2021,2
26,chubut,26105,telsen,2022,0
26,chubut,26105,telsen,2023,3
26,chubut,26105,telsen,2024,6
30,entre ríos,30008,colón,2000,391
30,entre ríos,30008,colón,2001,339
30,entre ríos,30008,colón,2002,434
30,entre ríos,30008,colón,2003,367
30,entre ríos,30008,colón,2004,394
30,entre ríos,30008,colón,2005,491
30,entre ríos,30008,colón,2006,471
30,entre ríos,30008,colón,2007,614
30,entre ríos,30008,colón,2008,474
30,entre ríos,30008,colón,2009,467
30,entre ríos,30008,colón,2010,329
30,entre ríos,30008,colón,2011,343
30,entre ríos,30008,colón,2012,296
30,entre ríos,30008,colón,2013,354
30,entre ríos,30008,colón,2014,312
30,entre ríos,30008,colón,2015,461
30,entre ríos,30008,colón,2016,612
30,entre ríos,30008,colón,2017,578
30,entre ríos,30008,colón,2018,309
30,entre ríos,30008,colón,2019,390
30,entre ríos,30008,colón,2020,364
30,entre ríos,30008,colón,2021,505
30,entre ríos,30008,colón,2022,752
30,entre ríos,30008,colón,2023,1254
30,entre ríos,30008,colón,2024,1610
30,entre ríos,30015,concordia,2000,1459
30,entre ríos,30015,concordia,2001,1275
30,entre ríos,30015,concordia,2002,2095
30,entre ríos,30015,concordia,2003,1634
30,entre ríos,30015,concordia,2004,2143
30,entre ríos,30015,concordia,2005,2041
30,entre ríos,30015,concordia,2006,1734
30,entre ríos,30015,concordia,2007,1413
30,entre ríos,30015,concordia,2008,1747
30,entre ríos,30015,concordia,2009,1527
30,entre ríos,30015,concordia,2010,2000
30,entre ríos,30015,concordia,2011,2052
30,entre ríos,30015,concordia,2012,2192
30,entre ríos,30015,concordia,2013,1601
30,entre ríos,30015,concordia,2014,1879
30,entre ríos,30015,concordia,2015,1880
30,entre ríos,30015,concordia,2016,1962
30,entre ríos,30015,concordia,2017,3426
30,entre ríos,30015,concordia,2018,4694
30,entre ríos,30015,concordia,2019,4254
30,entre ríos,30015,concordia,2020,3640
30,entre ríos,30015,concordia,2021,3754
30,entre ríos,30015,concordia,2022,4187
30,entre ríos,30015,concordia,2023,4981
30,entre ríos,30015,concordia,2024,5017
30,entre ríos,30021,diamante,2000,523
30,entre ríos,30021,diamante,2001,526
30,entre ríos,30021,diamante,2002,861
30,entre ríos,30021,diamante,2003,477
30,entre ríos,30021,diamante,2004,329
30,entre ríos,30021,diamante,2005,467
30,entre ríos,30021,diamante,2006,423
30,entre ríos,30021,diamante,2007,391
30,entre ríos,30021,diamante,2008,418
30,entre ríos,30021,diamante,2009,451
30,entre ríos,30021,diamante,2010,515
30,entre ríos,30021,diamante,2011,465
30,entre ríos,30021,diamante,2012,382
30,entre ríos,30021,diamante,2013,307
30,entre ríos,30021,diamante,2014,408
30,entre ríos,30021,diamante,2015,300
30,entre ríos,30021,diamante,2016,359
30,entre ríos,30021,diamante,2017,513
30,entre ríos,30021,diamante,2018,446
30,entre ríos,30021,diamante,2019,386
30,entre ríos,30021,diamante,2020,247
30,entre ríos,30021,diamante,2021,488
30,entre ríos,30021,diamante,2022,632
30,entre ríos,30021,diamante,2023,700
30,entre ríos,30021,diamante,2024,947
30,entre ríos,30028,federación,2000,295
30,entre ríos,30028,federación,2001,435
30,entre ríos,30028,federación,2002,881
30,entre ríos,30028,federación,2003,710
30,entre ríos,30028,federación,2004,374
30,entre ríos,30028,federación,2005,358
30,entre ríos,30028,federación,2006,409
30,entre ríos,30028,federación,2007,464
30,entre ríos,30028,federación,2008,648
30,entre ríos,30028,federación,2009,663
30,entre ríos,30028,federación,2010,397
30,entre ríos,30028,federación,2011,333
30,entre ríos,30028,federación,2012,334
30,entre ríos,30028,federación,2013,496
30,entre ríos,30028,federación,2014,427
30,entre ríos,30028,federación,2015,319
30,entre ríos,30028,federación,2016,445
30,entre ríos,30028,federación,2017,1179
30,entre ríos,30028,federación,2018,769
30,entre ríos,30028,federación,2019,831
30,entre ríos,30028,federación,2020,517
30,entre ríos,30028,federación,2021,505
30,entre ríos,30028,federación,2022,753
30,entre ríos,30028,federación,2023,1014
30,entre ríos,30028,federación,2024,1128
30,entre ríos,30035,federal,2000,227
30,entre ríos,30035,federal,2001,174
30,entre ríos,30035,federal,2002,411
30,entre ríos,30035,federal,2003,227
30,entre ríos,30035,federal,2004,178
30,entre ríos,30035,federal,2005,160
30,entre ríos,30035,federal,2006,121
30,entre ríos,30035,federal,2007,154
30,entre ríos,30035,federal,2008,175
30,entre ríos,30035,federal,2009,140
30,entre ríos,30035,federal,2010,55
30,entre ríos,30035,federal,2011,94
30,entre ríos,30035,federal,2012,125
30,entre ríos,30035,federal,2013,172
30,entre ríos,30035,federal,2014,167
30,entre ríos,30035,federal,2015,93
30,entre ríos,30035,federal,2016,108
30,entre ríos,30035,federal,2017,122
30,entre ríos,30035,federal,2018,138
30,entre ríos,30035,federal,2019,162
30,entre ríos,30035,federal,2020,54
30,entre ríos,30035,federal,2021,96
30,entre ríos,30035,federal,2022,182
30,entre ríos,30035,federal,2023,256
30,entre ríos,30035,federal,2024,252
30,entre ríos,30042,feliciano,2000,77
30,entre ríos,30042,feliciano,2001,56
30,entre ríos,30042,feliciano,2002,119
30,entre ríos,30042,feliciano,2003,113
30,entre ríos,30042,feliciano,2004,82
30,entre ríos,30042,feliciano,2005,76
30,entre ríos,30042,feliciano,2006,84
30,entre ríos,30042,feliciano,2007,135
30,entre ríos,30042,feliciano,2008,109
30,entre ríos,30042,feliciano,2009,119
30,entre ríos,30042,feliciano,2010,123
30,entre ríos,30042,feliciano,2011,164
30,entre ríos,30042,feliciano,2012,212
30,entre ríos,30042,feliciano,2013,119
30,entre ríos,30042,feliciano,2014,105
30,entre ríos,30042,feliciano,2015,96
30,entre ríos,30042,feliciano,2016,122
30,entre ríos,30042,feliciano,2017,217
30,entre ríos,30042,feliciano,2018,207
30,entre ríos,30042,feliciano,2019,187
30,entre ríos,30042,feliciano,2020,156
30,entre ríos,30042,feliciano,2021,185
30,entre ríos,30042,feliciano,2022,166
30,entre ríos,30042,feliciano,2023,287
30,entre ríos,30042,feliciano,2024,312
30,entre ríos,30049,gualeguay,2000,482
30,entre ríos,30049,gualeguay,2001,746
30,entre ríos,30049,gualeguay,2002,664
30,entre ríos,30049,gualeguay,2003,923
30,entre ríos,30049,gualeguay,2004,1060
30,entre ríos,30049,gualeguay,2005,617
30,entre ríos,30049,gualeguay,2006,517
30,entre ríos,30049,gualeguay,2007,824
30,entre ríos,30049,gualeguay,2008,546
30,entre ríos,30049,gualeguay,2009,375
30,entre ríos,30049,gualeguay,2010,334
30,entre ríos,30049,gualeguay,2011,281
30,entre ríos,30049,gualeguay,2012,295
30,entre ríos,30049,gualeguay,2013,285
30,entre ríos,30049,gualeguay,2014,416
30,entre ríos,30049,gualeguay,2015,471
30,entre ríos,30049,gualeguay,2016,613
30,entre ríos,30049,gualeguay,2017,998
30,entre ríos,30049,gualeguay,2018,1051
30,entre ríos,30049,gualeguay,2019,1165
30,entre ríos,30049,gualeguay,2020,1031
30,entre ríos,30049,gualeguay,2021,1175
30,entre ríos,30049,gualeguay,2022,1319
30,entre ríos,30049,gualeguay,2023,1406
30,entre ríos,30049,gualeguay,2024,1397
30,entre ríos,30056,gualeguaychú,2000,1608
30,entre ríos,30056,gualeguaychú,2001,1394
30,entre ríos,30056,gualeguaychú,2002,1720
30,entre ríos,30056,gualeguaychú,2003,1901
30,entre ríos,30056,gualeguaychú,2004,1446
30,entre ríos,30056,gualeguaychú,2005,1468
30,entre ríos,30056,gualeguaychú,2006,1485
30,entre ríos,30056,gualeguaychú,2007,1190
30,entre ríos,30056,gualeguaychú,2008,1274
30,entre ríos,30056,gualeguaychú,2009,1237
30,entre ríos,30056,gualeguaychú,2010,1132
30,entre ríos,30056,gualeguaychú,2011,1191
30,entre ríos,30056,gualeguaychú,2012,1286
30,entre ríos,30056,gualeguaychú,2013,904
30,entre ríos,30056,gualeguaychú,2014,913
30,entre ríos,30056,gualeguaychú,2015,1152
30,entre ríos,30056,gualeguaychú,2016,1263
30,entre ríos,30056,gualeguaychú,2017,1831
30,entre ríos,30056,gualeguaychú,2018,2467
30,entre ríos,30056,gualeguaychú,2019,2805
30,entre ríos,30056,gualeguaychú,2020,1302
30,entre ríos,30056,gualeguaychú,2021,1305
30,entre ríos,30056,gualeguaychú,2022,1231
30,entre ríos,30056,gualeguaychú,2023,994
30,entre ríos,30056,gualeguaychú,2024,1139
30,entre ríos,30063,islas del ibicuy,2000,205
30,entre ríos,30063,islas del ibicuy,2001,140
30,entre ríos,30063,islas del ibicuy,2002,105
30,entre ríos,30063,islas del ibicuy,2003,55
30,entre ríos,30063,islas del ibicuy,2004,51
30,entre ríos,30063,islas del ibicuy,2005,69
30,entre ríos,30063,islas del ibicuy,2006,115
30,entre ríos,30063,islas del ibicuy,2007,125
30,entre ríos,30063,islas del ibicuy,2008,72
30,entre ríos,30063,islas del ibicuy,2009,103
30,entre ríos,30063,islas del ibicuy,2010,87
30,entre ríos,30063,islas del ibicuy,2011,97
30,entre ríos,30063,islas del ibicuy,2012,100
30,entre ríos,30063,islas del ibicuy,2013,55
30,entre ríos,30063,islas del ibicuy,2014,55
30,entre ríos,30063,islas del ibicuy,2015,109
30,entre ríos,30063,islas del ibicuy,2016,130
30,entre ríos,30063,islas del ibicuy,2017,137
30,entre ríos,30063,islas del ibicuy,2018,105
30,entre ríos,30063,islas del ibicuy,2019,137
30,entre ríos,30063,islas del ibicuy,2020,127
30,entre ríos,30063,islas del ibicuy,2021,156
30,entre ríos,30063,islas del ibicuy,2022,138
30,entre ríos,30063,islas del ibicuy,2023,145
30,entre ríos,30063,islas del ibicuy,2024,198
30,entre ríos,30070,la paz,2000,333
30,entre ríos,30070,la paz,2001,347
30,entre ríos,30070,la paz,2002,537
30,entre ríos,30070,la paz,2003,502
30,entre ríos,30070,la paz,2004,554
30,entre ríos,30070,la paz,2005,508
30,entre ríos,30070,la paz,2006,446
30,entre ríos,30070,la paz,2007,400
30,entre ríos,30070,la paz,2008,448
30,entre ríos,30070,la paz,2009,456
30,entre ríos,30070,la paz,2010,338
30,entre ríos,30070,la paz,2011,403
30,entre ríos,30070,la paz,2012,395
30,entre ríos,30070,la paz,2013,401
30,entre ríos,30070,la paz,2014,360
30,entre ríos,30070,la paz,2015,441
30,entre ríos,30070,la paz,2016,512
30,entre ríos,30070,la paz,2017,730
30,entre ríos,30070,la paz,2018,398
30,entre ríos,30070,la paz,2019,275
30,entre ríos,30070,la paz,2020,329
30,entre ríos,30070,la paz,2021,601
30,entre ríos,30070,la paz,2022,685
30,entre ríos,30070,la paz,2023,796
30,entre ríos,30070,la paz,2024,764
30,entre ríos,30077,nogoyá,2000,324
30,entre ríos,30077,nogoyá,2001,306
30,entre ríos,30077,nogoyá,2002,371
30,entre ríos,30077,nogoyá,2003,414
30,entre ríos,30077,nogoyá,2004,455
30,entre ríos,30077,nogoyá,2005,322
30,entre ríos,30077,nogoyá,2006,350
30,entre ríos,30077,nogoyá,2007,309
30,entre ríos,30077,nogoyá,2008,328
30,entre ríos,30077,nogoyá,2009,275
30,entre ríos,30077,nogoyá,2010,294
30,entre ríos,30077,nogoyá,2011,234
30,entre ríos,30077,nogoyá,2012,276
30,entre ríos,30077,nogoyá,2013,243
30,entre ríos,30077,nogoyá,2014,314
30,entre ríos,30077,nogoyá,2015,338
30,entre ríos,30077,nogoyá,2016,303
30,entre ríos,30077,nogoyá,2017,425
30,entre ríos,30077,nogoyá,2018,448
30,entre ríos,30077,nogoyá,2019,470
30,entre ríos,30077,nogoyá,2020,450
30,entre ríos,30077,nogoyá,2021,501
30,entre ríos,30077,nogoyá,2022,561
30,entre ríos,30077,nogoyá,2023,654
30,entre ríos,30077,nogoyá,2024,782
30,entre ríos,30084,paraná,2000,5322
30,entre ríos,30084,paraná,2001,4719
30,entre ríos,30084,paraná,2002,5665
30,entre ríos,30084,paraná,2003,5981
30,entre ríos,30084,paraná,2004,6235
30,entre ríos,30084,paraná,2005,6023
30,entre ríos,30084,paraná,2006,5834
30,entre ríos,30084,paraná,2007,6100
30,entre ríos,30084,paraná,2008,6433
30,entre ríos,30084,paraná,2009,6584
30,entre ríos,30084,paraná,2010,6223
30,entre ríos,30084,paraná,2011,5811
30,entre ríos,30084,paraná,2012,7155
30,entre ríos,30084,paraná,2013,7151
30,entre ríos,30084,paraná,2014,8047
30,entre ríos,30084,paraná,2015,8198
30,entre ríos,30084,paraná,2016,7657
30,entre ríos,30084,paraná,2017,7834
30,entre ríos,30084,paraná,2018,7634
30,entre ríos,30084,paraná,2019,8490
30,entre ríos,30084,paraná,2020,6595
30,entre ríos,30084,paraná,2021,7196
30,entre ríos,30084,paraná,2022,8824
30,entre ríos,30084,paraná,2023,11167
30,entre ríos,30084,paraná,2024,12939
30,entre ríos,30088,san salvador,2000,75
30,entre ríos,30088,san salvador,2001,72
30,entre ríos,30088,san salvador,2002,57
30,entre ríos,30088,san salvador,2003,147
30,entre ríos,30088,san salvador,2004,125
30,entre ríos,30088,san salvador,2005,120
30,entre ríos,30088,san salvador,2006,105
30,entre ríos,30088,san salvador,2007,73
30,entre ríos,30088,san salvador,2008,122
30,entre ríos,30088,san salvador,2009,102
30,entre ríos,30088,san salvador,2010,134
30,entre ríos,30088,san salvador,2011,82
30,entre ríos,30088,san salvador,2012,102
30,entre ríos,30088,san salvador,2013,130
30,entre ríos,30088,san salvador,2014,94
30,entre ríos,30088,san salvador,2015,281
30,entre ríos,30088,san salvador,2016,213
30,entre ríos,30088,san salvador,2017,204
30,entre ríos,30088,san salvador,2018,313
30,entre ríos,30088,san salvador,2019,360
30,entre ríos,30088,san salvador,2020,254
30,entre ríos,30088,san salvador,2021,223
30,entre ríos,30088,san salvador,2022,202
30,entre ríos,30088,san salvador,2023,270
30,entre ríos,30088,san salvador,2024,322
30,entre ríos,30091,tala,2000,134
30,entre ríos,30091,tala,2001,164
30,entre ríos,30091,tala,2002,362
30,entre ríos,30091,tala,2003,261
30,entre ríos,30091,tala,2004,202
30,entre ríos,30091,tala,2005,234
30,entre ríos,30091,tala,2006,187
30,entre ríos,30091,tala,2007,230
30,entre ríos,30091,tala,2008,215
30,entre ríos,30091,tala,2009,185
30,entre ríos,30091,tala,2010,186
30,entre ríos,30091,tala,2011,147
30,entre ríos,30091,tala,2012,175
30,entre ríos,30091,tala,2013,195
30,entre ríos,30091,tala,2014,183
30,entre ríos,30091,tala,2015,255
30,entre ríos,30091,tala,2016,219
30,entre ríos,30091,tala,2017,225
30,entre ríos,30091,tala,2018,242
30,entre ríos,30091,tala,2019,231
30,entre ríos,30091,tala,2020,239
30,entre ríos,30091,tala,2021,213
30,entre ríos,30091,tala,2022,234
30,entre ríos,30091,tala,2023,325
30,entre ríos,30091,tala,2024,383
30,entre ríos,30098,uruguay,2000,1375
30,entre ríos,30098,uruguay,2001,1442
30,entre ríos,30098,uruguay,2002,2063
30,entre ríos,30098,uruguay,2003,2162
30,entre ríos,30098,uruguay,2004,1572
30,entre ríos,30098,uruguay,2005,1250
30,entre ríos,30098,uruguay,2006,1195
30,entre ríos,30098,uruguay,2007,1110
30,entre ríos,30098,uruguay,2008,1252
30,entre ríos,30098,uruguay,2009,1156
30,entre ríos,30098,uruguay,2010,912
30,entre ríos,30098,uruguay,2011,910
30,entre ríos,30098,uruguay,2012,977
30,entre ríos,30098,uruguay,2013,670
30,entre ríos,30098,uruguay,2014,611
30,entre ríos,30098,uruguay,2015,670
30,entre ríos,30098,uruguay,2016,919
30,entre ríos,30098,uruguay,2017,536
30,entre ríos,30098,uruguay,2018,1923
30,entre ríos,30098,uruguay,2019,2141
30,entre ríos,30098,uruguay,2020,1907
30,entre ríos,30098,uruguay,2021,1940
30,entre ríos,30098,uruguay,2022,2120
30,entre ríos,30098,uruguay,2023,2082
30,entre ríos,30098,uruguay,2024,2291
30,entre ríos,30105,victoria,2000,326
30,entre ríos,30105,victoria,2001,547
30,entre ríos,30105,victoria,2002,659
30,entre ríos,30105,victoria,2003,420
30,entre ríos,30105,victoria,2004,473
30,entre ríos,30105,victoria,2005,348
30,entre ríos,30105,victoria,2006,239
30,entre ríos,30105,victoria,2007,302
30,entre ríos,30105,victoria,2008,400
30,entre ríos,30105,victoria,2009,407
30,entre ríos,30105,victoria,2010,290
30,entre ríos,30105,victoria,2011,307
30,entre ríos,30105,victoria,2012,548
30,entre ríos,30105,victoria,2013,524
30,entre ríos,30105,victoria,2014,476
30,entre ríos,30105,victoria,2015,603
30,entre ríos,30105,victoria,2016,435
30,entre ríos,30105,victoria,2017,532
30,entre ríos,30105,victoria,2018,597
30,entre ríos,30105,victoria,2019,682
30,entre ríos,30105,victoria,2020,715
30,entre ríos,30105,victoria,2021,720
30,entre ríos,30105,victoria,2022,731
30,entre ríos,30105,victoria,2023,908
30,entre ríos,30105,victoria,2024,1077
30,entre ríos,30113,villaguay,2000,305
30,entre ríos,30113,villaguay,2001,503
30,entre ríos,30113,villaguay,2002,602
30,entre ríos,30113,villaguay,2003,632
30,entre ríos,30113,villaguay,2004,698
30,entre ríos,30113,villaguay,2005,564
30,entre ríos,30113,villaguay,2006,674
30,entre ríos,30113,villaguay,2007,609
30,entre ríos,30113,villaguay,2008,514
30,entre ríos,30113,villaguay,2009,445
30,entre ríos,30113,villaguay,2010,440
30,entre ríos,30113,villaguay,2011,601
30,entre ríos,30113,villaguay,2012,597
30,entre ríos,30113,villaguay,2013,380
30,entre ríos,30113,villaguay,2014,408
30,entre ríos,30113,villaguay,2015,579
30,entre ríos,30113,villaguay,2016,595
30,entre ríos,30113,villaguay,2017,587
30,entre ríos,30113,villaguay,2018,629
30,entre ríos,30113,villaguay,2019,676
30,entre ríos,30113,villaguay,2020,661
30,entre ríos,30113,villaguay,2021,712
30,entre ríos,30113,villaguay,2022,774
30,entre ríos,30113,villaguay,2023,1058
30,entre ríos,30113,villaguay,2024,904
34,formosa,34007,bermejo,2000,41
34,formosa,34007,bermejo,2001,50
34,formosa,34007,bermejo,2002,127
34,formosa,34007,bermejo,2003,93
34,formosa,34007,bermejo,2004,61
34,formosa,34007,bermejo,2005,64
34,formosa,34007,bermejo,2006,52
34,formosa,34007,bermejo,2007,72
34,formosa,34007,bermejo,2008,81
34,formosa,34007,bermejo,2009,89
34,formosa,34007,bermejo,2010,61
34,formosa,34007,bermejo,2011,74
34,formosa,34007,bermejo,2012,16
34,formosa,34007,bermejo,2013,59
34,formosa,34007,bermejo,2014,127
34,formosa,34007,bermejo,2015,50
34,formosa,34007,bermejo,2016,47
34,formosa,34007,bermejo,2017,52
34,formosa,34007,bermejo,2018,72
34,formosa,34007,bermejo,2019,124
34,formosa,34007,bermejo,2020,89
34,formosa,34007,bermejo,2021,137
34,formosa,34007,bermejo,2022,158
34,formosa,34007,bermejo,2023,111
34,formosa,34007,bermejo,2024,176
34,formosa,34014,formosa,2000,4134
34,formosa,34014,formosa,2001,4793
34,formosa,34014,formosa,2002,5539
34,formosa,34014,formosa,2003,5083
34,formosa,34014,formosa,2004,4834
34,formosa,34014,formosa,2005,3892
34,formosa,34014,formosa,2006,3949
34,formosa,34014,formosa,2007,3738
34,formosa,34014,formosa,2008,4044
34,formosa,34014,formosa,2009,4632
34,formosa,34014,formosa,2010,4329
34,formosa,34014,formosa,2011,3695
34,formosa,34014,formosa,2012,989
34,formosa,34014,formosa,2013,4427
34,formosa,34014,formosa,2014,6952
34,formosa,34014,formosa,2015,6235
34,formosa,34014,formosa,2016,6738
34,formosa,34014,formosa,2017,6273
34,formosa,34014,formosa,2018,6499
34,formosa,34014,formosa,2019,6564
34,formosa,34014,formosa,2020,4628
34,formosa,34014,formosa,2021,5247
34,formosa,34014,formosa,2022,5986
34,formosa,34014,formosa,2023,7355
34,formosa,34014,formosa,2024,7869
34,formosa,34021,laishi,2000,130
34,formosa,34021,laishi,2001,122
34,formosa,34021,laishi,2002,219
34,formosa,34021,laishi,2003,157
34,formosa,34021,laishi,2004,152
34,formosa,34021,laishi,2005,98
34,formosa,34021,laishi,2006,113
34,formosa,34021,laishi,2007,76
34,formosa,34021,laishi,2008,115
34,formosa,34021,laishi,2009,94
34,formosa,34021,laishi,2010,103
34,formosa,34021,laishi,2011,104
34,formosa,34021,laishi,2012,43
34,formosa,34021,laishi,2013,58
34,formosa,34021,laishi,2014,92
34,formosa,34021,laishi,2015,89
34,formosa,34021,laishi,2016,181
34,formosa,34021,laishi,2017,150
34,formosa,34021,laishi,2018,121
34,formosa,34021,laishi,2019,185
34,formosa,34021,laishi,2020,143
34,formosa,34021,laishi,2021,171
34,formosa,34021,laishi,2022,165
34,formosa,34021,laishi,2023,208
34,formosa,34021,laishi,2024,270
34,formosa,34028,matacos,2000,35
34,formosa,34028,matacos,2001,57
34,formosa,34028,matacos,2002,128
34,formosa,34028,matacos,2003,99
34,formosa,34028,matacos,2004,65
34,formosa,34028,matacos,2005,80
34,formosa,34028,matacos,2006,80
34,formosa,34028,matacos,2007,78
34,formosa,34028,matacos,2008,77
34,formosa,34028,matacos,2009,119
34,formosa,34028,matacos,2010,109
34,formosa,34028,matacos,2011,161
34,formosa,34028,matacos,2012,40
34,formosa,34028,matacos,2013,132
34,formosa,34028,matacos,2014,169
34,formosa,34028,matacos,2015,256
34,formosa,34028,matacos,2016,219
34,formosa,34028,matacos,2017,262
34,formosa,34028,matacos,2018,294
34,formosa,34028,matacos,2019,497
34,formosa,34028,matacos,2020,335
34,formosa,34028,matacos,2021,310
34,formosa,34028,matacos,2022,350
34,formosa,34028,matacos,2023,397
34,formosa,34028,matacos,2024,521
34,formosa,34035,patiño,2000,400
34,formosa,34035,patiño,2001,506
34,formosa,34035,patiño,2002,852
34,formosa,34035,patiño,2003,735
34,formosa,34035,patiño,2004,654
34,formosa,34035,patiño,2005,550
34,formosa,34035,patiño,2006,475
34,formosa,34035,patiño,2007,369
34,formosa,34035,patiño,2008,478
34,formosa,34035,patiño,2009,526
34,formosa,34035,patiño,2010,499
34,formosa,34035,patiño,2011,487
34,formosa,34035,patiño,2012,137
34,formosa,34035,patiño,2013,684
34,formosa,34035,patiño,2014,744
34,formosa,34035,patiño,2015,800
34,formosa,34035,patiño,2016,659
34,formosa,34035,patiño,2017,761
34,formosa,34035,patiño,2018,796
34,formosa,34035,patiño,2019,834
34,formosa,34035,patiño,2020,920
34,formosa,34035,patiño,2021,964
34,formosa,34035,patiño,2022,994
34,formosa,34035,patiño,2023,1077
34,formosa,34035,patiño,2024,1250
34,formosa,34042,pilagás,2000,85
34,formosa,34042,pilagás,2001,80
34,formosa,34042,pilagás,2002,114
34,formosa,34042,pilagás,2003,142
34,formosa,34042,pilagás,2004,138
34,formosa,34042,pilagás,2005,145
34,formosa,34042,pilagás,2006,148
34,formosa,34042,pilagás,2007,118
34,formosa,34042,pilagás,2008,105
34,formosa,34042,pilagás,2009,120
34,formosa,34042,pilagás,2010,149
34,formosa,34042,pilagás,2011,119
34,formosa,34042,pilagás,2012,32
34,formosa,34042,pilagás,2013,126
34,formosa,34042,pilagás,2014,245
34,formosa,34042,pilagás,2015,98
34,formosa,34042,pilagás,2016,110
34,formosa,34042,pilagás,2017,122
34,formosa,34042,pilagás,2018,152
34,formosa,34042,pilagás,2019,163
34,formosa,34042,pilagás,2020,162
34,formosa,34042,pilagás,2021,173
34,formosa,34042,pilagás,2022,177
34,formosa,34042,pilagás,2023,148
34,formosa,34042,pilagás,2024,166
34,formosa,34049,pilcomayo,2000,642
34,formosa,34049,pilcomayo,2001,781
34,formosa,34049,pilcomayo,2002,1061
34,formosa,34049,pilcomayo,2003,894
34,formosa,34049,pilcomayo,2004,925
34,formosa,34049,pilcomayo,2005,836
34,formosa,34049,pilcomayo,2006,772
34,formosa,34049,pilcomayo,2007,796
34,formosa,34049,pilcomayo,2008,688
34,formosa,34049,pilcomayo,2009,753
34,formosa,34049,pilcomayo,2010,753
34,formosa,34049,pilcomayo,2011,681
34,formosa,34049,pilcomayo,2012,185
34,formosa,34049,pilcomayo,2013,469
34,formosa,34049,pilcomayo,2014,496
34,formosa,34049,pilcomayo,2015,849
34,formosa,34049,pilcomayo,2016,941
34,formosa,34049,pilcomayo,2017,867
34,formosa,34049,pilcomayo,2018,1290
34,formosa,34049,pilcomayo,2019,1307
34,formosa,34049,pilcomayo,2020,1270
34,formosa,34049,pilcomayo,2021,1438
34,formosa,34049,pilcomayo,2022,1718
34,formosa,34049,pilcomayo,2023,1842
34,formosa,34049,pilcomayo,2024,2350
34,formosa,34056,pirané,2000,559
34,formosa,34056,pirané,2001,668
34,formosa,34056,pirané,2002,760
34,formosa,34056,pirané,2003,644
34,formosa,34056,pirané,2004,641
34,formosa,34056,pirané,2005,817
34,formosa,34056,pirané,2006,708
34,formosa,34056,pirané,2007,584
34,formosa,34056,pirané,2008,601
34,formosa,34056,pirané,2009,550
34,formosa,34056,pirané,2010,553
34,formosa,34056,pirané,2011,537
34,formosa,34056,pirané,2012,146
34,formosa,34056,pirané,2013,732
34,formosa,34056,pirané,2014,858
34,formosa,34056,pirané,2015,650
34,formosa,34056,pirané,2016,695
34,formosa,34056,pirané,2017,780
34,formosa,34056,pirané,2018,1000
34,formosa,34056,pirané,2019,1052
34,formosa,34056,pirané,2020,841
34,formosa,34056,pirané,2021,989
34,formosa,34056,pirané,2022,977
34,formosa,34056,pirané,2023,1372
34,formosa,34056,pirané,2024,1177
34,formosa,34063,ramón lista,2000,10
34,formosa,34063,ramón lista,2001,9
34,formosa,34063,ramón lista,2002,30
34,formosa,34063,ramón lista,2003,39
34,formosa,34063,ramón lista,2004,54
34,formosa,34063,ramón lista,2005,33
34,formosa,34063,ramón lista,2006,40
34,formosa,34063,ramón lista,2007,27
34,formosa,34063,ramón lista,2008,33
34,formosa,34063,ramón lista,2009,41
34,formosa,34063,ramón lista,2010,38
34,formosa,34063,ramón lista,2011,26
34,formosa,34063,ramón lista,2012,8
34,formosa,34063,ramón lista,2013,22
34,formosa,34063,ramón lista,2014,92
34,formosa,34063,ramón lista,2015,23
34,formosa,34063,ramón lista,2016,33
34,formosa,34063,ramón lista,2017,36
34,formosa,34063,ramón lista,2018,45
34,formosa,34063,ramón lista,2019,70
34,formosa,34063,ramón lista,2020,92
34,formosa,34063,ramón lista,2021,104
34,formosa,34063,ramón lista,2022,102
34,formosa,34063,ramón lista,2023,145
34,formosa,34063,ramón lista,2024,153
38,jujuy,38007,cochinoca,2000,122
38,jujuy,38007,cochinoca,2001,249
38,jujuy,38007,cochinoca,2002,154
38,jujuy,38007,cochinoca,2003,169
38,jujuy,38007,cochinoca,2004,255
38,jujuy,38007,cochinoca,2005,223
38,jujuy,38007,cochinoca,2006,180
38,jujuy,38007,cochinoca,2007,185
38,jujuy,38007,cochinoca,2008,180
38,jujuy,38007,cochinoca,2009,258
38,jujuy,38007,cochinoca,2010,199
38,jujuy,38007,cochinoca,2011,188
38,jujuy,38007,cochinoca,2012,136
38,jujuy,38007,cochinoca,2013,181
38,jujuy,38007,cochinoca,2014,145
38,jujuy,38007,cochinoca,2015,91
38,jujuy,38007,cochinoca,2016,110
38,jujuy,38007,cochinoca,2017,158
38,jujuy,38007,cochinoca,2018,199
38,jujuy,38007,cochinoca,2019,206
38,jujuy,38007,cochinoca,2020,155
38,jujuy,38007,cochinoca,2021,176
38,jujuy,38007,cochinoca,2022,207
38,jujuy,38007,cochinoca,2023,257
38,jujuy,38007,cochinoca,2024,259
38,jujuy,38014,el carmen,2000,765
38,jujuy,38014,el carmen,2001,963
38,jujuy,38014,el carmen,2002,361
38,jujuy,38014,el carmen,2003,1165
38,jujuy,38014,el carmen,2004,1652
38,jujuy,38014,el carmen,2005,1787
38,jujuy,38014,el carmen,2006,1561
38,jujuy,38014,el carmen,2007,1540
38,jujuy,38014,el carmen,2008,1317
38,jujuy,38014,el carmen,2009,1547
38,jujuy,38014,el carmen,2010,1582
38,jujuy,38014,el carmen,2011,1773
38,jujuy,38014,el carmen,2012,1952
38,jujuy,38014,el carmen,2013,1673
38,jujuy,38014,el carmen,2014,2589
38,jujuy,38014,el carmen,2015,2079
38,jujuy,38014,el carmen,2016,1672
38,jujuy,38014,el carmen,2017,1670
38,jujuy,38014,el carmen,2018,1906
38,jujuy,38014,el carmen,2019,2235
38,jujuy,38014,el carmen,2020,1888
38,jujuy,38014,el carmen,2021,2311
38,jujuy,38014,el carmen,2022,2340
38,jujuy,38014,el carmen,2023,2537
38,jujuy,38014,el carmen,2024,2799
38,jujuy,38021,dr. manuel belgrano,2000,5718
38,jujuy,38021,dr. manuel belgrano,2001,6278
38,jujuy,38021,dr. manuel belgrano,2002,2851
38,jujuy,38021,dr. manuel belgrano,2003,4907
38,jujuy,38021,dr. manuel belgrano,2004,9186
38,jujuy,38021,dr. manuel belgrano,2005,8204
38,jujuy,38021,dr. manuel belgrano,2006,8044
38,jujuy,38021,dr. manuel belgrano,2007,8154
38,jujuy,38021,dr. manuel belgrano,2008,9730
38,jujuy,38021,dr. manuel belgrano,2009,8748
38,jujuy,38021,dr. manuel belgrano,2010,8070
38,jujuy,38021,dr. manuel belgrano,2011,7007
38,jujuy,38021,dr. manuel belgrano,2012,7193
38,jujuy,38021,dr. manuel belgrano,2013,6975
38,jujuy,38021,dr. manuel belgrano,2014,8187
38,jujuy,38021,dr. manuel belgrano,2015,7967
38,jujuy,38021,dr. manuel belgrano,2016,8129
38,jujuy,38021,dr. manuel belgrano,2017,7043
38,jujuy,38021,dr. manuel belgrano,2018,6051
38,jujuy,38021,dr. manuel belgrano,2019,7405
38,jujuy,38021,dr. manuel belgrano,2020,5834
38,jujuy,38021,dr. manuel belgrano,2021,6821
38,jujuy,38021,dr. manuel belgrano,2022,7649
38,jujuy,38021,dr. manuel belgrano,2023,9481
38,jujuy,38021,dr. manuel belgrano,2024,10214
38,jujuy,38028,humahuaca,2000,248
38,jujuy,38028,humahuaca,2001,344
38,jujuy,38028,humahuaca,2002,195
38,jujuy,38028,humahuaca,2003,234
38,jujuy,38028,humahuaca,2004,337
38,jujuy,38028,humahuaca,2005,234
38,jujuy,38028,humahuaca,2006,187
38,jujuy,38028,humahuaca,2007,215
38,jujuy,38028,humahuaca,2008,179
38,jujuy,38028,humahuaca,2009,206
38,jujuy,38028,humahuaca,2010,172
38,jujuy,38028,humahuaca,2011,189
38,jujuy,38028,humahuaca,2012,148
38,jujuy,38028,humahuaca,2013,144
38,jujuy,38028,humahuaca,2014,239
38,jujuy,38028,humahuaca,2015,291
38,jujuy,38028,humahuaca,2016,322
38,jujuy,38028,humahuaca,2017,234
38,jujuy,38028,humahuaca,2018,315
38,jujuy,38028,humahuaca,2019,318
38,jujuy,38028,humahuaca,2020,284
38,jujuy,38028,humahuaca,2021,375
38,jujuy,38028,humahuaca,2022,416
38,jujuy,38028,humahuaca,2023,524
38,jujuy,38028,humahuaca,2024,469
38,jujuy,38035,ledesma,2000,875
38,jujuy,38035,ledesma,2001,1510
38,jujuy,38035,ledesma,2002,865
38,jujuy,38035,ledesma,2003,938
38,jujuy,38035,ledesma,2004,1895
38,jujuy,38035,ledesma,2005,1499
38,jujuy,38035,ledesma,2006,1289
38,jujuy,38035,ledesma,2007,1164
38,jujuy,38035,ledesma,2008,1276
38,jujuy,38035,ledesma,2009,1189
38,jujuy,38035,ledesma,2010,1154
38,jujuy,38035,ledesma,2011,1051
38,jujuy,38035,ledesma,2012,1159
38,jujuy,38035,ledesma,2013,0
38,jujuy,38035,ledesma,2014,1788
38,jujuy,38035,ledesma,2015,1519
38,jujuy,38035,ledesma,2016,1316
38,jujuy,38035,ledesma,2017,998
38,jujuy,38035,ledesma,2018,1239
38,jujuy,38035,ledesma,2019,1571
38,jujuy,38035,ledesma,2020,1131
38,jujuy,38035,ledesma,2021,1285
38,jujuy,38035,ledesma,2022,1197
38,jujuy,38035,ledesma,2023,1519
38,jujuy,38035,ledesma,2024,1799
38,jujuy,38042,palpalá,2000,420
38,jujuy,38042,palpalá,2001,789
38,jujuy,38042,palpalá,2002,475
38,jujuy,38042,palpalá,2003,835
38,jujuy,38042,palpalá,2004,1492
38,jujuy,38042,palpalá,2005,1473
38,jujuy,38042,palpalá,2006,1218
38,jujuy,38042,palpalá,2007,1084
38,jujuy,38042,palpalá,2008,1203
38,jujuy,38042,palpalá,2009,1052
38,jujuy,38042,palpalá,2010,1132
38,jujuy,38042,palpalá,2011,1209
38,jujuy,38042,palpalá,2012,1312
38,jujuy,38042,palpalá,2013,777
38,jujuy,38042,palpalá,2014,1165
38,jujuy,38042,palpalá,2015,1278
38,jujuy,38042,palpalá,2016,1215
38,jujuy,38042,palpalá,2017,1122
38,jujuy,38042,palpalá,2018,943
38,jujuy,38042,palpalá,2019,1276
38,jujuy,38042,palpalá,2020,1164
38,jujuy,38042,palpalá,2021,1218
38,jujuy,38042,palpalá,2022,1246
38,jujuy,38042,palpalá,2023,1420
38,jujuy,38042,palpalá,2024,1948
38,jujuy,38049,rinconada,2000,10
38,jujuy,38049,rinconada,2001,15
38,jujuy,38049,rinconada,2002,5
38,jujuy,38049,rinconada,2003,9
38,jujuy,38049,rinconada,2004,20
38,jujuy,38049,rinconada,2005,14
38,jujuy,38049,rinconada,2006,4
38,jujuy,38049,rinconada,2007,16
38,jujuy,38049,rinconada,2008,3
38,jujuy,38049,rinconada,2009,7
38,jujuy,38049,rinconada,2010,5
38,jujuy,38049,rinconada,2011,6
38,jujuy,38049,rinconada,2012,4
38,jujuy,38049,rinconada,2013,12
38,jujuy,38049,rinconada,2014,1
38,jujuy,38049,rinconada,2015,50
38,jujuy,38049,rinconada,2016,6
38,jujuy,38049,rinconada,2017,3
38,jujuy,38049,rinconada,2018,6
38,jujuy,38049,rinconada,2019,3
38,jujuy,38049,rinconada,2020,8
38,jujuy,38049,rinconada,2021,16
38,jujuy,38049,rinconada,2022,8
38,jujuy,38049,rinconada,2023,2
38,jujuy,38049,rinconada,2024,27
38,jujuy,38056,san antonio,2000,27
38,jujuy,38056,san antonio,2001,56
38,jujuy,38056,san antonio,2002,43
38,jujuy,38056,san antonio,2003,45
38,jujuy,38056,san antonio,2004,51
38,jujuy,38056,san antonio,2005,78
38,jujuy,38056,san antonio,2006,44
38,jujuy,38056,san antonio,2007,40
38,jujuy,38056,san antonio,2008,44
38,jujuy,38056,san antonio,2009,58
38,jujuy,38056,san antonio,2010,40
38,jujuy,38056,san antonio,2011,71
38,jujuy,38056,san antonio,2012,70
38,jujuy,38056,san antonio,2013,41
38,jujuy,38056,san antonio,2014,33
38,jujuy,38056,san antonio,2015,162
38,jujuy,38056,san antonio,2016,42
38,jujuy,38056,san antonio,2017,60
38,jujuy,38056,san antonio,2018,56
38,jujuy,38056,san antonio,2019,52
38,jujuy,38056,san antonio,2020,47
38,jujuy,38056,san antonio,2021,51
38,jujuy,38056,san antonio,2022,44
38,jujuy,38056,san antonio,2023,50
38,jujuy,38056,san antonio,2024,67
38,jujuy,38063,san pedro,2000,1341
38,jujuy,38063,san pedro,2001,1455
38,jujuy,38063,san pedro,2002,943
38,jujuy,38063,san pedro,2003,1353
38,jujuy,38063,san pedro,2004,2402
38,jujuy,38063,san pedro,2005,2251
38,jujuy,38063,san pedro,2006,1931
38,jujuy,38063,san pedro,2007,1724
38,jujuy,38063,san pedro,2008,1612
38,jujuy,38063,san pedro,2009,1607
38,jujuy,38063,san pedro,2010,1510
38,jujuy,38063,san pedro,2011,1649
38,jujuy,38063,san pedro,2012,1589
38,jujuy,38063,san pedro,2013,1530
38,jujuy,38063,san pedro,2014,2101
38,jujuy,38063,san pedro,2015,2090
38,jujuy,38063,san pedro,2016,2701
38,jujuy,38063,san pedro,2017,1899
38,jujuy,38063,san pedro,2018,1680
38,jujuy,38063,san pedro,2019,1577
38,jujuy,38063,san pedro,2020,1464
38,jujuy,38063,san pedro,2021,1540
38,jujuy,38063,san pedro,2022,1677
38,jujuy,38063,san pedro,2023,1781
38,jujuy,38063,san pedro,2024,2041
38,jujuy,38070,santa bárbara,2000,262
38,jujuy,38070,santa bárbara,2001,185
38,jujuy,38070,santa bárbara,2002,12
38,jujuy,38070,santa bárbara,2003,137
38,jujuy,38070,santa bárbara,2004,315
38,jujuy,38070,santa bárbara,2005,280
38,jujuy,38070,santa bárbara,2006,231
38,jujuy,38070,santa bárbara,2007,177
38,jujuy,38070,santa bárbara,2008,221
38,jujuy,38070,santa bárbara,2009,258
38,jujuy,38070,santa bárbara,2010,241
38,jujuy,38070,santa bárbara,2011,195
38,jujuy,38070,santa bárbara,2012,166
38,jujuy,38070,santa bárbara,2013,150
38,jujuy,38070,santa bárbara,2014,212
38,jujuy,38070,santa bárbara,2015,180
38,jujuy,38070,santa bárbara,2016,602
38,jujuy,38070,santa bárbara,2017,155
38,jujuy,38070,santa bárbara,2018,174
38,jujuy,38070,santa bárbara,2019,185
38,jujuy,38070,santa bárbara,2020,190
38,jujuy,38070,santa bárbara,2021,209
38,jujuy,38070,santa bárbara,2022,241
38,jujuy,38070,santa bárbara,2023,175
38,jujuy,38070,santa bárbara,2024,212
38,jujuy,38077,santa catalina,2000,6
38,jujuy,38077,santa catalina,2001,5
38,jujuy,38077,santa catalina,2002,5
38,jujuy,38077,santa catalina,2003,9
38,jujuy,38077,santa catalina,2004,6
38,jujuy,38077,santa catalina,2005,5
38,jujuy,38077,santa catalina,2006,5
38,jujuy,38077,santa catalina,2007,20
38,jujuy,38077,santa catalina,2008,11
38,jujuy,38077,santa catalina,2009,9
38,jujuy,38077,santa catalina,2010,4
38,jujuy,38077,santa catalina,2011,2
38,jujuy,38077,santa catalina,2012,2
38,jujuy,38077,santa catalina,2013,11
38,jujuy,38077,santa catalina,2014,15
38,jujuy,38077,santa catalina,2015,18
38,jujuy,38077,santa catalina,2016,2
38,jujuy,38077,santa catalina,2017,8
38,jujuy,38077,santa catalina,2018,5
38,jujuy,38077,santa catalina,2019,8
38,jujuy,38077,santa catalina,2020,12
38,jujuy,38077,santa catalina,2021,11
38,jujuy,38077,santa catalina,2022,5
38,jujuy,38077,santa catalina,2023,5
38,jujuy,38077,santa catalina,2024,17
38,jujuy,38084,susques,2000,0
38,jujuy,38084,susques,2001,0
38,jujuy,38084,susques,2002,0
38,jujuy,38084,susques,2003,16
38,jujuy,38084,susques,2004,10
38,jujuy,38084,susques,2005,13
38,jujuy,38084,susques,2006,4
38,jujuy,38084,susques,2007,18
38,jujuy,38084,susques,2008,5
38,jujuy,38084,susques,2009,10
38,jujuy,38084,susques,2010,16
38,jujuy,38084,susques,2011,30
38,jujuy,38084,susques,2012,22
38,jujuy,38084,susques,2013,21
38,jujuy,38084,susques,2014,23
38,jujuy,38084,susques,2015,19
38,jujuy,38084,susques,2016,30
38,jujuy,38084,susques,2017,11
38,jujuy,38084,susques,2018,28
38,jujuy,38084,susques,2019,18
38,jujuy,38084,susques,2020,18
38,jujuy,38084,susques,2021,16
38,jujuy,38084,susques,2022,12
38,jujuy,38084,susques,2023,14
38,jujuy,38084,susques,2024,25
38,jujuy,38094,tilcara,2000,120
38,jujuy,38094,tilcara,2001,79
38,jujuy,38094,tilcara,2002,72
38,jujuy,38094,tilcara,2003,156
38,jujuy,38094,tilcara,2004,206
38,jujuy,38094,tilcara,2005,215
38,jujuy,38094,tilcara,2006,198
38,jujuy,38094,tilcara,2007,215
38,jujuy,38094,tilcara,2008,247
38,jujuy,38094,tilcara,2009,378
38,jujuy,38094,tilcara,2010,246
38,jujuy,38094,tilcara,2011,252
38,jujuy,38094,tilcara,2012,176
38,jujuy,38094,tilcara,2013,204
38,jujuy,38094,tilcara,2014,171
38,jujuy,38094,tilcara,2015,178
38,jujuy,38094,tilcara,2016,189
38,jujuy,38094,tilcara,2017,172
38,jujuy,38094,tilcara,2018,286
38,jujuy,38094,tilcara,2019,263
38,jujuy,38094,tilcara,2020,202
38,jujuy,38094,tilcara,2021,236
38,jujuy,38094,tilcara,2022,337
38,jujuy,38094,tilcara,2023,412
38,jujuy,38094,tilcara,2024,418
38,jujuy,38098,tumbaya,2000,72
38,jujuy,38098,tumbaya,2001,95
38,jujuy,38098,tumbaya,2002,39
38,jujuy,38098,tumbaya,2003,37
38,jujuy,38098,tumbaya,2004,74
38,jujuy,38098,tumbaya,2005,62
38,jujuy,38098,tumbaya,2006,68
38,jujuy,38098,tumbaya,2007,62
38,jujuy,38098,tumbaya,2008,77
38,jujuy,38098,tumbaya,2009,61
38,jujuy,38098,tumbaya,2010,41
38,jujuy,38098,tumbaya,2011,39
38,jujuy,38098,tumbaya,2012,30
38,jujuy,38098,tumbaya,2013,68
38,jujuy,38098,tumbaya,2014,65
38,jujuy,38098,tumbaya,2015,84
38,jujuy,38098,tumbaya,2016,58
38,jujuy,38098,tumbaya,2017,54
38,jujuy,38098,tumbaya,2018,86
38,jujuy,38098,tumbaya,2019,106
38,jujuy,38098,tumbaya,2020,72
38,jujuy,38098,tumbaya,2021,65
38,jujuy,38098,tumbaya,2022,82
38,jujuy,38098,tumbaya,2023,92
38,jujuy,38098,tumbaya,2024,60
38,jujuy,38105,valle grande,2000,16
38,jujuy,38105,valle grande,2001,21
38,jujuy,38105,valle grande,2002,25
38,jujuy,38105,valle grande,2003,11
38,jujuy,38105,valle grande,2004,17
38,jujuy,38105,valle grande,2005,9
38,jujuy,38105,valle grande,2006,10
38,jujuy,38105,valle grande,2007,20
38,jujuy,38105,valle grande,2008,8
38,jujuy,38105,valle grande,2009,7
38,jujuy,38105,valle grande,2010,5
38,jujuy,38105,valle grande,2011,3
38,jujuy,38105,valle grande,2012,0
38,jujuy,38105,valle grande,2013,0
38,jujuy,38105,valle grande,2014,3
38,jujuy,38105,valle grande,2015,2
38,jujuy,38105,valle grande,2016,3
38,jujuy,38105,valle grande,2017,2
38,jujuy,38105,valle grande,2018,1
38,jujuy,38105,valle grande,2019,2
38,jujuy,38105,valle grande,2020,0
38,jujuy,38105,valle grande,2021,0
38,jujuy,38105,valle grande,2022,0
38,jujuy,38105,valle grande,2023,8
38,jujuy,38105,valle grande,2024,7
38,jujuy,38112,yavi,2000,177
38,jujuy,38112,yavi,2001,218
38,jujuy,38112,yavi,2002,59
38,jujuy,38112,yavi,2003,279
38,jujuy,38112,yavi,2004,316
38,jujuy,38112,yavi,2005,307
38,jujuy,38112,yavi,2006,367
38,jujuy,38112,yavi,2007,345
38,jujuy,38112,yavi,2008,319
38,jujuy,38112,yavi,2009,288
38,jujuy,38112,yavi,2010,264
38,jujuy,38112,yavi,2011,268
38,jujuy,38112,yavi,2012,277
38,jujuy,38112,yavi,2013,367
38,jujuy,38112,yavi,2014,256
38,jujuy,38112,yavi,2015,289
38,jujuy,38112,yavi,2016,256
38,jujuy,38112,yavi,2017,231
38,jujuy,38112,yavi,2018,283
38,jujuy,38112,yavi,2019,374
38,jujuy,38112,yavi,2020,235
38,jujuy,38112,yavi,2021,363
38,jujuy,38112,yavi,2022,531
38,jujuy,38112,yavi,2023,492
38,jujuy,38112,yavi,2024,442
42,la pampa,42001,centro (santa rosa),2000,6199
42,la pampa,42001,centro (santa rosa),2001,6234
42,la pampa,42001,centro (santa rosa),2002,7598
42,la pampa,42001,centro (santa rosa),2003,6073
42,la pampa,42001,centro (santa rosa),2004,5043
42,la pampa,42001,centro (santa rosa),2005,4023
42,la pampa,42001,centro (santa rosa),2006,3985
42,la pampa,42001,centro (santa rosa),2007,3853
42,la pampa,42001,centro (santa rosa),2008,4638
42,la pampa,42001,centro (santa rosa),2009,5590
42,la pampa,42001,centro (santa rosa),2010,5107
42,la pampa,42001,centro (santa rosa),2011,5285
42,la pampa,42001,centro (santa rosa),2012,6138
42,la pampa,42001,centro (santa rosa),2013,6399
42,la pampa,42001,centro (santa rosa),2014,6582
42,la pampa,42001,centro (santa rosa),2015,5045
42,la pampa,42001,centro (santa rosa),2016,4042
42,la pampa,42001,centro (santa rosa),2017,3751
42,la pampa,42001,centro (santa rosa),2018,2792
42,la pampa,42001,centro (santa rosa),2019,1985
42,la pampa,42001,centro (santa rosa),2020,1294
42,la pampa,42001,centro (santa rosa),2021,1688
42,la pampa,42002,norte (general pico),2000,2955
42,la pampa,42002,norte (general pico),2001,2048
42,la pampa,42002,norte (general pico),2002,3011
42,la pampa,42002,norte (general pico),2003,3251
42,la pampa,42002,norte (general pico),2004,3100
42,la pampa,42002,norte (general pico),2005,2377
42,la pampa,42002,norte (general pico),2006,1844
42,la pampa,42002,norte (general pico),2007,1790
42,la pampa,42002,norte (general pico),2008,1636
42,la pampa,42002,norte (general pico),2009,1717
42,la pampa,42002,norte (general pico),2010,1850
42,la pampa,42002,norte (general pico),2011,1908
42,la pampa,42002,norte (general pico),2012,2054
42,la pampa,42002,norte (general pico),2013,1638
42,la pampa,42002,norte (general pico),2014,1765
42,la pampa,42002,norte (general pico),2015,1576
42,la pampa,42002,norte (general pico),2016,1558
42,la pampa,42002,norte (general pico),2017,1365
42,la pampa,42002,norte (general pico),2018,1261
42,la pampa,42002,norte (general pico),2019,748
42,la pampa,42002,norte (general pico),2020,448
42,la pampa,42002,norte (general pico),2021,672
42,la pampa,42003,sur (general acha),2000,468
42,la pampa,42003,sur (general acha),2001,448
42,la pampa,42003,sur (general acha),2002,558
42,la pampa,42003,sur (general acha),2003,495
42,la pampa,42003,sur (general acha),2004,562
42,la pampa,42003,sur (general acha),2005,298
42,la pampa,42003,sur (general acha),2006,374
42,la pampa,42003,sur (general acha),2007,465
42,la pampa,42003,sur (general acha),2008,430
42,la pampa,42003,sur (general acha),2009,447
42,la pampa,42003,sur (general acha),2010,403
42,la pampa,42003,sur (general acha),2011,421
42,la pampa,42003,sur (general acha),2012,555
42,la pampa,42003,sur (general acha),2013,414
42,la pampa,42003,sur (general acha),2014,419
42,la pampa,42003,sur (general acha),2015,378
42,la pampa,42003,sur (general acha),2016,491
42,la pampa,42003,sur (general acha),2017,429
42,la pampa,42003,sur (general acha),2018,526
42,la pampa,42003,sur (general acha),2019,349
42,la pampa,42003,sur (general acha),2020,129
42,la pampa,42003,sur (general acha),2021,165
42,la pampa,42004,oeste (25 de mayo),2000,189
42,la pampa,42004,oeste (25 de mayo),2001,231
42,la pampa,42004,oeste (25 de mayo),2002,321
42,la pampa,42004,oeste (25 de mayo),2003,231
42,la pampa,42004,oeste (25 de mayo),2004,205
42,la pampa,42004,oeste (25 de mayo),2005,187
42,la pampa,42004,oeste (25 de mayo),2006,180
42,la pampa,42004,oeste (25 de mayo),2007,185
42,la pampa,42004,oeste (25 de mayo),2008,203
42,la pampa,42004,oeste (25 de mayo),2009,218
42,la pampa,42004,oeste (25 de mayo),2010,241
42,la pampa,42004,oeste (25 de mayo),2011,154
42,la pampa,42004,oeste (25 de mayo),2012,227
42,la pampa,42004,oeste (25 de mayo),2013,176
42,la pampa,42004,oeste (25 de mayo),2014,205
42,la pampa,42004,oeste (25 de mayo),2015,337
42,la pampa,42004,oeste (25 de mayo),2016,284
42,la pampa,42004,oeste (25 de mayo),2017,268
42,la pampa,42004,oeste (25 de mayo),2018,280
42,la pampa,42004,oeste (25 de mayo),2019,149
42,la pampa,42004,oeste (25 de mayo),2020,83
42,la pampa,42004,oeste (25 de mayo),2021,155
42,la pampa,42007,atreucó,2022,39
42,la pampa,42007,atreucó,2023,79
42,la pampa,42007,atreucó,2024,128
42,la pampa,42014,caleu caleu,2022,16
42,la pampa,42014,caleu caleu,2023,32
42,la pampa,42014,caleu caleu,2024,50
42,la pampa,42021,capital,2022,2202
42,la pampa,42021,capital,2023,2641
42,la pampa,42021,capital,2024,3639
42,la pampa,42028,catriló,2022,49
42,la pampa,42028,catriló,2023,69
42,la pampa,42028,catriló,2024,102
42,la pampa,42035,conhelo,2022,72
42,la pampa,42035,conhelo,2023,61
42,la pampa,42035,conhelo,2024,96
42,la pampa,42042,curacó,2022,0
42,la pampa,42042,curacó,2023,0
42,la pampa,42042,curacó,2024,3
42,la pampa,42049,chalileo,2022,10
42,la pampa,42049,chalileo,2023,25
42,la pampa,42049,chalileo,2024,55
42,la pampa,42056,chapaleufú,2022,131
42,la pampa,42056,chapaleufú,2023,204
42,la pampa,42056,chapaleufú,2024,186
42,la pampa,42063,chicalcó,2023,1
42,la pampa,42063,chicalcó,2024,4
42,la pampa,42070,guatraché,2022,78
42,la pampa,42070,guatraché,2023,70
42,la pampa,42070,guatraché,2024,54
42,la pampa,42077,hucal,2022,46
42,la pampa,42077,hucal,2023,79
42,la pampa,42077,hucal,2024,61
42,la pampa,42084,lihuel calel,2022,4
42,la pampa,42084,lihuel calel,2023,5
42,la pampa,42084,lihuel calel,2024,4
42,la pampa,42091,limay mahuida,2022,0
42,la pampa,42091,limay mahuida,2023,0
42,la pampa,42091,limay mahuida,2024,0
42,la pampa,42098,loventué,2022,190
42,la pampa,42098,loventué,2023,148
42,la pampa,42098,loventué,2024,127
42,la pampa,42105,maracó,2022,667
42,la pampa,42105,maracó,2023,929
42,la pampa,42105,maracó,2024,1163
42,la pampa,42112,puelén,2022,201
42,la pampa,42112,puelén,2023,244
42,la pampa,42112,puelén,2024,371
42,la pampa,42119,quemú ouemú,2022,3
42,la pampa,42119,quemú ouemú,2023,31
42,la pampa,42119,quemú ouemú,2024,66
42,la pampa,42126,rancul,2022,70
42,la pampa,42126,rancul,2023,103
42,la pampa,42126,rancul,2024,109
42,la pampa,42133,realicó,2022,159
42,la pampa,42133,realicó,2023,159
42,la pampa,42133,realicó,2024,134
42,la pampa,42140,toay,2022,281
42,la pampa,42140,toay,2023,226
42,la pampa,42140,toay,2024,265
42,la pampa,42147,trenel,2022,16
42,la pampa,42147,trenel,2023,27
42,la pampa,42147,trenel,2024,33
42,la pampa,42154,utracán,2022,179
42,la pampa,42154,utracán,2023,181
42,la pampa,42154,utracán,2024,156
46,la rioja,46007,arauco,2000,19
46,la rioja,46007,arauco,2001,98
46,la rioja,46007,arauco,2002,163
46,la rioja,46007,arauco,2003,122
46,la rioja,46007,arauco,2004,140
46,la rioja,46007,arauco,2005,154
46,la rioja,46007,arauco,2006,150
46,la rioja,46007,arauco,2007,165
46,la rioja,46007,arauco,2008,258
46,la rioja,46007,arauco,2009,110
46,la rioja,46007,arauco,2010,114
46,la rioja,46007,arauco,2011,119
46,la rioja,46007,arauco,2012,153
46,la rioja,46007,arauco,2013,126
46,la rioja,46007,arauco,2014,258
46,la rioja,46007,arauco,2015,164
46,la rioja,46007,arauco,2016,155
46,la rioja,46007,arauco,2017,138
46,la rioja,46007,arauco,2018,94
46,la rioja,46007,arauco,2019,78
46,la rioja,46007,arauco,2020,116
46,la rioja,46007,arauco,2021,180
46,la rioja,46007,arauco,2022,146
46,la rioja,46007,arauco,2023,133
46,la rioja,46007,arauco,2024,182
46,la rioja,46014,capital,2000,2702
46,la rioja,46014,capital,2001,2842
46,la rioja,46014,capital,2002,3651
46,la rioja,46014,capital,2003,3891
46,la rioja,46014,capital,2004,3959
46,la rioja,46014,capital,2005,3521
46,la rioja,46014,capital,2006,2862
46,la rioja,46014,capital,2007,2077
46,la rioja,46014,capital,2008,2248
46,la rioja,46014,capital,2009,2226
46,la rioja,46014,capital,2010,1905
46,la rioja,46014,capital,2011,1680
46,la rioja,46014,capital,2012,2136
46,la rioja,46014,capital,2013,2160
46,la rioja,46014,capital,2014,2637
46,la rioja,46014,capital,2015,2772
46,la rioja,46014,capital,2016,2608
46,la rioja,46014,capital,2017,3709
46,la rioja,46014,capital,2018,4711
46,la rioja,46014,capital,2019,5011
46,la rioja,46014,capital,2020,4154
46,la rioja,46014,capital,2021,3709
46,la rioja,46014,capital,2022,3844
46,la rioja,46014,capital,2023,4331
46,la rioja,46014,capital,2024,4936
46,la rioja,46021,castro barros,2000,16
46,la rioja,46021,castro barros,2001,22
46,la rioja,46021,castro barros,2002,65
46,la rioja,46021,castro barros,2003,28
46,la rioja,46021,castro barros,2004,29
46,la rioja,46021,castro barros,2005,16
46,la rioja,46021,castro barros,2006,17
46,la rioja,46021,castro barros,2007,25
46,la rioja,46021,castro barros,2008,23
46,la rioja,46021,castro barros,2009,38
46,la rioja,46021,castro barros,2010,36
46,la rioja,46021,castro barros,2011,15
46,la rioja,46021,castro barros,2012,47
46,la rioja,46021,castro barros,2013,42
46,la rioja,46021,castro barros,2014,45
46,la rioja,46021,castro barros,2015,8
46,la rioja,46021,castro barros,2016,4
46,la rioja,46021,castro barros,2017,9
46,la rioja,46021,castro barros,2018,16
46,la rioja,46021,castro barros,2019,17
46,la rioja,46021,castro barros,2020,18
46,la rioja,46021,castro barros,2021,24
46,la rioja,46021,castro barros,2022,15
46,la rioja,46021,castro barros,2023,23
46,la rioja,46021,castro barros,2024,33
46,la rioja,46028,coronel felipe varela,2000,68
46,la rioja,46028,coronel felipe varela,2001,50
46,la rioja,46028,coronel felipe varela,2002,69
46,la rioja,46028,coronel felipe varela,2003,68
46,la rioja,46028,coronel felipe varela,2004,106
46,la rioja,46028,coronel felipe varela,2005,106
46,la rioja,46028,coronel felipe varela,2006,152
46,la rioja,46028,coronel felipe varela,2007,115
46,la rioja,46028,coronel felipe varela,2008,105
46,la rioja,46028,coronel felipe varela,2009,109
46,la rioja,46028,coronel felipe varela,2010,124
46,la rioja,46028,coronel felipe varela,2011,171
46,la rioja,46028,coronel felipe varela,2012,72
46,la rioja,46028,coronel felipe varela,2013,67
46,la rioja,46028,coronel felipe varela,2014,68
46,la rioja,46028,coronel felipe varela,2015,95
46,la rioja,46028,coronel felipe varela,2016,48
46,la rioja,46028,coronel felipe varela,2017,45
46,la rioja,46028,coronel felipe varela,2018,41
46,la rioja,46028,coronel felipe varela,2019,46
46,la rioja,46028,coronel felipe varela,2020,52
46,la rioja,46028,coronel felipe varela,2021,31
46,la rioja,46028,coronel felipe varela,2022,38
46,la rioja,46028,coronel felipe varela,2023,32
46,la rioja,46028,coronel felipe varela,2024,38
46,la rioja,46035,chamical,2000,105
46,la rioja,46035,chamical,2001,143
46,la rioja,46035,chamical,2002,147
46,la rioja,46035,chamical,2003,197
46,la rioja,46035,chamical,2004,200
46,la rioja,46035,chamical,2005,212
46,la rioja,46035,chamical,2006,237
46,la rioja,46035,chamical,2007,228
46,la rioja,46035,chamical,2008,226
46,la rioja,46035,chamical,2009,150
46,la rioja,46035,chamical,2010,160
46,la rioja,46035,chamical,2011,148
46,la rioja,46035,chamical,2012,80
46,la rioja,46035,chamical,2013,114
46,la rioja,46035,chamical,2014,138
46,la rioja,46035,chamical,2015,166
46,la rioja,46035,chamical,2016,139
46,la rioja,46035,chamical,2017,135
46,la rioja,46035,chamical,2018,171
46,la rioja,46035,chamical,2019,167
46,la rioja,46035,chamical,2020,177
46,la rioja,46035,chamical,2021,135
46,la rioja,46035,chamical,2022,144
46,la rioja,46035,chamical,2023,152
46,la rioja,46035,chamical,2024,271
46,la rioja,46042,chilecito,2000,376
46,la rioja,46042,chilecito,2001,442
46,la rioja,46042,chilecito,2002,513
46,la rioja,46042,chilecito,2003,437
46,la rioja,46042,chilecito,2004,450
46,la rioja,46042,chilecito,2005,428
46,la rioja,46042,chilecito,2006,406
46,la rioja,46042,chilecito,2007,362
46,la rioja,46042,chilecito,2008,320
46,la rioja,46042,chilecito,2009,333
46,la rioja,46042,chilecito,2010,372
46,la rioja,46042,chilecito,2011,386
46,la rioja,46042,chilecito,2012,400
46,la rioja,46042,chilecito,2013,266
46,la rioja,46042,chilecito,2014,382
46,la rioja,46042,chilecito,2015,393
46,la rioja,46042,chilecito,2016,301
46,la rioja,46042,chilecito,2017,355
46,la rioja,46042,chilecito,2018,468
46,la rioja,46042,chilecito,2019,603
46,la rioja,46042,chilecito,2020,513
46,la rioja,46042,chilecito,2021,512
46,la rioja,46042,chilecito,2022,466
46,la rioja,46042,chilecito,2023,375
46,la rioja,46042,chilecito,2024,486
46,la rioja,46049,famatina,2000,58
46,la rioja,46049,famatina,2001,42
46,la rioja,46049,famatina,2002,50
46,la rioja,46049,famatina,2003,110
46,la rioja,46049,famatina,2004,112
46,la rioja,46049,famatina,2005,133
46,la rioja,46049,famatina,2006,91
46,la rioja,46049,famatina,2007,69
46,la rioja,46049,famatina,2008,65
46,la rioja,46049,famatina,2009,51
46,la rioja,46049,famatina,2010,49
46,la rioja,46049,famatina,2011,48
46,la rioja,46049,famatina,2012,49
46,la rioja,46049,famatina,2013,25
46,la rioja,46049,famatina,2014,21
46,la rioja,46049,famatina,2015,35
46,la rioja,46049,famatina,2016,25
46,la rioja,46049,famatina,2017,34
46,la rioja,46049,famatina,2018,34
46,la rioja,46049,famatina,2019,34
46,la rioja,46049,famatina,2020,28
46,la rioja,46049,famatina,2021,40
46,la rioja,46049,famatina,2022,40
46,la rioja,46049,famatina,2023,35
46,la rioja,46049,famatina,2024,40
46,la rioja,46056,general angel v. peñaloza,2000,16
46,la rioja,46056,general angel v. peñaloza,2001,8
46,la rioja,46056,general angel v. peñaloza,2002,15
46,la rioja,46056,general angel v. peñaloza,2003,25
46,la rioja,46056,general angel v. peñaloza,2004,18
46,la rioja,46056,general angel v. peñaloza,2005,13
46,la rioja,46056,general angel v. peñaloza,2006,7
46,la rioja,46056,general angel v. peñaloza,2007,13
46,la rioja,46056,general angel v. peñaloza,2008,4
46,la rioja,46056,general angel v. peñaloza,2009,27
46,la rioja,46056,general angel v. peñaloza,2010,20
46,la rioja,46056,general angel v. peñaloza,2011,11
46,la rioja,46056,general angel v. peñaloza,2012,1
46,la rioja,46056,general angel v. peñaloza,2013,11
46,la rioja,46056,general angel v. peñaloza,2014,6
46,la rioja,46056,general angel v. peñaloza,2015,16
46,la rioja,46056,general angel v. peñaloza,2016,2
46,la rioja,46056,general angel v. peñaloza,2017,10
46,la rioja,46056,general angel v. peñaloza,2018,18
46,la rioja,46056,general angel v. peñaloza,2019,14
46,la rioja,46056,general angel v. peñaloza,2020,22
46,la rioja,46056,general angel v. peñaloza,2021,4
46,la rioja,46056,general angel v. peñaloza,2022,14
46,la rioja,46056,general angel v. peñaloza,2023,4
46,la rioja,46056,general angel v. peñaloza,2024,8
46,la rioja,46063,general belgrano,2000,41
46,la rioja,46063,general belgrano,2001,43
46,la rioja,46063,general belgrano,2002,61
46,la rioja,46063,general belgrano,2003,90
46,la rioja,46063,general belgrano,2004,70
46,la rioja,46063,general belgrano,2005,75
46,la rioja,46063,general belgrano,2006,83
46,la rioja,46063,general belgrano,2007,78
46,la rioja,46063,general belgrano,2008,58
46,la rioja,46063,general belgrano,2009,47
46,la rioja,46063,general belgrano,2010,53
46,la rioja,46063,general belgrano,2011,61
46,la rioja,46063,general belgrano,2012,54
46,la rioja,46063,general belgrano,2013,56
46,la rioja,46063,general belgrano,2014,43
46,la rioja,46063,general belgrano,2015,38
46,la rioja,46063,general belgrano,2016,55
46,la rioja,46063,general belgrano,2017,59
46,la rioja,46063,general belgrano,2018,59
46,la rioja,46063,general belgrano,2019,69
46,la rioja,46063,general belgrano,2020,29
46,la rioja,46063,general belgrano,2021,17
46,la rioja,46063,general belgrano,2022,25
46,la rioja,46063,general belgrano,2023,60
46,la rioja,46063,general belgrano,2024,56
46,la rioja,46070,general juan f. quiroga,2000,10
46,la rioja,46070,general juan f. quiroga,2001,13
46,la rioja,46070,general juan f. quiroga,2002,28
46,la rioja,46070,general juan f. quiroga,2003,31
46,la rioja,46070,general juan f. quiroga,2004,27
46,la rioja,46070,general juan f. quiroga,2005,10
46,la rioja,46070,general juan f. quiroga,2006,21
46,la rioja,46070,general juan f. quiroga,2007,26
46,la rioja,46070,general juan f. quiroga,2008,20
46,la rioja,46070,general juan f. quiroga,2009,19
46,la rioja,46070,general juan f. quiroga,2010,17
46,la rioja,46070,general juan f. quiroga,2011,20
46,la rioja,46070,general juan f. quiroga,2012,4
46,la rioja,46070,general juan f. quiroga,2013,4
46,la rioja,46070,general juan f. quiroga,2014,2
46,la rioja,46070,general juan f. quiroga,2015,6
46,la rioja,46070,general juan f. quiroga,2016,2
46,la rioja,46070,general juan f. quiroga,2017,4
46,la rioja,46070,general juan f. quiroga,2018,9
46,la rioja,46070,general juan f. quiroga,2019,26
46,la rioja,46070,general juan f. quiroga,2020,23
46,la rioja,46070,general juan f. quiroga,2021,16
46,la rioja,46070,general juan f. quiroga,2022,11
46,la rioja,46070,general juan f. quiroga,2023,15
46,la rioja,46070,general juan f. quiroga,2024,11
46,la rioja,46077,general lamadrid,2000,12
46,la rioja,46077,general lamadrid,2001,12
46,la rioja,46077,general lamadrid,2002,13
46,la rioja,46077,general lamadrid,2003,21
46,la rioja,46077,general lamadrid,2004,13
46,la rioja,46077,general lamadrid,2005,11
46,la rioja,46077,general lamadrid,2006,17
46,la rioja,46077,general lamadrid,2007,17
46,la rioja,46077,general lamadrid,2008,11
46,la rioja,46077,general lamadrid,2009,23
46,la rioja,46077,general lamadrid,2010,23
46,la rioja,46077,general lamadrid,2011,27
46,la rioja,46077,general lamadrid,2012,4
46,la rioja,46077,general lamadrid,2013,8
46,la rioja,46077,general lamadrid,2014,14
46,la rioja,46077,general lamadrid,2015,12
46,la rioja,46077,general lamadrid,2016,13
46,la rioja,46077,general lamadrid,2017,11
46,la rioja,46077,general lamadrid,2018,14
46,la rioja,46077,general lamadrid,2019,9
46,la rioja,46077,general lamadrid,2020,19
46,la rioja,46077,general lamadrid,2021,0
46,la rioja,46077,general lamadrid,2022,5
46,la rioja,46077,general lamadrid,2023,4
46,la rioja,46077,general lamadrid,2024,8
46,la rioja,46084,general ocampo,2000,22
46,la rioja,46084,general ocampo,2001,26
46,la rioja,46084,general ocampo,2002,40
46,la rioja,46084,general ocampo,2003,61
46,la rioja,46084,general ocampo,2004,62
46,la rioja,46084,general ocampo,2005,45
46,la rioja,46084,general ocampo,2006,59
46,la rioja,46084,general ocampo,2007,35
46,la rioja,46084,general ocampo,2008,31
46,la rioja,46084,general ocampo,2009,35
46,la rioja,46084,general ocampo,2010,31
46,la rioja,46084,general ocampo,2011,33
46,la rioja,46084,general ocampo,2012,27
46,la rioja,46084,general ocampo,2013,46
46,la rioja,46084,general ocampo,2014,37
46,la rioja,46084,general ocampo,2015,55
46,la rioja,46084,general ocampo,2016,35
46,la rioja,46084,general ocampo,2017,36
46,la rioja,46084,general ocampo,2018,20
46,la rioja,46084,general ocampo,2019,5
46,la rioja,46084,general ocampo,2020,37
46,la rioja,46084,general ocampo,2021,33
46,la rioja,46084,general ocampo,2022,23
46,la rioja,46084,general ocampo,2023,22
46,la rioja,46084,general ocampo,2024,27
46,la rioja,46091,general san martín,2000,28
46,la rioja,46091,general san martín,2001,18
46,la rioja,46091,general san martín,2002,17
46,la rioja,46091,general san martín,2003,66
46,la rioja,46091,general san martín,2004,66
46,la rioja,46091,general san martín,2005,59
46,la rioja,46091,general san martín,2006,31
46,la rioja,46091,general san martín,2007,36
46,la rioja,46091,general san martín,2008,43
46,la rioja,46091,general san martín,2009,56
46,la rioja,46091,general san martín,2010,51
46,la rioja,46091,general san martín,2011,33
46,la rioja,46091,general san martín,2012,17
46,la rioja,46091,general san martín,2013,7
46,la rioja,46091,general san martín,2014,22
46,la rioja,46091,general san martín,2015,12
46,la rioja,46091,general san martín,2016,18
46,la rioja,46091,general san martín,2017,20
46,la rioja,46091,general san martín,2018,28
46,la rioja,46091,general san martín,2019,15
46,la rioja,46091,general san martín,2020,13
46,la rioja,46091,general san martín,2021,9
46,la rioja,46091,general san martín,2022,9
46,la rioja,46091,general san martín,2023,0
46,la rioja,46091,general san martín,2024,31
46,la rioja,46098,vinchina,2000,29
46,la rioja,46098,vinchina,2001,21
46,la rioja,46098,vinchina,2002,13
46,la rioja,46098,vinchina,2003,8
46,la rioja,46098,vinchina,2004,30
46,la rioja,46098,vinchina,2005,13
46,la rioja,46098,vinchina,2006,21
46,la rioja,46098,vinchina,2007,22
46,la rioja,46098,vinchina,2008,24
46,la rioja,46098,vinchina,2009,19
46,la rioja,46098,vinchina,2010,18
46,la rioja,46098,vinchina,2011,16
46,la rioja,46098,vinchina,2012,4
46,la rioja,46098,vinchina,2013,12
46,la rioja,46098,vinchina,2014,22
46,la rioja,46098,vinchina,2015,16
46,la rioja,46098,vinchina,2016,12
46,la rioja,46098,vinchina,2017,9
46,la rioja,46098,vinchina,2018,9
46,la rioja,46098,vinchina,2019,10
46,la rioja,46098,vinchina,2020,16
46,la rioja,46098,vinchina,2021,10
46,la rioja,46098,vinchina,2022,15
46,la rioja,46098,vinchina,2023,10
46,la rioja,46098,vinchina,2024,10
46,la rioja,46105,independencia,2000,8
46,la rioja,46105,independencia,2001,6
46,la rioja,46105,independencia,2002,13
46,la rioja,46105,independencia,2003,9
46,la rioja,46105,independencia,2004,10
46,la rioja,46105,independencia,2005,5
46,la rioja,46105,independencia,2006,12
46,la rioja,46105,independencia,2007,20
46,la rioja,46105,independencia,2008,27
46,la rioja,46105,independencia,2009,12
46,la rioja,46105,independencia,2010,7
46,la rioja,46105,independencia,2011,10
46,la rioja,46105,independencia,2012,1
46,la rioja,46105,independencia,2013,8
46,la rioja,46105,independencia,2014,5
46,la rioja,46105,independencia,2015,20
46,la rioja,46105,independencia,2016,22
46,la rioja,46105,independencia,2017,12
46,la rioja,46105,independencia,2018,13
46,la rioja,46105,independencia,2019,18
46,la rioja,46105,independencia,2020,11
46,la rioja,46105,independencia,2021,4
46,la rioja,46105,independencia,2022,21
46,la rioja,46105,independencia,2023,6
46,la rioja,46105,independencia,2024,6
46,la rioja,46112,rosario vera peñaloza,2000,102
46,la rioja,46112,rosario vera peñaloza,2001,118
46,la rioja,46112,rosario vera peñaloza,2002,209
46,la rioja,46112,rosario vera peñaloza,2003,273
46,la rioja,46112,rosario vera peñaloza,2004,296
46,la rioja,46112,rosario vera peñaloza,2005,240
46,la rioja,46112,rosario vera peñaloza,2006,202
46,la rioja,46112,rosario vera peñaloza,2007,122
46,la rioja,46112,rosario vera peñaloza,2008,91
46,la rioja,46112,rosario vera peñaloza,2009,87
46,la rioja,46112,rosario vera peñaloza,2010,123
46,la rioja,46112,rosario vera peñaloza,2011,118
46,la rioja,46112,rosario vera peñaloza,2012,69
46,la rioja,46112,rosario vera peñaloza,2013,107
46,la rioja,46112,rosario vera peñaloza,2014,129
46,la rioja,46112,rosario vera peñaloza,2015,90
46,la rioja,46112,rosario vera peñaloza,2016,94
46,la rioja,46112,rosario vera peñaloza,2017,115
46,la rioja,46112,rosario vera peñaloza,2018,130
46,la rioja,46112,rosario vera peñaloza,2019,128
46,la rioja,46112,rosario vera peñaloza,2020,101
46,la rioja,46112,rosario vera peñaloza,2021,83
46,la rioja,46112,rosario vera peñaloza,2022,104
46,la rioja,46112,rosario vera peñaloza,2023,51
46,la rioja,46112,rosario vera peñaloza,2024,79
46,la rioja,46119,san blas de los sauces,2000,19
46,la rioja,46119,san blas de los sauces,2001,19
46,la rioja,46119,san blas de los sauces,2002,36
46,la rioja,46119,san blas de los sauces,2003,33
46,la rioja,46119,san blas de los sauces,2004,27
46,la rioja,46119,san blas de los sauces,2005,34
46,la rioja,46119,san blas de los sauces,2006,41
46,la rioja,46119,san blas de los sauces,2007,25
46,la rioja,46119,san blas de los sauces,2008,34
46,la rioja,46119,san blas de los sauces,2009,30
46,la rioja,46119,san blas de los sauces,2010,22
46,la rioja,46119,san blas de los sauces,2011,17
46,la rioja,46119,san blas de los sauces,2012,14
46,la rioja,46119,san blas de los sauces,2013,14
46,la rioja,46119,san blas de los sauces,2014,6
46,la rioja,46119,san blas de los sauces,2015,6
46,la rioja,46119,san blas de los sauces,2016,6
46,la rioja,46119,san blas de los sauces,2017,4
46,la rioja,46119,san blas de los sauces,2018,15
46,la rioja,46119,san blas de los sauces,2019,20
46,la rioja,46119,san blas de los sauces,2020,13
46,la rioja,46119,san blas de los sauces,2021,11
46,la rioja,46119,san blas de los sauces,2022,15
46,la rioja,46119,san blas de los sauces,2023,14
46,la rioja,46119,san blas de los sauces,2024,8
46,la rioja,46126,sanagasta,2000,9
46,la rioja,46126,sanagasta,2001,7
46,la rioja,46126,sanagasta,2002,54
46,la rioja,46126,sanagasta,2003,56
46,la rioja,46126,sanagasta,2004,31
46,la rioja,46126,sanagasta,2005,26
46,la rioja,46126,sanagasta,2006,32
46,la rioja,46126,sanagasta,2007,19
46,la rioja,46126,sanagasta,2008,20
46,la rioja,46126,sanagasta,2009,25
46,la rioja,46126,sanagasta,2010,28
46,la rioja,46126,sanagasta,2011,23
46,la rioja,46126,sanagasta,2012,9
46,la rioja,46126,sanagasta,2013,18
46,la rioja,46126,sanagasta,2014,20
46,la rioja,46126,sanagasta,2015,35
46,la rioja,46126,sanagasta,2016,31
46,la rioja,46126,sanagasta,2017,33
46,la rioja,46126,sanagasta,2018,19
46,la rioja,46126,sanagasta,2019,17
46,la rioja,46126,sanagasta,2020,10
46,la rioja,46126,sanagasta,2021,25
46,la rioja,46126,sanagasta,2022,15
46,la rioja,46126,sanagasta,2023,32
46,la rioja,46126,sanagasta,2024,46
50,mendoza,50007,capital,2000,0
50,mendoza,50007,capital,2001,0
50,mendoza,50007,capital,2002,0
50,mendoza,50007,capital,2003,0
50,mendoza,50007,capital,2004,0
50,mendoza,50007,capital,2005,0
50,mendoza,50007,capital,2006,0
50,mendoza,50007,capital,2007,0
50,mendoza,50007,capital,2008,0
50,mendoza,50007,capital,2009,15673
50,mendoza,50007,capital,2010,14787
50,mendoza,50007,capital,2011,14991
50,mendoza,50007,capital,2012,15630
50,mendoza,50007,capital,2013,15053
50,mendoza,50007,capital,2014,16223
50,mendoza,50007,capital,2015,16038
50,mendoza,50007,capital,2016,12514
50,mendoza,50007,capital,2017,8893
50,mendoza,50007,capital,2018,7555
50,mendoza,50007,capital,2019,7814
50,mendoza,50007,capital,2020,5769
50,mendoza,50007,capital,2021,9025
50,mendoza,50007,capital,2022,10924
50,mendoza,50007,capital,2023,11984
50,mendoza,50007,capital,2024,10863
50,mendoza,50014,general alvear,2000,0
50,mendoza,50014,general alvear,2001,0
50,mendoza,50014,general alvear,2002,0
50,mendoza,50014,general alvear,2003,0
50,mendoza,50014,general alvear,2004,0
50,mendoza,50014,general alvear,2005,0
50,mendoza,50014,general alvear,2006,0
50,mendoza,50014,general alvear,2007,0
50,mendoza,50014,general alvear,2008,0
50,mendoza,50014,general alvear,2009,1286
50,mendoza,50014,general alvear,2010,600
50,mendoza,50014,general alvear,2011,1290
50,mendoza,50014,general alvear,2012,1544
50,mendoza,50014,general alvear,2013,1526
50,mendoza,50014,general alvear,2014,1577
50,mendoza,50014,general alvear,2015,1651
50,mendoza,50014,general alvear,2016,1986
50,mendoza,50014,general alvear,2017,490
50,mendoza,50014,general alvear,2018,1386
50,mendoza,50014,general alvear,2019,1371
50,mendoza,50014,general alvear,2020,1088
50,mendoza,50014,general alvear,2021,1490
50,mendoza,50014,general alvear,2022,1402
50,mendoza,50014,general alvear,2023,1558
50,mendoza,50014,general alvear,2024,1578
50,mendoza,50021,godoy cruz,2000,0
50,mendoza,50021,godoy cruz,2001,0
50,mendoza,50021,godoy cruz,2002,0
50,mendoza,50021,godoy cruz,2003,0
50,mendoza,50021,godoy cruz,2004,0
50,mendoza,50021,godoy cruz,2005,0
50,mendoza,50021,godoy cruz,2006,0
50,mendoza,50021,godoy cruz,2007,0
50,mendoza,50021,godoy cruz,2008,0
50,mendoza,50021,godoy cruz,2009,9317
50,mendoza,50021,godoy cruz,2010,9227
50,mendoza,50021,godoy cruz,2011,9155
50,mendoza,50021,godoy cruz,2012,10094
50,mendoza,50021,godoy cruz,2013,10653
50,mendoza,50021,godoy cruz,2014,12485
50,mendoza,50021,godoy cruz,2015,12059
50,mendoza,50021,godoy cruz,2016,9848
50,mendoza,50021,godoy cruz,2017,5198
50,mendoza,50021,godoy cruz,2018,5130
50,mendoza,50021,godoy cruz,2019,5052
50,mendoza,50021,godoy cruz,2020,4145
50,mendoza,50021,godoy cruz,2021,6208
50,mendoza,50021,godoy cruz,2022,7248
50,mendoza,50021,godoy cruz,2023,7874
50,mendoza,50021,godoy cruz,2024,8239
50,mendoza,50028,guaymallén,2000,0
50,mendoza,50028,guaymallén,2001,0
50,mendoza,50028,guaymallén,2002,0
50,mendoza,50028,guaymallén,2003,0
50,mendoza,50028,guaymallén,2004,0
50,mendoza,50028,guaymallén,2005,0
50,mendoza,50028,guaymallén,2006,0
50,mendoza,50028,guaymallén,2007,0
50,mendoza,50028,guaymallén,2008,0
50,mendoza,50028,guaymallén,2009,13763
50,mendoza,50028,guaymallén,2010,13250
50,mendoza,50028,guaymallén,2011,14743
50,mendoza,50028,guaymallén,2012,16026
50,mendoza,50028,guaymallén,2013,16750
50,mendoza,50028,guaymallén,2014,17679
50,mendoza,50028,guaymallén,2015,17752
50,mendoza,50028,guaymallén,2016,15838
50,mendoza,50028,guaymallén,2017,10560
50,mendoza,50028,guaymallén,2018,8560
50,mendoza,50028,guaymallén,2019,9104
50,mendoza,50028,guaymallén,2020,6435
50,mendoza,50028,guaymallén,2021,10242
50,mendoza,50028,guaymallén,2022,10297
50,mendoza,50028,guaymallén,2023,11158
50,mendoza,50028,guaymallén,2024,11541
50,mendoza,50035,junín,2000,0
50,mendoza,50035,junín,2001,0
50,mendoza,50035,junín,2002,0
50,mendoza,50035,junín,2003,0
50,mendoza,50035,junín,2004,0
50,mendoza,50035,junín,2005,0
50,mendoza,50035,junín,2006,0
50,mendoza,50035,junín,2007,0
50,mendoza,50035,junín,2008,0
50,mendoza,50035,junín,2009,808
50,mendoza,50035,junín,2010,769
50,mendoza,50035,junín,2011,821
50,mendoza,50035,junín,2012,1048
50,mendoza,50035,junín,2013,1054
50,mendoza,50035,junín,2014,1193
50,mendoza,50035,junín,2015,1221
50,mendoza,50035,junín,2016,1128
50,mendoza,50035,junín,2017,988
50,mendoza,50035,junín,2018,915
50,mendoza,50035,junín,2019,973
50,mendoza,50035,junín,2020,695
50,mendoza,50035,junín,2021,1065
50,mendoza,50035,junín,2022,1164
50,mendoza,50035,junín,2023,1261
50,mendoza,50035,junín,2024,1228
50,mendoza,50042,la paz,2000,0
50,mendoza,50042,la paz,2001,0
50,mendoza,50042,la paz,2002,0
50,mendoza,50042,la paz,2003,0
50,mendoza,50042,la paz,2004,0
50,mendoza,50042,la paz,2005,0
50,mendoza,50042,la paz,2006,0
50,mendoza,50042,la paz,2007,0
50,mendoza,50042,la paz,2008,0
50,mendoza,50042,la paz,2009,246
50,mendoza,50042,la paz,2010,308
50,mendoza,50042,la paz,2011,244
50,mendoza,50042,la paz,2012,300
50,mendoza,50042,la paz,2013,229
50,mendoza,50042,la paz,2014,257
50,mendoza,50042,la paz,2015,271
50,mendoza,50042,la paz,2016,290
50,mendoza,50042,la paz,2017,286
50,mendoza,50042,la paz,2018,271
50,mendoza,50042,la paz,2019,241
50,mendoza,50042,la paz,2020,237
50,mendoza,50042,la paz,2021,321
50,mendoza,50042,la paz,2022,357
50,mendoza,50042,la paz,2023,245
50,mendoza,50042,la paz,2024,311
50,mendoza,50049,las heras,2000,0
50,mendoza,50049,las heras,2001,0
50,mendoza,50049,las heras,2002,0
50,mendoza,50049,las heras,2003,0
50,mendoza,50049,las heras,2004,0
50,mendoza,50049,las heras,2005,0
50,mendoza,50049,las heras,2006,0
50,mendoza,50049,las heras,2007,0
50,mendoza,50049,las heras,2008,0
50,mendoza,50049,las heras,2009,5787
50,mendoza,50049,las heras,2010,6046
50,mendoza,50049,las heras,2011,6937
50,mendoza,50049,las heras,2012,7595
50,mendoza,50049,las heras,2013,7701
50,mendoza,50049,las heras,2014,9002
50,mendoza,50049,las heras,2015,8469
50,mendoza,50049,las heras,2016,7806
50,mendoza,50049,las heras,2017,5685
50,mendoza,50049,las heras,2018,5251
50,mendoza,50049,las heras,2019,5509
50,mendoza,50049,las heras,2020,3886
50,mendoza,50049,las heras,2021,5935
50,mendoza,50049,las heras,2022,6478
50,mendoza,50049,las heras,2023,7021
50,mendoza,50049,las heras,2024,7655
50,mendoza,50056,lavalle,2000,0
50,mendoza,50056,lavalle,2001,0
50,mendoza,50056,lavalle,2002,0
50,mendoza,50056,lavalle,2003,0
50,mendoza,50056,lavalle,2004,0
50,mendoza,50056,lavalle,2005,0
50,mendoza,50056,lavalle,2006,0
50,mendoza,50056,lavalle,2007,0
50,mendoza,50056,lavalle,2008,0
50,mendoza,50056,lavalle,2009,956
50,mendoza,50056,lavalle,2010,864
50,mendoza,50056,lavalle,2011,958
50,mendoza,50056,lavalle,2012,1035
50,mendoza,50056,lavalle,2013,1136
50,mendoza,50056,lavalle,2014,1240
50,mendoza,50056,lavalle,2015,1177
50,mendoza,50056,lavalle,2016,1380
50,mendoza,50056,lavalle,2017,1176
50,mendoza,50056,lavalle,2018,1061
50,mendoza,50056,lavalle,2019,1069
50,mendoza,50056,lavalle,2020,784
50,mendoza,50056,lavalle,2021,1100
50,mendoza,50056,lavalle,2022,967
50,mendoza,50056,lavalle,2023,1001
50,mendoza,50056,lavalle,2024,1045
50,mendoza,50063,luján de cuyo,2000,0
50,mendoza,50063,luján de cuyo,2001,0
50,mendoza,50063,luján de cuyo,2002,0
50,mendoza,50063,luján de cuyo,2003,0
50,mendoza,50063,luján de cuyo,2004,0
50,mendoza,50063,luján de cuyo,2005,0
50,mendoza,50063,luján de cuyo,2006,0
50,mendoza,50063,luján de cuyo,2007,0
50,mendoza,50063,luján de cuyo,2008,0
50,mendoza,50063,luján de cuyo,2009,5715
50,mendoza,50063,luján de cuyo,2010,5141
50,mendoza,50063,luján de cuyo,2011,5167
50,mendoza,50063,luján de cuyo,2012,5455
50,mendoza,50063,luján de cuyo,2013,5982
50,mendoza,50063,luján de cuyo,2014,6879
50,mendoza,50063,luján de cuyo,2015,6393
50,mendoza,50063,luján de cuyo,2016,5965
50,mendoza,50063,luján de cuyo,2017,3675
50,mendoza,50063,luján de cuyo,2018,3992
50,mendoza,50063,luján de cuyo,2019,4558
50,mendoza,50063,luján de cuyo,2020,3631
50,mendoza,50063,luján de cuyo,2021,6020
50,mendoza,50063,luján de cuyo,2022,6471
50,mendoza,50063,luján de cuyo,2023,5925
50,mendoza,50063,luján de cuyo,2024,6651
50,mendoza,50070,maipú,2000,0
50,mendoza,50070,maipú,2001,0
50,mendoza,50070,maipú,2002,0
50,mendoza,50070,maipú,2003,0
50,mendoza,50070,maipú,2004,0
50,mendoza,50070,maipú,2005,0
50,mendoza,50070,maipú,2006,0
50,mendoza,50070,maipú,2007,0
50,mendoza,50070,maipú,2008,0
50,mendoza,50070,maipú,2009,6339
50,mendoza,50070,maipú,2010,5629
50,mendoza,50070,maipú,2011,5923
50,mendoza,50070,maipú,2012,6468
50,mendoza,50070,maipú,2013,7082
50,mendoza,50070,maipú,2014,8179
50,mendoza,50070,maipú,2015,7827
50,mendoza,50070,maipú,2016,7336
50,mendoza,50070,maipú,2017,5464
50,mendoza,50070,maipú,2018,5591
50,mendoza,50070,maipú,2019,6087
50,mendoza,50070,maipú,2020,4427
50,mendoza,50070,maipú,2021,5691
50,mendoza,50070,maipú,2022,5714
50,mendoza,50070,maipú,2023,6578
50,mendoza,50070,maipú,2024,6777
50,mendoza,50077,malargüe,2000,0
50,mendoza,50077,malargüe,2001,0
50,mendoza,50077,malargüe,2002,0
50,mendoza,50077,malargüe,2003,0
50,mendoza,50077,malargüe,2004,0
50,mendoza,50077,malargüe,2005,0
50,mendoza,50077,malargüe,2006,0
50,mendoza,50077,malargüe,2007,0
50,mendoza,50077,malargüe,2008,0
50,mendoza,50077,malargüe,2009,522
50,mendoza,50077,malargüe,2010,765
50,mendoza,50077,malargüe,2011,728
50,mendoza,50077,malargüe,2012,677
50,mendoza,50077,malargüe,2013,705
50,mendoza,50077,malargüe,2014,967
50,mendoza,50077,malargüe,2015,866
50,mendoza,50077,malargüe,2016,752
50,mendoza,50077,malargüe,2017,434
50,mendoza,50077,malargüe,2018,794
50,mendoza,50077,malargüe,2019,953
50,mendoza,50077,malargüe,2020,704
50,mendoza,50077,malargüe,2021,960
50,mendoza,50077,malargüe,2022,1075
50,mendoza,50077,malargüe,2023,1048
50,mendoza,50077,malargüe,2024,1020
50,mendoza,50084,rivadavia,2000,0
50,mendoza,50084,rivadavia,2001,0
50,mendoza,50084,rivadavia,2002,0
50,mendoza,50084,rivadavia,2003,0
50,mendoza,50084,rivadavia,2004,0
50,mendoza,50084,rivadavia,2005,0
50,mendoza,50084,rivadavia,2006,0
50,mendoza,50084,rivadavia,2007,0
50,mendoza,50084,rivadavia,2008,0
50,mendoza,50084,rivadavia,2009,2068
50,mendoza,50084,rivadavia,2010,831
50,mendoza,50084,rivadavia,2011,1936
50,mendoza,50084,rivadavia,2012,2553
50,mendoza,50084,rivadavia,2013,2632
50,mendoza,50084,rivadavia,2014,2847
50,mendoza,50084,rivadavia,2015,2655
50,mendoza,50084,rivadavia,2016,2447
50,mendoza,50084,rivadavia,2017,2115
50,mendoza,50084,rivadavia,2018,2184
50,mendoza,50084,rivadavia,2019,2167
50,mendoza,50084,rivadavia,2020,1628
50,mendoza,50084,rivadavia,2021,2145
50,mendoza,50084,rivadavia,2022,2203
50,mendoza,50084,rivadavia,2023,2523
50,mendoza,50084,rivadavia,2024,1997
50,mendoza,50091,san carlos,2000,0
50,mendoza,50091,san carlos,2001,0
50,mendoza,50091,san carlos,2002,0
50,mendoza,50091,san carlos,2003,0
50,mendoza,50091,san carlos,2004,0
50,mendoza,50091,san carlos,2005,0
50,mendoza,50091,san carlos,2006,0
50,mendoza,50091,san carlos,2007,0
50,mendoza,50091,san carlos,2008,0
50,mendoza,50091,san carlos,2009,570
50,mendoza,50091,san carlos,2010,712
50,mendoza,50091,san carlos,2011,792
50,mendoza,50091,san carlos,2012,884
50,mendoza,50091,san carlos,2013,860
50,mendoza,50091,san carlos,2014,863
50,mendoza,50091,san carlos,2015,648
50,mendoza,50091,san carlos,2016,691
50,mendoza,50091,san carlos,2017,522
50,mendoza,50091,san carlos,2018,851
50,mendoza,50091,san carlos,2019,934
50,mendoza,50091,san carlos,2020,834
50,mendoza,50091,san carlos,2021,912
50,mendoza,50091,san carlos,2022,839
50,mendoza,50091,san carlos,2023,913
50,mendoza,50091,san carlos,2024,984
50,mendoza,50098,san martín,2000,0
50,mendoza,50098,san martín,2001,0
50,mendoza,50098,san martín,2002,0
50,mendoza,50098,san martín,2003,0
50,mendoza,50098,san martín,2004,0
50,mendoza,50098,san martín,2005,0
50,mendoza,50098,san martín,2006,0
50,mendoza,50098,san martín,2007,0
50,mendoza,50098,san martín,2008,0
50,mendoza,50098,san martín,2009,3448
50,mendoza,50098,san martín,2010,3285
50,mendoza,50098,san martín,2011,4259
50,mendoza,50098,san martín,2012,5665
50,mendoza,50098,san martín,2013,5380
50,mendoza,50098,san martín,2014,5935
50,mendoza,50098,san martín,2015,5951
50,mendoza,50098,san martín,2016,5111
50,mendoza,50098,san martín,2017,4073
50,mendoza,50098,san martín,2018,4001
50,mendoza,50098,san martín,2019,4237
50,mendoza,50098,san martín,2020,2857
50,mendoza,50098,san martín,2021,4123
50,mendoza,50098,san martín,2022,4346
50,mendoza,50098,san martín,2023,5215
50,mendoza,50098,san martín,2024,4694
50,mendoza,50105,san rafael,2000,0
50,mendoza,50105,san rafael,2001,0
50,mendoza,50105,san rafael,2002,0
50,mendoza,50105,san rafael,2003,0
50,mendoza,50105,san rafael,2004,0
50,mendoza,50105,san rafael,2005,0
50,mendoza,50105,san rafael,2006,0
50,mendoza,50105,san rafael,2007,0
50,mendoza,50105,san rafael,2008,0
50,mendoza,50105,san rafael,2009,6058
50,mendoza,50105,san rafael,2010,6179
50,mendoza,50105,san rafael,2011,5657
50,mendoza,50105,san rafael,2012,6973
50,mendoza,50105,san rafael,2013,6163
50,mendoza,50105,san rafael,2014,4009
50,mendoza,50105,san rafael,2015,4635
50,mendoza,50105,san rafael,2016,4257
50,mendoza,50105,san rafael,2017,880
50,mendoza,50105,san rafael,2018,1716
50,mendoza,50105,san rafael,2019,5385
50,mendoza,50105,san rafael,2020,5088
50,mendoza,50105,san rafael,2021,6689
50,mendoza,50105,san rafael,2022,6963
50,mendoza,50105,san rafael,2023,8096
50,mendoza,50105,san rafael,2024,8779
50,mendoza,50112,santa rosa,2000,0
50,mendoza,50112,santa rosa,2001,0
50,mendoza,50112,santa rosa,2002,0
50,mendoza,50112,santa rosa,2003,0
50,mendoza,50112,santa rosa,2004,0
50,mendoza,50112,santa rosa,2005,0
50,mendoza,50112,santa rosa,2006,0
50,mendoza,50112,santa rosa,2007,0
50,mendoza,50112,santa rosa,2008,0
50,mendoza,50112,santa rosa,2009,254
50,mendoza,50112,santa rosa,2010,327
50,mendoza,50112,santa rosa,2011,425
50,mendoza,50112,santa rosa,2012,529
50,mendoza,50112,santa rosa,2013,527
50,mendoza,50112,santa rosa,2014,632
50,mendoza,50112,santa rosa,2015,632
50,mendoza,50112,santa rosa,2016,621
50,mendoza,50112,santa rosa,2017,586
50,mendoza,50112,santa rosa,2018,487
50,mendoza,50112,santa rosa,2019,497
50,mendoza,50112,santa rosa,2020,399
50,mendoza,50112,santa rosa,2021,643
50,mendoza,50112,santa rosa,2022,602
50,mendoza,50112,santa rosa,2023,486
50,mendoza,50112,santa rosa,2024,510
50,mendoza,50119,tunuyán,2000,0
50,mendoza,50119,tunuyán,2001,0
50,mendoza,50119,tunuyán,2002,0
50,mendoza,50119,tunuyán,2003,0
50,mendoza,50119,tunuyán,2004,0
50,mendoza,50119,tunuyán,2005,0
50,mendoza,50119,tunuyán,2006,0
50,mendoza,50119,tunuyán,2007,0
50,mendoza,50119,tunuyán,2008,0
50,mendoza,50119,tunuyán,2009,660
50,mendoza,50119,tunuyán,2010,760
50,mendoza,50119,tunuyán,2011,833
50,mendoza,50119,tunuyán,2012,865
50,mendoza,50119,tunuyán,2013,950
50,mendoza,50119,tunuyán,2014,1029
50,mendoza,50119,tunuyán,2015,1025
50,mendoza,50119,tunuyán,2016,906
50,mendoza,50119,tunuyán,2017,872
50,mendoza,50119,tunuyán,2018,1477
50,mendoza,50119,tunuyán,2019,1824
50,mendoza,50119,tunuyán,2020,1303
50,mendoza,50119,tunuyán,2021,1768
50,mendoza,50119,tunuyán,2022,1973
50,mendoza,50119,tunuyán,2023,1929
50,mendoza,50119,tunuyán,2024,2226
50,mendoza,50126,tupungato,2000,0
50,mendoza,50126,tupungato,2001,0
50,mendoza,50126,tupungato,2002,0
50,mendoza,50126,tupungato,2003,0
50,mendoza,50126,tupungato,2004,0
50,mendoza,50126,tupungato,2005,0
50,mendoza,50126,tupungato,2006,0
50,mendoza,50126,tupungato,2007,0
50,mendoza,50126,tupungato,2008,0
50,mendoza,50126,tupungato,2009,555
50,mendoza,50126,tupungato,2010,397
50,mendoza,50126,tupungato,2011,364
50,mendoza,50126,tupungato,2012,635
50,mendoza,50126,tupungato,2013,613
50,mendoza,50126,tupungato,2014,785
50,mendoza,50126,tupungato,2015,915
50,mendoza,50126,tupungato,2016,680
50,mendoza,50126,tupungato,2017,517
50,mendoza,50126,tupungato,2018,903
50,mendoza,50126,tupungato,2019,1000
50,mendoza,50126,tupungato,2020,875
50,mendoza,50126,tupungato,2021,1190
50,mendoza,50126,tupungato,2022,1041
50,mendoza,50126,tupungato,2023,1058
50,mendoza,50126,tupungato,2024,1296
54,misiones,54007,apóstoles,2000,186
54,misiones,54007,apóstoles,2001,0
54,misiones,54007,apóstoles,2002,0
54,misiones,54007,apóstoles,2003,0
54,misiones,54007,apóstoles,2004,0
54,misiones,54007,apóstoles,2005,0
54,misiones,54007,apóstoles,2006,0
54,misiones,54007,apóstoles,2007,0
54,misiones,54007,apóstoles,2008,0
54,misiones,54007,apóstoles,2009,0
54,misiones,54007,apóstoles,2010,0
54,misiones,54007,apóstoles,2011,0
54,misiones,54007,apóstoles,2012,0
54,misiones,54007,apóstoles,2013,607
54,misiones,54007,apóstoles,2014,689
54,misiones,54007,apóstoles,2015,472
54,misiones,54007,apóstoles,2016,374
54,misiones,54007,apóstoles,2017,438
54,misiones,54007,apóstoles,2018,444
54,misiones,54007,apóstoles,2019,522
54,misiones,54007,apóstoles,2020,489
54,misiones,54007,apóstoles,2021,616
54,misiones,54007,apóstoles,2022,529
54,misiones,54007,apóstoles,2023,428
54,misiones,54007,apóstoles,2024,534
54,misiones,54014,cainguás,2000,182
54,misiones,54014,cainguás,2001,0
54,misiones,54014,cainguás,2002,0
54,misiones,54014,cainguás,2003,0
54,misiones,54014,cainguás,2004,0
54,misiones,54014,cainguás,2005,0
54,misiones,54014,cainguás,2006,0
54,misiones,54014,cainguás,2007,0
54,misiones,54014,cainguás,2008,0
54,misiones,54014,cainguás,2009,0
54,misiones,54014,cainguás,2010,0
54,misiones,54014,cainguás,2011,0
54,misiones,54014,cainguás,2012,0
54,misiones,54014,cainguás,2013,471
54,misiones,54014,cainguás,2014,615
54,misiones,54014,cainguás,2015,647
54,misiones,54014,cainguás,2016,739
54,misiones,54014,cainguás,2017,712
54,misiones,54014,cainguás,2018,652
54,misiones,54014,cainguás,2019,743
54,misiones,54014,cainguás,2020,852
54,misiones,54014,cainguás,2021,707
54,misiones,54014,cainguás,2022,668
54,misiones,54014,cainguás,2023,725
54,misiones,54014,cainguás,2024,702
54,misiones,54021,candelaria,2000,197
54,misiones,54021,candelaria,2001,0
54,misiones,54021,candelaria,2002,0
54,misiones,54021,candelaria,2003,0
54,misiones,54021,candelaria,2004,0
54,misiones,54021,candelaria,2005,0
54,misiones,54021,candelaria,2006,0
54,misiones,54021,candelaria,2007,0
54,misiones,54021,candelaria,2008,0
54,misiones,54021,candelaria,2009,0
54,misiones,54021,candelaria,2010,0
54,misiones,54021,candelaria,2011,0
54,misiones,54021,candelaria,2012,0
54,misiones,54021,candelaria,2013,372
54,misiones,54021,candelaria,2014,521
54,misiones,54021,candelaria,2015,372
54,misiones,54021,candelaria,2016,366
54,misiones,54021,candelaria,2017,577
54,misiones,54021,candelaria,2018,521
54,misiones,54021,candelaria,2019,567
54,misiones,54021,candelaria,2020,570
54,misiones,54021,candelaria,2021,472
54,misiones,54021,candelaria,2022,462
54,misiones,54021,candelaria,2023,568
54,misiones,54021,candelaria,2024,642
54,misiones,54028,capital,2000,3778
54,misiones,54028,capital,2001,0
54,misiones,54028,capital,2002,0
54,misiones,54028,capital,2003,0
54,misiones,54028,capital,2004,0
54,misiones,54028,capital,2005,0
54,misiones,54028,capital,2006,0
54,misiones,54028,capital,2007,0
54,misiones,54028,capital,2008,0
54,misiones,54028,capital,2009,0
54,misiones,54028,capital,2010,0
54,misiones,54028,capital,2011,0
54,misiones,54028,capital,2012,0
54,misiones,54028,capital,2013,5190
54,misiones,54028,capital,2014,6875
54,misiones,54028,capital,2015,7111
54,misiones,54028,capital,2016,8351
54,misiones,54028,capital,2017,7471
54,misiones,54028,capital,2018,7910
54,misiones,54028,capital,2019,9051
54,misiones,54028,capital,2020,6977
54,misiones,54028,capital,2021,7161
54,misiones,54028,capital,2022,6512
54,misiones,54028,capital,2023,7192
54,misiones,54028,capital,2024,7284
54,misiones,54035,concepción,2000,24
54,misiones,54035,concepción,2001,0
54,misiones,54035,concepción,2002,0
54,misiones,54035,concepción,2003,0
54,misiones,54035,concepción,2004,0
54,misiones,54035,concepción,2005,0
54,misiones,54035,concepción,2006,0
54,misiones,54035,concepción,2007,0
54,misiones,54035,concepción,2008,0
54,misiones,54035,concepción,2009,0
54,misiones,54035,concepción,2010,0
54,misiones,54035,concepción,2011,0
54,misiones,54035,concepción,2012,0
54,misiones,54035,concepción,2013,59
54,misiones,54035,concepción,2014,65
54,misiones,54035,concepción,2015,56
54,misiones,54035,concepción,2016,71
54,misiones,54035,concepción,2017,79
54,misiones,54035,concepción,2018,68
54,misiones,54035,concepción,2019,103
54,misiones,54035,concepción,2020,83
54,misiones,54035,concepción,2021,128
54,misiones,54035,concepción,2022,113
54,misiones,54035,concepción,2023,105
54,misiones,54035,concepción,2024,125
54,misiones,54042,eldorado,2000,368
54,misiones,54042,eldorado,2001,0
54,misiones,54042,eldorado,2002,0
54,misiones,54042,eldorado,2003,0
54,misiones,54042,eldorado,2004,0
54,misiones,54042,eldorado,2005,0
54,misiones,54042,eldorado,2006,0
54,misiones,54042,eldorado,2007,0
54,misiones,54042,eldorado,2008,0
54,misiones,54042,eldorado,2009,0
54,misiones,54042,eldorado,2010,0
54,misiones,54042,eldorado,2011,0
54,misiones,54042,eldorado,2012,0
54,misiones,54042,eldorado,2013,1117
54,misiones,54042,eldorado,2014,1328
54,misiones,54042,eldorado,2015,1294
54,misiones,54042,eldorado,2016,1281
54,misiones,54042,eldorado,2017,1233
54,misiones,54042,eldorado,2018,1555
54,misiones,54042,eldorado,2019,1521
54,misiones,54042,eldorado,2020,1280
54,misiones,54042,eldorado,2021,1420
54,misiones,54042,eldorado,2022,1414
54,misiones,54042,eldorado,2023,1607
54,misiones,54042,eldorado,2024,1568
54,misiones,54049,general manuel belgrano,2000,82
54,misiones,54049,general manuel belgrano,2001,0
54,misiones,54049,general manuel belgrano,2002,0
54,misiones,54049,general manuel belgrano,2003,0
54,misiones,54049,general manuel belgrano,2004,0
54,misiones,54049,general manuel belgrano,2005,0
54,misiones,54049,general manuel belgrano,2006,0
54,misiones,54049,general manuel belgrano,2007,0
54,misiones,54049,general manuel belgrano,2008,0
54,misiones,54049,general manuel belgrano,2009,0
54,misiones,54049,general manuel belgrano,2010,0
54,misiones,54049,general manuel belgrano,2011,0
54,misiones,54049,general manuel belgrano,2012,0
54,misiones,54049,general manuel belgrano,2013,276
54,misiones,54049,general manuel belgrano,2014,370
54,misiones,54049,general manuel belgrano,2015,324
54,misiones,54049,general manuel belgrano,2016,514
54,misiones,54049,general manuel belgrano,2017,401
54,misiones,54049,general manuel belgrano,2018,414
54,misiones,54049,general manuel belgrano,2019,567
54,misiones,54049,general manuel belgrano,2020,453
54,misiones,54049,general manuel belgrano,2021,501
54,misiones,54049,general manuel belgrano,2022,629
54,misiones,54049,general manuel belgrano,2023,458
54,misiones,54049,general manuel belgrano,2024,589
54,misiones,54056,guaraní,2000,181
54,misiones,54056,guaraní,2001,0
54,misiones,54056,guaraní,2002,0
54,misiones,54056,guaraní,2003,0
54,misiones,54056,guaraní,2004,0
54,misiones,54056,guaraní,2005,0
54,misiones,54056,guaraní,2006,0
54,misiones,54056,guaraní,2007,0
54,misiones,54056,guaraní,2008,0
54,misiones,54056,guaraní,2009,0
54,misiones,54056,guaraní,2010,0
54,misiones,54056,guaraní,2011,0
54,misiones,54056,guaraní,2012,0
54,misiones,54056,guaraní,2013,545
54,misiones,54056,guaraní,2014,656
54,misiones,54056,guaraní,2015,751
54,misiones,54056,guaraní,2016,773
54,misiones,54056,guaraní,2017,704
54,misiones,54056,guaraní,2018,659
54,misiones,54056,guaraní,2019,722
54,misiones,54056,guaraní,2020,836
54,misiones,54056,guaraní,2021,693
54,misiones,54056,guaraní,2022,596
54,misiones,54056,guaraní,2023,644
54,misiones,54056,guaraní,2024,746
54,misiones,54063,iguazú,2000,275
54,misiones,54063,iguazú,2001,0
54,misiones,54063,iguazú,2002,0
54,misiones,54063,iguazú,2003,0
54,misiones,54063,iguazú,2004,0
54,misiones,54063,iguazú,2005,0
54,misiones,54063,iguazú,2006,0
54,misiones,54063,iguazú,2007,0
54,misiones,54063,iguazú,2008,0
54,misiones,54063,iguazú,2009,0
54,misiones,54063,iguazú,2010,0
54,misiones,54063,iguazú,2011,0
54,misiones,54063,iguazú,2012,0
54,misiones,54063,iguazú,2013,1077
54,misiones,54063,iguazú,2014,1639
54,misiones,54063,iguazú,2015,1504
54,misiones,54063,iguazú,2016,1390
54,misiones,54063,iguazú,2017,1111
54,misiones,54063,iguazú,2018,1487
54,misiones,54063,iguazú,2019,1497
54,misiones,54063,iguazú,2020,1233
54,misiones,54063,iguazú,2021,1123
54,misiones,54063,iguazú,2022,1036
54,misiones,54063,iguazú,2023,1167
54,misiones,54063,iguazú,2024,1371
54,misiones,54070,leandro n. alem,2000,235
54,misiones,54070,leandro n. alem,2001,0
54,misiones,54070,leandro n. alem,2002,0
54,misiones,54070,leandro n. alem,2003,0
54,misiones,54070,leandro n. alem,2004,0
54,misiones,54070,leandro n. alem,2005,0
54,misiones,54070,leandro n. alem,2006,0
54,misiones,54070,leandro n. alem,2007,0
54,misiones,54070,leandro n. alem,2008,0
54,misiones,54070,leandro n. alem,2009,0
54,misiones,54070,leandro n. alem,2010,0
54,misiones,54070,leandro n. alem,2011,0
54,misiones,54070,leandro n. alem,2012,0
54,misiones,54070,leandro n. alem,2013,491
54,misiones,54070,leandro n. alem,2014,934
54,misiones,54070,leandro n. alem,2015,829
54,misiones,54070,leandro n. alem,2016,827
54,misiones,54070,leandro n. alem,2017,376
54,misiones,54070,leandro n. alem,2018,371
54,misiones,54070,leandro n. alem,2019,474
54,misiones,54070,leandro n. alem,2020,481
54,misiones,54070,leandro n. alem,2021,452
54,misiones,54070,leandro n. alem,2022,374
54,misiones,54070,leandro n. alem,2023,404
54,misiones,54070,leandro n. alem,2024,485
54,misiones,54077,libertador grl. san martín,2000,133
54,misiones,54077,libertador grl. san martín,2001,0
54,misiones,54077,libertador grl. san martín,2002,0
54,misiones,54077,libertador grl. san martín,2003,0
54,misiones,54077,libertador grl. san martín,2004,0
54,misiones,54077,libertador grl. san martín,2005,0
54,misiones,54077,libertador grl. san martín,2006,0
54,misiones,54077,libertador grl. san martín,2007,0
54,misiones,54077,libertador grl. san martín,2008,0
54,misiones,54077,libertador grl. san martín,2009,0
54,misiones,54077,libertador grl. san martín,2010,0
54,misiones,54077,libertador grl. san martín,2011,0
54,misiones,54077,libertador grl. san martín,2012,0
54,misiones,54077,libertador grl. san martín,2013,430
54,misiones,54077,libertador grl. san martín,2014,658
54,misiones,54077,libertador grl. san martín,2015,426
54,misiones,54077,libertador grl. san martín,2016,488
54,misiones,54077,libertador grl. san martín,2017,481
54,misiones,54077,libertador grl. san martín,2018,522
54,misiones,54077,libertador grl. san martín,2019,557
54,misiones,54077,libertador grl. san martín,2020,539
54,misiones,54077,libertador grl. san martín,2021,436
54,misiones,54077,libertador grl. san martín,2022,510
54,misiones,54077,libertador grl. san martín,2023,597
54,misiones,54077,libertador grl. san martín,2024,553
54,misiones,54084,montecarlo,2000,123
54,misiones,54084,montecarlo,2001,0
54,misiones,54084,montecarlo,2002,0
54,misiones,54084,montecarlo,2003,0
54,misiones,54084,montecarlo,2004,0
54,misiones,54084,montecarlo,2005,0
54,misiones,54084,montecarlo,2006,0
54,misiones,54084,montecarlo,2007,0
54,misiones,54084,montecarlo,2008,0
54,misiones,54084,montecarlo,2009,0
54,misiones,54084,montecarlo,2010,0
54,misiones,54084,montecarlo,2011,0
54,misiones,54084,montecarlo,2012,0
54,misiones,54084,montecarlo,2013,362
54,misiones,54084,montecarlo,2014,391
54,misiones,54084,montecarlo,2015,273
54,misiones,54084,montecarlo,2016,373
54,misiones,54084,montecarlo,2017,357
54,misiones,54084,montecarlo,2018,390
54,misiones,54084,montecarlo,2019,521
54,misiones,54084,montecarlo,2020,477
54,misiones,54084,montecarlo,2021,647
54,misiones,54084,montecarlo,2022,657
54,misiones,54084,montecarlo,2023,590
54,misiones,54084,montecarlo,2024,490
54,misiones,54091,oberá,2000,952
54,misiones,54091,oberá,2001,0
54,misiones,54091,oberá,2002,0
54,misiones,54091,oberá,2003,0
54,misiones,54091,oberá,2004,0
54,misiones,54091,oberá,2005,0
54,misiones,54091,oberá,2006,0
54,misiones,54091,oberá,2007,0
54,misiones,54091,oberá,2008,0
54,misiones,54091,oberá,2009,0
54,misiones,54091,oberá,2010,0
54,misiones,54091,oberá,2011,0
54,misiones,54091,oberá,2012,0
54,misiones,54091,oberá,2013,2102
54,misiones,54091,oberá,2014,2537
54,misiones,54091,oberá,2015,2151
54,misiones,54091,oberá,2016,2028
54,misiones,54091,oberá,2017,2137
54,misiones,54091,oberá,2018,2188
54,misiones,54091,oberá,2019,2152
54,misiones,54091,oberá,2020,1775
54,misiones,54091,oberá,2021,1969
54,misiones,54091,oberá,2022,1870
54,misiones,54091,oberá,2023,2082
54,misiones,54091,oberá,2024,1959
54,misiones,54098,san ignacio,2000,281
54,misiones,54098,san ignacio,2001,0
54,misiones,54098,san ignacio,2002,0
54,misiones,54098,san ignacio,2003,0
54,misiones,54098,san ignacio,2004,0
54,misiones,54098,san ignacio,2005,0
54,misiones,54098,san ignacio,2006,0
54,misiones,54098,san ignacio,2007,0
54,misiones,54098,san ignacio,2008,0
54,misiones,54098,san ignacio,2009,0
54,misiones,54098,san ignacio,2010,0
54,misiones,54098,san ignacio,2011,0
54,misiones,54098,san ignacio,2012,0
54,misiones,54098,san ignacio,2013,510
54,misiones,54098,san ignacio,2014,682
54,misiones,54098,san ignacio,2015,554
54,misiones,54098,san ignacio,2016,674
54,misiones,54098,san ignacio,2017,699
54,misiones,54098,san ignacio,2018,665
54,misiones,54098,san ignacio,2019,791
54,misiones,54098,san ignacio,2020,628
54,misiones,54098,san ignacio,2021,700
54,misiones,54098,san ignacio,2022,618
54,misiones,54098,san ignacio,2023,782
54,misiones,54098,san ignacio,2024,785
54,misiones,54105,san javier,2000,39
54,misiones,54105,san javier,2001,0
54,misiones,54105,san javier,2002,0
54,misiones,54105,san javier,2003,0
54,misiones,54105,san javier,2004,0
54,misiones,54105,san javier,2005,0
54,misiones,54105,san javier,2006,0
54,misiones,54105,san javier,2007,0
54,misiones,54105,san javier,2008,0
54,misiones,54105,san javier,2009,0
54,misiones,54105,san javier,2010,0
54,misiones,54105,san javier,2011,0
54,misiones,54105,san javier,2012,0
54,misiones,54105,san javier,2013,130
54,misiones,54105,san javier,2014,261
54,misiones,54105,san javier,2015,292
54,misiones,54105,san javier,2016,252
54,misiones,54105,san javier,2017,179
54,misiones,54105,san javier,2018,191
54,misiones,54105,san javier,2019,201
54,misiones,54105,san javier,2020,208
54,misiones,54105,san javier,2021,195
54,misiones,54105,san javier,2022,183
54,misiones,54105,san javier,2023,164
54,misiones,54105,san javier,2024,153
54,misiones,54112,san pedro,2000,70
54,misiones,54112,san pedro,2001,0
54,misiones,54112,san pedro,2002,0
54,misiones,54112,san pedro,2003,0
54,misiones,54112,san pedro,2004,0
54,misiones,54112,san pedro,2005,0
54,misiones,54112,san pedro,2006,0
54,misiones,54112,san pedro,2007,0
54,misiones,54112,san pedro,2008,0
54,misiones,54112,san pedro,2009,0
54,misiones,54112,san pedro,2010,0
54,misiones,54112,san pedro,2011,0
54,misiones,54112,san pedro,2012,0
54,misiones,54112,san pedro,2013,256
54,misiones,54112,san pedro,2014,286
54,misiones,54112,san pedro,2015,288
54,misiones,54112,san pedro,2016,374
54,misiones,54112,san pedro,2017,338
54,misiones,54112,san pedro,2018,275
54,misiones,54112,san pedro,2019,365
54,misiones,54112,san pedro,2020,448
54,misiones,54112,san pedro,2021,298
54,misiones,54112,san pedro,2022,328
54,misiones,54112,san pedro,2023,332
54,misiones,54112,san pedro,2024,447
54,misiones,54119,25 de mayo,2000,98
54,misiones,54119,25 de mayo,2001,0
54,misiones,54119,25 de mayo,2002,0
54,misiones,54119,25 de mayo,2003,0
54,misiones,54119,25 de mayo,2004,0
54,misiones,54119,25 de mayo,2005,0
54,misiones,54119,25 de mayo,2006,0
54,misiones,54119,25 de mayo,2007,0
54,misiones,54119,25 de mayo,2008,0
54,misiones,54119,25 de mayo,2009,0
54,misiones,54119,25 de mayo,2010,0
54,misiones,54119,25 de mayo,2011,0
54,misiones,54119,25 de mayo,2012,0
54,misiones,54119,25 de mayo,2013,199
54,misiones,54119,25 de mayo,2014,269
54,misiones,54119,25 de mayo,2015,238
54,misiones,54119,25 de mayo,2016,283
54,misiones,54119,25 de mayo,2017,238
54,misiones,54119,25 de mayo,2018,263
54,misiones,54119,25 de mayo,2019,299
54,misiones,54119,25 de mayo,2020,210
54,misiones,54119,25 de mayo,2021,245
54,misiones,54119,25 de mayo,2022,234
54,misiones,54119,25 de mayo,2023,207
54,misiones,54119,25 de mayo,2024,239
58,neuquén,58007,aluminé,2000,82
58,neuquén,58007,aluminé,2001,130
58,neuquén,58007,aluminé,2002,173
58,neuquén,58007,aluminé,2003,121
58,neuquén,58007,aluminé,2004,142
58,neuquén,58007,aluminé,2005,129
58,neuquén,58007,aluminé,2006,105
58,neuquén,58007,aluminé,2007,107
58,neuquén,58007,aluminé,2008,162
58,neuquén,58007,aluminé,2009,146
58,neuquén,58007,aluminé,2010,167
58,neuquén,58007,aluminé,2011,172
58,neuquén,58007,aluminé,2012,121
58,neuquén,58007,aluminé,2013,166
58,neuquén,58007,aluminé,2014,140
58,neuquén,58007,aluminé,2015,167
58,neuquén,58007,aluminé,2016,125
58,neuquén,58007,aluminé,2017,141
58,neuquén,58007,aluminé,2018,127
58,neuquén,58007,aluminé,2019,147
58,neuquén,58007,aluminé,2020,93
58,neuquén,58007,aluminé,2021,99
58,neuquén,58007,aluminé,2022,110
58,neuquén,58007,aluminé,2023,78
58,neuquén,58007,aluminé,2024,41
58,neuquén,58014,añelo,2000,244
58,neuquén,58014,añelo,2001,263
58,neuquén,58014,añelo,2002,281
58,neuquén,58014,añelo,2003,345
58,neuquén,58014,añelo,2004,364
58,neuquén,58014,añelo,2005,358
58,neuquén,58014,añelo,2006,364
58,neuquén,58014,añelo,2007,400
58,neuquén,58014,añelo,2008,437
58,neuquén,58014,añelo,2009,349
58,neuquén,58014,añelo,2010,341
58,neuquén,58014,añelo,2011,239
58,neuquén,58014,añelo,2012,258
58,neuquén,58014,añelo,2013,210
58,neuquén,58014,añelo,2014,365
58,neuquén,58014,añelo,2015,303
58,neuquén,58014,añelo,2016,204
58,neuquén,58014,añelo,2017,299
58,neuquén,58014,añelo,2018,343
58,neuquén,58014,añelo,2019,576
58,neuquén,58014,añelo,2020,472
58,neuquén,58014,añelo,2021,640
58,neuquén,58014,añelo,2022,527
58,neuquén,58014,añelo,2023,570
58,neuquén,58014,añelo,2024,818
58,neuquén,58021,catán lil,2000,40
58,neuquén,58021,catán lil,2001,24
58,neuquén,58021,catán lil,2002,54
58,neuquén,58021,catán lil,2003,40
58,neuquén,58021,catán lil,2004,44
58,neuquén,58021,catán lil,2005,27
58,neuquén,58021,catán lil,2006,38
58,neuquén,58021,catán lil,2007,39
58,neuquén,58021,catán lil,2008,45
58,neuquén,58021,catán lil,2009,27
58,neuquén,58021,catán lil,2010,46
58,neuquén,58021,catán lil,2011,30
58,neuquén,58021,catán lil,2012,31
58,neuquén,58021,catán lil,2013,46
58,neuquén,58021,catán lil,2014,47
58,neuquén,58021,catán lil,2015,29
58,neuquén,58021,catán lil,2016,34
58,neuquén,58021,catán lil,2017,39
58,neuquén,58021,catán lil,2018,24
58,neuquén,58021,catán lil,2019,33
58,neuquén,58021,catán lil,2020,10
58,neuquén,58021,catán lil,2021,14
58,neuquén,58021,catán lil,2022,2
58,neuquén,58021,catán lil,2023,2
58,neuquén,58021,catán lil,2024,9
58,neuquén,58028,collón curá,2000,86
58,neuquén,58028,collón curá,2001,113
58,neuquén,58028,collón curá,2002,195
58,neuquén,58028,collón curá,2003,190
58,neuquén,58028,collón curá,2004,198
58,neuquén,58028,collón curá,2005,154
58,neuquén,58028,collón curá,2006,126
58,neuquén,58028,collón curá,2007,96
58,neuquén,58028,collón curá,2008,132
58,neuquén,58028,collón curá,2009,101
58,neuquén,58028,collón curá,2010,119
58,neuquén,58028,collón curá,2011,102
58,neuquén,58028,collón curá,2012,91
58,neuquén,58028,collón curá,2013,102
58,neuquén,58028,collón curá,2014,92
58,neuquén,58028,collón curá,2015,41
58,neuquén,58028,collón curá,2016,45
58,neuquén,58028,collón curá,2017,54
58,neuquén,58028,collón curá,2018,49
58,neuquén,58028,collón curá,2019,37
58,neuquén,58028,collón curá,2020,54
58,neuquén,58028,collón curá,2021,47
58,neuquén,58028,collón curá,2022,30
58,neuquén,58028,collón curá,2023,15
58,neuquén,58028,collón curá,2024,16
58,neuquén,58035,confluencia,2000,13786
58,neuquén,58035,confluencia,2001,14894
58,neuquén,58035,confluencia,2002,17385
58,neuquén,58035,confluencia,2003,17828
58,neuquén,58035,confluencia,2004,17654
58,neuquén,58035,confluencia,2005,16640
58,neuquén,58035,confluencia,2006,15329
58,neuquén,58035,confluencia,2007,14285
58,neuquén,58035,confluencia,2008,16200
58,neuquén,58035,confluencia,2009,17216
58,neuquén,58035,confluencia,2010,17659
58,neuquén,58035,confluencia,2011,15871
58,neuquén,58035,confluencia,2012,15560
58,neuquén,58035,confluencia,2013,17574
58,neuquén,58035,confluencia,2014,20344
58,neuquén,58035,confluencia,2015,20133
58,neuquén,58035,confluencia,2016,20521
58,neuquén,58035,confluencia,2017,20126
58,neuquén,58035,confluencia,2018,19635
58,neuquén,58035,confluencia,2019,21750
58,neuquén,58035,confluencia,2020,17032
58,neuquén,58035,confluencia,2021,19306
58,neuquén,58035,confluencia,2022,20463
58,neuquén,58035,confluencia,2023,18785
58,neuquén,58035,confluencia,2024,17478
58,neuquén,58042,chos malal,2000,451
58,neuquén,58042,chos malal,2001,449
58,neuquén,58042,chos malal,2002,681
58,neuquén,58042,chos malal,2003,482
58,neuquén,58042,chos malal,2004,585
58,neuquén,58042,chos malal,2005,588
58,neuquén,58042,chos malal,2006,461
58,neuquén,58042,chos malal,2007,423
58,neuquén,58042,chos malal,2008,401
58,neuquén,58042,chos malal,2009,435
58,neuquén,58042,chos malal,2010,394
58,neuquén,58042,chos malal,2011,290
58,neuquén,58042,chos malal,2012,235
58,neuquén,58042,chos malal,2013,237
58,neuquén,58042,chos malal,2014,381
58,neuquén,58042,chos malal,2015,269
58,neuquén,58042,chos malal,2016,204
58,neuquén,58042,chos malal,2017,221
58,neuquén,58042,chos malal,2018,248
58,neuquén,58042,chos malal,2019,260
58,neuquén,58042,chos malal,2020,208
58,neuquén,58042,chos malal,2021,265
58,neuquén,58042,chos malal,2022,235
58,neuquén,58042,chos malal,2023,213
58,neuquén,58042,chos malal,2024,255
58,neuquén,58049,huiliches,2000,376
58,neuquén,58049,huiliches,2001,334
58,neuquén,58049,huiliches,2002,449
58,neuquén,58049,huiliches,2003,496
58,neuquén,58049,huiliches,2004,460
58,neuquén,58049,huiliches,2005,426
58,neuquén,58049,huiliches,2006,461
58,neuquén,58049,huiliches,2007,430
58,neuquén,58049,huiliches,2008,380
58,neuquén,58049,huiliches,2009,462
58,neuquén,58049,huiliches,2010,549
58,neuquén,58049,huiliches,2011,434
58,neuquén,58049,huiliches,2012,543
58,neuquén,58049,huiliches,2013,449
58,neuquén,58049,huiliches,2014,397
58,neuquén,58049,huiliches,2015,389
58,neuquén,58049,huiliches,2016,400
58,neuquén,58049,huiliches,2017,334
58,neuquén,58049,huiliches,2018,358
58,neuquén,58049,huiliches,2019,264
58,neuquén,58049,huiliches,2020,188
58,neuquén,58049,huiliches,2021,169
58,neuquén,58049,huiliches,2022,185
58,neuquén,58049,huiliches,2023,115
58,neuquén,58049,huiliches,2024,199
58,neuquén,58056,lácar,2000,952
58,neuquén,58056,lácar,2001,990
58,neuquén,58056,lácar,2002,1158
58,neuquén,58056,lácar,2003,1096
58,neuquén,58056,lácar,2004,1416
58,neuquén,58056,lácar,2005,1941
58,neuquén,58056,lácar,2006,1794
58,neuquén,58056,lácar,2007,2339
58,neuquén,58056,lácar,2008,2541
58,neuquén,58056,lácar,2009,2449
58,neuquén,58056,lácar,2010,2163
58,neuquén,58056,lácar,2011,1881
58,neuquén,58056,lácar,2012,2219
58,neuquén,58056,lácar,2013,1052
58,neuquén,58056,lácar,2014,881
58,neuquén,58056,lácar,2015,934
58,neuquén,58056,lácar,2016,846
58,neuquén,58056,lácar,2017,703
58,neuquén,58056,lácar,2018,713
58,neuquén,58056,lácar,2019,1071
58,neuquén,58056,lácar,2020,1051
58,neuquén,58056,lácar,2021,1024
58,neuquén,58056,lácar,2022,882
58,neuquén,58056,lácar,2023,935
58,neuquén,58056,lácar,2024,976
58,neuquén,58063,loncopué,2000,57
58,neuquén,58063,loncopué,2001,85
58,neuquén,58063,loncopué,2002,182
58,neuquén,58063,loncopué,2003,121
58,neuquén,58063,loncopué,2004,99
58,neuquén,58063,loncopué,2005,104
58,neuquén,58063,loncopué,2006,121
58,neuquén,58063,loncopué,2007,85
58,neuquén,58063,loncopué,2008,72
58,neuquén,58063,loncopué,2009,119
58,neuquén,58063,loncopué,2010,102
58,neuquén,58063,loncopué,2011,102
58,neuquén,58063,loncopué,2012,126
58,neuquén,58063,loncopué,2013,80
58,neuquén,58063,loncopué,2014,120
58,neuquén,58063,loncopué,2015,88
58,neuquén,58063,loncopué,2016,60
58,neuquén,58063,loncopué,2017,85
58,neuquén,58063,loncopué,2018,49
58,neuquén,58063,loncopué,2019,43
58,neuquén,58063,loncopué,2020,37
58,neuquén,58063,loncopué,2021,108
58,neuquén,58063,loncopué,2022,72
58,neuquén,58063,loncopué,2023,100
58,neuquén,58063,loncopué,2024,112
58,neuquén,58070,los lagos,2000,262
58,neuquén,58070,los lagos,2001,266
58,neuquén,58070,los lagos,2002,293
58,neuquén,58070,los lagos,2003,370
58,neuquén,58070,los lagos,2004,469
58,neuquén,58070,los lagos,2005,410
58,neuquén,58070,los lagos,2006,419
58,neuquén,58070,los lagos,2007,311
58,neuquén,58070,los lagos,2008,327
58,neuquén,58070,los lagos,2009,386
58,neuquén,58070,los lagos,2010,342
58,neuquén,58070,los lagos,2011,356
58,neuquén,58070,los lagos,2012,352
58,neuquén,58070,los lagos,2013,355
58,neuquén,58070,los lagos,2014,404
58,neuquén,58070,los lagos,2015,351
58,neuquén,58070,los lagos,2016,187
58,neuquén,58070,los lagos,2017,231
58,neuquén,58070,los lagos,2018,246
58,neuquén,58070,los lagos,2019,345
58,neuquén,58070,los lagos,2020,187
58,neuquén,58070,los lagos,2021,339
58,neuquén,58070,los lagos,2022,305
58,neuquén,58070,los lagos,2023,275
58,neuquén,58070,los lagos,2024,372
58,neuquén,58077,minas,2000,116
58,neuquén,58077,minas,2001,165
58,neuquén,58077,minas,2002,176
58,neuquén,58077,minas,2003,187
58,neuquén,58077,minas,2004,177
58,neuquén,58077,minas,2005,140
58,neuquén,58077,minas,2006,104
58,neuquén,58077,minas,2007,174
58,neuquén,58077,minas,2008,219
58,neuquén,58077,minas,2009,208
58,neuquén,58077,minas,2010,168
58,neuquén,58077,minas,2011,135
58,neuquén,58077,minas,2012,127
58,neuquén,58077,minas,2013,100
58,neuquén,58077,minas,2014,118
58,neuquén,58077,minas,2015,132
58,neuquén,58077,minas,2016,148
58,neuquén,58077,minas,2017,121
58,neuquén,58077,minas,2018,119
58,neuquén,58077,minas,2019,72
58,neuquén,58077,minas,2020,110
58,neuquén,58077,minas,2021,110
58,neuquén,58077,minas,2022,107
58,neuquén,58077,minas,2023,77
58,neuquén,58077,minas,2024,45
58,neuquén,58084,ñorquín,2000,71
58,neuquén,58084,ñorquín,2001,64
58,neuquén,58084,ñorquín,2002,86
58,neuquén,58084,ñorquín,2003,115
58,neuquén,58084,ñorquín,2004,125
58,neuquén,58084,ñorquín,2005,126
58,neuquén,58084,ñorquín,2006,106
58,neuquén,58084,ñorquín,2007,119
58,neuquén,58084,ñorquín,2008,111
58,neuquén,58084,ñorquín,2009,119
58,neuquén,58084,ñorquín,2010,123
58,neuquén,58084,ñorquín,2011,71
58,neuquén,58084,ñorquín,2012,87
58,neuquén,58084,ñorquín,2013,89
58,neuquén,58084,ñorquín,2014,70
58,neuquén,58084,ñorquín,2015,101
58,neuquén,58084,ñorquín,2016,76
58,neuquén,58084,ñorquín,2017,54
58,neuquén,58084,ñorquín,2018,80
58,neuquén,58084,ñorquín,2019,74
58,neuquén,58084,ñorquín,2020,38
58,neuquén,58084,ñorquín,2021,61
58,neuquén,58084,ñorquín,2022,72
58,neuquén,58084,ñorquín,2023,75
58,neuquén,58084,ñorquín,2024,79
58,neuquén,58091,pehuenches,2000,455
58,neuquén,58091,pehuenches,2001,437
58,neuquén,58091,pehuenches,2002,557
58,neuquén,58091,pehuenches,2003,541
58,neuquén,58091,pehuenches,2004,696
58,neuquén,58091,pehuenches,2005,726
58,neuquén,58091,pehuenches,2006,648
58,neuquén,58091,pehuenches,2007,649
58,neuquén,58091,pehuenches,2008,703
58,neuquén,58091,pehuenches,2009,627
58,neuquén,58091,pehuenches,2010,461
58,neuquén,58091,pehuenches,2011,423
58,neuquén,58091,pehuenches,2012,337
58,neuquén,58091,pehuenches,2013,565
58,neuquén,58091,pehuenches,2014,689
58,neuquén,58091,pehuenches,2015,610
58,neuquén,58091,pehuenches,2016,548
58,neuquén,58091,pehuenches,2017,593
58,neuquén,58091,pehuenches,2018,585
58,neuquén,58091,pehuenches,2019,751
58,neuquén,58091,pehuenches,2020,661
58,neuquén,58091,pehuenches,2021,516
58,neuquén,58091,pehuenches,2022,487
58,neuquén,58091,pehuenches,2023,621
58,neuquén,58091,pehuenches,2024,596
58,neuquén,58098,picún leufú,2000,72
58,neuquén,58098,picún leufú,2001,134
58,neuquén,58098,picún leufú,2002,146
58,neuquén,58098,picún leufú,2003,155
58,neuquén,58098,picún leufú,2004,112
58,neuquén,58098,picún leufú,2005,82
58,neuquén,58098,picún leufú,2006,56
58,neuquén,58098,picún leufú,2007,51
58,neuquén,58098,picún leufú,2008,69
58,neuquén,58098,picún leufú,2009,101
58,neuquén,58098,picún leufú,2010,142
58,neuquén,58098,picún leufú,2011,131
58,neuquén,58098,picún leufú,2012,115
58,neuquén,58098,picún leufú,2013,137
58,neuquén,58098,picún leufú,2014,164
58,neuquén,58098,picún leufú,2015,81
58,neuquén,58098,picún leufú,2016,126
58,neuquén,58098,picún leufú,2017,173
58,neuquén,58098,picún leufú,2018,163
58,neuquén,58098,picún leufú,2019,115
58,neuquén,58098,picún leufú,2020,109
58,neuquén,58098,picún leufú,2021,108
58,neuquén,58098,picún leufú,2022,100
58,neuquén,58098,picún leufú,2023,137
58,neuquén,58098,picún leufú,2024,134
58,neuquén,58105,picunches,2000,109
58,neuquén,58105,picunches,2001,79
58,neuquén,58105,picunches,2002,104
58,neuquén,58105,picunches,2003,102
58,neuquén,58105,picunches,2004,152
58,neuquén,58105,picunches,2005,143
58,neuquén,58105,picunches,2006,141
58,neuquén,58105,picunches,2007,157
58,neuquén,58105,picunches,2008,157
58,neuquén,58105,picunches,2009,126
58,neuquén,58105,picunches,2010,106
58,neuquén,58105,picunches,2011,97
58,neuquén,58105,picunches,2012,134
58,neuquén,58105,picunches,2013,121
58,neuquén,58105,picunches,2014,121
58,neuquén,58105,picunches,2015,117
58,neuquén,58105,picunches,2016,96
58,neuquén,58105,picunches,2017,70
58,neuquén,58105,picunches,2018,97
58,neuquén,58105,picunches,2019,98
58,neuquén,58105,picunches,2020,116
58,neuquén,58105,picunches,2021,114
58,neuquén,58105,picunches,2022,131
58,neuquén,58105,picunches,2023,103
58,neuquén,58105,picunches,2024,71
58,neuquén,58112,zapala,2000,1104
58,neuquén,58112,zapala,2001,1385
58,neuquén,58112,zapala,2002,1840
58,neuquén,58112,zapala,2003,1998
58,neuquén,58112,zapala,2004,1835
58,neuquén,58112,zapala,2005,1479
58,neuquén,58112,zapala,2006,1253
58,neuquén,58112,zapala,2007,1225
58,neuquén,58112,zapala,2008,1299
58,neuquén,58112,zapala,2009,1071
58,neuquén,58112,zapala,2010,1388
58,neuquén,58112,zapala,2011,1455
58,neuquén,58112,zapala,2012,1475
58,neuquén,58112,zapala,2013,1315
58,neuquén,58112,zapala,2014,1256
58,neuquén,58112,zapala,2015,1269
58,neuquén,58112,zapala,2016,1226
58,neuquén,58112,zapala,2017,935
58,neuquén,58112,zapala,2018,810
58,neuquén,58112,zapala,2019,918
58,neuquén,58112,zapala,2020,809
58,neuquén,58112,zapala,2021,973
58,neuquén,58112,zapala,2022,861
58,neuquén,58112,zapala,2023,777
58,neuquén,58112,zapala,2024,911
62,río negro,62007,adolfo alsina,2000,1086
62,río negro,62007,adolfo alsina,2001,1308
62,río negro,62007,adolfo alsina,2002,1740
62,río negro,62007,adolfo alsina,2003,1697
62,río negro,62007,adolfo alsina,2004,1699
62,río negro,62007,adolfo alsina,2005,1545
62,río negro,62007,adolfo alsina,2006,1783
62,río negro,62007,adolfo alsina,2007,2143
62,río negro,62007,adolfo alsina,2008,2453
62,río negro,62007,adolfo alsina,2009,1975
62,río negro,62007,adolfo alsina,2010,2313
62,río negro,62007,adolfo alsina,2011,2960
62,río negro,62007,adolfo alsina,2012,3394
62,río negro,62007,adolfo alsina,2013,2852
62,río negro,62007,adolfo alsina,2014,3108
62,río negro,62007,adolfo alsina,2015,2672
62,río negro,62007,adolfo alsina,2016,2465
62,río negro,62007,adolfo alsina,2017,2448
62,río negro,62007,adolfo alsina,2018,1981
62,río negro,62007,adolfo alsina,2019,1857
62,río negro,62007,adolfo alsina,2020,1425
62,río negro,62007,adolfo alsina,2021,2062
62,río negro,62007,adolfo alsina,2022,2498
62,río negro,62007,adolfo alsina,2023,2652
62,río negro,62007,adolfo alsina,2024,2652
62,río negro,62014,avellaneda,2000,623
62,río negro,62014,avellaneda,2001,682
62,río negro,62014,avellaneda,2002,805
62,río negro,62014,avellaneda,2003,592
62,río negro,62014,avellaneda,2004,764
62,río negro,62014,avellaneda,2005,598
62,río negro,62014,avellaneda,2006,557
62,río negro,62014,avellaneda,2007,699
62,río negro,62014,avellaneda,2008,824
62,río negro,62014,avellaneda,2009,665
62,río negro,62014,avellaneda,2010,894
62,río negro,62014,avellaneda,2011,879
62,río negro,62014,avellaneda,2012,1058
62,río negro,62014,avellaneda,2013,1178
62,río negro,62014,avellaneda,2014,1144
62,río negro,62014,avellaneda,2015,1049
62,río negro,62014,avellaneda,2016,1144
62,río negro,62014,avellaneda,2017,1077
62,río negro,62014,avellaneda,2018,917
62,río negro,62014,avellaneda,2019,734
62,río negro,62014,avellaneda,2020,581
62,río negro,62014,avellaneda,2021,572
62,río negro,62014,avellaneda,2022,657
62,río negro,62014,avellaneda,2023,776
62,río negro,62014,avellaneda,2024,853
62,río negro,62021,bariloche,2000,2941
62,río negro,62021,bariloche,2001,3364
62,río negro,62021,bariloche,2002,3701
62,río negro,62021,bariloche,2003,3258
62,río negro,62021,bariloche,2004,2681
62,río negro,62021,bariloche,2005,2931
62,río negro,62021,bariloche,2006,3116
62,río negro,62021,bariloche,2007,3542
62,río negro,62021,bariloche,2008,4327
62,río negro,62021,bariloche,2009,3256
62,río negro,62021,bariloche,2010,3616
62,río negro,62021,bariloche,2011,3638
62,río negro,62021,bariloche,2012,4720
62,río negro,62021,bariloche,2013,4645
62,río negro,62021,bariloche,2014,4825
62,río negro,62021,bariloche,2015,3952
62,río negro,62021,bariloche,2016,4127
62,río negro,62021,bariloche,2017,3714
62,río negro,62021,bariloche,2018,4225
62,río negro,62021,bariloche,2019,4115
62,río negro,62021,bariloche,2020,3086
62,río negro,62021,bariloche,2021,3414
62,río negro,62021,bariloche,2022,3662
62,río negro,62021,bariloche,2023,3808
62,río negro,62021,bariloche,2024,3973
62,río negro,62028,conesa,2000,133
62,río negro,62028,conesa,2001,124
62,río negro,62028,conesa,2002,187
62,río negro,62028,conesa,2003,99
62,río negro,62028,conesa,2004,117
62,río negro,62028,conesa,2005,91
62,río negro,62028,conesa,2006,130
62,río negro,62028,conesa,2007,148
62,río negro,62028,conesa,2008,178
62,río negro,62028,conesa,2009,100
62,río negro,62028,conesa,2010,155
62,río negro,62028,conesa,2011,153
62,río negro,62028,conesa,2012,253
62,río negro,62028,conesa,2013,194
62,río negro,62028,conesa,2014,139
62,río negro,62028,conesa,2015,152
62,río negro,62028,conesa,2016,190
62,río negro,62028,conesa,2017,147
62,río negro,62028,conesa,2018,139
62,río negro,62028,conesa,2019,184
62,río negro,62028,conesa,2020,125
62,río negro,62028,conesa,2021,143
62,río negro,62028,conesa,2022,143
62,río negro,62028,conesa,2023,163
62,río negro,62028,conesa,2024,165
62,río negro,62035,el cuy,2000,11
62,río negro,62035,el cuy,2001,10
62,río negro,62035,el cuy,2002,31
62,río negro,62035,el cuy,2003,38
62,río negro,62035,el cuy,2004,11
62,río negro,62035,el cuy,2005,8
62,río negro,62035,el cuy,2006,13
62,río negro,62035,el cuy,2007,17
62,río negro,62035,el cuy,2008,26
62,río negro,62035,el cuy,2009,13
62,río negro,62035,el cuy,2010,24
62,río negro,62035,el cuy,2011,30
62,río negro,62035,el cuy,2012,36
62,río negro,62035,el cuy,2013,46
62,río negro,62035,el cuy,2014,24
62,río negro,62035,el cuy,2015,60
62,río negro,62035,el cuy,2016,44
62,río negro,62035,el cuy,2017,151
62,río negro,62035,el cuy,2018,135
62,río negro,62035,el cuy,2019,135
62,río negro,62035,el cuy,2020,107
62,río negro,62035,el cuy,2021,129
62,río negro,62035,el cuy,2022,111
62,río negro,62035,el cuy,2023,149
62,río negro,62035,el cuy,2024,125
62,río negro,62042,general roca,2000,6276
62,río negro,62042,general roca,2001,7425
62,río negro,62042,general roca,2002,8718
62,río negro,62042,general roca,2003,7483
62,río negro,62042,general roca,2004,6876
62,río negro,62042,general roca,2005,6020
62,río negro,62042,general roca,2006,5427
62,río negro,62042,general roca,2007,6697
62,río negro,62042,general roca,2008,7422
62,río negro,62042,general roca,2009,6429
62,río negro,62042,general roca,2010,9005
62,río negro,62042,general roca,2011,9164
62,río negro,62042,general roca,2012,10797
62,río negro,62042,general roca,2013,11140
62,río negro,62042,general roca,2014,10217
62,río negro,62042,general roca,2015,9396
62,río negro,62042,general roca,2016,9195
62,río negro,62042,general roca,2017,8617
62,río negro,62042,general roca,2018,8639
62,río negro,62042,general roca,2019,9052
62,río negro,62042,general roca,2020,6905
62,río negro,62042,general roca,2021,7725
62,río negro,62042,general roca,2022,7722
62,río negro,62042,general roca,2023,8982
62,río negro,62042,general roca,2024,8480
62,río negro,62049,9 de julio,2000,13
62,río negro,62049,9 de julio,2001,27
62,río negro,62049,9 de julio,2002,19
62,río negro,62049,9 de julio,2003,20
62,río negro,62049,9 de julio,2004,29
62,río negro,62049,9 de julio,2005,29
62,río negro,62049,9 de julio,2006,34
62,río negro,62049,9 de julio,2007,34
62,río negro,62049,9 de julio,2008,23
62,río negro,62049,9 de julio,2009,36
62,río negro,62049,9 de julio,2010,43
62,río negro,62049,9 de julio,2011,26
62,río negro,62049,9 de julio,2012,38
62,río negro,62049,9 de julio,2013,40
62,río negro,62049,9 de julio,2014,39
62,río negro,62049,9 de julio,2015,31
62,río negro,62049,9 de julio,2016,34
62,río negro,62049,9 de julio,2017,35
62,río negro,62049,9 de julio,2018,31
62,río negro,62049,9 de julio,2019,24
62,río negro,62049,9 de julio,2020,26
62,río negro,62049,9 de julio,2021,17
62,río negro,62049,9 de julio,2022,25
62,río negro,62049,9 de julio,2023,30
62,río negro,62049,9 de julio,2024,34
62,río negro,62056,ñorquincó,2000,48
62,río negro,62056,ñorquincó,2001,23
62,río negro,62056,ñorquincó,2002,44
62,río negro,62056,ñorquincó,2003,22
62,río negro,62056,ñorquincó,2004,19
62,río negro,62056,ñorquincó,2005,26
62,río negro,62056,ñorquincó,2006,10
62,río negro,62056,ñorquincó,2007,7
62,río negro,62056,ñorquincó,2008,6
62,río negro,62056,ñorquincó,2009,11
62,río negro,62056,ñorquincó,2010,6
62,río negro,62056,ñorquincó,2011,25
62,río negro,62056,ñorquincó,2012,33
62,río negro,62056,ñorquincó,2013,48
62,río negro,62056,ñorquincó,2014,47
62,río negro,62056,ñorquincó,2015,49
62,río negro,62056,ñorquincó,2016,43
62,río negro,62056,ñorquincó,2017,42
62,río negro,62056,ñorquincó,2018,37
62,río negro,62056,ñorquincó,2019,36
62,río negro,62056,ñorquincó,2020,12
62,río negro,62056,ñorquincó,2021,28
62,río negro,62056,ñorquincó,2022,30
62,río negro,62056,ñorquincó,2023,19
62,río negro,62056,ñorquincó,2024,17
62,río negro,62063,pichi mahuida,2000,208
62,río negro,62063,pichi mahuida,2001,183
62,río negro,62063,pichi mahuida,2002,209
62,río negro,62063,pichi mahuida,2003,153
62,río negro,62063,pichi mahuida,2004,132
62,río negro,62063,pichi mahuida,2005,148
62,río negro,62063,pichi mahuida,2006,213
62,río negro,62063,pichi mahuida,2007,173
62,río negro,62063,pichi mahuida,2008,230
62,río negro,62063,pichi mahuida,2009,205
62,río negro,62063,pichi mahuida,2010,227
62,río negro,62063,pichi mahuida,2011,176
62,río negro,62063,pichi mahuida,2012,213
62,río negro,62063,pichi mahuida,2013,194
62,río negro,62063,pichi mahuida,2014,179
62,río negro,62063,pichi mahuida,2015,197
62,río negro,62063,pichi mahuida,2016,175
62,río negro,62063,pichi mahuida,2017,194
62,río negro,62063,pichi mahuida,2018,168
62,río negro,62063,pichi mahuida,2019,211
62,río negro,62063,pichi mahuida,2020,186
62,río negro,62063,pichi mahuida,2021,167
62,río negro,62063,pichi mahuida,2022,164
62,río negro,62063,pichi mahuida,2023,140
62,río negro,62063,pichi mahuida,2024,146
62,río negro,62070,pilcaniyeu,2000,38
62,río negro,62070,pilcaniyeu,2001,36
62,río negro,62070,pilcaniyeu,2002,62
62,río negro,62070,pilcaniyeu,2003,39
62,río negro,62070,pilcaniyeu,2004,51
62,río negro,62070,pilcaniyeu,2005,42
62,río negro,62070,pilcaniyeu,2006,53
62,río negro,62070,pilcaniyeu,2007,56
62,río negro,62070,pilcaniyeu,2008,35
62,río negro,62070,pilcaniyeu,2009,42
62,río negro,62070,pilcaniyeu,2010,25
62,río negro,62070,pilcaniyeu,2011,41
62,río negro,62070,pilcaniyeu,2012,50
62,río negro,62070,pilcaniyeu,2013,176
62,río negro,62070,pilcaniyeu,2014,67
62,río negro,62070,pilcaniyeu,2015,43
62,río negro,62070,pilcaniyeu,2016,29
62,río negro,62070,pilcaniyeu,2017,119
62,río negro,62070,pilcaniyeu,2018,114
62,río negro,62070,pilcaniyeu,2019,132
62,río negro,62070,pilcaniyeu,2020,95
62,río negro,62070,pilcaniyeu,2021,89
62,río negro,62070,pilcaniyeu,2022,123
62,río negro,62070,pilcaniyeu,2023,125
62,río negro,62070,pilcaniyeu,2024,161
62,río negro,62077,san antonio,2000,524
62,río negro,62077,san antonio,2001,735
62,río negro,62077,san antonio,2002,791
62,río negro,62077,san antonio,2003,548
62,río negro,62077,san antonio,2004,440
62,río negro,62077,san antonio,2005,540
62,río negro,62077,san antonio,2006,433
62,río negro,62077,san antonio,2007,679
62,río negro,62077,san antonio,2008,678
62,río negro,62077,san antonio,2009,619
62,río negro,62077,san antonio,2010,952
62,río negro,62077,san antonio,2011,757
62,río negro,62077,san antonio,2012,872
62,río negro,62077,san antonio,2013,1230
62,río negro,62077,san antonio,2014,1225
62,río negro,62077,san antonio,2015,1046
62,río negro,62077,san antonio,2016,1009
62,río negro,62077,san antonio,2017,860
62,río negro,62077,san antonio,2018,919
62,río negro,62077,san antonio,2019,850
62,río negro,62077,san antonio,2020,772
62,río negro,62077,san antonio,2021,743
62,río negro,62077,san antonio,2022,1097
62,río negro,62077,san antonio,2023,1180
62,río negro,62077,san antonio,2024,1334
62,río negro,62084,valcheta,2000,42
62,río negro,62084,valcheta,2001,50
62,río negro,62084,valcheta,2002,73
62,río negro,62084,valcheta,2003,34
62,río negro,62084,valcheta,2004,32
62,río negro,62084,valcheta,2005,55
62,río negro,62084,valcheta,2006,38
62,río negro,62084,valcheta,2007,44
62,río negro,62084,valcheta,2008,55
62,río negro,62084,valcheta,2009,39
62,río negro,62084,valcheta,2010,75
62,río negro,62084,valcheta,2011,99
62,río negro,62084,valcheta,2012,127
62,río negro,62084,valcheta,2013,103
62,río negro,62084,valcheta,2014,109
62,río negro,62084,valcheta,2015,96
62,río negro,62084,valcheta,2016,98
62,río negro,62084,valcheta,2017,72
62,río negro,62084,valcheta,2018,36
62,río negro,62084,valcheta,2019,33
62,río negro,62084,valcheta,2020,23
62,río negro,62084,valcheta,2021,37
62,río negro,62084,valcheta,2022,20
62,río negro,62084,valcheta,2023,24
62,río negro,62084,valcheta,2024,36
62,río negro,62091,25 de mayo,2000,136
62,río negro,62091,25 de mayo,2001,121
62,río negro,62091,25 de mayo,2002,158
62,río negro,62091,25 de mayo,2003,151
62,río negro,62091,25 de mayo,2004,131
62,río negro,62091,25 de mayo,2005,112
62,río negro,62091,25 de mayo,2006,187
62,río negro,62091,25 de mayo,2007,187
62,río negro,62091,25 de mayo,2008,190
62,río negro,62091,25 de mayo,2009,184
62,río negro,62091,25 de mayo,2010,193
62,río negro,62091,25 de mayo,2011,136
62,río negro,62091,25 de mayo,2012,230
62,río negro,62091,25 de mayo,2013,202
62,río negro,62091,25 de mayo,2014,183
62,río negro,62091,25 de mayo,2015,116
62,río negro,62091,25 de mayo,2016,138
62,río negro,62091,25 de mayo,2017,116
62,río negro,62091,25 de mayo,2018,107
62,río negro,62091,25 de mayo,2019,93
62,río negro,62091,25 de mayo,2020,63
62,río negro,62091,25 de mayo,2021,107
62,río negro,62091,25 de mayo,2022,69
62,río negro,62091,25 de mayo,2023,78
62,río negro,62091,25 de mayo,2024,71
66,salta,66007,anta,2000,0
66,salta,66007,anta,2001,0
66,salta,66007,anta,2002,0
66,salta,66007,anta,2003,0
66,salta,66007,anta,2004,0
66,salta,66007,anta,2005,0
66,salta,66007,anta,2006,0
66,salta,66007,anta,2007,0
66,salta,66007,anta,2008,0
66,salta,66007,anta,2009,0
66,salta,66007,anta,2010,0
66,salta,66007,anta,2011,0
66,salta,66007,anta,2012,0
66,salta,66007,anta,2013,1035
66,salta,66007,anta,2014,1134
66,salta,66007,anta,2015,1479
66,salta,66007,anta,2016,1345
66,salta,66007,anta,2017,1301
66,salta,66007,anta,2018,1388
66,salta,66007,anta,2019,1715
66,salta,66007,anta,2020,1669
66,salta,66007,anta,2021,2364
66,salta,66007,anta,2022,2927
66,salta,66007,anta,2023,3281
66,salta,66007,anta,2024,3069
66,salta,66014,cachi,2000,0
66,salta,66014,cachi,2001,0
66,salta,66014,cachi,2002,0
66,salta,66014,cachi,2003,0
66,salta,66014,cachi,2004,0
66,salta,66014,cachi,2005,0
66,salta,66014,cachi,2006,0
66,salta,66014,cachi,2007,0
66,salta,66014,cachi,2008,0
66,salta,66014,cachi,2009,0
66,salta,66014,cachi,2010,0
66,salta,66014,cachi,2011,0
66,salta,66014,cachi,2012,0
66,salta,66014,cachi,2013,31
66,salta,66014,cachi,2014,116
66,salta,66014,cachi,2015,126
66,salta,66014,cachi,2016,73
66,salta,66014,cachi,2017,103
66,salta,66014,cachi,2018,118
66,salta,66014,cachi,2019,89
66,salta,66014,cachi,2020,140
66,salta,66014,cachi,2021,117
66,salta,66014,cachi,2022,140
66,salta,66014,cachi,2023,165
66,salta,66014,cachi,2024,203
66,salta,66021,cafayate,2000,0
66,salta,66021,cafayate,2001,0
66,salta,66021,cafayate,2002,0
66,salta,66021,cafayate,2003,0
66,salta,66021,cafayate,2004,0
66,salta,66021,cafayate,2005,0
66,salta,66021,cafayate,2006,0
66,salta,66021,cafayate,2007,0
66,salta,66021,cafayate,2008,0
66,salta,66021,cafayate,2009,0
66,salta,66021,cafayate,2010,0
66,salta,66021,cafayate,2011,0
66,salta,66021,cafayate,2012,0
66,salta,66021,cafayate,2013,203
66,salta,66021,cafayate,2014,399
66,salta,66021,cafayate,2015,435
66,salta,66021,cafayate,2016,394
66,salta,66021,cafayate,2017,352
66,salta,66021,cafayate,2018,375
66,salta,66021,cafayate,2019,600
66,salta,66021,cafayate,2020,522
66,salta,66021,cafayate,2021,459
66,salta,66021,cafayate,2022,629
66,salta,66021,cafayate,2023,704
66,salta,66021,cafayate,2024,761
66,salta,66028,capital,2000,0
66,salta,66028,capital,2001,0
66,salta,66028,capital,2002,0
66,salta,66028,capital,2003,0
66,salta,66028,capital,2004,0
66,salta,66028,capital,2005,0
66,salta,66028,capital,2006,0
66,salta,66028,capital,2007,0
66,salta,66028,capital,2008,0
66,salta,66028,capital,2009,0
66,salta,66028,capital,2010,0
66,salta,66028,capital,2011,0
66,salta,66028,capital,2012,0
66,salta,66028,capital,2013,21461
66,salta,66028,capital,2014,27130
66,salta,66028,capital,2015,26734
66,salta,66028,capital,2016,26007
66,salta,66028,capital,2017,26606
66,salta,66028,capital,2018,26738
66,salta,66028,capital,2019,27606
66,salta,66028,capital,2020,23669
66,salta,66028,capital,2021,27567
66,salta,66028,capital,2022,30262
66,salta,66028,capital,2023,32466
66,salta,66028,capital,2024,31615
66,salta,66035,cerrillos,2000,0
66,salta,66035,cerrillos,2001,0
66,salta,66035,cerrillos,2002,0
66,salta,66035,cerrillos,2003,0
66,salta,66035,cerrillos,2004,0
66,salta,66035,cerrillos,2005,0
66,salta,66035,cerrillos,2006,0
66,salta,66035,cerrillos,2007,0
66,salta,66035,cerrillos,2008,0
66,salta,66035,cerrillos,2009,0
66,salta,66035,cerrillos,2010,0
66,salta,66035,cerrillos,2011,0
66,salta,66035,cerrillos,2012,0
66,salta,66035,cerrillos,2013,719
66,salta,66035,cerrillos,2014,1058
66,salta,66035,cerrillos,2015,1051
66,salta,66035,cerrillos,2016,1019
66,salta,66035,cerrillos,2017,949
66,salta,66035,cerrillos,2018,981
66,salta,66035,cerrillos,2019,1273
66,salta,66035,cerrillos,2020,1088
66,salta,66035,cerrillos,2021,1280
66,salta,66035,cerrillos,2022,1407
66,salta,66035,cerrillos,2023,1919
66,salta,66035,cerrillos,2024,1804
66,salta,66042,chicoana,2000,0
66,salta,66042,chicoana,2001,0
66,salta,66042,chicoana,2002,0
66,salta,66042,chicoana,2003,0
66,salta,66042,chicoana,2004,0
66,salta,66042,chicoana,2005,0
66,salta,66042,chicoana,2006,0
66,salta,66042,chicoana,2007,0
66,salta,66042,chicoana,2008,0
66,salta,66042,chicoana,2009,0
66,salta,66042,chicoana,2010,0
66,salta,66042,chicoana,2011,0
66,salta,66042,chicoana,2012,0
66,salta,66042,chicoana,2013,254
66,salta,66042,chicoana,2014,311
66,salta,66042,chicoana,2015,362
66,salta,66042,chicoana,2016,426
66,salta,66042,chicoana,2017,370
66,salta,66042,chicoana,2018,362
66,salta,66042,chicoana,2019,410
66,salta,66042,chicoana,2020,363
66,salta,66042,chicoana,2021,420
66,salta,66042,chicoana,2022,455
66,salta,66042,chicoana,2023,482
66,salta,66042,chicoana,2024,603
66,salta,66049,general güemes,2000,0
66,salta,66049,general güemes,2001,0
66,salta,66049,general güemes,2002,0
66,salta,66049,general güemes,2003,0
66,salta,66049,general güemes,2004,0
66,salta,66049,general güemes,2005,0
66,salta,66049,general güemes,2006,0
66,salta,66049,general güemes,2007,0
66,salta,66049,general güemes,2008,0
66,salta,66049,general güemes,2009,0
66,salta,66049,general güemes,2010,0
66,salta,66049,general güemes,2011,0
66,salta,66049,general güemes,2012,0
66,salta,66049,general güemes,2013,1251
66,salta,66049,general güemes,2014,1318
66,salta,66049,general güemes,2015,1454
66,salta,66049,general güemes,2016,1738
66,salta,66049,general güemes,2017,1654
66,salta,66049,general güemes,2018,1565
66,salta,66049,general güemes,2019,2031
66,salta,66049,general güemes,2020,1976
66,salta,66049,general güemes,2021,1992
66,salta,66049,general güemes,2022,1894
66,salta,66049,general güemes,2023,1888
66,salta,66049,general güemes,2024,2035
66,salta,66056,grl. josé de san martín,2000,0
66,salta,66056,grl. josé de san martín,2001,0
66,salta,66056,grl. josé de san martín,2002,0
66,salta,66056,grl. josé de san martín,2003,0
66,salta,66056,grl. josé de san martín,2004,0
66,salta,66056,grl. josé de san martín,2005,0
66,salta,66056,grl. josé de san martín,2006,0
66,salta,66056,grl. josé de san martín,2007,0
66,salta,66056,grl. josé de san martín,2008,0
66,salta,66056,grl. josé de san martín,2009,0
66,salta,66056,grl. josé de san martín,2010,0
66,salta,66056,grl. josé de san martín,2011,0
66,salta,66056,grl. josé de san martín,2012,0
66,salta,66056,grl. josé de san martín,2013,4389
66,salta,66056,grl. josé de san martín,2014,5414
66,salta,66056,grl. josé de san martín,2015,5302
66,salta,66056,grl. josé de san martín,2016,4019
66,salta,66056,grl. josé de san martín,2017,4750
66,salta,66056,grl. josé de san martín,2018,5199
66,salta,66056,grl. josé de san martín,2019,5838
66,salta,66056,grl. josé de san martín,2020,5412
66,salta,66056,grl. josé de san martín,2021,5495
66,salta,66056,grl. josé de san martín,2022,5549
66,salta,66056,grl. josé de san martín,2023,6467
66,salta,66056,grl. josé de san martín,2024,6478
66,salta,66063,guachipas,2000,0
66,salta,66063,guachipas,2001,0
66,salta,66063,guachipas,2002,0
66,salta,66063,guachipas,2003,0
66,salta,66063,guachipas,2004,0
66,salta,66063,guachipas,2005,0
66,salta,66063,guachipas,2006,0
66,salta,66063,guachipas,2007,0
66,salta,66063,guachipas,2008,0
66,salta,66063,guachipas,2009,0
66,salta,66063,guachipas,2010,0
66,salta,66063,guachipas,2011,0
66,salta,66063,guachipas,2012,0
66,salta,66063,guachipas,2013,45
66,salta,66063,guachipas,2014,30
66,salta,66063,guachipas,2015,65
66,salta,66063,guachipas,2016,48
66,salta,66063,guachipas,2017,43
66,salta,66063,guachipas,2018,24
66,salta,66063,guachipas,2019,39
66,salta,66063,guachipas,2020,23
66,salta,66063,guachipas,2021,29
66,salta,66063,guachipas,2022,29
66,salta,66063,guachipas,2023,45
66,salta,66063,guachipas,2024,40
66,salta,66070,iruya,2000,0
66,salta,66070,iruya,2001,0
66,salta,66070,iruya,2002,0
66,salta,66070,iruya,2003,0
66,salta,66070,iruya,2004,0
66,salta,66070,iruya,2005,0
66,salta,66070,iruya,2006,0
66,salta,66070,iruya,2007,0
66,salta,66070,iruya,2008,0
66,salta,66070,iruya,2009,0
66,salta,66070,iruya,2010,0
66,salta,66070,iruya,2011,0
66,salta,66070,iruya,2012,0
66,salta,66070,iruya,2013,23
66,salta,66070,iruya,2014,26
66,salta,66070,iruya,2015,41
66,salta,66070,iruya,2016,17
66,salta,66070,iruya,2017,33
66,salta,66070,iruya,2018,27
66,salta,66070,iruya,2019,29
66,salta,66070,iruya,2020,22
66,salta,66070,iruya,2021,34
66,salta,66070,iruya,2022,34
66,salta,66070,iruya,2023,35
66,salta,66070,iruya,2024,45
66,salta,66077,la caldera,2000,0
66,salta,66077,la caldera,2001,0
66,salta,66077,la caldera,2002,0
66,salta,66077,la caldera,2003,0
66,salta,66077,la caldera,2004,0
66,salta,66077,la caldera,2005,0
66,salta,66077,la caldera,2006,0
66,salta,66077,la caldera,2007,0
66,salta,66077,la caldera,2008,0
66,salta,66077,la caldera,2009,0
66,salta,66077,la caldera,2010,0
66,salta,66077,la caldera,2011,0
66,salta,66077,la caldera,2012,0
66,salta,66077,la caldera,2013,265
66,salta,66077,la caldera,2014,303
66,salta,66077,la caldera,2015,278
66,salta,66077,la caldera,2016,332
66,salta,66077,la caldera,2017,317
66,salta,66077,la caldera,2018,294
66,salta,66077,la caldera,2019,363
66,salta,66077,la caldera,2020,356
66,salta,66077,la caldera,2021,472
66,salta,66077,la caldera,2022,499
66,salta,66077,la caldera,2023,496
66,salta,66077,la caldera,2024,602
66,salta,66084,la candelaria,2000,0
66,salta,66084,la candelaria,2001,0
66,salta,66084,la candelaria,2002,0
66,salta,66084,la candelaria,2003,0
66,salta,66084,la candelaria,2004,0
66,salta,66084,la candelaria,2005,0
66,salta,66084,la candelaria,2006,0
66,salta,66084,la candelaria,2007,0
66,salta,66084,la candelaria,2008,0
66,salta,66084,la candelaria,2009,0
66,salta,66084,la candelaria,2010,0
66,salta,66084,la candelaria,2011,0
66,salta,66084,la candelaria,2012,0
66,salta,66084,la candelaria,2013,23
66,salta,66084,la candelaria,2014,68
66,salta,66084,la candelaria,2015,48
66,salta,66084,la candelaria,2016,64
66,salta,66084,la candelaria,2017,67
66,salta,66084,la candelaria,2018,65
66,salta,66084,la candelaria,2019,53
66,salta,66084,la candelaria,2020,109
66,salta,66084,la candelaria,2021,79
66,salta,66084,la candelaria,2022,71
66,salta,66084,la candelaria,2023,82
66,salta,66084,la candelaria,2024,103
66,salta,66091,la poma,2000,0
66,salta,66091,la poma,2001,0
66,salta,66091,la poma,2002,0
66,salta,66091,la poma,2003,0
66,salta,66091,la poma,2004,0
66,salta,66091,la poma,2005,0
66,salta,66091,la poma,2006,0
66,salta,66091,la poma,2007,0
66,salta,66091,la poma,2008,0
66,salta,66091,la poma,2009,0
66,salta,66091,la poma,2010,0
66,salta,66091,la poma,2011,0
66,salta,66091,la poma,2012,0
66,salta,66091,la poma,2013,7
66,salta,66091,la poma,2014,5
66,salta,66091,la poma,2015,12
66,salta,66091,la poma,2016,6
66,salta,66091,la poma,2017,20
66,salta,66091,la poma,2018,15
66,salta,66091,la poma,2019,7
66,salta,66091,la poma,2020,10
66,salta,66091,la poma,2021,13
66,salta,66091,la poma,2022,15
66,salta,66091,la poma,2023,9
66,salta,66091,la poma,2024,7
66,salta,66098,la viña,2000,0
66,salta,66098,la viña,2001,0
66,salta,66098,la viña,2002,0
66,salta,66098,la viña,2003,0
66,salta,66098,la viña,2004,0
66,salta,66098,la viña,2005,0
66,salta,66098,la viña,2006,0
66,salta,66098,la viña,2007,0
66,salta,66098,la viña,2008,0
66,salta,66098,la viña,2009,0
66,salta,66098,la viña,2010,0
66,salta,66098,la viña,2011,0
66,salta,66098,la viña,2012,0
66,salta,66098,la viña,2013,128
66,salta,66098,la viña,2014,230
66,salta,66098,la viña,2015,193
66,salta,66098,la viña,2016,274
66,salta,66098,la viña,2017,214
66,salta,66098,la viña,2018,196
66,salta,66098,la viña,2019,226
66,salta,66098,la viña,2020,210
66,salta,66098,la viña,2021,237
66,salta,66098,la viña,2022,218
66,salta,66098,la viña,2023,251
66,salta,66098,la viña,2024,206
66,salta,66105,los andes,2000,0
66,salta,66105,los andes,2001,0
66,salta,66105,los andes,2002,0
66,salta,66105,los andes,2003,0
66,salta,66105,los andes,2004,0
66,salta,66105,los andes,2005,0
66,salta,66105,los andes,2006,0
66,salta,66105,los andes,2007,0
66,salta,66105,los andes,2008,0
66,salta,66105,los andes,2009,0
66,salta,66105,los andes,2010,0
66,salta,66105,los andes,2011,0
66,salta,66105,los andes,2012,0
66,salta,66105,los andes,2013,19
66,salta,66105,los andes,2014,48
66,salta,66105,los andes,2015,49
66,salta,66105,los andes,2016,40
66,salta,66105,los andes,2017,34
66,salta,66105,los andes,2018,29
66,salta,66105,los andes,2019,60
66,salta,66105,los andes,2020,53
66,salta,66105,los andes,2021,52
66,salta,66105,los andes,2022,60
66,salta,66105,los andes,2023,82
66,salta,66105,los andes,2024,74
66,salta,66112,metán,2000,0
66,salta,66112,metán,2001,0
66,salta,66112,metán,2002,0
66,salta,66112,metán,2003,0
66,salta,66112,metán,2004,0
66,salta,66112,metán,2005,0
66,salta,66112,metán,2006,0
66,salta,66112,metán,2007,0
66,salta,66112,metán,2008,0
66,salta,66112,metán,2009,0
66,salta,66112,metán,2010,0
66,salta,66112,metán,2011,0
66,salta,66112,metán,2012,0
66,salta,66112,metán,2013,570
66,salta,66112,metán,2014,1014
66,salta,66112,metán,2015,1002
66,salta,66112,metán,2016,1013
66,salta,66112,metán,2017,1029
66,salta,66112,metán,2018,1169
66,salta,66112,metán,2019,1328
66,salta,66112,metán,2020,1132
66,salta,66112,metán,2021,1397
66,salta,66112,metán,2022,1606
66,salta,66112,metán,2023,1834
66,salta,66112,metán,2024,1736
66,salta,66119,molinos,2000,0
66,salta,66119,molinos,2001,0
66,salta,66119,molinos,2002,0
66,salta,66119,molinos,2003,0
66,salta,66119,molinos,2004,0
66,salta,66119,molinos,2005,0
66,salta,66119,molinos,2006,0
66,salta,66119,molinos,2007,0
66,salta,66119,molinos,2008,0
66,salta,66119,molinos,2009,0
66,salta,66119,molinos,2010,0
66,salta,66119,molinos,2011,0
66,salta,66119,molinos,2012,0
66,salta,66119,molinos,2013,17
66,salta,66119,molinos,2014,19
66,salta,66119,molinos,2015,23
66,salta,66119,molinos,2016,32
66,salta,66119,molinos,2017,20
66,salta,66119,molinos,2018,31
66,salta,66119,molinos,2019,30
66,salta,66119,molinos,2020,26
66,salta,66119,molinos,2021,27
66,salta,66119,molinos,2022,32
66,salta,66119,molinos,2023,37
66,salta,66119,molinos,2024,31
66,salta,66126,orán,2000,0
66,salta,66126,orán,2001,0
66,salta,66126,orán,2002,0
66,salta,66126,orán,2003,0
66,salta,66126,orán,2004,0
66,salta,66126,orán,2005,0
66,salta,66126,orán,2006,0
66,salta,66126,orán,2007,0
66,salta,66126,orán,2008,0
66,salta,66126,orán,2009,0
66,salta,66126,orán,2010,0
66,salta,66126,orán,2011,0
66,salta,66126,orán,2012,0
66,salta,66126,orán,2013,2516
66,salta,66126,orán,2014,3852
66,salta,66126,orán,2015,4400
66,salta,66126,orán,2016,4204
66,salta,66126,orán,2017,3948
66,salta,66126,orán,2018,4127
66,salta,66126,orán,2019,4997
66,salta,66126,orán,2020,4335
66,salta,66126,orán,2021,4645
66,salta,66126,orán,2022,5465
66,salta,66126,orán,2023,6200
66,salta,66126,orán,2024,6148
66,salta,66133,rivadavia,2000,0
66,salta,66133,rivadavia,2001,0
66,salta,66133,rivadavia,2002,0
66,salta,66133,rivadavia,2003,0
66,salta,66133,rivadavia,2004,0
66,salta,66133,rivadavia,2005,0
66,salta,66133,rivadavia,2006,0
66,salta,66133,rivadavia,2007,0
66,salta,66133,rivadavia,2008,0
66,salta,66133,rivadavia,2009,0
66,salta,66133,rivadavia,2010,0
66,salta,66133,rivadavia,2011,0
66,salta,66133,rivadavia,2012,0
66,salta,66133,rivadavia,2013,77
66,salta,66133,rivadavia,2014,151
66,salta,66133,rivadavia,2015,180
66,salta,66133,rivadavia,2016,168
66,salta,66133,rivadavia,2017,165
66,salta,66133,rivadavia,2018,164
66,salta,66133,rivadavia,2019,266
66,salta,66133,rivadavia,2020,262
66,salta,66133,rivadavia,2021,327
66,salta,66133,rivadavia,2022,375
66,salta,66133,rivadavia,2023,393
66,salta,66133,rivadavia,2024,415
66,salta,66140,rosario de la frontera,2000,0
66,salta,66140,rosario de la frontera,2001,0
66,salta,66140,rosario de la frontera,2002,0
66,salta,66140,rosario de la frontera,2003,0
66,salta,66140,rosario de la frontera,2004,0
66,salta,66140,rosario de la frontera,2005,0
66,salta,66140,rosario de la frontera,2006,0
66,salta,66140,rosario de la frontera,2007,0
66,salta,66140,rosario de la frontera,2008,0
66,salta,66140,rosario de la frontera,2009,0
66,salta,66140,rosario de la frontera,2010,0
66,salta,66140,rosario de la frontera,2011,0
66,salta,66140,rosario de la frontera,2012,0
66,salta,66140,rosario de la frontera,2013,474
66,salta,66140,rosario de la frontera,2014,771
66,salta,66140,rosario de la frontera,2015,838
66,salta,66140,rosario de la frontera,2016,771
66,salta,66140,rosario de la frontera,2017,821
66,salta,66140,rosario de la frontera,2018,923
66,salta,66140,rosario de la frontera,2019,1055
66,salta,66140,rosario de la frontera,2020,876
66,salta,66140,rosario de la frontera,2021,925
66,salta,66140,rosario de la frontera,2022,936
66,salta,66140,rosario de la frontera,2023,969
66,salta,66140,rosario de la frontera,2024,1041
66,salta,66147,rosario de lerma,2000,0
66,salta,66147,rosario de lerma,2001,0
66,salta,66147,rosario de lerma,2002,0
66,salta,66147,rosario de lerma,2003,0
66,salta,66147,rosario de lerma,2004,0
66,salta,66147,rosario de lerma,2005,0
66,salta,66147,rosario de lerma,2006,0
66,salta,66147,rosario de lerma,2007,0
66,salta,66147,rosario de lerma,2008,0
66,salta,66147,rosario de lerma,2009,0
66,salta,66147,rosario de lerma,2010,0
66,salta,66147,rosario de lerma,2011,0
66,salta,66147,rosario de lerma,2012,0
66,salta,66147,rosario de lerma,2013,593
66,salta,66147,rosario de lerma,2014,950
66,salta,66147,rosario de lerma,2015,1152
66,salta,66147,rosario de lerma,2016,1007
66,salta,66147,rosario de lerma,2017,738
66,salta,66147,rosario de lerma,2018,882
66,salta,66147,rosario de lerma,2019,976
66,salta,66147,rosario de lerma,2020,786
66,salta,66147,rosario de lerma,2021,968
66,salta,66147,rosario de lerma,2022,1096
66,salta,66147,rosario de lerma,2023,1287
66,salta,66147,rosario de lerma,2024,1522
66,salta,66154,san carlos,2000,0
66,salta,66154,san carlos,2001,0
66,salta,66154,san carlos,2002,0
66,salta,66154,san carlos,2003,0
66,salta,66154,san carlos,2004,0
66,salta,66154,san carlos,2005,0
66,salta,66154,san carlos,2006,0
66,salta,66154,san carlos,2007,0
66,salta,66154,san carlos,2008,0
66,salta,66154,san carlos,2009,0
66,salta,66154,san carlos,2010,0
66,salta,66154,san carlos,2011,0
66,salta,66154,san carlos,2012,0
66,salta,66154,san carlos,2013,37
66,salta,66154,san carlos,2014,52
66,salta,66154,san carlos,2015,75
66,salta,66154,san carlos,2016,60
66,salta,66154,san carlos,2017,58
66,salta,66154,san carlos,2018,60
66,salta,66154,san carlos,2019,88
66,salta,66154,san carlos,2020,76
66,salta,66154,san carlos,2021,79
66,salta,66154,san carlos,2022,96
66,salta,66154,san carlos,2023,115
66,salta,66154,san carlos,2024,113
66,salta,66161,santa victoria,2000,0
66,salta,66161,santa victoria,2001,0
66,salta,66161,santa victoria,2002,0
66,salta,66161,santa victoria,2003,0
66,salta,66161,santa victoria,2004,0
66,salta,66161,santa victoria,2005,0
66,salta,66161,santa victoria,2006,0
66,salta,66161,santa victoria,2007,0
66,salta,66161,santa victoria,2008,0
66,salta,66161,santa victoria,2009,0
66,salta,66161,santa victoria,2010,0
66,salta,66161,santa victoria,2011,0
66,salta,66161,santa victoria,2012,0
66,salta,66161,santa victoria,2013,33
66,salta,66161,santa victoria,2014,49
66,salta,66161,santa victoria,2015,80
66,salta,66161,santa victoria,2016,48
66,salta,66161,santa victoria,2017,62
66,salta,66161,santa victoria,2018,45
66,salta,66161,santa victoria,2019,44
66,salta,66161,santa victoria,2020,81
66,salta,66161,santa victoria,2021,100
66,salta,66161,santa victoria,2022,66
66,salta,66161,santa victoria,2023,91
66,salta,66161,santa victoria,2024,77
70,san juan,70007,albardón,2000,295
70,san juan,70007,albardón,2001,272
70,san juan,70007,albardón,2002,467
70,san juan,70007,albardón,2003,499
70,san juan,70007,albardón,2004,442
70,san juan,70007,albardón,2005,334
70,san juan,70007,albardón,2006,306
70,san juan,70007,albardón,2007,294
70,san juan,70007,albardón,2008,313
70,san juan,70007,albardón,2009,339
70,san juan,70007,albardón,2010,405
70,san juan,70007,albardón,2011,334
70,san juan,70007,albardón,2012,328
70,san juan,70007,albardón,2013,369
70,san juan,70007,albardón,2014,500
70,san juan,70007,albardón,2015,514
70,san juan,70007,albardón,2016,544
70,san juan,70007,albardón,2017,584
70,san juan,70007,albardón,2018,531
70,san juan,70007,albardón,2019,589
70,san juan,70007,albardón,2020,468
70,san juan,70007,albardón,2021,542
70,san juan,70007,albardón,2022,573
70,san juan,70007,albardón,2023,636
70,san juan,70007,albardón,2024,790
70,san juan,70014,angaco,2000,144
70,san juan,70014,angaco,2001,175
70,san juan,70014,angaco,2002,159
70,san juan,70014,angaco,2003,243
70,san juan,70014,angaco,2004,201
70,san juan,70014,angaco,2005,197
70,san juan,70014,angaco,2006,165
70,san juan,70014,angaco,2007,176
70,san juan,70014,angaco,2008,179
70,san juan,70014,angaco,2009,193
70,san juan,70014,angaco,2010,238
70,san juan,70014,angaco,2011,218
70,san juan,70014,angaco,2012,111
70,san juan,70014,angaco,2013,129
70,san juan,70014,angaco,2014,175
70,san juan,70014,angaco,2015,171
70,san juan,70014,angaco,2016,180
70,san juan,70014,angaco,2017,128
70,san juan,70014,angaco,2018,136
70,san juan,70014,angaco,2019,148
70,san juan,70014,angaco,2020,151
70,san juan,70014,angaco,2021,149
70,san juan,70014,angaco,2022,139
70,san juan,70014,angaco,2023,188
70,san juan,70014,angaco,2024,213
70,san juan,70021,calingasta,2000,69
70,san juan,70021,calingasta,2001,110
70,san juan,70021,calingasta,2002,137
70,san juan,70021,calingasta,2003,153
70,san juan,70021,calingasta,2004,140
70,san juan,70021,calingasta,2005,130
70,san juan,70021,calingasta,2006,108
70,san juan,70021,calingasta,2007,145
70,san juan,70021,calingasta,2008,124
70,san juan,70021,calingasta,2009,144
70,san juan,70021,calingasta,2010,106
70,san juan,70021,calingasta,2011,115
70,san juan,70021,calingasta,2012,107
70,san juan,70021,calingasta,2013,121
70,san juan,70021,calingasta,2014,150
70,san juan,70021,calingasta,2015,133
70,san juan,70021,calingasta,2016,96
70,san juan,70021,calingasta,2017,90
70,san juan,70021,calingasta,2018,137
70,san juan,70021,calingasta,2019,141
70,san juan,70021,calingasta,2020,135
70,san juan,70021,calingasta,2021,143
70,san juan,70021,calingasta,2022,114
70,san juan,70021,calingasta,2023,125
70,san juan,70021,calingasta,2024,189
70,san juan,70028,capital,2000,5177
70,san juan,70028,capital,2001,7091
70,san juan,70028,capital,2002,6768
70,san juan,70028,capital,2003,6349
70,san juan,70028,capital,2004,6693
70,san juan,70028,capital,2005,6341
70,san juan,70028,capital,2006,6436
70,san juan,70028,capital,2007,5791
70,san juan,70028,capital,2008,5949
70,san juan,70028,capital,2009,5714
70,san juan,70028,capital,2010,5569
70,san juan,70028,capital,2011,6657
70,san juan,70028,capital,2012,5585
70,san juan,70028,capital,2013,3690
70,san juan,70028,capital,2014,3373
70,san juan,70028,capital,2015,3496
70,san juan,70028,capital,2016,4157
70,san juan,70028,capital,2017,4221
70,san juan,70028,capital,2018,3713
70,san juan,70028,capital,2019,3355
70,san juan,70028,capital,2020,2502
70,san juan,70028,capital,2021,3240
70,san juan,70028,capital,2022,4154
70,san juan,70028,capital,2023,5092
70,san juan,70028,capital,2024,5561
70,san juan,70035,caucete,2000,878
70,san juan,70035,caucete,2001,966
70,san juan,70035,caucete,2002,1292
70,san juan,70035,caucete,2003,1526
70,san juan,70035,caucete,2004,1358
70,san juan,70035,caucete,2005,1096
70,san juan,70035,caucete,2006,931
70,san juan,70035,caucete,2007,996
70,san juan,70035,caucete,2008,827
70,san juan,70035,caucete,2009,922
70,san juan,70035,caucete,2010,956
70,san juan,70035,caucete,2011,939
70,san juan,70035,caucete,2012,1101
70,san juan,70035,caucete,2013,791
70,san juan,70035,caucete,2014,1019
70,san juan,70035,caucete,2015,947
70,san juan,70035,caucete,2016,814
70,san juan,70035,caucete,2017,690
70,san juan,70035,caucete,2018,848
70,san juan,70035,caucete,2019,1286
70,san juan,70035,caucete,2020,1142
70,san juan,70035,caucete,2021,796
70,san juan,70035,caucete,2022,817
70,san juan,70035,caucete,2023,956
70,san juan,70035,caucete,2024,1632
70,san juan,70042,chimbas,2000,1189
70,san juan,70042,chimbas,2001,1698
70,san juan,70042,chimbas,2002,1697
70,san juan,70042,chimbas,2003,2014
70,san juan,70042,chimbas,2004,2580
70,san juan,70042,chimbas,2005,2138
70,san juan,70042,chimbas,2006,2237
70,san juan,70042,chimbas,2007,2046
70,san juan,70042,chimbas,2008,1986
70,san juan,70042,chimbas,2009,1846
70,san juan,70042,chimbas,2010,1612
70,san juan,70042,chimbas,2011,1364
70,san juan,70042,chimbas,2012,1445
70,san juan,70042,chimbas,2013,1739
70,san juan,70042,chimbas,2014,1607
70,san juan,70042,chimbas,2015,1350
70,san juan,70042,chimbas,2016,1493
70,san juan,70042,chimbas,2017,2061
70,san juan,70042,chimbas,2018,2289
70,san juan,70042,chimbas,2019,2028
70,san juan,70042,chimbas,2020,1982
70,san juan,70042,chimbas,2021,1856
70,san juan,70042,chimbas,2022,2250
70,san juan,70042,chimbas,2023,2582
70,san juan,70042,chimbas,2024,2934
70,san juan,70049,iglesia,2000,69
70,san juan,70049,iglesia,2001,67
70,san juan,70049,iglesia,2002,86
70,san juan,70049,iglesia,2003,76
70,san juan,70049,iglesia,2004,107
70,san juan,70049,iglesia,2005,117
70,san juan,70049,iglesia,2006,98
70,san juan,70049,iglesia,2007,110
70,san juan,70049,iglesia,2008,90
70,san juan,70049,iglesia,2009,76
70,san juan,70049,iglesia,2010,56
70,san juan,70049,iglesia,2011,73
70,san juan,70049,iglesia,2012,85
70,san juan,70049,iglesia,2013,94
70,san juan,70049,iglesia,2014,110
70,san juan,70049,iglesia,2015,126
70,san juan,70049,iglesia,2016,134
70,san juan,70049,iglesia,2017,104
70,san juan,70049,iglesia,2018,101
70,san juan,70049,iglesia,2019,136
70,san juan,70049,iglesia,2020,127
70,san juan,70049,iglesia,2021,81
70,san juan,70049,iglesia,2022,82
70,san juan,70049,iglesia,2023,157
70,san juan,70049,iglesia,2024,140
70,san juan,70056,jáchal,2000,275
70,san juan,70056,jáchal,2001,266
70,san juan,70056,jáchal,2002,245
70,san juan,70056,jáchal,2003,339
70,san juan,70056,jáchal,2004,263
70,san juan,70056,jáchal,2005,250
70,san juan,70056,jáchal,2006,191
70,san juan,70056,jáchal,2007,230
70,san juan,70056,jáchal,2008,279
70,san juan,70056,jáchal,2009,236
70,san juan,70056,jáchal,2010,258
70,san juan,70056,jáchal,2011,242
70,san juan,70056,jáchal,2012,255
70,san juan,70056,jáchal,2013,270
70,san juan,70056,jáchal,2014,327
70,san juan,70056,jáchal,2015,245
70,san juan,70056,jáchal,2016,289
70,san juan,70056,jáchal,2017,334
70,san juan,70056,jáchal,2018,327
70,san juan,70056,jáchal,2019,265
70,san juan,70056,jáchal,2020,230
70,san juan,70056,jáchal,2021,311
70,san juan,70056,jáchal,2022,309
70,san juan,70056,jáchal,2023,379
70,san juan,70056,jáchal,2024,295
70,san juan,70063,9 de julio,2000,90
70,san juan,70063,9 de julio,2001,147
70,san juan,70063,9 de julio,2002,208
70,san juan,70063,9 de julio,2003,200
70,san juan,70063,9 de julio,2004,195
70,san juan,70063,9 de julio,2005,167
70,san juan,70063,9 de julio,2006,158
70,san juan,70063,9 de julio,2007,115
70,san juan,70063,9 de julio,2008,150
70,san juan,70063,9 de julio,2009,137
70,san juan,70063,9 de julio,2010,134
70,san juan,70063,9 de julio,2011,135
70,san juan,70063,9 de julio,2012,148
70,san juan,70063,9 de julio,2013,117
70,san juan,70063,9 de julio,2014,155
70,san juan,70063,9 de julio,2015,179
70,san juan,70063,9 de julio,2016,172
70,san juan,70063,9 de julio,2017,220
70,san juan,70063,9 de julio,2018,188
70,san juan,70063,9 de julio,2019,262
70,san juan,70063,9 de julio,2020,273
70,san juan,70063,9 de julio,2021,257
70,san juan,70063,9 de julio,2022,266
70,san juan,70063,9 de julio,2023,319
70,san juan,70063,9 de julio,2024,302
70,san juan,70070,pocito,2000,259
70,san juan,70070,pocito,2001,496
70,san juan,70070,pocito,2002,605
70,san juan,70070,pocito,2003,700
70,san juan,70070,pocito,2004,715
70,san juan,70070,pocito,2005,669
70,san juan,70070,pocito,2006,684
70,san juan,70070,pocito,2007,687
70,san juan,70070,pocito,2008,669
70,san juan,70070,pocito,2009,774
70,san juan,70070,pocito,2010,630
70,san juan,70070,pocito,2011,596
70,san juan,70070,pocito,2012,618
70,san juan,70070,pocito,2013,497
70,san juan,70070,pocito,2014,807
70,san juan,70070,pocito,2015,616
70,san juan,70070,pocito,2016,456
70,san juan,70070,pocito,2017,518
70,san juan,70070,pocito,2018,570
70,san juan,70070,pocito,2019,816
70,san juan,70070,pocito,2020,651
70,san juan,70070,pocito,2021,804
70,san juan,70070,pocito,2022,799
70,san juan,70070,pocito,2023,1203
70,san juan,70070,pocito,2024,1386
70,san juan,70077,rawson,2000,2700
70,san juan,70077,rawson,2001,3145
70,san juan,70077,rawson,2002,3545
70,san juan,70077,rawson,2003,4185
70,san juan,70077,rawson,2004,4233
70,san juan,70077,rawson,2005,3741
70,san juan,70077,rawson,2006,4033
70,san juan,70077,rawson,2007,3791
70,san juan,70077,rawson,2008,3093
70,san juan,70077,rawson,2009,3052
70,san juan,70077,rawson,2010,2675
70,san juan,70077,rawson,2011,3003
70,san juan,70077,rawson,2012,3221
70,san juan,70077,rawson,2013,2982
70,san juan,70077,rawson,2014,2900
70,san juan,70077,rawson,2015,2087
70,san juan,70077,rawson,2016,3016
70,san juan,70077,rawson,2017,2991
70,san juan,70077,rawson,2018,3293
70,san juan,70077,rawson,2019,3616
70,san juan,70077,rawson,2020,3576
70,san juan,70077,rawson,2021,3471
70,san juan,70077,rawson,2022,4431
70,san juan,70077,rawson,2023,5685
70,san juan,70077,rawson,2024,6132
70,san juan,70084,rivadavia,2000,2474
70,san juan,70084,rivadavia,2001,2945
70,san juan,70084,rivadavia,2002,3071
70,san juan,70084,rivadavia,2003,3263
70,san juan,70084,rivadavia,2004,3157
70,san juan,70084,rivadavia,2005,3035
70,san juan,70084,rivadavia,2006,2839
70,san juan,70084,rivadavia,2007,2547
70,san juan,70084,rivadavia,2008,2447
70,san juan,70084,rivadavia,2009,2386
70,san juan,70084,rivadavia,2010,2241
70,san juan,70084,rivadavia,2011,2608
70,san juan,70084,rivadavia,2012,2841
70,san juan,70084,rivadavia,2013,2369
70,san juan,70084,rivadavia,2014,2404
70,san juan,70084,rivadavia,2015,2426
70,san juan,70084,rivadavia,2016,2378
70,san juan,70084,rivadavia,2017,2396
70,san juan,70084,rivadavia,2018,2612
70,san juan,70084,rivadavia,2019,2772
70,san juan,70084,rivadavia,2020,2321
70,san juan,70084,rivadavia,2021,2310
70,san juan,70084,rivadavia,2022,2961
70,san juan,70084,rivadavia,2023,3673
70,san juan,70084,rivadavia,2024,3937
70,san juan,70091,san martín,2000,85
70,san juan,70091,san martín,2001,106
70,san juan,70091,san martín,2002,169
70,san juan,70091,san martín,2003,154
70,san juan,70091,san martín,2004,160
70,san juan,70091,san martín,2005,116
70,san juan,70091,san martín,2006,104
70,san juan,70091,san martín,2007,101
70,san juan,70091,san martín,2008,95
70,san juan,70091,san martín,2009,108
70,san juan,70091,san martín,2010,94
70,san juan,70091,san martín,2011,108
70,san juan,70091,san martín,2012,45
70,san juan,70091,san martín,2013,113
70,san juan,70091,san martín,2014,188
70,san juan,70091,san martín,2015,157
70,san juan,70091,san martín,2016,166
70,san juan,70091,san martín,2017,195
70,san juan,70091,san martín,2018,194
70,san juan,70091,san martín,2019,185
70,san juan,70091,san martín,2020,166
70,san juan,70091,san martín,2021,184
70,san juan,70091,san martín,2022,191
70,san juan,70091,san martín,2023,187
70,san juan,70091,san martín,2024,294
70,san juan,70098,santa lucía,2000,860
70,san juan,70098,santa lucía,2001,1078
70,san juan,70098,santa lucía,2002,1281
70,san juan,70098,santa lucía,2003,1670
70,san juan,70098,santa lucía,2004,1993
70,san juan,70098,santa lucía,2005,1346
70,san juan,70098,santa lucía,2006,1150
70,san juan,70098,santa lucía,2007,987
70,san juan,70098,santa lucía,2008,866
70,san juan,70098,santa lucía,2009,847
70,san juan,70098,santa lucía,2010,991
70,san juan,70098,santa lucía,2011,1210
70,san juan,70098,santa lucía,2012,1189
70,san juan,70098,santa lucía,2013,1009
70,san juan,70098,santa lucía,2014,1087
70,san juan,70098,santa lucía,2015,1100
70,san juan,70098,santa lucía,2016,1370
70,san juan,70098,santa lucía,2017,1484
70,san juan,70098,santa lucía,2018,1429
70,san juan,70098,santa lucía,2019,1464
70,san juan,70098,santa lucía,2020,1221
70,san juan,70098,santa lucía,2021,1215
70,san juan,70098,santa lucía,2022,1448
70,san juan,70098,santa lucía,2023,2022
70,san juan,70098,santa lucía,2024,2503
70,san juan,70105,sarmiento,2000,160
70,san juan,70105,sarmiento,2001,222
70,san juan,70105,sarmiento,2002,375
70,san juan,70105,sarmiento,2003,437
70,san juan,70105,sarmiento,2004,283
70,san juan,70105,sarmiento,2005,298
70,san juan,70105,sarmiento,2006,231
70,san juan,70105,sarmiento,2007,222
70,san juan,70105,sarmiento,2008,320
70,san juan,70105,sarmiento,2009,312
70,san juan,70105,sarmiento,2010,449
70,san juan,70105,sarmiento,2011,559
70,san juan,70105,sarmiento,2012,577
70,san juan,70105,sarmiento,2013,618
70,san juan,70105,sarmiento,2014,408
70,san juan,70105,sarmiento,2015,538
70,san juan,70105,sarmiento,2016,365
70,san juan,70105,sarmiento,2017,330
70,san juan,70105,sarmiento,2018,491
70,san juan,70105,sarmiento,2019,385
70,san juan,70105,sarmiento,2020,402
70,san juan,70105,sarmiento,2021,427
70,san juan,70105,sarmiento,2022,530
70,san juan,70105,sarmiento,2023,469
70,san juan,70105,sarmiento,2024,441
70,san juan,70112,ullúm,2000,82
70,san juan,70112,ullúm,2001,111
70,san juan,70112,ullúm,2002,175
70,san juan,70112,ullúm,2003,192
70,san juan,70112,ullúm,2004,139
70,san juan,70112,ullúm,2005,114
70,san juan,70112,ullúm,2006,93
70,san juan,70112,ullúm,2007,100
70,san juan,70112,ullúm,2008,113
70,san juan,70112,ullúm,2009,129
70,san juan,70112,ullúm,2010,130
70,san juan,70112,ullúm,2011,79
70,san juan,70112,ullúm,2012,90
70,san juan,70112,ullúm,2013,66
70,san juan,70112,ullúm,2014,125
70,san juan,70112,ullúm,2015,120
70,san juan,70112,ullúm,2016,120
70,san juan,70112,ullúm,2017,92
70,san juan,70112,ullúm,2018,122
70,san juan,70112,ullúm,2019,146
70,san juan,70112,ullúm,2020,159
70,san juan,70112,ullúm,2021,164
70,san juan,70112,ullúm,2022,149
70,san juan,70112,ullúm,2023,146
70,san juan,70112,ullúm,2024,150
70,san juan,70119,valle fértil,2000,68
70,san juan,70119,valle fértil,2001,51
70,san juan,70119,valle fértil,2002,68
70,san juan,70119,valle fértil,2003,55
70,san juan,70119,valle fértil,2004,79
70,san juan,70119,valle fértil,2005,80
70,san juan,70119,valle fértil,2006,140
70,san juan,70119,valle fértil,2007,78
70,san juan,70119,valle fértil,2008,89
70,san juan,70119,valle fértil,2009,111
70,san juan,70119,valle fértil,2010,86
70,san juan,70119,valle fértil,2011,106
70,san juan,70119,valle fértil,2012,98
70,san juan,70119,valle fértil,2013,122
70,san juan,70119,valle fértil,2014,79
70,san juan,70119,valle fértil,2015,72
70,san juan,70119,valle fértil,2016,67
70,san juan,70119,valle fértil,2017,56
70,san juan,70119,valle fértil,2018,100
70,san juan,70119,valle fértil,2019,95
70,san juan,70119,valle fértil,2020,110
70,san juan,70119,valle fértil,2021,97
70,san juan,70119,valle fértil,2022,106
70,san juan,70119,valle fértil,2023,153
70,san juan,70119,valle fértil,2024,142
70,san juan,70126,25 de mayo,2000,243
70,san juan,70126,25 de mayo,2001,298
70,san juan,70126,25 de mayo,2002,370
70,san juan,70126,25 de mayo,2003,342
70,san juan,70126,25 de mayo,2004,342
70,san juan,70126,25 de mayo,2005,292
70,san juan,70126,25 de mayo,2006,294
70,san juan,70126,25 de mayo,2007,263
70,san juan,70126,25 de mayo,2008,296
70,san juan,70126,25 de mayo,2009,267
70,san juan,70126,25 de mayo,2010,276
70,san juan,70126,25 de mayo,2011,296
70,san juan,70126,25 de mayo,2012,289
70,san juan,70126,25 de mayo,2013,288
70,san juan,70126,25 de mayo,2014,419
70,san juan,70126,25 de mayo,2015,344
70,san juan,70126,25 de mayo,2016,345
70,san juan,70126,25 de mayo,2017,343
70,san juan,70126,25 de mayo,2018,337
70,san juan,70126,25 de mayo,2019,437
70,san juan,70126,25 de mayo,2020,343
70,san juan,70126,25 de mayo,2021,350
70,san juan,70126,25 de mayo,2022,363
70,san juan,70126,25 de mayo,2023,434
70,san juan,70126,25 de mayo,2024,504
70,san juan,70133,zonda,2000,70
70,san juan,70133,zonda,2001,89
70,san juan,70133,zonda,2002,89
70,san juan,70133,zonda,2003,132
70,san juan,70133,zonda,2004,112
70,san juan,70133,zonda,2005,52
70,san juan,70133,zonda,2006,82
70,san juan,70133,zonda,2007,88
70,san juan,70133,zonda,2008,90
70,san juan,70133,zonda,2009,120
70,san juan,70133,zonda,2010,124
70,san juan,70133,zonda,2011,72
70,san juan,70133,zonda,2012,102
70,san juan,70133,zonda,2013,117
70,san juan,70133,zonda,2014,115
70,san juan,70133,zonda,2015,106
70,san juan,70133,zonda,2016,134
70,san juan,70133,zonda,2017,109
70,san juan,70133,zonda,2018,133
70,san juan,70133,zonda,2019,138
70,san juan,70133,zonda,2020,174
70,san juan,70133,zonda,2021,187
70,san juan,70133,zonda,2022,173
70,san juan,70133,zonda,2023,141
70,san juan,70133,zonda,2024,129
74,san luis,74007,ayacucho,2000,125
74,san luis,74007,ayacucho,2001,84
74,san luis,74007,ayacucho,2002,129
74,san luis,74007,ayacucho,2003,91
74,san luis,74007,ayacucho,2004,90
74,san luis,74007,ayacucho,2005,83
74,san luis,74007,ayacucho,2006,105
74,san luis,74007,ayacucho,2007,91
74,san luis,74007,ayacucho,2008,87
74,san luis,74007,ayacucho,2009,109
74,san luis,74007,ayacucho,2010,159
74,san luis,74007,ayacucho,2011,200
74,san luis,74007,ayacucho,2012,188
74,san luis,74007,ayacucho,2013,153
74,san luis,74007,ayacucho,2014,247
74,san luis,74007,ayacucho,2015,264
74,san luis,74007,ayacucho,2016,265
74,san luis,74007,ayacucho,2017,159
74,san luis,74007,ayacucho,2018,173
74,san luis,74007,ayacucho,2019,213
74,san luis,74007,ayacucho,2020,185
74,san luis,74007,ayacucho,2021,213
74,san luis,74007,ayacucho,2022,219
74,san luis,74007,ayacucho,2023,216
74,san luis,74007,ayacucho,2024,281
74,san luis,74014,belgrano,2000,82
74,san luis,74014,belgrano,2001,47
74,san luis,74014,belgrano,2002,68
74,san luis,74014,belgrano,2003,67
74,san luis,74014,belgrano,2004,52
74,san luis,74014,belgrano,2005,36
74,san luis,74014,belgrano,2006,27
74,san luis,74014,belgrano,2007,13
74,san luis,74014,belgrano,2008,28
74,san luis,74014,belgrano,2009,37
74,san luis,74014,belgrano,2010,53
74,san luis,74014,belgrano,2011,59
74,san luis,74014,belgrano,2012,68
74,san luis,74014,belgrano,2013,86
74,san luis,74014,belgrano,2014,71
74,san luis,74014,belgrano,2015,87
74,san luis,74014,belgrano,2016,105
74,san luis,74014,belgrano,2017,76
74,san luis,74014,belgrano,2018,70
74,san luis,74014,belgrano,2019,95
74,san luis,74014,belgrano,2020,83
74,san luis,74014,belgrano,2021,132
74,san luis,74014,belgrano,2022,143
74,san luis,74014,belgrano,2023,126
74,san luis,74014,belgrano,2024,81
74,san luis,74021,coronel pringles,2000,112
74,san luis,74021,coronel pringles,2001,81
74,san luis,74021,coronel pringles,2002,75
74,san luis,74021,coronel pringles,2003,125
74,san luis,74021,coronel pringles,2004,105
74,san luis,74021,coronel pringles,2005,127
74,san luis,74021,coronel pringles,2006,144
74,san luis,74021,coronel pringles,2007,161
74,san luis,74021,coronel pringles,2008,219
74,san luis,74021,coronel pringles,2009,248
74,san luis,74021,coronel pringles,2010,225
74,san luis,74021,coronel pringles,2011,335
74,san luis,74021,coronel pringles,2012,246
74,san luis,74021,coronel pringles,2013,219
74,san luis,74021,coronel pringles,2014,300
74,san luis,74021,coronel pringles,2015,153
74,san luis,74021,coronel pringles,2016,141
74,san luis,74021,coronel pringles,2017,105
74,san luis,74021,coronel pringles,2018,96
74,san luis,74021,coronel pringles,2019,177
74,san luis,74021,coronel pringles,2020,102
74,san luis,74021,coronel pringles,2021,133
74,san luis,74021,coronel pringles,2022,199
74,san luis,74021,coronel pringles,2023,187
74,san luis,74021,coronel pringles,2024,228
74,san luis,74028,chacabuco,2000,99
74,san luis,74028,chacabuco,2001,108
74,san luis,74028,chacabuco,2002,131
74,san luis,74028,chacabuco,2003,166
74,san luis,74028,chacabuco,2004,185
74,san luis,74028,chacabuco,2005,155
74,san luis,74028,chacabuco,2006,167
74,san luis,74028,chacabuco,2007,164
74,san luis,74028,chacabuco,2008,164
74,san luis,74028,chacabuco,2009,207
74,san luis,74028,chacabuco,2010,226
74,san luis,74028,chacabuco,2011,192
74,san luis,74028,chacabuco,2012,197
74,san luis,74028,chacabuco,2013,181
74,san luis,74028,chacabuco,2014,211
74,san luis,74028,chacabuco,2015,244
74,san luis,74028,chacabuco,2016,214
74,san luis,74028,chacabuco,2017,160
74,san luis,74028,chacabuco,2018,174
74,san luis,74028,chacabuco,2019,168
74,san luis,74028,chacabuco,2020,151
74,san luis,74028,chacabuco,2021,196
74,san luis,74028,chacabuco,2022,220
74,san luis,74028,chacabuco,2023,190
74,san luis,74028,chacabuco,2024,251
74,san luis,74035,general pedernera,2000,1461
74,san luis,74035,general pedernera,2001,1408
74,san luis,74035,general pedernera,2002,1338
74,san luis,74035,general pedernera,2003,1663
74,san luis,74035,general pedernera,2004,1687
74,san luis,74035,general pedernera,2005,1427
74,san luis,74035,general pedernera,2006,1121
74,san luis,74035,general pedernera,2007,1404
74,san luis,74035,general pedernera,2008,1773
74,san luis,74035,general pedernera,2009,2073
74,san luis,74035,general pedernera,2010,1992
74,san luis,74035,general pedernera,2011,1961
74,san luis,74035,general pedernera,2012,2382
74,san luis,74035,general pedernera,2013,1750
74,san luis,74035,general pedernera,2014,1524
74,san luis,74035,general pedernera,2015,1349
74,san luis,74035,general pedernera,2016,1421
74,san luis,74035,general pedernera,2017,1216
74,san luis,74035,general pedernera,2018,1245
74,san luis,74035,general pedernera,2019,1201
74,san luis,74035,general pedernera,2020,1057
74,san luis,74035,general pedernera,2021,1110
74,san luis,74035,general pedernera,2022,1613
74,san luis,74035,general pedernera,2023,1853
74,san luis,74035,general pedernera,2024,2084
74,san luis,74042,gobernador dupuy,2000,76
74,san luis,74042,gobernador dupuy,2001,46
74,san luis,74042,gobernador dupuy,2002,80
74,san luis,74042,gobernador dupuy,2003,81
74,san luis,74042,gobernador dupuy,2004,55
74,san luis,74042,gobernador dupuy,2005,43
74,san luis,74042,gobernador dupuy,2006,41
74,san luis,74042,gobernador dupuy,2007,40
74,san luis,74042,gobernador dupuy,2008,42
74,san luis,74042,gobernador dupuy,2009,70
74,san luis,74042,gobernador dupuy,2010,76
74,san luis,74042,gobernador dupuy,2011,60
74,san luis,74042,gobernador dupuy,2012,55
74,san luis,74042,gobernador dupuy,2013,88
74,san luis,74042,gobernador dupuy,2014,74
74,san luis,74042,gobernador dupuy,2015,78
74,san luis,74042,gobernador dupuy,2016,73
74,san luis,74042,gobernador dupuy,2017,58
74,san luis,74042,gobernador dupuy,2018,41
74,san luis,74042,gobernador dupuy,2019,66
74,san luis,74042,gobernador dupuy,2020,53
74,san luis,74042,gobernador dupuy,2021,77
74,san luis,74042,gobernador dupuy,2022,82
74,san luis,74042,gobernador dupuy,2023,119
74,san luis,74042,gobernador dupuy,2024,128
74,san luis,74049,junín,2000,110
74,san luis,74049,junín,2001,102
74,san luis,74049,junín,2002,177
74,san luis,74049,junín,2003,231
74,san luis,74049,junín,2004,158
74,san luis,74049,junín,2005,160
74,san luis,74049,junín,2006,183
74,san luis,74049,junín,2007,154
74,san luis,74049,junín,2008,209
74,san luis,74049,junín,2009,251
74,san luis,74049,junín,2010,290
74,san luis,74049,junín,2011,232
74,san luis,74049,junín,2012,273
74,san luis,74049,junín,2013,189
74,san luis,74049,junín,2014,227
74,san luis,74049,junín,2015,198
74,san luis,74049,junín,2016,211
74,san luis,74049,junín,2017,229
74,san luis,74049,junín,2018,243
74,san luis,74049,junín,2019,271
74,san luis,74049,junín,2020,216
74,san luis,74049,junín,2021,304
74,san luis,74049,junín,2022,506
74,san luis,74049,junín,2023,420
74,san luis,74049,junín,2024,385
74,san luis,74056,la capital,2000,2969
74,san luis,74056,la capital,2001,2828
74,san luis,74056,la capital,2002,3426
74,san luis,74056,la capital,2003,3921
74,san luis,74056,la capital,2004,3065
74,san luis,74056,la capital,2005,2907
74,san luis,74056,la capital,2006,2462
74,san luis,74056,la capital,2007,3100
74,san luis,74056,la capital,2008,3694
74,san luis,74056,la capital,2009,3628
74,san luis,74056,la capital,2010,4057
74,san luis,74056,la capital,2011,4047
74,san luis,74056,la capital,2012,4126
74,san luis,74056,la capital,2013,4097
74,san luis,74056,la capital,2014,3925
74,san luis,74056,la capital,2015,2695
74,san luis,74056,la capital,2016,2950
74,san luis,74056,la capital,2017,2666
74,san luis,74056,la capital,2018,2286
74,san luis,74056,la capital,2019,2878
74,san luis,74056,la capital,2020,2747
74,san luis,74056,la capital,2021,3492
74,san luis,74056,la capital,2022,4449
74,san luis,74056,la capital,2023,5340
74,san luis,74056,la capital,2024,5816
74,san luis,74063,libertador general san martín,2000,41
74,san luis,74063,libertador general san martín,2001,26
74,san luis,74063,libertador general san martín,2002,26
74,san luis,74063,libertador general san martín,2003,23
74,san luis,74063,libertador general san martín,2004,15
74,san luis,74063,libertador general san martín,2005,12
74,san luis,74063,libertador general san martín,2006,13
74,san luis,74063,libertador general san martín,2007,14
74,san luis,74063,libertador general san martín,2008,28
74,san luis,74063,libertador general san martín,2009,49
74,san luis,74063,libertador general san martín,2010,51
74,san luis,74063,libertador general san martín,2011,40
74,san luis,74063,libertador general san martín,2012,58
74,san luis,74063,libertador general san martín,2013,57
74,san luis,74063,libertador general san martín,2014,43
74,san luis,74063,libertador general san martín,2015,45
74,san luis,74063,libertador general san martín,2016,46
74,san luis,74063,libertador general san martín,2017,36
74,san luis,74063,libertador general san martín,2018,34
74,san luis,74063,libertador general san martín,2019,38
74,san luis,74063,libertador general san martín,2020,26
74,san luis,74063,libertador general san martín,2021,45
74,san luis,74063,libertador general san martín,2022,63
74,san luis,74063,libertador general san martín,2023,43
74,san luis,74063,libertador general san martín,2024,39
78,santa cruz,78007,corpen aike,2000,105
78,santa cruz,78007,corpen aike,2001,138
78,santa cruz,78007,corpen aike,2002,184
78,santa cruz,78007,corpen aike,2003,130
78,santa cruz,78007,corpen aike,2004,182
78,santa cruz,78007,corpen aike,2005,188
78,santa cruz,78007,corpen aike,2006,166
78,santa cruz,78007,corpen aike,2007,185
78,santa cruz,78007,corpen aike,2008,184
78,santa cruz,78007,corpen aike,2009,184
78,santa cruz,78007,corpen aike,2010,237
78,santa cruz,78007,corpen aike,2011,173
78,santa cruz,78007,corpen aike,2012,200
78,santa cruz,78007,corpen aike,2013,223
78,santa cruz,78007,corpen aike,2014,223
78,santa cruz,78007,corpen aike,2015,196
78,santa cruz,78007,corpen aike,2016,207
78,santa cruz,78007,corpen aike,2017,215
78,santa cruz,78007,corpen aike,2018,174
78,santa cruz,78007,corpen aike,2019,185
78,santa cruz,78007,corpen aike,2020,237
78,santa cruz,78007,corpen aike,2021,208
78,santa cruz,78007,corpen aike,2022,277
78,santa cruz,78007,corpen aike,2023,329
78,santa cruz,78007,corpen aike,2024,313
78,santa cruz,78014,deseado,2000,1407
78,santa cruz,78014,deseado,2001,1723
78,santa cruz,78014,deseado,2002,2492
78,santa cruz,78014,deseado,2003,2802
78,santa cruz,78014,deseado,2004,2748
78,santa cruz,78014,deseado,2005,2469
78,santa cruz,78014,deseado,2006,2336
78,santa cruz,78014,deseado,2007,3043
78,santa cruz,78014,deseado,2008,2931
78,santa cruz,78014,deseado,2009,2935
78,santa cruz,78014,deseado,2010,2715
78,santa cruz,78014,deseado,2011,3457
78,santa cruz,78014,deseado,2012,3472
78,santa cruz,78014,deseado,2013,3219
78,santa cruz,78014,deseado,2014,3182
78,santa cruz,78014,deseado,2015,3166
78,santa cruz,78014,deseado,2016,3428
78,santa cruz,78014,deseado,2017,3127
78,santa cruz,78014,deseado,2018,3488
78,santa cruz,78014,deseado,2019,3571
78,santa cruz,78014,deseado,2020,2967
78,santa cruz,78014,deseado,2021,3221
78,santa cruz,78014,deseado,2022,3557
78,santa cruz,78014,deseado,2023,3978
78,santa cruz,78014,deseado,2024,3933
78,santa cruz,78021,güer aike,2000,2079
78,santa cruz,78021,güer aike,2001,2830
78,santa cruz,78021,güer aike,2002,3546
78,santa cruz,78021,güer aike,2003,3320
78,santa cruz,78021,güer aike,2004,2655
78,santa cruz,78021,güer aike,2005,2487
78,santa cruz,78021,güer aike,2006,2694
78,santa cruz,78021,güer aike,2007,2281
78,santa cruz,78021,güer aike,2008,2672
78,santa cruz,78021,güer aike,2009,2500
78,santa cruz,78021,güer aike,2010,3023
78,santa cruz,78021,güer aike,2011,2963
78,santa cruz,78021,güer aike,2012,2914
78,santa cruz,78021,güer aike,2013,2646
78,santa cruz,78021,güer aike,2014,2573
78,santa cruz,78021,güer aike,2015,2277
78,santa cruz,78021,güer aike,2016,2450
78,santa cruz,78021,güer aike,2017,2347
78,santa cruz,78021,güer aike,2018,2205
78,santa cruz,78021,güer aike,2019,2584
78,santa cruz,78021,güer aike,2020,2005
78,santa cruz,78021,güer aike,2021,2178
78,santa cruz,78021,güer aike,2022,2245
78,santa cruz,78021,güer aike,2023,2942
78,santa cruz,78021,güer aike,2024,2770
78,santa cruz,78028,lago argentino,2000,118
78,santa cruz,78028,lago argentino,2001,173
78,santa cruz,78028,lago argentino,2002,243
78,santa cruz,78028,lago argentino,2003,255
78,santa cruz,78028,lago argentino,2004,256
78,santa cruz,78028,lago argentino,2005,370
78,santa cruz,78028,lago argentino,2006,388
78,santa cruz,78028,lago argentino,2007,475
78,santa cruz,78028,lago argentino,2008,440
78,santa cruz,78028,lago argentino,2009,452
78,santa cruz,78028,lago argentino,2010,485
78,santa cruz,78028,lago argentino,2011,459
78,santa cruz,78028,lago argentino,2012,482
78,santa cruz,78028,lago argentino,2013,306
78,santa cruz,78028,lago argentino,2014,378
78,santa cruz,78028,lago argentino,2015,372
78,santa cruz,78028,lago argentino,2016,454
78,santa cruz,78028,lago argentino,2017,283
78,santa cruz,78028,lago argentino,2018,277
78,santa cruz,78028,lago argentino,2019,378
78,santa cruz,78028,lago argentino,2020,375
78,santa cruz,78028,lago argentino,2021,407
78,santa cruz,78028,lago argentino,2022,497
78,santa cruz,78028,lago argentino,2023,426
78,santa cruz,78028,lago argentino,2024,534
78,santa cruz,78035,lago buenos aires,2000,96
78,santa cruz,78035,lago buenos aires,2001,117
78,santa cruz,78035,lago buenos aires,2002,160
78,santa cruz,78035,lago buenos aires,2003,144
78,santa cruz,78035,lago buenos aires,2004,145
78,santa cruz,78035,lago buenos aires,2005,136
78,santa cruz,78035,lago buenos aires,2006,106
78,santa cruz,78035,lago buenos aires,2007,90
78,santa cruz,78035,lago buenos aires,2008,186
78,santa cruz,78035,lago buenos aires,2009,187
78,santa cruz,78035,lago buenos aires,2010,151
78,santa cruz,78035,lago buenos aires,2011,206
78,santa cruz,78035,lago buenos aires,2012,115
78,santa cruz,78035,lago buenos aires,2013,139
78,santa cruz,78035,lago buenos aires,2014,167
78,santa cruz,78035,lago buenos aires,2015,174
78,santa cruz,78035,lago buenos aires,2016,198
78,santa cruz,78035,lago buenos aires,2017,131
78,santa cruz,78035,lago buenos aires,2018,141
78,santa cruz,78035,lago buenos aires,2019,137
78,santa cruz,78035,lago buenos aires,2020,142
78,santa cruz,78035,lago buenos aires,2021,167
78,santa cruz,78035,lago buenos aires,2022,237
78,santa cruz,78035,lago buenos aires,2023,226
78,santa cruz,78035,lago buenos aires,2024,303
78,santa cruz,78042,magallanes,2000,185
78,santa cruz,78042,magallanes,2001,132
78,santa cruz,78042,magallanes,2002,205
78,santa cruz,78042,magallanes,2003,247
78,santa cruz,78042,magallanes,2004,215
78,santa cruz,78042,magallanes,2005,145
78,santa cruz,78042,magallanes,2006,165
78,santa cruz,78042,magallanes,2007,169
78,santa cruz,78042,magallanes,2008,178
78,santa cruz,78042,magallanes,2009,178
78,santa cruz,78042,magallanes,2010,106
78,santa cruz,78042,magallanes,2011,171
78,santa cruz,78042,magallanes,2012,153
78,santa cruz,78042,magallanes,2013,236
78,santa cruz,78042,magallanes,2014,180
78,santa cruz,78042,magallanes,2015,148
78,santa cruz,78042,magallanes,2016,202
78,santa cruz,78042,magallanes,2017,193
78,santa cruz,78042,magallanes,2018,226
78,santa cruz,78042,magallanes,2019,206
78,santa cruz,78042,magallanes,2020,204
78,santa cruz,78042,magallanes,2021,252
78,santa cruz,78042,magallanes,2022,270
78,santa cruz,78042,magallanes,2023,293
78,santa cruz,78042,magallanes,2024,285
78,santa cruz,78049,río chico,2000,55
78,santa cruz,78049,río chico,2001,56
78,santa cruz,78049,río chico,2002,77
78,santa cruz,78049,río chico,2003,62
78,santa cruz,78049,río chico,2004,63
78,santa cruz,78049,río chico,2005,80
78,santa cruz,78049,río chico,2006,54
78,santa cruz,78049,río chico,2007,102
78,santa cruz,78049,río chico,2008,102
78,santa cruz,78049,río chico,2009,110
78,santa cruz,78049,río chico,2010,104
78,santa cruz,78049,río chico,2011,144
78,santa cruz,78049,río chico,2012,103
78,santa cruz,78049,río chico,2013,150
78,santa cruz,78049,río chico,2014,87
78,santa cruz,78049,río chico,2015,103
78,santa cruz,78049,río chico,2016,96
78,santa cruz,78049,río chico,2017,58
78,santa cruz,78049,río chico,2018,103
78,santa cruz,78049,río chico,2019,103
78,santa cruz,78049,río chico,2020,81
78,santa cruz,78049,río chico,2021,93
78,santa cruz,78049,río chico,2022,78
78,santa cruz,78049,río chico,2023,88
78,santa cruz,78049,río chico,2024,93
82,santa fe,82007,belgrano,2000,214
82,santa fe,82007,belgrano,2001,324
82,santa fe,82007,belgrano,2002,558
82,santa fe,82007,belgrano,2003,519
82,santa fe,82007,belgrano,2004,377
82,santa fe,82007,belgrano,2005,516
82,santa fe,82007,belgrano,2006,535
82,santa fe,82007,belgrano,2007,387
82,santa fe,82007,belgrano,2008,360
82,santa fe,82007,belgrano,2009,307
82,santa fe,82007,belgrano,2010,266
82,santa fe,82007,belgrano,2011,252
82,santa fe,82007,belgrano,2012,348
82,santa fe,82007,belgrano,2013,403
82,santa fe,82007,belgrano,2014,295
82,santa fe,82007,belgrano,2015,389
82,santa fe,82007,belgrano,2016,297
82,santa fe,82007,belgrano,2017,436
82,santa fe,82007,belgrano,2018,598
82,santa fe,82007,belgrano,2019,516
82,santa fe,82007,belgrano,2020,463
82,santa fe,82007,belgrano,2021,560
82,santa fe,82007,belgrano,2022,1096
82,santa fe,82007,belgrano,2023,1219
82,santa fe,82007,belgrano,2024,895
82,santa fe,82014,caseros,2000,956
82,santa fe,82014,caseros,2001,1077
82,santa fe,82014,caseros,2002,1656
82,santa fe,82014,caseros,2003,1709
82,santa fe,82014,caseros,2004,1494
82,santa fe,82014,caseros,2005,1491
82,santa fe,82014,caseros,2006,1257
82,santa fe,82014,caseros,2007,1205
82,santa fe,82014,caseros,2008,1119
82,santa fe,82014,caseros,2009,1434
82,santa fe,82014,caseros,2010,1128
82,santa fe,82014,caseros,2011,943
82,santa fe,82014,caseros,2012,896
82,santa fe,82014,caseros,2013,949
82,santa fe,82014,caseros,2014,1107
82,santa fe,82014,caseros,2015,845
82,santa fe,82014,caseros,2016,785
82,santa fe,82014,caseros,2017,946
82,santa fe,82014,caseros,2018,1154
82,santa fe,82014,caseros,2019,1028
82,santa fe,82014,caseros,2020,824
82,santa fe,82014,caseros,2021,1442
82,santa fe,82014,caseros,2022,1237
82,santa fe,82014,caseros,2023,1850
82,santa fe,82014,caseros,2024,2091
82,santa fe,82021,castellanos,2000,2446
82,santa fe,82021,castellanos,2001,1911
82,santa fe,82021,castellanos,2002,2068
82,santa fe,82021,castellanos,2003,2202
82,santa fe,82021,castellanos,2004,2681
82,santa fe,82021,castellanos,2005,2519
82,santa fe,82021,castellanos,2006,2398
82,santa fe,82021,castellanos,2007,2153
82,santa fe,82021,castellanos,2008,2201
82,santa fe,82021,castellanos,2009,2221
82,santa fe,82021,castellanos,2010,2170
82,santa fe,82021,castellanos,2011,2395
82,santa fe,82021,castellanos,2012,3083
82,santa fe,82021,castellanos,2013,2621
82,santa fe,82021,castellanos,2014,2528
82,santa fe,82021,castellanos,2015,4041
82,santa fe,82021,castellanos,2016,4602
82,santa fe,82021,castellanos,2017,3989
82,santa fe,82021,castellanos,2018,4206
82,santa fe,82021,castellanos,2019,4751
82,santa fe,82021,castellanos,2020,3761
82,santa fe,82021,castellanos,2021,3591
82,santa fe,82021,castellanos,2022,3784
82,santa fe,82021,castellanos,2023,5299
82,santa fe,82021,castellanos,2024,5319
82,santa fe,82028,constitución,2000,1279
82,santa fe,82028,constitución,2001,1406
82,santa fe,82028,constitución,2002,1361
82,santa fe,82028,constitución,2003,1156
82,santa fe,82028,constitución,2004,1299
82,santa fe,82028,constitución,2005,1047
82,santa fe,82028,constitución,2006,847
82,santa fe,82028,constitución,2007,1087
82,santa fe,82028,constitución,2008,1161
82,santa fe,82028,constitución,2009,1097
82,santa fe,82028,constitución,2010,1027
82,santa fe,82028,constitución,2011,821
82,santa fe,82028,constitución,2012,1042
82,santa fe,82028,constitución,2013,898
82,santa fe,82028,constitución,2014,1237
82,santa fe,82028,constitución,2015,1301
82,santa fe,82028,constitución,2016,1473
82,santa fe,82028,constitución,2017,813
82,santa fe,82028,constitución,2018,1125
82,santa fe,82028,constitución,2019,1128
82,santa fe,82028,constitución,2020,973
82,santa fe,82028,constitución,2021,1279
82,santa fe,82028,constitución,2022,1584
82,santa fe,82028,constitución,2023,1786
82,santa fe,82028,constitución,2024,1853
82,santa fe,82035,garay,2000,230
82,santa fe,82035,garay,2001,277
82,santa fe,82035,garay,2002,571
82,santa fe,82035,garay,2003,348
82,santa fe,82035,garay,2004,291
82,santa fe,82035,garay,2005,362
82,santa fe,82035,garay,2006,376
82,santa fe,82035,garay,2007,343
82,santa fe,82035,garay,2008,356
82,santa fe,82035,garay,2009,287
82,santa fe,82035,garay,2010,324
82,santa fe,82035,garay,2011,317
82,santa fe,82035,garay,2012,419
82,santa fe,82035,garay,2013,387
82,santa fe,82035,garay,2014,476
82,santa fe,82035,garay,2015,492
82,santa fe,82035,garay,2016,467
82,santa fe,82035,garay,2017,430
82,santa fe,82035,garay,2018,455
82,santa fe,82035,garay,2019,545
82,santa fe,82035,garay,2020,430
82,santa fe,82035,garay,2021,479
82,santa fe,82035,garay,2022,404
82,santa fe,82035,garay,2023,497
82,santa fe,82035,garay,2024,662
82,santa fe,82042,general lópez,2000,1733
82,santa fe,82042,general lópez,2001,1552
82,santa fe,82042,general lópez,2002,2121
82,santa fe,82042,general lópez,2003,1953
82,santa fe,82042,general lópez,2004,1861
82,santa fe,82042,general lópez,2005,1912
82,santa fe,82042,general lópez,2006,1825
82,santa fe,82042,general lópez,2007,1775
82,santa fe,82042,general lópez,2008,1983
82,santa fe,82042,general lópez,2009,2241
82,santa fe,82042,general lópez,2010,1620
82,santa fe,82042,general lópez,2011,1625
82,santa fe,82042,general lópez,2012,2206
82,santa fe,82042,general lópez,2013,2077
82,santa fe,82042,general lópez,2014,2137
82,santa fe,82042,general lópez,2015,1460
82,santa fe,82042,general lópez,2016,1854
82,santa fe,82042,general lópez,2017,1491
82,santa fe,82042,general lópez,2018,1567
82,santa fe,82042,general lópez,2019,1268
82,santa fe,82042,general lópez,2020,847
82,santa fe,82042,general lópez,2021,572
82,santa fe,82042,general lópez,2022,673
82,santa fe,82042,general lópez,2023,934
82,santa fe,82042,general lópez,2024,1391
82,santa fe,82049,general obligado,2000,1167
82,santa fe,82049,general obligado,2001,1572
82,santa fe,82049,general obligado,2002,3049
82,santa fe,82049,general obligado,2003,2843
82,santa fe,82049,general obligado,2004,2137
82,santa fe,82049,general obligado,2005,2356
82,santa fe,82049,general obligado,2006,1803
82,santa fe,82049,general obligado,2007,1432
82,santa fe,82049,general obligado,2008,1528
82,santa fe,82049,general obligado,2009,1229
82,santa fe,82049,general obligado,2010,1331
82,santa fe,82049,general obligado,2011,1023
82,santa fe,82049,general obligado,2012,1235
82,santa fe,82049,general obligado,2013,1284
82,santa fe,82049,general obligado,2014,1726
82,santa fe,82049,general obligado,2015,1599
82,santa fe,82049,general obligado,2016,1582
82,santa fe,82049,general obligado,2017,1453
82,santa fe,82049,general obligado,2018,1996
82,santa fe,82049,general obligado,2019,2168
82,santa fe,82049,general obligado,2020,1936
82,santa fe,82049,general obligado,2021,2297
82,santa fe,82049,general obligado,2022,2441
82,santa fe,82049,general obligado,2023,2910
82,santa fe,82049,general obligado,2024,4201
82,santa fe,82056,iriondo,2000,1046
82,santa fe,82056,iriondo,2001,795
82,santa fe,82056,iriondo,2002,1522
82,santa fe,82056,iriondo,2003,1358
82,santa fe,82056,iriondo,2004,1384
82,santa fe,82056,iriondo,2005,1218
82,santa fe,82056,iriondo,2006,1220
82,santa fe,82056,iriondo,2007,1043
82,santa fe,82056,iriondo,2008,1082
82,santa fe,82056,iriondo,2009,865
82,santa fe,82056,iriondo,2010,1055
82,santa fe,82056,iriondo,2011,1022
82,santa fe,82056,iriondo,2012,1142
82,santa fe,82056,iriondo,2013,1037
82,santa fe,82056,iriondo,2014,1328
82,santa fe,82056,iriondo,2015,1366
82,santa fe,82056,iriondo,2016,1376
82,santa fe,82056,iriondo,2017,1600
82,santa fe,82056,iriondo,2018,1663
82,santa fe,82056,iriondo,2019,1581
82,santa fe,82056,iriondo,2020,1123
82,santa fe,82056,iriondo,2021,1208
82,santa fe,82056,iriondo,2022,1292
82,santa fe,82056,iriondo,2023,1119
82,santa fe,82056,iriondo,2024,991
82,santa fe,82063,la capital,2000,14522
82,santa fe,82063,la capital,2001,15104
82,santa fe,82063,la capital,2002,17607
82,santa fe,82063,la capital,2003,15842
82,santa fe,82063,la capital,2004,15519
82,santa fe,82063,la capital,2005,14263
82,santa fe,82063,la capital,2006,12164
82,santa fe,82063,la capital,2007,11488
82,santa fe,82063,la capital,2008,11682
82,santa fe,82063,la capital,2009,11487
82,santa fe,82063,la capital,2010,11629
82,santa fe,82063,la capital,2011,11167
82,santa fe,82063,la capital,2012,12945
82,santa fe,82063,la capital,2013,10944
82,santa fe,82063,la capital,2014,11564
82,santa fe,82063,la capital,2015,11138
82,santa fe,82063,la capital,2016,11951
82,santa fe,82063,la capital,2017,10625
82,santa fe,82063,la capital,2018,13534
82,santa fe,82063,la capital,2019,14505
82,santa fe,82063,la capital,2020,10690
82,santa fe,82063,la capital,2021,13163
82,santa fe,82063,la capital,2022,13547
82,santa fe,82063,la capital,2023,17928
82,santa fe,82063,la capital,2024,15982
82,santa fe,82070,las colonias,2000,819
82,santa fe,82070,las colonias,2001,853
82,santa fe,82070,las colonias,2002,1281
82,santa fe,82070,las colonias,2003,1160
82,santa fe,82070,las colonias,2004,935
82,santa fe,82070,las colonias,2005,924
82,santa fe,82070,las colonias,2006,949
82,santa fe,82070,las colonias,2007,976
82,santa fe,82070,las colonias,2008,1068
82,santa fe,82070,las colonias,2009,997
82,santa fe,82070,las colonias,2010,892
82,santa fe,82070,las colonias,2011,953
82,santa fe,82070,las colonias,2012,942
82,santa fe,82070,las colonias,2013,905
82,santa fe,82070,las colonias,2014,866
82,santa fe,82070,las colonias,2015,830
82,santa fe,82070,las colonias,2016,1154
82,santa fe,82070,las colonias,2017,1288
82,santa fe,82070,las colonias,2018,1485
82,santa fe,82070,las colonias,2019,1921
82,santa fe,82070,las colonias,2020,1292
82,santa fe,82070,las colonias,2021,1539
82,santa fe,82070,las colonias,2022,1448
82,santa fe,82070,las colonias,2023,1926
82,santa fe,82070,las colonias,2024,2054
82,santa fe,82077,9 de julio,2000,332
82,santa fe,82077,9 de julio,2001,419
82,santa fe,82077,9 de julio,2002,525
82,santa fe,82077,9 de julio,2003,382
82,santa fe,82077,9 de julio,2004,289
82,santa fe,82077,9 de julio,2005,256
82,santa fe,82077,9 de julio,2006,288
82,santa fe,82077,9 de julio,2007,322
82,santa fe,82077,9 de julio,2008,286
82,santa fe,82077,9 de julio,2009,349
82,santa fe,82077,9 de julio,2010,221
82,santa fe,82077,9 de julio,2011,210
82,santa fe,82077,9 de julio,2012,257
82,santa fe,82077,9 de julio,2013,274
82,santa fe,82077,9 de julio,2014,407
82,santa fe,82077,9 de julio,2015,303
82,santa fe,82077,9 de julio,2016,359
82,santa fe,82077,9 de julio,2017,395
82,santa fe,82077,9 de julio,2018,432
82,santa fe,82077,9 de julio,2019,527
82,santa fe,82077,9 de julio,2020,525
82,santa fe,82077,9 de julio,2021,576
82,santa fe,82077,9 de julio,2022,645
82,santa fe,82077,9 de julio,2023,1207
82,santa fe,82077,9 de julio,2024,1282
82,santa fe,82084,rosario,2000,21233
82,santa fe,82084,rosario,2001,25233
82,santa fe,82084,rosario,2002,27715
82,santa fe,82084,rosario,2003,26553
82,santa fe,82084,rosario,2004,29278
82,santa fe,82084,rosario,2005,36224
82,santa fe,82084,rosario,2006,32634
82,santa fe,82084,rosario,2007,34674
82,santa fe,82084,rosario,2008,36392
82,santa fe,82084,rosario,2009,41235
82,santa fe,82084,rosario,2010,40990
82,santa fe,82084,rosario,2011,42415
82,santa fe,82084,rosario,2012,41665
82,santa fe,82084,rosario,2013,42199
82,santa fe,82084,rosario,2014,39779
82,santa fe,82084,rosario,2015,40657
82,santa fe,82084,rosario,2016,36970
82,santa fe,82084,rosario,2017,34329
82,santa fe,82084,rosario,2018,35428
82,santa fe,82084,rosario,2019,33506
82,santa fe,82084,rosario,2020,28562
82,santa fe,82084,rosario,2021,30195
82,santa fe,82084,rosario,2022,31361
82,santa fe,82084,rosario,2023,33733
82,santa fe,82084,rosario,2024,29995
82,santa fe,82091,san cristóbal,2000,682
82,santa fe,82091,san cristóbal,2001,690
82,santa fe,82091,san cristóbal,2002,960
82,santa fe,82091,san cristóbal,2003,879
82,santa fe,82091,san cristóbal,2004,673
82,santa fe,82091,san cristóbal,2005,640
82,santa fe,82091,san cristóbal,2006,623
82,santa fe,82091,san cristóbal,2007,555
82,santa fe,82091,san cristóbal,2008,506
82,santa fe,82091,san cristóbal,2009,444
82,santa fe,82091,san cristóbal,2010,432
82,santa fe,82091,san cristóbal,2011,336
82,santa fe,82091,san cristóbal,2012,416
82,santa fe,82091,san cristóbal,2013,506
82,santa fe,82091,san cristóbal,2014,593
82,santa fe,82091,san cristóbal,2015,326
82,santa fe,82091,san cristóbal,2016,499
82,santa fe,82091,san cristóbal,2017,400
82,santa fe,82091,san cristóbal,2018,482
82,santa fe,82091,san cristóbal,2019,520
82,santa fe,82091,san cristóbal,2020,473
82,santa fe,82091,san cristóbal,2021,566
82,santa fe,82091,san cristóbal,2022,529
82,santa fe,82091,san cristóbal,2023,1068
82,santa fe,82091,san cristóbal,2024,1208
82,santa fe,82098,san javier,2000,450
82,santa fe,82098,san javier,2001,473
82,santa fe,82098,san javier,2002,604
82,santa fe,82098,san javier,2003,601
82,santa fe,82098,san javier,2004,710
82,santa fe,82098,san javier,2005,638
82,santa fe,82098,san javier,2006,709
82,santa fe,82098,san javier,2007,576
82,santa fe,82098,san javier,2008,545
82,santa fe,82098,san javier,2009,698
82,santa fe,82098,san javier,2010,705
82,santa fe,82098,san javier,2011,570
82,santa fe,82098,san javier,2012,633
82,santa fe,82098,san javier,2013,565
82,santa fe,82098,san javier,2014,701
82,santa fe,82098,san javier,2015,533
82,santa fe,82098,san javier,2016,575
82,santa fe,82098,san javier,2017,709
82,santa fe,82098,san javier,2018,783
82,santa fe,82098,san javier,2019,649
82,santa fe,82098,san javier,2020,544
82,santa fe,82098,san javier,2021,626
82,santa fe,82098,san javier,2022,696
82,santa fe,82098,san javier,2023,825
82,santa fe,82098,san javier,2024,802
82,santa fe,82105,san jerónimo,2000,1087
82,santa fe,82105,san jerónimo,2001,1096
82,santa fe,82105,san jerónimo,2002,1381
82,santa fe,82105,san jerónimo,2003,1257
82,santa fe,82105,san jerónimo,2004,1136
82,santa fe,82105,san jerónimo,2005,1047
82,santa fe,82105,san jerónimo,2006,1169
82,santa fe,82105,san jerónimo,2007,1241
82,santa fe,82105,san jerónimo,2008,1213
82,santa fe,82105,san jerónimo,2009,1194
82,santa fe,82105,san jerónimo,2010,1287
82,santa fe,82105,san jerónimo,2011,1210
82,santa fe,82105,san jerónimo,2012,975
82,santa fe,82105,san jerónimo,2013,1140
82,santa fe,82105,san jerónimo,2014,1355
82,santa fe,82105,san jerónimo,2015,1405
82,santa fe,82105,san jerónimo,2016,1142
82,santa fe,82105,san jerónimo,2017,967
82,santa fe,82105,san jerónimo,2018,1441
82,santa fe,82105,san jerónimo,2019,1396
82,santa fe,82105,san jerónimo,2020,1209
82,santa fe,82105,san jerónimo,2021,1526
82,santa fe,82105,san jerónimo,2022,1492
82,santa fe,82105,san jerónimo,2023,2021
82,santa fe,82105,san jerónimo,2024,2136
82,santa fe,82112,san justo,2000,521
82,santa fe,82112,san justo,2001,601
82,santa fe,82112,san justo,2002,998
82,santa fe,82112,san justo,2003,719
82,santa fe,82112,san justo,2004,734
82,santa fe,82112,san justo,2005,649
82,santa fe,82112,san justo,2006,598
82,santa fe,82112,san justo,2007,554
82,santa fe,82112,san justo,2008,574
82,santa fe,82112,san justo,2009,707
82,santa fe,82112,san justo,2010,829
82,santa fe,82112,san justo,2011,659
82,santa fe,82112,san justo,2012,744
82,santa fe,82112,san justo,2013,1028
82,santa fe,82112,san justo,2014,954
82,santa fe,82112,san justo,2015,775
82,santa fe,82112,san justo,2016,785
82,santa fe,82112,san justo,2017,617
82,santa fe,82112,san justo,2018,647
82,santa fe,82112,san justo,2019,591
82,santa fe,82112,san justo,2020,529
82,santa fe,82112,san justo,2021,702
82,santa fe,82112,san justo,2022,724
82,santa fe,82112,san justo,2023,1036
82,santa fe,82112,san justo,2024,1050
82,santa fe,82119,san lorenzo,2000,2402
82,santa fe,82119,san lorenzo,2001,2209
82,santa fe,82119,san lorenzo,2002,3094
82,santa fe,82119,san lorenzo,2003,2949
82,santa fe,82119,san lorenzo,2004,2631
82,santa fe,82119,san lorenzo,2005,2566
82,santa fe,82119,san lorenzo,2006,2402
82,santa fe,82119,san lorenzo,2007,1938
82,santa fe,82119,san lorenzo,2008,2256
82,santa fe,82119,san lorenzo,2009,2967
82,santa fe,82119,san lorenzo,2010,2672
82,santa fe,82119,san lorenzo,2011,2519
82,santa fe,82119,san lorenzo,2012,2552
82,santa fe,82119,san lorenzo,2013,2941
82,santa fe,82119,san lorenzo,2014,2434
82,santa fe,82119,san lorenzo,2015,1992
82,santa fe,82119,san lorenzo,2016,2431
82,santa fe,82119,san lorenzo,2017,2661
82,santa fe,82119,san lorenzo,2018,3659
82,santa fe,82119,san lorenzo,2019,4577
82,santa fe,82119,san lorenzo,2020,3759
82,santa fe,82119,san lorenzo,2021,4424
82,santa fe,82119,san lorenzo,2022,6043
82,santa fe,82119,san lorenzo,2023,6775
82,santa fe,82119,san lorenzo,2024,6069
82,santa fe,82126,san martín,2000,588
82,santa fe,82126,san martín,2001,567
82,santa fe,82126,san martín,2002,893
82,santa fe,82126,san martín,2003,914
82,santa fe,82126,san martín,2004,625
82,santa fe,82126,san martín,2005,678
82,santa fe,82126,san martín,2006,566
82,santa fe,82126,san martín,2007,486
82,santa fe,82126,san martín,2008,426
82,santa fe,82126,san martín,2009,474
82,santa fe,82126,san martín,2010,465
82,santa fe,82126,san martín,2011,438
82,santa fe,82126,san martín,2012,388
82,santa fe,82126,san martín,2013,406
82,santa fe,82126,san martín,2014,402
82,santa fe,82126,san martín,2015,437
82,santa fe,82126,san martín,2016,571
82,santa fe,82126,san martín,2017,647
82,santa fe,82126,san martín,2018,597
82,santa fe,82126,san martín,2019,577
82,santa fe,82126,san martín,2020,606
82,santa fe,82126,san martín,2021,851
82,santa fe,82126,san martín,2022,883
82,santa fe,82126,san martín,2023,1087
82,santa fe,82126,san martín,2024,1141
82,santa fe,82133,vera,2000,1050
82,santa fe,82133,vera,2001,1117
82,santa fe,82133,vera,2002,1669
82,santa fe,82133,vera,2003,1582
82,santa fe,82133,vera,2004,1314
82,santa fe,82133,vera,2005,1273
82,santa fe,82133,vera,2006,1102
82,santa fe,82133,vera,2007,1031
82,santa fe,82133,vera,2008,983
82,santa fe,82133,vera,2009,1108
82,santa fe,82133,vera,2010,1051
82,santa fe,82133,vera,2011,897
82,santa fe,82133,vera,2012,951
82,santa fe,82133,vera,2013,553
82,santa fe,82133,vera,2014,634
82,santa fe,82133,vera,2015,600
82,santa fe,82133,vera,2016,475
82,santa fe,82133,vera,2017,300
82,santa fe,82133,vera,2018,349
82,santa fe,82133,vera,2019,485
82,santa fe,82133,vera,2020,468
82,santa fe,82133,vera,2021,427
82,santa fe,82133,vera,2022,604
82,santa fe,82133,vera,2023,843
82,santa fe,82133,vera,2024,1004
86,santiago del estero,86007,aguirre,2000,94
86,santiago del estero,86007,aguirre,2001,95
86,santiago del estero,86007,aguirre,2002,73
86,santiago del estero,86007,aguirre,2003,71
86,santiago del estero,86007,aguirre,2004,74
86,santiago del estero,86007,aguirre,2005,66
86,santiago del estero,86007,aguirre,2006,87
86,santiago del estero,86007,aguirre,2007,49
86,santiago del estero,86007,aguirre,2008,48
86,santiago del estero,86007,aguirre,2009,28
86,santiago del estero,86007,aguirre,2010,36
86,santiago del estero,86007,aguirre,2011,20
86,santiago del estero,86007,aguirre,2012,43
86,santiago del estero,86007,aguirre,2013,50
86,santiago del estero,86007,aguirre,2014,89
86,santiago del estero,86007,aguirre,2015,132
86,santiago del estero,86007,aguirre,2016,131
86,santiago del estero,86007,aguirre,2017,100
86,santiago del estero,86007,aguirre,2018,135
86,santiago del estero,86007,aguirre,2019,141
86,santiago del estero,86007,aguirre,2020,128
86,santiago del estero,86007,aguirre,2021,172
86,santiago del estero,86007,aguirre,2022,189
86,santiago del estero,86007,aguirre,2023,168
86,santiago del estero,86007,aguirre,2024,143
86,santiago del estero,86014,alberdi,2000,51
86,santiago del estero,86014,alberdi,2001,44
86,santiago del estero,86014,alberdi,2002,80
86,santiago del estero,86014,alberdi,2003,90
86,santiago del estero,86014,alberdi,2004,131
86,santiago del estero,86014,alberdi,2005,97
86,santiago del estero,86014,alberdi,2006,99
86,santiago del estero,86014,alberdi,2007,70
86,santiago del estero,86014,alberdi,2008,71
86,santiago del estero,86014,alberdi,2009,56
86,santiago del estero,86014,alberdi,2010,18
86,santiago del estero,86014,alberdi,2011,57
86,santiago del estero,86014,alberdi,2012,23
86,santiago del estero,86014,alberdi,2013,32
86,santiago del estero,86014,alberdi,2014,45
86,santiago del estero,86014,alberdi,2015,56
86,santiago del estero,86014,alberdi,2016,115
86,santiago del estero,86014,alberdi,2017,113
86,santiago del estero,86014,alberdi,2018,131
86,santiago del estero,86014,alberdi,2019,219
86,santiago del estero,86014,alberdi,2020,149
86,santiago del estero,86014,alberdi,2021,178
86,santiago del estero,86014,alberdi,2022,123
86,santiago del estero,86014,alberdi,2023,107
86,santiago del estero,86014,alberdi,2024,165
86,santiago del estero,86021,atamisqui,2000,44
86,santiago del estero,86021,atamisqui,2001,48
86,santiago del estero,86021,atamisqui,2002,99
86,santiago del estero,86021,atamisqui,2003,97
86,santiago del estero,86021,atamisqui,2004,66
86,santiago del estero,86021,atamisqui,2005,56
86,santiago del estero,86021,atamisqui,2006,47
86,santiago del estero,86021,atamisqui,2007,43
86,santiago del estero,86021,atamisqui,2008,53
86,santiago del estero,86021,atamisqui,2009,61
86,santiago del estero,86021,atamisqui,2010,37
86,santiago del estero,86021,atamisqui,2011,22
86,santiago del estero,86021,atamisqui,2012,32
86,santiago del estero,86021,atamisqui,2013,33
86,santiago del estero,86021,atamisqui,2014,37
86,santiago del estero,86021,atamisqui,2015,20
86,santiago del estero,86021,atamisqui,2016,21
86,santiago del estero,86021,atamisqui,2017,56
86,santiago del estero,86021,atamisqui,2018,42
86,santiago del estero,86021,atamisqui,2019,64
86,santiago del estero,86021,atamisqui,2020,23
86,santiago del estero,86021,atamisqui,2021,48
86,santiago del estero,86021,atamisqui,2022,90
86,santiago del estero,86021,atamisqui,2023,78
86,santiago del estero,86021,atamisqui,2024,109
86,santiago del estero,86028,avellaneda,2000,181
86,santiago del estero,86028,avellaneda,2001,198
86,santiago del estero,86028,avellaneda,2002,155
86,santiago del estero,86028,avellaneda,2003,96
86,santiago del estero,86028,avellaneda,2004,126
86,santiago del estero,86028,avellaneda,2005,83
86,santiago del estero,86028,avellaneda,2006,104
86,santiago del estero,86028,avellaneda,2007,137
86,santiago del estero,86028,avellaneda,2008,126
86,santiago del estero,86028,avellaneda,2009,97
86,santiago del estero,86028,avellaneda,2010,57
86,santiago del estero,86028,avellaneda,2011,67
86,santiago del estero,86028,avellaneda,2012,68
86,santiago del estero,86028,avellaneda,2013,61
86,santiago del estero,86028,avellaneda,2014,123
86,santiago del estero,86028,avellaneda,2015,177
86,santiago del estero,86028,avellaneda,2016,165
86,santiago del estero,86028,avellaneda,2017,134
86,santiago del estero,86028,avellaneda,2018,167
86,santiago del estero,86028,avellaneda,2019,216
86,santiago del estero,86028,avellaneda,2020,169
86,santiago del estero,86028,avellaneda,2021,184
86,santiago del estero,86028,avellaneda,2022,239
86,santiago del estero,86028,avellaneda,2023,108
86,santiago del estero,86028,avellaneda,2024,107
86,santiago del estero,86035,banda,2000,1624
86,santiago del estero,86035,banda,2001,2047
86,santiago del estero,86035,banda,2002,2945
86,santiago del estero,86035,banda,2003,1987
86,santiago del estero,86035,banda,2004,2087
86,santiago del estero,86035,banda,2005,1652
86,santiago del estero,86035,banda,2006,2241
86,santiago del estero,86035,banda,2007,1903
86,santiago del estero,86035,banda,2008,2023
86,santiago del estero,86035,banda,2009,1709
86,santiago del estero,86035,banda,2010,2116
86,santiago del estero,86035,banda,2011,1483
86,santiago del estero,86035,banda,2012,1103
86,santiago del estero,86035,banda,2013,330
86,santiago del estero,86035,banda,2014,1512
86,santiago del estero,86035,banda,2015,2814
86,santiago del estero,86035,banda,2016,2840
86,santiago del estero,86035,banda,2017,3533
86,santiago del estero,86035,banda,2018,4242
86,santiago del estero,86035,banda,2019,4405
86,santiago del estero,86035,banda,2020,2665
86,santiago del estero,86035,banda,2021,3336
86,santiago del estero,86035,banda,2022,3943
86,santiago del estero,86035,banda,2023,5104
86,santiago del estero,86035,banda,2024,6530
86,santiago del estero,86042,belgrano,2000,42
86,santiago del estero,86042,belgrano,2001,53
86,santiago del estero,86042,belgrano,2002,117
86,santiago del estero,86042,belgrano,2003,48
86,santiago del estero,86042,belgrano,2004,133
86,santiago del estero,86042,belgrano,2005,86
86,santiago del estero,86042,belgrano,2006,79
86,santiago del estero,86042,belgrano,2007,105
86,santiago del estero,86042,belgrano,2008,40
86,santiago del estero,86042,belgrano,2009,20
86,santiago del estero,86042,belgrano,2010,12
86,santiago del estero,86042,belgrano,2011,35
86,santiago del estero,86042,belgrano,2012,20
86,santiago del estero,86042,belgrano,2013,16
86,santiago del estero,86042,belgrano,2014,29
86,santiago del estero,86042,belgrano,2015,77
86,santiago del estero,86042,belgrano,2016,114
86,santiago del estero,86042,belgrano,2017,76
86,santiago del estero,86042,belgrano,2018,143
86,santiago del estero,86042,belgrano,2019,202
86,santiago del estero,86042,belgrano,2020,99
86,santiago del estero,86042,belgrano,2021,111
86,santiago del estero,86042,belgrano,2022,154
86,santiago del estero,86042,belgrano,2023,177
86,santiago del estero,86042,belgrano,2024,138
86,santiago del estero,86049,capital,2000,5298
86,santiago del estero,86049,capital,2001,4734
86,santiago del estero,86049,capital,2002,5920
86,santiago del estero,86049,capital,2003,5818
86,santiago del estero,86049,capital,2004,7233
86,santiago del estero,86049,capital,2005,5467
86,santiago del estero,86049,capital,2006,6260
86,santiago del estero,86049,capital,2007,4774
86,santiago del estero,86049,capital,2008,3889
86,santiago del estero,86049,capital,2009,3403
86,santiago del estero,86049,capital,2010,2326
86,santiago del estero,86049,capital,2011,1849
86,santiago del estero,86049,capital,2012,1002
86,santiago del estero,86049,capital,2013,566
86,santiago del estero,86049,capital,2014,1962
86,santiago del estero,86049,capital,2015,3226
86,santiago del estero,86049,capital,2016,4645
86,santiago del estero,86049,capital,2017,8275
86,santiago del estero,86049,capital,2018,9130
86,santiago del estero,86049,capital,2019,9199
86,santiago del estero,86049,capital,2020,5890
86,santiago del estero,86049,capital,2021,6465
86,santiago del estero,86049,capital,2022,8405
86,santiago del estero,86049,capital,2023,10789
86,santiago del estero,86049,capital,2024,12641
86,santiago del estero,86056,copo,2000,233
86,santiago del estero,86056,copo,2001,251
86,santiago del estero,86056,copo,2002,190
86,santiago del estero,86056,copo,2003,195
86,santiago del estero,86056,copo,2004,168
86,santiago del estero,86056,copo,2005,171
86,santiago del estero,86056,copo,2006,293
86,santiago del estero,86056,copo,2007,239
86,santiago del estero,86056,copo,2008,221
86,santiago del estero,86056,copo,2009,187
86,santiago del estero,86056,copo,2010,113
86,santiago del estero,86056,copo,2011,120
86,santiago del estero,86056,copo,2012,91
86,santiago del estero,86056,copo,2013,106
86,santiago del estero,86056,copo,2014,90
86,santiago del estero,86056,copo,2015,124
86,santiago del estero,86056,copo,2016,236
86,santiago del estero,86056,copo,2017,432
86,santiago del estero,86056,copo,2018,560
86,santiago del estero,86056,copo,2019,390
86,santiago del estero,86056,copo,2020,278
86,santiago del estero,86056,copo,2021,475
86,santiago del estero,86056,copo,2022,509
86,santiago del estero,86056,copo,2023,422
86,santiago del estero,86056,copo,2024,598
86,santiago del estero,86063,choya,2000,275
86,santiago del estero,86063,choya,2001,188
86,santiago del estero,86063,choya,2002,257
86,santiago del estero,86063,choya,2003,201
86,santiago del estero,86063,choya,2004,281
86,santiago del estero,86063,choya,2005,273
86,santiago del estero,86063,choya,2006,273
86,santiago del estero,86063,choya,2007,337
86,santiago del estero,86063,choya,2008,276
86,santiago del estero,86063,choya,2009,310
86,santiago del estero,86063,choya,2010,697
86,santiago del estero,86063,choya,2011,528
86,santiago del estero,86063,choya,2012,937
86,santiago del estero,86063,choya,2013,843
86,santiago del estero,86063,choya,2014,860
86,santiago del estero,86063,choya,2015,878
86,santiago del estero,86063,choya,2016,1232
86,santiago del estero,86063,choya,2017,1098
86,santiago del estero,86063,choya,2018,1098
86,santiago del estero,86063,choya,2019,1000
86,santiago del estero,86063,choya,2020,742
86,santiago del estero,86063,choya,2021,654
86,santiago del estero,86063,choya,2022,804
86,santiago del estero,86063,choya,2023,949
86,santiago del estero,86063,choya,2024,1170
86,santiago del estero,86070,figueroa,2000,54
86,santiago del estero,86070,figueroa,2001,47
86,santiago del estero,86070,figueroa,2002,66
86,santiago del estero,86070,figueroa,2003,60
86,santiago del estero,86070,figueroa,2004,80
86,santiago del estero,86070,figueroa,2005,110
86,santiago del estero,86070,figueroa,2006,136
86,santiago del estero,86070,figueroa,2007,129
86,santiago del estero,86070,figueroa,2008,94
86,santiago del estero,86070,figueroa,2009,116
86,santiago del estero,86070,figueroa,2010,84
86,santiago del estero,86070,figueroa,2011,74
86,santiago del estero,86070,figueroa,2012,120
86,santiago del estero,86070,figueroa,2013,113
86,santiago del estero,86070,figueroa,2014,127
86,santiago del estero,86070,figueroa,2015,148
86,santiago del estero,86070,figueroa,2016,115
86,santiago del estero,86070,figueroa,2017,139
86,santiago del estero,86070,figueroa,2018,153
86,santiago del estero,86070,figueroa,2019,170
86,santiago del estero,86070,figueroa,2020,121
86,santiago del estero,86070,figueroa,2021,125
86,santiago del estero,86070,figueroa,2022,109
86,santiago del estero,86070,figueroa,2023,152
86,santiago del estero,86070,figueroa,2024,155
86,santiago del estero,86077,general taboada,2000,381
86,santiago del estero,86077,general taboada,2001,629
86,santiago del estero,86077,general taboada,2002,605
86,santiago del estero,86077,general taboada,2003,415
86,santiago del estero,86077,general taboada,2004,865
86,santiago del estero,86077,general taboada,2005,534
86,santiago del estero,86077,general taboada,2006,558
86,santiago del estero,86077,general taboada,2007,295
86,santiago del estero,86077,general taboada,2008,151
86,santiago del estero,86077,general taboada,2009,242
86,santiago del estero,86077,general taboada,2010,30
86,santiago del estero,86077,general taboada,2011,120
86,santiago del estero,86077,general taboada,2012,62
86,santiago del estero,86077,general taboada,2013,0
86,santiago del estero,86077,general taboada,2014,280
86,santiago del estero,86077,general taboada,2015,885
86,santiago del estero,86077,general taboada,2016,803
86,santiago del estero,86077,general taboada,2017,772
86,santiago del estero,86077,general taboada,2018,921
86,santiago del estero,86077,general taboada,2019,1019
86,santiago del estero,86077,general taboada,2020,596
86,santiago del estero,86077,general taboada,2021,444
86,santiago del estero,86077,general taboada,2022,632
86,santiago del estero,86077,general taboada,2023,639
86,santiago del estero,86077,general taboada,2024,721
86,santiago del estero,86084,guasayán,2000,102
86,santiago del estero,86084,guasayán,2001,52
86,santiago del estero,86084,guasayán,2002,155
86,santiago del estero,86084,guasayán,2003,113
86,santiago del estero,86084,guasayán,2004,97
86,santiago del estero,86084,guasayán,2005,114
86,santiago del estero,86084,guasayán,2006,71
86,santiago del estero,86084,guasayán,2007,82
86,santiago del estero,86084,guasayán,2008,78
86,santiago del estero,86084,guasayán,2009,75
86,santiago del estero,86084,guasayán,2010,68
86,santiago del estero,86084,guasayán,2011,76
86,santiago del estero,86084,guasayán,2012,43
86,santiago del estero,86084,guasayán,2013,27
86,santiago del estero,86084,guasayán,2014,38
86,santiago del estero,86084,guasayán,2015,71
86,santiago del estero,86084,guasayán,2016,84
86,santiago del estero,86084,guasayán,2017,29
86,santiago del estero,86084,guasayán,2018,63
86,santiago del estero,86084,guasayán,2019,106
86,santiago del estero,86084,guasayán,2020,89
86,santiago del estero,86084,guasayán,2021,119
86,santiago del estero,86084,guasayán,2022,120
86,santiago del estero,86084,guasayán,2023,73
86,santiago del estero,86084,guasayán,2024,207
86,santiago del estero,86091,jiménez,2000,40
86,santiago del estero,86091,jiménez,2001,35
86,santiago del estero,86091,jiménez,2002,104
86,santiago del estero,86091,jiménez,2003,68
86,santiago del estero,86091,jiménez,2004,89
86,santiago del estero,86091,jiménez,2005,96
86,santiago del estero,86091,jiménez,2006,106
86,santiago del estero,86091,jiménez,2007,117
86,santiago del estero,86091,jiménez,2008,78
86,santiago del estero,86091,jiménez,2009,68
86,santiago del estero,86091,jiménez,2010,53
86,santiago del estero,86091,jiménez,2011,67
86,santiago del estero,86091,jiménez,2012,60
86,santiago del estero,86091,jiménez,2013,35
86,santiago del estero,86091,jiménez,2014,79
86,santiago del estero,86091,jiménez,2015,161
86,santiago del estero,86091,jiménez,2016,230
86,santiago del estero,86091,jiménez,2017,196
86,santiago del estero,86091,jiménez,2018,278
86,santiago del estero,86091,jiménez,2019,331
86,santiago del estero,86091,jiménez,2020,299
86,santiago del estero,86091,jiménez,2021,308
86,santiago del estero,86091,jiménez,2022,265
86,santiago del estero,86091,jiménez,2023,199
86,santiago del estero,86091,jiménez,2024,277
86,santiago del estero,86098,juan f. ibarra,2000,72
86,santiago del estero,86098,juan f. ibarra,2001,78
86,santiago del estero,86098,juan f. ibarra,2002,162
86,santiago del estero,86098,juan f. ibarra,2003,76
86,santiago del estero,86098,juan f. ibarra,2004,111
86,santiago del estero,86098,juan f. ibarra,2005,81
86,santiago del estero,86098,juan f. ibarra,2006,68
86,santiago del estero,86098,juan f. ibarra,2007,72
86,santiago del estero,86098,juan f. ibarra,2008,61
86,santiago del estero,86098,juan f. ibarra,2009,54
86,santiago del estero,86098,juan f. ibarra,2010,47
86,santiago del estero,86098,juan f. ibarra,2011,56
86,santiago del estero,86098,juan f. ibarra,2012,67
86,santiago del estero,86098,juan f. ibarra,2013,73
86,santiago del estero,86098,juan f. ibarra,2014,91
86,santiago del estero,86098,juan f. ibarra,2015,96
86,santiago del estero,86098,juan f. ibarra,2016,105
86,santiago del estero,86098,juan f. ibarra,2017,107
86,santiago del estero,86098,juan f. ibarra,2018,139
86,santiago del estero,86098,juan f. ibarra,2019,178
86,santiago del estero,86098,juan f. ibarra,2020,107
86,santiago del estero,86098,juan f. ibarra,2021,143
86,santiago del estero,86098,juan f. ibarra,2022,200
86,santiago del estero,86098,juan f. ibarra,2023,250
86,santiago del estero,86098,juan f. ibarra,2024,261
86,santiago del estero,86105,loreto,2000,139
86,santiago del estero,86105,loreto,2001,143
86,santiago del estero,86105,loreto,2002,207
86,santiago del estero,86105,loreto,2003,158
86,santiago del estero,86105,loreto,2004,281
86,santiago del estero,86105,loreto,2005,292
86,santiago del estero,86105,loreto,2006,186
86,santiago del estero,86105,loreto,2007,166
86,santiago del estero,86105,loreto,2008,132
86,santiago del estero,86105,loreto,2009,95
86,santiago del estero,86105,loreto,2010,43
86,santiago del estero,86105,loreto,2011,18
86,santiago del estero,86105,loreto,2012,0
86,santiago del estero,86105,loreto,2013,0
86,santiago del estero,86105,loreto,2014,38
86,santiago del estero,86105,loreto,2015,166
86,santiago del estero,86105,loreto,2016,243
86,santiago del estero,86105,loreto,2017,338
86,santiago del estero,86105,loreto,2018,373
86,santiago del estero,86105,loreto,2019,453
86,santiago del estero,86105,loreto,2020,198
86,santiago del estero,86105,loreto,2021,317
86,santiago del estero,86105,loreto,2022,312
86,santiago del estero,86105,loreto,2023,185
86,santiago del estero,86105,loreto,2024,188
86,santiago del estero,86112,mitre,2000,22
86,santiago del estero,86112,mitre,2001,56
86,santiago del estero,86112,mitre,2002,51
86,santiago del estero,86112,mitre,2003,42
86,santiago del estero,86112,mitre,2004,37
86,santiago del estero,86112,mitre,2005,56
86,santiago del estero,86112,mitre,2006,30
86,santiago del estero,86112,mitre,2007,20
86,santiago del estero,86112,mitre,2008,28
86,santiago del estero,86112,mitre,2009,16
86,santiago del estero,86112,mitre,2010,0
86,santiago del estero,86112,mitre,2011,11
86,santiago del estero,86112,mitre,2012,13
86,santiago del estero,86112,mitre,2013,16
86,santiago del estero,86112,mitre,2014,14
86,santiago del estero,86112,mitre,2015,19
86,santiago del estero,86112,mitre,2016,10
86,santiago del estero,86112,mitre,2017,16
86,santiago del estero,86112,mitre,2018,14
86,santiago del estero,86112,mitre,2019,19
86,santiago del estero,86112,mitre,2020,30
86,santiago del estero,86112,mitre,2021,17
86,santiago del estero,86112,mitre,2022,27
86,santiago del estero,86112,mitre,2023,29
86,santiago del estero,86112,mitre,2024,15
86,santiago del estero,86119,moreno,2000,222
86,santiago del estero,86119,moreno,2001,254
86,santiago del estero,86119,moreno,2002,269
86,santiago del estero,86119,moreno,2003,358
86,santiago del estero,86119,moreno,2004,269
86,santiago del estero,86119,moreno,2005,313
86,santiago del estero,86119,moreno,2006,282
86,santiago del estero,86119,moreno,2007,290
86,santiago del estero,86119,moreno,2008,310
86,santiago del estero,86119,moreno,2009,136
86,santiago del estero,86119,moreno,2010,124
86,santiago del estero,86119,moreno,2011,143
86,santiago del estero,86119,moreno,2012,94
86,santiago del estero,86119,moreno,2013,51
86,santiago del estero,86119,moreno,2014,98
86,santiago del estero,86119,moreno,2015,303
86,santiago del estero,86119,moreno,2016,389
86,santiago del estero,86119,moreno,2017,476
86,santiago del estero,86119,moreno,2018,498
86,santiago del estero,86119,moreno,2019,731
86,santiago del estero,86119,moreno,2020,559
86,santiago del estero,86119,moreno,2021,582
86,santiago del estero,86119,moreno,2022,524
86,santiago del estero,86119,moreno,2023,374
86,santiago del estero,86119,moreno,2024,504
86,santiago del estero,86126,ojo de agua,2000,84
86,santiago del estero,86126,ojo de agua,2001,103
86,santiago del estero,86126,ojo de agua,2002,101
86,santiago del estero,86126,ojo de agua,2003,97
86,santiago del estero,86126,ojo de agua,2004,133
86,santiago del estero,86126,ojo de agua,2005,106
86,santiago del estero,86126,ojo de agua,2006,120
86,santiago del estero,86126,ojo de agua,2007,78
86,santiago del estero,86126,ojo de agua,2008,85
86,santiago del estero,86126,ojo de agua,2009,69
86,santiago del estero,86126,ojo de agua,2010,90
86,santiago del estero,86126,ojo de agua,2011,81
86,santiago del estero,86126,ojo de agua,2012,72
86,santiago del estero,86126,ojo de agua,2013,77
86,santiago del estero,86126,ojo de agua,2014,91
86,santiago del estero,86126,ojo de agua,2015,145
86,santiago del estero,86126,ojo de agua,2016,114
86,santiago del estero,86126,ojo de agua,2017,182
86,santiago del estero,86126,ojo de agua,2018,233
86,santiago del estero,86126,ojo de agua,2019,330
86,santiago del estero,86126,ojo de agua,2020,166
86,santiago del estero,86126,ojo de agua,2021,240
86,santiago del estero,86126,ojo de agua,2022,142
86,santiago del estero,86126,ojo de agua,2023,141
86,santiago del estero,86126,ojo de agua,2024,193
86,santiago del estero,86133,pellegrini,2000,85
86,santiago del estero,86133,pellegrini,2001,107
86,santiago del estero,86133,pellegrini,2002,116
86,santiago del estero,86133,pellegrini,2003,117
86,santiago del estero,86133,pellegrini,2004,274
86,santiago del estero,86133,pellegrini,2005,217
86,santiago del estero,86133,pellegrini,2006,221
86,santiago del estero,86133,pellegrini,2007,255
86,santiago del estero,86133,pellegrini,2008,232
86,santiago del estero,86133,pellegrini,2009,148
86,santiago del estero,86133,pellegrini,2010,177
86,santiago del estero,86133,pellegrini,2011,225
86,santiago del estero,86133,pellegrini,2012,69
86,santiago del estero,86133,pellegrini,2013,27
86,santiago del estero,86133,pellegrini,2014,81
86,santiago del estero,86133,pellegrini,2015,113
86,santiago del estero,86133,pellegrini,2016,189
86,santiago del estero,86133,pellegrini,2017,197
86,santiago del estero,86133,pellegrini,2018,309
86,santiago del estero,86133,pellegrini,2019,443
86,santiago del estero,86133,pellegrini,2020,407
86,santiago del estero,86133,pellegrini,2021,304
86,santiago del estero,86133,pellegrini,2022,412
86,santiago del estero,86133,pellegrini,2023,168
86,santiago del estero,86133,pellegrini,2024,323
86,santiago del estero,86140,quebrachos,2000,106
86,santiago del estero,86140,quebrachos,2001,111
86,santiago del estero,86140,quebrachos,2002,144
86,santiago del estero,86140,quebrachos,2003,143
86,santiago del estero,86140,quebrachos,2004,98
86,santiago del estero,86140,quebrachos,2005,55
86,santiago del estero,86140,quebrachos,2006,86
86,santiago del estero,86140,quebrachos,2007,71
86,santiago del estero,86140,quebrachos,2008,114
86,santiago del estero,86140,quebrachos,2009,54
86,santiago del estero,86140,quebrachos,2010,77
86,santiago del estero,86140,quebrachos,2011,63
86,santiago del estero,86140,quebrachos,2012,22
86,santiago del estero,86140,quebrachos,2013,87
86,santiago del estero,86140,quebrachos,2014,38
86,santiago del estero,86140,quebrachos,2015,97
86,santiago del estero,86140,quebrachos,2016,92
86,santiago del estero,86140,quebrachos,2017,76
86,santiago del estero,86140,quebrachos,2018,94
86,santiago del estero,86140,quebrachos,2019,149
86,santiago del estero,86140,quebrachos,2020,117
86,santiago del estero,86140,quebrachos,2021,93
86,santiago del estero,86140,quebrachos,2022,76
86,santiago del estero,86140,quebrachos,2023,106
86,santiago del estero,86140,quebrachos,2024,197
86,santiago del estero,86147,río hondo,2000,671
86,santiago del estero,86147,río hondo,2001,682
86,santiago del estero,86147,río hondo,2002,818
86,santiago del estero,86147,río hondo,2003,965
86,santiago del estero,86147,río hondo,2004,1233
86,santiago del estero,86147,río hondo,2005,1209
86,santiago del estero,86147,río hondo,2006,1018
86,santiago del estero,86147,río hondo,2007,745
86,santiago del estero,86147,río hondo,2008,624
86,santiago del estero,86147,río hondo,2009,859
86,santiago del estero,86147,río hondo,2010,201
86,santiago del estero,86147,río hondo,2011,88
86,santiago del estero,86147,río hondo,2012,60
86,santiago del estero,86147,río hondo,2013,64
86,santiago del estero,86147,río hondo,2014,774
86,santiago del estero,86147,río hondo,2015,1210
86,santiago del estero,86147,río hondo,2016,1721
86,santiago del estero,86147,río hondo,2017,2085
86,santiago del estero,86147,río hondo,2018,2290
86,santiago del estero,86147,río hondo,2019,2141
86,santiago del estero,86147,río hondo,2020,1447
86,santiago del estero,86147,río hondo,2021,1593
86,santiago del estero,86147,río hondo,2022,1585
86,santiago del estero,86147,río hondo,2023,1893
86,santiago del estero,86147,río hondo,2024,1847
86,santiago del estero,86154,rivadavia,2000,29
86,santiago del estero,86154,rivadavia,2001,32
86,santiago del estero,86154,rivadavia,2002,49
86,santiago del estero,86154,rivadavia,2003,55
86,santiago del estero,86154,rivadavia,2004,22
86,santiago del estero,86154,rivadavia,2005,24
86,santiago del estero,86154,rivadavia,2006,23
86,santiago del estero,86154,rivadavia,2007,52
86,santiago del estero,86154,rivadavia,2008,36
86,santiago del estero,86154,rivadavia,2009,42
86,santiago del estero,86154,rivadavia,2010,26
86,santiago del estero,86154,rivadavia,2011,19
86,santiago del estero,86154,rivadavia,2012,23
86,santiago del estero,86154,rivadavia,2013,7
86,santiago del estero,86154,rivadavia,2014,9
86,santiago del estero,86154,rivadavia,2015,24
86,santiago del estero,86154,rivadavia,2016,28
86,santiago del estero,86154,rivadavia,2017,20
86,santiago del estero,86154,rivadavia,2018,39
86,santiago del estero,86154,rivadavia,2019,50
86,santiago del estero,86154,rivadavia,2020,25
86,santiago del estero,86154,rivadavia,2021,37
86,santiago del estero,86154,rivadavia,2022,48
86,santiago del estero,86154,rivadavia,2023,67
86,santiago del estero,86154,rivadavia,2024,42
86,santiago del estero,86161,robles,2000,333
86,santiago del estero,86161,robles,2001,499
86,santiago del estero,86161,robles,2002,512
86,santiago del estero,86161,robles,2003,524
86,santiago del estero,86161,robles,2004,679
86,santiago del estero,86161,robles,2005,399
86,santiago del estero,86161,robles,2006,334
86,santiago del estero,86161,robles,2007,245
86,santiago del estero,86161,robles,2008,199
86,santiago del estero,86161,robles,2009,322
86,santiago del estero,86161,robles,2010,269
86,santiago del estero,86161,robles,2011,206
86,santiago del estero,86161,robles,2012,299
86,santiago del estero,86161,robles,2013,437
86,santiago del estero,86161,robles,2014,454
86,santiago del estero,86161,robles,2015,372
86,santiago del estero,86161,robles,2016,330
86,santiago del estero,86161,robles,2017,505
86,santiago del estero,86161,robles,2018,791
86,santiago del estero,86161,robles,2019,825
86,santiago del estero,86161,robles,2020,463
86,santiago del estero,86161,robles,2021,558
86,santiago del estero,86161,robles,2022,524
86,santiago del estero,86161,robles,2023,703
86,santiago del estero,86161,robles,2024,863
86,santiago del estero,86168,salavina,2000,56
86,santiago del estero,86168,salavina,2001,65
86,santiago del estero,86168,salavina,2002,75
86,santiago del estero,86168,salavina,2003,93
86,santiago del estero,86168,salavina,2004,118
86,santiago del estero,86168,salavina,2005,106
86,santiago del estero,86168,salavina,2006,60
86,santiago del estero,86168,salavina,2007,69
86,santiago del estero,86168,salavina,2008,58
86,santiago del estero,86168,salavina,2009,66
86,santiago del estero,86168,salavina,2010,46
86,santiago del estero,86168,salavina,2011,12
86,santiago del estero,86168,salavina,2012,44
86,santiago del estero,86168,salavina,2013,33
86,santiago del estero,86168,salavina,2014,44
86,santiago del estero,86168,salavina,2015,48
86,santiago del estero,86168,salavina,2016,63
86,santiago del estero,86168,salavina,2017,33
86,santiago del estero,86168,salavina,2018,37
86,santiago del estero,86168,salavina,2019,105
86,santiago del estero,86168,salavina,2020,85
86,santiago del estero,86168,salavina,2021,133
86,santiago del estero,86168,salavina,2022,126
86,santiago del estero,86168,salavina,2023,101
86,santiago del estero,86168,salavina,2024,112
86,santiago del estero,86175,san martín,2000,51
86,santiago del estero,86175,san martín,2001,79
86,santiago del estero,86175,san martín,2002,82
86,santiago del estero,86175,san martín,2003,69
86,santiago del estero,86175,san martín,2004,85
86,santiago del estero,86175,san martín,2005,67
86,santiago del estero,86175,san martín,2006,56
86,santiago del estero,86175,san martín,2007,48
86,santiago del estero,86175,san martín,2008,45
86,santiago del estero,86175,san martín,2009,25
86,santiago del estero,86175,san martín,2010,40
86,santiago del estero,86175,san martín,2011,59
86,santiago del estero,86175,san martín,2012,43
86,santiago del estero,86175,san martín,2013,23
86,santiago del estero,86175,san martín,2014,32
86,santiago del estero,86175,san martín,2015,47
86,santiago del estero,86175,san martín,2016,64
86,santiago del estero,86175,san martín,2017,45
86,santiago del estero,86175,san martín,2018,56
86,santiago del estero,86175,san martín,2019,75
86,santiago del estero,86175,san martín,2020,69
86,santiago del estero,86175,san martín,2021,90
86,santiago del estero,86175,san martín,2022,95
86,santiago del estero,86175,san martín,2023,77
86,santiago del estero,86175,san martín,2024,76
86,santiago del estero,86182,sarmiento,2000,17
86,santiago del estero,86182,sarmiento,2001,12
86,santiago del estero,86182,sarmiento,2002,28
86,santiago del estero,86182,sarmiento,2003,46
86,santiago del estero,86182,sarmiento,2004,31
86,santiago del estero,86182,sarmiento,2005,20
86,santiago del estero,86182,sarmiento,2006,28
86,santiago del estero,86182,sarmiento,2007,22
86,santiago del estero,86182,sarmiento,2008,36
86,santiago del estero,86182,sarmiento,2009,40
86,santiago del estero,86182,sarmiento,2010,24
86,santiago del estero,86182,sarmiento,2011,20
86,santiago del estero,86182,sarmiento,2012,40
86,santiago del estero,86182,sarmiento,2013,22
86,santiago del estero,86182,sarmiento,2014,24
86,santiago del estero,86182,sarmiento,2015,19
86,santiago del estero,86182,sarmiento,2016,15
86,santiago del estero,86182,sarmiento,2017,42
86,santiago del estero,86182,sarmiento,2018,37
86,santiago del estero,86182,sarmiento,2019,54
86,santiago del estero,86182,sarmiento,2020,69
86,santiago del estero,86182,sarmiento,2021,61
86,santiago del estero,86182,sarmiento,2022,59
86,santiago del estero,86182,sarmiento,2023,47
86,santiago del estero,86182,sarmiento,2024,73
86,santiago del estero,86189,silípica,2000,59
86,santiago del estero,86189,silípica,2001,87
86,santiago del estero,86189,silípica,2002,98
86,santiago del estero,86189,silípica,2003,153
86,santiago del estero,86189,silípica,2004,138
86,santiago del estero,86189,silípica,2005,80
86,santiago del estero,86189,silípica,2006,65
86,santiago del estero,86189,silípica,2007,54
86,santiago del estero,86189,silípica,2008,27
86,santiago del estero,86189,silípica,2009,17
86,santiago del estero,86189,silípica,2010,13
86,santiago del estero,86189,silípica,2011,4
86,santiago del estero,86189,silípica,2012,0
86,santiago del estero,86189,silípica,2013,0
86,santiago del estero,86189,silípica,2014,2
86,santiago del estero,86189,silípica,2015,18
86,santiago del estero,86189,silípica,2016,35
86,santiago del estero,86189,silípica,2017,55
86,santiago del estero,86189,silípica,2018,72
86,santiago del estero,86189,silípica,2019,74
86,santiago del estero,86189,silípica,2020,66
86,santiago del estero,86189,silípica,2021,103
86,santiago del estero,86189,silípica,2022,73
86,santiago del estero,86189,silípica,2023,65
86,santiago del estero,86189,silípica,2024,58
90,tucumán,90007,burruyacú,2000,65
90,tucumán,90007,burruyacú,2001,86
90,tucumán,90007,burruyacú,2002,125
90,tucumán,90007,burruyacú,2003,128
90,tucumán,90007,burruyacú,2004,157
90,tucumán,90007,burruyacú,2005,133
90,tucumán,90007,burruyacú,2006,99
90,tucumán,90007,burruyacú,2007,70
90,tucumán,90007,burruyacú,2008,52
90,tucumán,90007,burruyacú,2009,47
90,tucumán,90007,burruyacú,2010,35
90,tucumán,90007,burruyacú,2011,35
90,tucumán,90007,burruyacú,2012,11
90,tucumán,90007,burruyacú,2013,68
90,tucumán,90007,burruyacú,2014,87
90,tucumán,90007,burruyacú,2015,86
90,tucumán,90007,burruyacú,2016,148
90,tucumán,90007,burruyacú,2017,75
90,tucumán,90007,burruyacú,2018,221
90,tucumán,90007,burruyacú,2019,209
90,tucumán,90007,burruyacú,2020,285
90,tucumán,90007,burruyacú,2021,274
90,tucumán,90007,burruyacú,2022,259
90,tucumán,90007,burruyacú,2023,508
90,tucumán,90007,burruyacú,2024,455
90,tucumán,90014,cruz alta,2000,965
90,tucumán,90014,cruz alta,2001,1062
90,tucumán,90014,cruz alta,2002,1288
90,tucumán,90014,cruz alta,2003,1178
90,tucumán,90014,cruz alta,2004,1049
90,tucumán,90014,cruz alta,2005,1517
90,tucumán,90014,cruz alta,2006,1470
90,tucumán,90014,cruz alta,2007,972
90,tucumán,90014,cruz alta,2008,896
90,tucumán,90014,cruz alta,2009,685
90,tucumán,90014,cruz alta,2010,763
90,tucumán,90014,cruz alta,2011,927
90,tucumán,90014,cruz alta,2012,900
90,tucumán,90014,cruz alta,2013,1320
90,tucumán,90014,cruz alta,2014,1576
90,tucumán,90014,cruz alta,2015,1977
90,tucumán,90014,cruz alta,2016,1727
90,tucumán,90014,cruz alta,2017,2530
90,tucumán,90014,cruz alta,2018,2513
90,tucumán,90014,cruz alta,2019,2924
90,tucumán,90014,cruz alta,2020,1936
90,tucumán,90014,cruz alta,2021,2057
90,tucumán,90014,cruz alta,2022,3889
90,tucumán,90014,cruz alta,2023,4000
90,tucumán,90014,cruz alta,2024,3783
90,tucumán,90021,chicligasta,2000,863
90,tucumán,90021,chicligasta,2001,764
90,tucumán,90021,chicligasta,2002,909
90,tucumán,90021,chicligasta,2003,947
90,tucumán,90021,chicligasta,2004,1043
90,tucumán,90021,chicligasta,2005,1074
90,tucumán,90021,chicligasta,2006,933
90,tucumán,90021,chicligasta,2007,878
90,tucumán,90021,chicligasta,2008,1002
90,tucumán,90021,chicligasta,2009,968
90,tucumán,90021,chicligasta,2010,891
90,tucumán,90021,chicligasta,2011,767
90,tucumán,90021,chicligasta,2012,1036
90,tucumán,90021,chicligasta,2013,1239
90,tucumán,90021,chicligasta,2014,1225
90,tucumán,90021,chicligasta,2015,1514
90,tucumán,90021,chicligasta,2016,1535
90,tucumán,90021,chicligasta,2017,1444
90,tucumán,90021,chicligasta,2018,1472
90,tucumán,90021,chicligasta,2019,1612
90,tucumán,90021,chicligasta,2020,1609
90,tucumán,90021,chicligasta,2021,1391
90,tucumán,90021,chicligasta,2022,1425
90,tucumán,90021,chicligasta,2023,1379
90,tucumán,90021,chicligasta,2024,1439
90,tucumán,90028,famaillá,2000,241
90,tucumán,90028,famaillá,2001,199
90,tucumán,90028,famaillá,2002,252
90,tucumán,90028,famaillá,2003,280
90,tucumán,90028,famaillá,2004,297
90,tucumán,90028,famaillá,2005,383
90,tucumán,90028,famaillá,2006,351
90,tucumán,90028,famaillá,2007,310
90,tucumán,90028,famaillá,2008,299
90,tucumán,90028,famaillá,2009,244
90,tucumán,90028,famaillá,2010,104
90,tucumán,90028,famaillá,2011,142
90,tucumán,90028,famaillá,2012,57
90,tucumán,90028,famaillá,2013,367
90,tucumán,90028,famaillá,2014,303
90,tucumán,90028,famaillá,2015,287
90,tucumán,90028,famaillá,2016,242
90,tucumán,90028,famaillá,2017,241
90,tucumán,90028,famaillá,2018,326
90,tucumán,90028,famaillá,2019,295
90,tucumán,90028,famaillá,2020,255
90,tucumán,90028,famaillá,2021,548
90,tucumán,90028,famaillá,2022,625
90,tucumán,90028,famaillá,2023,865
90,tucumán,90028,famaillá,2024,769
90,tucumán,90035,graneros,2000,82
90,tucumán,90035,graneros,2001,71
90,tucumán,90035,graneros,2002,118
90,tucumán,90035,graneros,2003,142
90,tucumán,90035,graneros,2004,215
90,tucumán,90035,graneros,2005,172
90,tucumán,90035,graneros,2006,137
90,tucumán,90035,graneros,2007,112
90,tucumán,90035,graneros,2008,83
90,tucumán,90035,graneros,2009,78
90,tucumán,90035,graneros,2010,56
90,tucumán,90035,graneros,2011,58
90,tucumán,90035,graneros,2012,72
90,tucumán,90035,graneros,2013,142
90,tucumán,90035,graneros,2014,84
90,tucumán,90035,graneros,2015,72
90,tucumán,90035,graneros,2016,70
90,tucumán,90035,graneros,2017,55
90,tucumán,90035,graneros,2018,70
90,tucumán,90035,graneros,2019,88
90,tucumán,90035,graneros,2020,111
90,tucumán,90035,graneros,2021,108
90,tucumán,90035,graneros,2022,120
90,tucumán,90035,graneros,2023,135
90,tucumán,90035,graneros,2024,135
90,tucumán,90042,juan bautista alberdi,2000,264
90,tucumán,90042,juan bautista alberdi,2001,269
90,tucumán,90042,juan bautista alberdi,2002,506
90,tucumán,90042,juan bautista alberdi,2003,493
90,tucumán,90042,juan bautista alberdi,2004,380
90,tucumán,90042,juan bautista alberdi,2005,415
90,tucumán,90042,juan bautista alberdi,2006,405
90,tucumán,90042,juan bautista alberdi,2007,436
90,tucumán,90042,juan bautista alberdi,2008,486
90,tucumán,90042,juan bautista alberdi,2009,411
90,tucumán,90042,juan bautista alberdi,2010,425
90,tucumán,90042,juan bautista alberdi,2011,524
90,tucumán,90042,juan bautista alberdi,2012,355
90,tucumán,90042,juan bautista alberdi,2013,410
90,tucumán,90042,juan bautista alberdi,2014,351
90,tucumán,90042,juan bautista alberdi,2015,459
90,tucumán,90042,juan bautista alberdi,2016,380
90,tucumán,90042,juan bautista alberdi,2017,333
90,tucumán,90042,juan bautista alberdi,2018,818
90,tucumán,90042,juan bautista alberdi,2019,539
90,tucumán,90042,juan bautista alberdi,2020,428
90,tucumán,90042,juan bautista alberdi,2021,497
90,tucumán,90042,juan bautista alberdi,2022,541
90,tucumán,90042,juan bautista alberdi,2023,471
90,tucumán,90042,juan bautista alberdi,2024,396
90,tucumán,90049,la cocha,2000,69
90,tucumán,90049,la cocha,2001,82
90,tucumán,90049,la cocha,2002,138
90,tucumán,90049,la cocha,2003,148
90,tucumán,90049,la cocha,2004,121
90,tucumán,90049,la cocha,2005,137
90,tucumán,90049,la cocha,2006,75
90,tucumán,90049,la cocha,2007,108
90,tucumán,90049,la cocha,2008,97
90,tucumán,90049,la cocha,2009,107
90,tucumán,90049,la cocha,2010,105
90,tucumán,90049,la cocha,2011,84
90,tucumán,90049,la cocha,2012,110
90,tucumán,90049,la cocha,2013,133
90,tucumán,90049,la cocha,2014,88
90,tucumán,90049,la cocha,2015,90
90,tucumán,90049,la cocha,2016,100
90,tucumán,90049,la cocha,2017,83
90,tucumán,90049,la cocha,2018,91
90,tucumán,90049,la cocha,2019,106
90,tucumán,90049,la cocha,2020,76
90,tucumán,90049,la cocha,2021,69
90,tucumán,90049,la cocha,2022,124
90,tucumán,90049,la cocha,2023,166
90,tucumán,90049,la cocha,2024,185
90,tucumán,90056,leales,2000,97
90,tucumán,90056,leales,2001,109
90,tucumán,90056,leales,2002,203
90,tucumán,90056,leales,2003,239
90,tucumán,90056,leales,2004,223
90,tucumán,90056,leales,2005,244
90,tucumán,90056,leales,2006,173
90,tucumán,90056,leales,2007,120
90,tucumán,90056,leales,2008,164
90,tucumán,90056,leales,2009,147
90,tucumán,90056,leales,2010,191
90,tucumán,90056,leales,2011,139
90,tucumán,90056,leales,2012,190
90,tucumán,90056,leales,2013,195
90,tucumán,90056,leales,2014,228
90,tucumán,90056,leales,2015,193
90,tucumán,90056,leales,2016,154
90,tucumán,90056,leales,2017,196
90,tucumán,90056,leales,2018,308
90,tucumán,90056,leales,2019,359
90,tucumán,90056,leales,2020,399
90,tucumán,90056,leales,2021,517
90,tucumán,90056,leales,2022,818
90,tucumán,90056,leales,2023,981
90,tucumán,90056,leales,2024,954
90,tucumán,90063,lules,2000,298
90,tucumán,90063,lules,2001,338
90,tucumán,90063,lules,2002,435
90,tucumán,90063,lules,2003,286
90,tucumán,90063,lules,2004,587
90,tucumán,90063,lules,2005,537
90,tucumán,90063,lules,2006,480
90,tucumán,90063,lules,2007,314
90,tucumán,90063,lules,2008,374
90,tucumán,90063,lules,2009,509
90,tucumán,90063,lules,2010,437
90,tucumán,90063,lules,2011,490
90,tucumán,90063,lules,2012,505
90,tucumán,90063,lules,2013,574
90,tucumán,90063,lules,2014,677
90,tucumán,90063,lules,2015,671
90,tucumán,90063,lules,2016,496
90,tucumán,90063,lules,2017,752
90,tucumán,90063,lules,2018,782
90,tucumán,90063,lules,2019,938
90,tucumán,90063,lules,2020,751
90,tucumán,90063,lules,2021,888
90,tucumán,90063,lules,2022,1532
90,tucumán,90063,lules,2023,1779
90,tucumán,90063,lules,2024,1575
90,tucumán,90070,monteros,2000,340
90,tucumán,90070,monteros,2001,325
90,tucumán,90070,monteros,2002,449
90,tucumán,90070,monteros,2003,575
90,tucumán,90070,monteros,2004,466
90,tucumán,90070,monteros,2005,527
90,tucumán,90070,monteros,2006,428
90,tucumán,90070,monteros,2007,524
90,tucumán,90070,monteros,2008,397
90,tucumán,90070,monteros,2009,422
90,tucumán,90070,monteros,2010,359
90,tucumán,90070,monteros,2011,333
90,tucumán,90070,monteros,2012,387
90,tucumán,90070,monteros,2013,495
90,tucumán,90070,monteros,2014,524
90,tucumán,90070,monteros,2015,407
90,tucumán,90070,monteros,2016,246
90,tucumán,90070,monteros,2017,375
90,tucumán,90070,monteros,2018,402
90,tucumán,90070,monteros,2019,466
90,tucumán,90070,monteros,2020,282
90,tucumán,90070,monteros,2021,413
90,tucumán,90070,monteros,2022,862
90,tucumán,90070,monteros,2023,929
90,tucumán,90070,monteros,2024,921
90,tucumán,90077,río chico,2000,409
90,tucumán,90077,río chico,2001,394
90,tucumán,90077,río chico,2002,700
90,tucumán,90077,río chico,2003,705
90,tucumán,90077,río chico,2004,587
90,tucumán,90077,río chico,2005,527
90,tucumán,90077,río chico,2006,523
90,tucumán,90077,río chico,2007,398
90,tucumán,90077,río chico,2008,396
90,tucumán,90077,río chico,2009,434
90,tucumán,90077,río chico,2010,429
90,tucumán,90077,río chico,2011,553
90,tucumán,90077,río chico,2012,555
90,tucumán,90077,río chico,2013,709
90,tucumán,90077,río chico,2014,607
90,tucumán,90077,río chico,2015,546
90,tucumán,90077,río chico,2016,467
90,tucumán,90077,río chico,2017,528
90,tucumán,90077,río chico,2018,747
90,tucumán,90077,río chico,2019,865
90,tucumán,90077,río chico,2020,812
90,tucumán,90077,río chico,2021,561
90,tucumán,90077,río chico,2022,931
90,tucumán,90077,río chico,2023,1049
90,tucumán,90077,río chico,2024,962
90,tucumán,90084,capital,2000,7012
90,tucumán,90084,capital,2001,7742
90,tucumán,90084,capital,2002,9344
90,tucumán,90084,capital,2003,7776
90,tucumán,90084,capital,2004,7190
90,tucumán,90084,capital,2005,8743
90,tucumán,90084,capital,2006,8075
90,tucumán,90084,capital,2007,6825
90,tucumán,90084,capital,2008,6953
90,tucumán,90084,capital,2009,6306
90,tucumán,90084,capital,2010,5773
90,tucumán,90084,capital,2011,6533
90,tucumán,90084,capital,2012,7475
90,tucumán,90084,capital,2013,9935
90,tucumán,90084,capital,2014,14052
90,tucumán,90084,capital,2015,12357
90,tucumán,90084,capital,2016,14509
90,tucumán,90084,capital,2017,17127
90,tucumán,90084,capital,2018,15251
90,tucumán,90084,capital,2019,15908
90,tucumán,90084,capital,2020,13434
90,tucumán,90084,capital,2021,13926
90,tucumán,90084,capital,2022,19540
90,tucumán,90084,capital,2023,21347
90,tucumán,90084,capital,2024,18812
90,tucumán,90091,simoca,2000,180
90,tucumán,90091,simoca,2001,243
90,tucumán,90091,simoca,2002,254
90,tucumán,90091,simoca,2003,215
90,tucumán,90091,simoca,2004,271
90,tucumán,90091,simoca,2005,206
90,tucumán,90091,simoca,2006,189
90,tucumán,90091,simoca,2007,207
90,tucumán,90091,simoca,2008,242
90,tucumán,90091,simoca,2009,184
90,tucumán,90091,simoca,2010,109
90,tucumán,90091,simoca,2011,210
90,tucumán,90091,simoca,2012,164
90,tucumán,90091,simoca,2013,100
90,tucumán,90091,simoca,2014,119
90,tucumán,90091,simoca,2015,155
90,tucumán,90091,simoca,2016,148
90,tucumán,90091,simoca,2017,117
90,tucumán,90091,simoca,2018,126
90,tucumán,90091,simoca,2019,141
90,tucumán,90091,simoca,2020,148
90,tucumán,90091,simoca,2021,193
90,tucumán,90091,simoca,2022,318
90,tucumán,90091,simoca,2023,377
90,tucumán,90091,simoca,2024,377
90,tucumán,90098,tafí del valle,2000,163
90,tucumán,90098,tafí del valle,2001,140
90,tucumán,90098,tafí del valle,2002,176
90,tucumán,90098,tafí del valle,2003,129
90,tucumán,90098,tafí del valle,2004,131
90,tucumán,90098,tafí del valle,2005,67
90,tucumán,90098,tafí del valle,2006,108
90,tucumán,90098,tafí del valle,2007,130
90,tucumán,90098,tafí del valle,2008,127
90,tucumán,90098,tafí del valle,2009,99
90,tucumán,90098,tafí del valle,2010,145
90,tucumán,90098,tafí del valle,2011,139
90,tucumán,90098,tafí del valle,2012,96
90,tucumán,90098,tafí del valle,2013,131
90,tucumán,90098,tafí del valle,2014,109
90,tucumán,90098,tafí del valle,2015,146
90,tucumán,90098,tafí del valle,2016,198
90,tucumán,90098,tafí del valle,2017,135
90,tucumán,90098,tafí del valle,2018,262
90,tucumán,90098,tafí del valle,2019,204
90,tucumán,90098,tafí del valle,2020,150
90,tucumán,90098,tafí del valle,2021,195
90,tucumán,90098,tafí del valle,2022,455
90,tucumán,90098,tafí del valle,2023,569
90,tucumán,90098,tafí del valle,2024,474
90,tucumán,90105,tafí viejo,2000,885
90,tucumán,90105,tafí viejo,2001,884
90,tucumán,90105,tafí viejo,2002,1336
90,tucumán,90105,tafí viejo,2003,1019
90,tucumán,90105,tafí viejo,2004,1268
90,tucumán,90105,tafí viejo,2005,1185
90,tucumán,90105,tafí viejo,2006,1015
90,tucumán,90105,tafí viejo,2007,1308
90,tucumán,90105,tafí viejo,2008,858
90,tucumán,90105,tafí viejo,2009,986
90,tucumán,90105,tafí viejo,2010,1084
90,tucumán,90105,tafí viejo,2011,1256
90,tucumán,90105,tafí viejo,2012,1396
90,tucumán,90105,tafí viejo,2013,1584
90,tucumán,90105,tafí viejo,2014,1889
90,tucumán,90105,tafí viejo,2015,1740
90,tucumán,90105,tafí viejo,2016,1824
90,tucumán,90105,tafí viejo,2017,2573
90,tucumán,90105,tafí viejo,2018,2527
90,tucumán,90105,tafí viejo,2019,2909
90,tucumán,90105,tafí viejo,2020,2430
90,tucumán,90105,tafí viejo,2021,2935
90,tucumán,90105,tafí viejo,2022,4070
90,tucumán,90105,tafí viejo,2023,4086
90,tucumán,90105,tafí viejo,2024,3477
90,tucumán,90112,trancas,2000,75
90,tucumán,90112,trancas,2001,75
90,tucumán,90112,trancas,2002,63
90,tucumán,90112,trancas,2003,92
90,tucumán,90112,trancas,2004,98
90,tucumán,90112,trancas,2005,139
90,tucumán,90112,trancas,2006,62
90,tucumán,90112,trancas,2007,96
90,tucumán,90112,trancas,2008,96
90,tucumán,90112,trancas,2009,102
90,tucumán,90112,trancas,2010,107
90,tucumán,90112,trancas,2011,72
90,tucumán,90112,trancas,2012,76
90,tucumán,90112,trancas,2013,84
90,tucumán,90112,trancas,2014,102
90,tucumán,90112,trancas,2015,90
90,tucumán,90112,trancas,2016,137
90,tucumán,90112,trancas,2017,280
90,tucumán,90112,trancas,2018,238
90,tucumán,90112,trancas,2019,190
90,tucumán,90112,trancas,2020,163
90,tucumán,90112,trancas,2021,175
90,tucumán,90112,trancas,2022,365
90,tucumán,90112,trancas,2023,410
90,tucumán,90112,trancas,2024,393
90,tucumán,90119,yerba buena,2000,444
90,tucumán,90119,yerba buena,2001,441
90,tucumán,90119,yerba buena,2002,386
90,tucumán,90119,yerba buena,2003,493
90,tucumán,90119,yerba buena,2004,805
90,tucumán,90119,yerba buena,2005,759
90,tucumán,90119,yerba buena,2006,604
90,tucumán,90119,yerba buena,2007,905
90,tucumán,90119,yerba buena,2008,590
90,tucumán,90119,yerba buena,2009,653
90,tucumán,90119,yerba buena,2010,543
90,tucumán,90119,yerba buena,2011,384
90,tucumán,90119,yerba buena,2012,712
90,tucumán,90119,yerba buena,2013,1059
90,tucumán,90119,yerba buena,2014,1058
90,tucumán,90119,yerba buena,2015,777
90,tucumán,90119,yerba buena,2016,698
90,tucumán,90119,yerba buena,2017,1385
90,tucumán,90119,yerba buena,2018,1223
90,tucumán,90119,yerba buena,2019,1372
90,tucumán,90119,yerba buena,2020,1171
90,tucumán,90119,yerba buena,2021,1474
90,tucumán,90119,yerba buena,2022,2254
90,tucumán,90119,yerba buena,2023,2414
90,tucumán,90119,yerba buena,2024,1805
94,"tierra del fuego, antártida e islas del atlántico sur",94007,río grande,2000,731
94,"tierra del fuego, antártida e islas del atlántico sur",94007,río grande,2001,824
94,"tierra del fuego, antártida e islas del atlántico sur",94007,río grande,2002,1251
94,"tierra del fuego, antártida e islas del atlántico sur",94007,río grande,2003,1264
94,"tierra del fuego, antártida e islas del atlántico sur",94007,río grande,2004,1230
94,"tierra del fuego, antártida e islas del atlántico sur",94007,río grande,2005,1323
94,"tierra del fuego, antártida e islas del atlántico sur",94007,río grande,2006,1687
94,"tierra del fuego, antártida e islas del atlántico sur",94007,río grande,2007,1656
94,"tierra del fuego, antártida e islas del atlántico sur",94007,río grande,2008,1627
94,"tierra del fuego, antártida e islas del atlántico sur",94007,río grande,2009,1791
94,"tierra del fuego, antártida e islas del atlántico sur",94007,río grande,2010,1511
94,"tierra del fuego, antártida e islas del atlántico sur",94007,río grande,2011,1168
94,"tierra del fuego, antártida e islas del atlántico sur",94007,río grande,2012,1328
94,"tierra del fuego, antártida e islas del atlántico sur",94007,río grande,2013,1826
94,"tierra del fuego, antártida e islas del atlántico sur",94007,río grande,2014,2207
94,"tierra del fuego, antártida e islas del atlántico sur",94007,río grande,2015,1966
94,"tierra del fuego, antártida e islas del atlántico sur",94007,río grande,2016,1941
94,"tierra del fuego, antártida e islas del atlántico sur",94007,río grande,2017,2223
94,"tierra del fuego, antártida e islas del atlántico sur",94007,río grande,2018,2245
94,"tierra del fuego, antártida e islas del atlántico sur",94007,río grande,2019,2185
94,"tierra del fuego, antártida e islas del atlántico sur",94007,río grande,2020,1657
94,"tierra del fuego, antártida e islas del atlántico sur",94007,río grande,2021,1838
94,"tierra del fuego, antártida e islas del atlántico sur",94007,río grande,2022,2263
94,"tierra del fuego, antártida e islas del atlántico sur",94007,río grande,2023,2413
94,"tierra del fuego, antártida e islas del atlántico sur",94007,río grande,2024,2573
94,"tierra del fuego, antártida e islas del atlántico sur",94014,ushuaia,2000,1220
94,"tierra del fuego, antártida e islas del atlántico sur",94014,ushuaia,2001,928
94,"tierra del fuego, antártida e islas del atlántico sur",94014,ushuaia,2002,1284
94,"tierra del fuego, antártida e islas del atlántico sur",94014,ushuaia,2003,1215
94,"tierra del fuego, antártida e islas del atlántico sur",94014,ushuaia,2004,1354
94,"tierra del fuego, antártida e islas del atlántico sur",94014,ushuaia,2005,1224
94,"tierra del fuego, antártida e islas del atlántico sur",94014,ushuaia,2006,1131
94,"tierra del fuego, antártida e islas del atlántico sur",94014,ushuaia,2007,1226
94,"tierra del fuego, antártida e islas del atlántico sur",94014,ushuaia,2008,1277
94,"tierra del fuego, antártida e islas del atlántico sur",94014,ushuaia,2009,1276
94,"tierra del fuego, antártida e islas del atlántico sur",94014,ushuaia,2010,910
94,"tierra del fuego, antártida e islas del atlántico sur",94014,ushuaia,2011,923
94,"tierra del fuego, antártida e islas del atlántico sur",94014,ushuaia,2012,866
94,"tierra del fuego, antártida e islas del atlántico sur",94014,ushuaia,2013,936
94,"tierra del fuego, antártida e islas del atlántico sur",94014,ushuaia,2014,786
94,"tierra del fuego, antártida e islas del atlántico sur",94014,ushuaia,2015,793
94,"tierra del fuego, antártida e islas del atlántico sur",94014,ushuaia,2016,868
94,"tierra del fuego, antártida e islas del atlántico sur",94014,ushuaia,2017,855
94,"tierra del fuego, antártida e islas del atlántico sur",94014,ushuaia,2018,818
94,"tierra del fuego, antártida e islas del atlántico sur",94014,ushuaia,2019,944
94,"tierra del fuego, antártida e islas del atlántico sur",94014,ushuaia,2020,735
94,"tierra del fuego, antártida e islas del atlántico sur",94014,ushuaia,2021,921
94,"tierra del fuego, antártida e islas del atlántico sur",94014,ushuaia,2022,1427
94,"tierra del fuego, antártida e islas del atlántico sur",94014,ushuaia,2023,1508
94,"tierra del fuego, antártida e islas del atlántico sur",94014,ushuaia,2024,1758
