provincia_id,provincia_nombre,departamento_id,departamento_nombre,anio,delitos_propiedad_hechos,poblacion_2022,tasa_delitos_propiedad_100k,tasa_delitos_propiedad_pct,region,variacion_anual_salarios_pct,variacion_anual_cbt,variacion_empleo_const_pct,mes,variacion_anual_ipim,jurisdiccion,variacion_acceso_internet_pct,Indice_IPC
2,ciudad autónoma de buenos aires,2001,comuna 1,2017,17609,221001,7967.837249605206,7.967837249605206,GBA,27.47,26.77,7.86512216770463,12.0,18.85,ciudad autónoma de buenos aires,4.281204657664772,112.985075
2,ciudad autónoma de buenos aires,2001,comuna 1,2018,18374,221001,8313.989529459142,8.313989529459143,GBA,29.71,52.86,2.8043835398188,12.0,73.5,ciudad autónoma de buenos aires,-0.0845716233711546,151.56981666666667
2,ciudad autónoma de buenos aires,2001,comuna 1,2019,21721,221001,9828.46231465016,9.82846231465016,GBA,40.89,52.82,-4.095869743002778,12.0,58.49,ciudad autónoma de buenos aires,3.259377064215485,231.60509166666668
2,ciudad autónoma de buenos aires,2001,comuna 1,2020,9773,221001,4422.151935964091,4.422151935964091,GBA,32.99,39.14,-22.513076245380446,12.0,35.38,ciudad autónoma de buenos aires,-0.9060548261871636,325.3643583333333
2,ciudad autónoma de buenos aires,2001,comuna 1,2021,13012,221001,5887.756163999258,5.887756163999258,GBA,53.36,40.47,10.894768613448491,12.0,51.34,ciudad autónoma de buenos aires,5.042551890559444,478.6150583333333
2,ciudad autónoma de buenos aires,2001,comuna 1,2022,20959,221001,9483.667494717218,9.48366749471722,GBA,90.36,100.29,16.258768970195426,12.0,94.78,ciudad autónoma de buenos aires,9.714658640109942,828.6036833333334
2,ciudad autónoma de buenos aires,2001,comuna 1,2023,23541,221001,10651.988000054298,10.651988000054295,GBA,152.68,225.08,6.451770318872274,12.0,276.35,ciudad autónoma de buenos aires,7.971207677952541,1939.2972333333332
2,ciudad autónoma de buenos aires,2001,comuna 1,2024,24297,221001,10994.067900145248,10.994067900145248,GBA,145.47,106.62,-17.002317565429593,12.0,67.1,ciudad autónoma de buenos aires,2.207989387423237,6263.886041666668
2,ciudad autónoma de buenos aires,2002,comuna 2,2017,5747,160609,3578.2552658941904,3.57825526589419,GBA,27.47,26.77,7.86512216770463,12.0,18.85,ciudad autónoma de buenos aires,4.281204657664772,112.985075
2,ciudad autónoma de buenos aires,2002,comuna 2,2018,6514,160609,4055.812563430443,4.055812563430443,GBA,29.71,52.86,2.8043835398188,12.0,73.5,ciudad autónoma de buenos aires,-0.0845716233711546,151.56981666666667
2,ciudad autónoma de buenos aires,2002,comuna 2,2019,7062,160609,4397.013865972642,4.397013865972641,GBA,40.89,52.82,-4.095869743002778,12.0,58.49,ciudad autónoma de buenos aires,3.259377064215485,231.60509166666668
2,ciudad autónoma de buenos aires,2002,comuna 2,2020,3801,160609,2366.6170638009075,2.3666170638009074,GBA,32.99,39.14,-22.513076245380446,12.0,35.38,ciudad autónoma de buenos aires,-0.9060548261871636,325.3643583333333
2,ciudad autónoma de buenos aires,2002,comuna 2,2021,6055,160609,3770.025341045645,3.770025341045645,GBA,53.36,40.47,10.894768613448491,12.0,51.34,ciudad autónoma de buenos aires,5.042551890559444,478.6150583333333
2,ciudad autónoma de buenos aires,2002,comuna 2,2022,7858,160609,4892.62743681861,4.892627436818609,GBA,90.36,100.29,16.258768970195426,12.0,94.78,ciudad autónoma de buenos aires,9.714658640109942,828.6036833333334
2,ciudad autónoma de buenos aires,2002,comuna 2,2023,8690,160609,5410.655691773189,5.410655691773188,GBA,152.68,225.08,6.451770318872274,12.0,276.35,ciudad autónoma de buenos aires,7.971207677952541,1939.2972333333332
2,ciudad autónoma de buenos aires,2002,comuna 2,2024,8829,160609,5497.201277636994,5.497201277636994,GBA,145.47,106.62,-17.002317565429593,12.0,67.1,ciudad autónoma de buenos aires,2.207989387423237,6263.886041666668
2,ciudad autónoma de buenos aires,2003,comuna 3,2017,9591,193537,4955.641556911598,4.955641556911599,GBA,27.47,26.77,7.86512216770463,12.0,18.85,ciudad autónoma de buenos aires,4.281204657664772,112.985075
2,ciudad autónoma de buenos aires,2003,comuna 3,2018,10465,193537,5407.234792313614,5.407234792313615,GBA,29.71,52.86,2.8043835398188,12.0,73.5,ciudad autónoma de buenos aires,-0.0845716233711546,151.56981666666667
2,ciudad autónoma de buenos aires,2003,comuna 3,2019,11494,193537,5938.916072895622,5.938916072895622,GBA,40.89,52.82,-4.095869743002778,12.0,58.49,ciudad autónoma de buenos aires,3.259377064215485,231.60509166666668
2,ciudad autónoma de buenos aires,2003,comuna 3,2020,6744,193537,3484.6050109281427,3.4846050109281426,GBA,32.99,39.14,-22.513076245380446,12.0,35.38,ciudad autónoma de buenos aires,-0.9060548261871636,325.3643583333333
2,ciudad autónoma de buenos aires,2003,comuna 3,2021,8854,193537,4574.835819507381,4.57483581950738,GBA,53.36,40.47,10.894768613448491,12.0,51.34,ciudad autónoma de buenos aires,5.042551890559444,478.6150583333333
2,ciudad autónoma de buenos aires,2003,comuna 3,2022,11884,193537,6140.427928509794,6.140427928509793,GBA,90.36,100.29,16.258768970195426,12.0,94.78,ciudad autónoma de buenos aires,9.714658640109942,828.6036833333334
2,ciudad autónoma de buenos aires,2003,comuna 3,2023,12945,193537,6688.6435151934775,6.688643515193478,GBA,152.68,225.08,6.451770318872274,12.0,276.35,ciudad autónoma de buenos aires,7.971207677952541,1939.2972333333332
2,ciudad autónoma de buenos aires,2003,comuna 3,2024,13277,193537,6860.186940998363,6.8601869409983625,GBA,145.47,106.62,-17.002317565429593,12.0,67.1,ciudad autónoma de buenos aires,2.207989387423237,6263.886041666668
2,ciudad autónoma de buenos aires,2004,comuna 4,2017,11007,227024,4848.386073719078,4.848386073719079,GBA,27.47,26.77,7.86512216770463,12.0,18.85,ciudad autónoma de buenos aires,4.281204657664772,112.985075
2,ciudad autónoma de buenos aires,2004,comuna 4,2018,10603,227024,4670.431320036648,4.670431320036648,GBA,29.71,52.86,2.8043835398188,12.0,73.5,ciudad autónoma de buenos aires,-0.0845716233711546,151.56981666666667
2,ciudad autónoma de buenos aires,2004,comuna 4,2019,10936,227024,4817.111847205581,4.817111847205582,GBA,40.89,52.82,-4.095869743002778,12.0,58.49,ciudad autónoma de buenos aires,3.259377064215485,231.60509166666668
2,ciudad autónoma de buenos aires,2004,comuna 4,2020,7668,227024,3377.616463457608,3.377616463457608,GBA,32.99,39.14,-22.513076245380446,12.0,35.38,ciudad autónoma de buenos aires,-0.9060548261871636,325.3643583333333
2,ciudad autónoma de buenos aires,2004,comuna 4,2021,9351,227024,4118.947776446543,4.118947776446543,GBA,53.36,40.47,10.894768613448491,12.0,51.34,ciudad autónoma de buenos aires,5.042551890559444,478.6150583333333
2,ciudad autónoma de buenos aires,2004,comuna 4,2022,11481,227024,5057.174571851434,5.057174571851434,GBA,90.36,100.29,16.258768970195426,12.0,94.78,ciudad autónoma de buenos aires,9.714658640109942,828.6036833333334
2,ciudad autónoma de buenos aires,2004,comuna 4,2023,14017,227024,6174.237085065895,6.174237085065895,GBA,152.68,225.08,6.451770318872274,12.0,276.35,ciudad autónoma de buenos aires,7.971207677952541,1939.2972333333332
2,ciudad autónoma de buenos aires,2004,comuna 4,2024,15149,227024,6672.862781027557,6.672862781027557,GBA,145.47,106.62,-17.002317565429593,12.0,67.1,ciudad autónoma de buenos aires,2.207989387423237,6263.886041666668
2,ciudad autónoma de buenos aires,2005,comuna 5,2017,7029,192449,3652.396219258089,3.652396219258089,GBA,27.47,26.77,7.86512216770463,12.0,18.85,ciudad autónoma de buenos aires,4.281204657664772,112.985075
2,ciudad autónoma de buenos aires,2005,comuna 5,2018,7504,192449,3899.2148569231326,3.8992148569231326,GBA,29.71,52.86,2.8043835398188,12.0,73.5,ciudad autónoma de buenos aires,-0.0845716233711546,151.56981666666667
2,ciudad autónoma de buenos aires,2005,comuna 5,2019,7395,192449,3842.576474806313,3.8425764748063127,GBA,40.89,52.82,-4.095869743002778,12.0,58.49,ciudad autónoma de buenos aires,3.259377064215485,231.60509166666668
2,ciudad autónoma de buenos aires,2005,comuna 5,2020,4406,192449,2289.4377211624897,2.2894377211624897,GBA,32.99,39.14,-22.513076245380446,12.0,35.38,ciudad autónoma de buenos aires,-0.9060548261871636,325.3643583333333
2,ciudad autónoma de buenos aires,2005,comuna 5,2021,6056,192449,3146.807725683168,3.146807725683168,GBA,53.36,40.47,10.894768613448491,12.0,51.34,ciudad autónoma de buenos aires,5.042551890559444,478.6150583333333
2,ciudad autónoma de buenos aires,2005,comuna 5,2022,7771,192449,4037.952912200116,4.037952912200115,GBA,90.36,100.29,16.258768970195426,12.0,94.78,ciudad autónoma de buenos aires,9.714658640109942,828.6036833333334
2,ciudad autónoma de buenos aires,2005,comuna 5,2023,8375,192449,4351.802295673139,4.35180229567314,GBA,152.68,225.08,6.451770318872274,12.0,276.35,ciudad autónoma de buenos aires,7.971207677952541,1939.2972333333332
2,ciudad autónoma de buenos aires,2005,comuna 5,2024,9219,192449,4790.3600434400805,4.790360043440081,GBA,145.47,106.62,-17.002317565429593,12.0,67.1,ciudad autónoma de buenos aires,2.207989387423237,6263.886041666668
2,ciudad autónoma de buenos aires,2006,comuna 6,2017,5782,201764,2865.724311571936,2.8657243115719355,GBA,27.47,26.77,7.86512216770463,12.0,18.85,ciudad autónoma de buenos aires,4.281204657664772,112.985075
2,ciudad autónoma de buenos aires,2006,comuna 6,2018,5810,201764,2879.6019111437126,2.879601911143713,GBA,29.71,52.86,2.8043835398188,12.0,73.5,ciudad autónoma de buenos aires,-0.0845716233711546,151.56981666666667
2,ciudad autónoma de buenos aires,2006,comuna 6,2019,5410,201764,2681.3504886897563,2.6813504886897563,GBA,40.89,52.82,-4.095869743002778,12.0,58.49,ciudad autónoma de buenos aires,3.259377064215485,231.60509166666668
2,ciudad autónoma de buenos aires,2006,comuna 6,2020,3536,201764,1752.542574492972,1.752542574492972,GBA,32.99,39.14,-22.513076245380446,12.0,35.38,ciudad autónoma de buenos aires,-0.9060548261871636,325.3643583333333
2,ciudad autónoma de buenos aires,2006,comuna 6,2021,5219,201764,2586.6854344679923,2.5866854344679924,GBA,53.36,40.47,10.894768613448491,12.0,51.34,ciudad autónoma de buenos aires,5.042551890559444,478.6150583333333
2,ciudad autónoma de buenos aires,2006,comuna 6,2022,6536,201764,3239.4282428976426,3.239428242897642,GBA,90.36,100.29,16.258768970195426,12.0,94.78,ciudad autónoma de buenos aires,9.714658640109942,828.6036833333334
2,ciudad autónoma de buenos aires,2006,comuna 6,2023,7076,201764,3507.067663210484,3.507067663210484,GBA,152.68,225.08,6.451770318872274,12.0,276.35,ciudad autónoma de buenos aires,7.971207677952541,1939.2972333333332
2,ciudad autónoma de buenos aires,2006,comuna 6,2024,8297,201764,4112.230130251185,4.112230130251185,GBA,145.47,106.62,-17.002317565429593,12.0,67.1,ciudad autónoma de buenos aires,2.207989387423237,6263.886041666668
2,ciudad autónoma de buenos aires,2007,comuna 7,2017,8877,213262,4162.485581116185,4.162485581116186,GBA,27.47,26.77,7.86512216770463,12.0,18.85,ciudad autónoma de buenos aires,4.281204657664772,112.985075
2,ciudad autónoma de buenos aires,2007,comuna 7,2018,9269,213262,4346.297043073778,4.346297043073777,GBA,29.71,52.86,2.8043835398188,12.0,73.5,ciudad autónoma de buenos aires,-0.0845716233711546,151.56981666666667
2,ciudad autónoma de buenos aires,2007,comuna 7,2019,8466,213262,3969.764890135139,3.969764890135139,GBA,40.89,52.82,-4.095869743002778,12.0,58.49,ciudad autónoma de buenos aires,3.259377064215485,231.60509166666668
2,ciudad autónoma de buenos aires,2007,comuna 7,2020,5665,213262,2656.35696936163,2.6563569693616302,GBA,32.99,39.14,-22.513076245380446,12.0,35.38,ciudad autónoma de buenos aires,-0.9060548261871636,325.3643583333333
2,ciudad autónoma de buenos aires,2007,comuna 7,2021,7984,213262,3743.751817013814,3.7437518170138144,GBA,53.36,40.47,10.894768613448491,12.0,51.34,ciudad autónoma de buenos aires,5.042551890559444,478.6150583333333
2,ciudad autónoma de buenos aires,2007,comuna 7,2022,10792,213262,5060.442085322279,5.060442085322279,GBA,90.36,100.29,16.258768970195426,12.0,94.78,ciudad autónoma de buenos aires,9.714658640109942,828.6036833333334
2,ciudad autónoma de buenos aires,2007,comuna 7,2023,11701,213262,5486.678358075982,5.486678358075982,GBA,152.68,225.08,6.451770318872274,12.0,276.35,ciudad autónoma de buenos aires,7.971207677952541,1939.2972333333332
2,ciudad autónoma de buenos aires,2007,comuna 7,2024,13581,213262,6368.223124607291,6.36822312460729,GBA,145.47,106.62,-17.002317565429593,12.0,67.1,ciudad autónoma de buenos aires,2.207989387423237,6263.886041666668
2,ciudad autónoma de buenos aires,2008,comuna 8,2017,6001,203888,2943.2825865180885,2.9432825865180883,GBA,27.47,26.77,7.86512216770463,12.0,18.85,ciudad autónoma de buenos aires,4.281204657664772,112.985075
2,ciudad autónoma de buenos aires,2008,comuna 8,2018,6187,203888,3034.50914227419,3.0345091422741897,GBA,29.71,52.86,2.8043835398188,12.0,73.5,ciudad autónoma de buenos aires,-0.0845716233711546,151.56981666666667
2,ciudad autónoma de buenos aires,2008,comuna 8,2019,6523,203888,3199.3055010594053,3.1993055010594054,GBA,40.89,52.82,-4.095869743002778,12.0,58.49,ciudad autónoma de buenos aires,3.259377064215485,231.60509166666668
2,ciudad autónoma de buenos aires,2008,comuna 8,2020,4920,203888,2413.08953935494,2.41308953935494,GBA,32.99,39.14,-22.513076245380446,12.0,35.38,ciudad autónoma de buenos aires,-0.9060548261871636,325.3643583333333
2,ciudad autónoma de buenos aires,2008,comuna 8,2021,6593,203888,3233.638075806325,3.233638075806325,GBA,53.36,40.47,10.894768613448491,12.0,51.34,ciudad autónoma de buenos aires,5.042551890559444,478.6150583333333
2,ciudad autónoma de buenos aires,2008,comuna 8,2022,7791,203888,3821.215569332182,3.8212155693321823,GBA,90.36,100.29,16.258768970195426,12.0,94.78,ciudad autónoma de buenos aires,9.714658640109942,828.6036833333334
2,ciudad autónoma de buenos aires,2008,comuna 8,2023,9398,203888,4609.393392450757,4.609393392450757,GBA,152.68,225.08,6.451770318872274,12.0,276.35,ciudad autónoma de buenos aires,7.971207677952541,1939.2972333333332
2,ciudad autónoma de buenos aires,2008,comuna 8,2024,9835,203888,4823.726751942243,4.823726751942243,GBA,145.47,106.62,-17.002317565429593,12.0,67.1,ciudad autónoma de buenos aires,2.207989387423237,6263.886041666668
2,ciudad autónoma de buenos aires,2009,comuna 9,2017,7239,167908,4311.289515687162,4.311289515687162,GBA,27.47,26.77,7.86512216770463,12.0,18.85,ciudad autónoma de buenos aires,4.281204657664772,112.985075
2,ciudad autónoma de buenos aires,2009,comuna 9,2018,7019,167908,4180.265383424256,4.180265383424256,GBA,29.71,52.86,2.8043835398188,12.0,73.5,ciudad autónoma de buenos aires,-0.0845716233711546,151.56981666666667
2,ciudad autónoma de buenos aires,2009,comuna 9,2019,6500,167908,3871.16754413131,3.8711675441313096,GBA,40.89,52.82,-4.095869743002778,12.0,58.49,ciudad autónoma de buenos aires,3.259377064215485,231.60509166666668
2,ciudad autónoma de buenos aires,2009,comuna 9,2020,4138,167908,2464.444815017748,2.464444815017748,GBA,32.99,39.14,-22.513076245380446,12.0,35.38,ciudad autónoma de buenos aires,-0.9060548261871636,325.3643583333333
2,ciudad autónoma de buenos aires,2009,comuna 9,2021,5825,167908,3469.161683779212,3.469161683779212,GBA,53.36,40.47,10.894768613448491,12.0,51.34,ciudad autónoma de buenos aires,5.042551890559444,478.6150583333333
2,ciudad autónoma de buenos aires,2009,comuna 9,2022,7483,167908,4456.607189651476,4.456607189651476,GBA,90.36,100.29,16.258768970195426,12.0,94.78,ciudad autónoma de buenos aires,9.714658640109942,828.6036833333334
2,ciudad autónoma de buenos aires,2009,comuna 9,2023,9373,167908,5582.223598637349,5.5822235986373485,GBA,152.68,225.08,6.451770318872274,12.0,276.35,ciudad autónoma de buenos aires,7.971207677952541,1939.2972333333332
2,ciudad autónoma de buenos aires,2009,comuna 9,2024,8878,167908,5287.41930104581,5.28741930104581,GBA,145.47,106.62,-17.002317565429593,12.0,67.1,ciudad autónoma de buenos aires,2.207989387423237,6263.886041666668
2,ciudad autónoma de buenos aires,2010,comuna 10,2017,6267,171896,3645.809093870712,3.645809093870712,GBA,27.47,26.77,7.86512216770463,12.0,18.85,ciudad autónoma de buenos aires,4.281204657664772,112.985075
2,ciudad autónoma de buenos aires,2010,comuna 10,2018,5979,171896,3478.265928235677,3.478265928235677,GBA,29.71,52.86,2.8043835398188,12.0,73.5,ciudad autónoma de buenos aires,-0.0845716233711546,151.56981666666667
2,ciudad autónoma de buenos aires,2010,comuna 10,2019,5699,171896,3315.376739423838,3.315376739423838,GBA,40.89,52.82,-4.095869743002778,12.0,58.49,ciudad autónoma de buenos aires,3.259377064215485,231.60509166666668
2,ciudad autónoma de buenos aires,2010,comuna 10,2020,3119,171896,1814.4692139433143,1.8144692139433145,GBA,32.99,39.14,-22.513076245380446,12.0,35.38,ciudad autónoma de buenos aires,-0.9060548261871636,325.3643583333333
2,ciudad autónoma de buenos aires,2010,comuna 10,2021,5034,171896,2928.514915995718,2.9285149159957182,GBA,53.36,40.47,10.894768613448491,12.0,51.34,ciudad autónoma de buenos aires,5.042551890559444,478.6150583333333
2,ciudad autónoma de buenos aires,2010,comuna 10,2022,6291,171896,3659.771024340299,3.659771024340299,GBA,90.36,100.29,16.258768970195426,12.0,94.78,ciudad autónoma de buenos aires,9.714658640109942,828.6036833333334
2,ciudad autónoma de buenos aires,2010,comuna 10,2023,7372,171896,4288.63964257458,4.28863964257458,GBA,152.68,225.08,6.451770318872274,12.0,276.35,ciudad autónoma de buenos aires,7.971207677952541,1939.2972333333332
2,ciudad autónoma de buenos aires,2010,comuna 10,2024,8161,171896,4747.638106762228,4.747638106762228,GBA,145.47,106.62,-17.002317565429593,12.0,67.1,ciudad autónoma de buenos aires,2.207989387423237,6263.886041666668
2,ciudad autónoma de buenos aires,2011,comuna 11,2017,6470,201905,3204.4773532106683,3.2044773532106685,GBA,27.47,26.77,7.86512216770463,12.0,18.85,ciudad autónoma de buenos aires,4.281204657664772,112.985075
2,ciudad autónoma de buenos aires,2011,comuna 11,2018,6243,201905,3092.0482405091507,3.0920482405091505,GBA,29.71,52.86,2.8043835398188,12.0,73.5,ciudad autónoma de buenos aires,-0.0845716233711546,151.56981666666667
2,ciudad autónoma de buenos aires,2011,comuna 11,2019,5851,201905,2897.897526064238,2.897897526064238,GBA,40.89,52.82,-4.095869743002778,12.0,58.49,ciudad autónoma de buenos aires,3.259377064215485,231.60509166666668
2,ciudad autónoma de buenos aires,2011,comuna 11,2020,3445,201905,1706.2479879151088,1.706247987915109,GBA,32.99,39.14,-22.513076245380446,12.0,35.38,ciudad autónoma de buenos aires,-0.9060548261871636,325.3643583333333
2,ciudad autónoma de buenos aires,2011,comuna 11,2021,4931,201905,2442.2376860404647,2.4422376860404644,GBA,53.36,40.47,10.894768613448491,12.0,51.34,ciudad autónoma de buenos aires,5.042551890559444,478.6150583333333
2,ciudad autónoma de buenos aires,2011,comuna 11,2022,6612,201905,3274.807458953468,3.274807458953468,GBA,90.36,100.29,16.258768970195426,12.0,94.78,ciudad autónoma de buenos aires,9.714658640109942,828.6036833333334
2,ciudad autónoma de buenos aires,2011,comuna 11,2023,8168,201905,4045.466927515416,4.045466927515416,GBA,152.68,225.08,6.451770318872274,12.0,276.35,ciudad autónoma de buenos aires,7.971207677952541,1939.2972333333332
2,ciudad autónoma de buenos aires,2011,comuna 11,2024,8889,201905,4402.565563012307,4.402565563012308,GBA,145.47,106.62,-17.002317565429593,12.0,67.1,ciudad autónoma de buenos aires,2.207989387423237,6263.886041666668
2,ciudad autónoma de buenos aires,2012,comuna 12,2017,6798,235364,2888.292177223365,2.8882921772233647,GBA,27.47,26.77,7.86512216770463,12.0,18.85,ciudad autónoma de buenos aires,4.281204657664772,112.985075
2,ciudad autónoma de buenos aires,2012,comuna 12,2018,6630,235364,2816.913376727112,2.816913376727112,GBA,29.71,52.86,2.8043835398188,12.0,73.5,ciudad autónoma de buenos aires,-0.0845716233711546,151.56981666666667
2,ciudad autónoma de buenos aires,2012,comuna 12,2019,6716,235364,2853.452524600194,2.853452524600194,GBA,40.89,52.82,-4.095869743002778,12.0,58.49,ciudad autónoma de buenos aires,3.259377064215485,231.60509166666668
2,ciudad autónoma de buenos aires,2012,comuna 12,2020,3876,235364,1646.8108971635424,1.6468108971635425,GBA,32.99,39.14,-22.513076245380446,12.0,35.38,ciudad autónoma de buenos aires,-0.9060548261871636,325.3643583333333
2,ciudad autónoma de buenos aires,2012,comuna 12,2021,5926,235364,2517.8022127428158,2.5178022127428155,GBA,53.36,40.47,10.894768613448491,12.0,51.34,ciudad autónoma de buenos aires,5.042551890559444,478.6150583333333
2,ciudad autónoma de buenos aires,2012,comuna 12,2022,7230,235364,3071.8376642137287,3.071837664213729,GBA,90.36,100.29,16.258768970195426,12.0,94.78,ciudad autónoma de buenos aires,9.714658640109942,828.6036833333334
2,ciudad autónoma de buenos aires,2012,comuna 12,2023,8034,235364,3413.4362094457942,3.4134362094457944,GBA,152.68,225.08,6.451770318872274,12.0,276.35,ciudad autónoma de buenos aires,7.971207677952541,1939.2972333333332
2,ciudad autónoma de buenos aires,2012,comuna 12,2024,9093,235364,3863.377576859673,3.863377576859673,GBA,145.47,106.62,-17.002317565429593,12.0,67.1,ciudad autónoma de buenos aires,2.207989387423237,6263.886041666668
2,ciudad autónoma de buenos aires,2013,comuna 13,2017,7402,262330,2821.636869591736,2.821636869591736,GBA,27.47,26.77,7.86512216770463,12.0,18.85,ciudad autónoma de buenos aires,4.281204657664772,112.985075
2,ciudad autónoma de buenos aires,2013,comuna 13,2018,8077,262330,3078.9463652651243,3.078946365265124,GBA,29.71,52.86,2.8043835398188,12.0,73.5,ciudad autónoma de buenos aires,-0.0845716233711546,151.56981666666667
2,ciudad autónoma de buenos aires,2013,comuna 13,2019,8371,262330,3191.0189456028666,3.1910189456028664,GBA,40.89,52.82,-4.095869743002778,12.0,58.49,ciudad autónoma de buenos aires,3.259377064215485,231.60509166666668
2,ciudad autónoma de buenos aires,2013,comuna 13,2020,4751,262330,1811.0776502878052,1.8110776502878052,GBA,32.99,39.14,-22.513076245380446,12.0,35.38,ciudad autónoma de buenos aires,-0.9060548261871636,325.3643583333333
2,ciudad autónoma de buenos aires,2013,comuna 13,2021,7292,262330,2779.704951778295,2.7797049517782946,GBA,53.36,40.47,10.894768613448491,12.0,51.34,ciudad autónoma de buenos aires,5.042551890559444,478.6150583333333
2,ciudad autónoma de buenos aires,2013,comuna 13,2022,9419,262330,3590.5157625891056,3.590515762589105,GBA,90.36,100.29,16.258768970195426,12.0,94.78,ciudad autónoma de buenos aires,9.714658640109942,828.6036833333334
2,ciudad autónoma de buenos aires,2013,comuna 13,2023,10164,262330,3874.509205961956,3.874509205961956,GBA,152.68,225.08,6.451770318872274,12.0,276.35,ciudad autónoma de buenos aires,7.971207677952541,1939.2972333333332
2,ciudad autónoma de buenos aires,2013,comuna 13,2024,11479,262330,4375.786223459002,4.375786223459002,GBA,145.47,106.62,-17.002317565429593,12.0,67.1,ciudad autónoma de buenos aires,2.207989387423237,6263.886041666668
2,ciudad autónoma de buenos aires,2014,comuna 14,2017,10492,247252,4243.443935741672,4.243443935741673,GBA,27.47,26.77,7.86512216770463,12.0,18.85,ciudad autónoma de buenos aires,4.281204657664772,112.985075
2,ciudad autónoma de buenos aires,2014,comuna 14,2018,9913,247252,4009.269894682349,4.009269894682348,GBA,29.71,52.86,2.8043835398188,12.0,73.5,ciudad autónoma de buenos aires,-0.0845716233711546,151.56981666666667
2,ciudad autónoma de buenos aires,2014,comuna 14,2019,10961,247252,4433.128953456392,4.433128953456392,GBA,40.89,52.82,-4.095869743002778,12.0,58.49,ciudad autónoma de buenos aires,3.259377064215485,231.60509166666668
2,ciudad autónoma de buenos aires,2014,comuna 14,2020,6511,247252,2633.3457363337807,2.633345736333781,GBA,32.99,39.14,-22.513076245380446,12.0,35.38,ciudad autónoma de buenos aires,-0.9060548261871636,325.3643583333333
2,ciudad autónoma de buenos aires,2014,comuna 14,2021,10081,247252,4077.2167666995615,4.077216766699562,GBA,53.36,40.47,10.894768613448491,12.0,51.34,ciudad autónoma de buenos aires,5.042551890559444,478.6150583333333
2,ciudad autónoma de buenos aires,2014,comuna 14,2022,13613,247252,5505.718861728115,5.505718861728115,GBA,90.36,100.29,16.258768970195426,12.0,94.78,ciudad autónoma de buenos aires,9.714658640109942,828.6036833333334
2,ciudad autónoma de buenos aires,2014,comuna 14,2023,15534,247252,6282.658987591606,6.282658987591606,GBA,152.68,225.08,6.451770318872274,12.0,276.35,ciudad autónoma de buenos aires,7.971207677952541,1939.2972333333332
2,ciudad autónoma de buenos aires,2014,comuna 14,2024,15853,247252,6411.677155290959,6.411677155290958,GBA,145.47,106.62,-17.002317565429593,12.0,67.1,ciudad autónoma de buenos aires,2.207989387423237,6263.886041666668
2,ciudad autónoma de buenos aires,2015,comuna 15,2017,7134,195265,3653.496530356183,3.653496530356183,GBA,27.47,26.77,7.86512216770463,12.0,18.85,ciudad autónoma de buenos aires,4.281204657664772,112.985075
2,ciudad autónoma de buenos aires,2015,comuna 15,2018,7143,195265,3658.105651294394,3.6581056512943935,GBA,29.71,52.86,2.8043835398188,12.0,73.5,ciudad autónoma de buenos aires,-0.0845716233711546,151.56981666666667
2,ciudad autónoma de buenos aires,2015,comuna 15,2019,7260,195265,3718.024223491153,3.718024223491153,GBA,40.89,52.82,-4.095869743002778,12.0,58.49,ciudad autónoma de buenos aires,3.259377064215485,231.60509166666668
2,ciudad autónoma de buenos aires,2015,comuna 15,2020,4559,195265,2334.775817478811,2.334775817478811,GBA,32.99,39.14,-22.513076245380446,12.0,35.38,ciudad autónoma de buenos aires,-0.9060548261871636,325.3643583333333
2,ciudad autónoma de buenos aires,2015,comuna 15,2021,6240,195265,3195.6571838271066,3.1956571838271066,GBA,53.36,40.47,10.894768613448491,12.0,51.34,ciudad autónoma de buenos aires,5.042551890559444,478.6150583333333
2,ciudad autónoma de buenos aires,2015,comuna 15,2022,8301,195265,4251.145878677695,4.251145878677694,GBA,90.36,100.29,16.258768970195426,12.0,94.78,ciudad autónoma de buenos aires,9.714658640109942,828.6036833333334
2,ciudad autónoma de buenos aires,2015,comuna 15,2023,10370,195265,5310.731569917803,5.310731569917804,GBA,152.68,225.08,6.451770318872274,12.0,276.35,ciudad autónoma de buenos aires,7.971207677952541,1939.2972333333332
2,ciudad autónoma de buenos aires,2015,comuna 15,2024,11041,195265,5654.367142088956,5.654367142088956,GBA,145.47,106.62,-17.002317565429593,12.0,67.1,ciudad autónoma de buenos aires,2.207989387423237,6263.886041666668
6,buenos aires,6007,adolfo alsina,2017,29,17344,167.20479704797046,0.1672047970479704,Pampeana,27.47,26.77,7.86512216770463,12.0,18.85,buenos aires,4.281204657664772,112.74496666666666
6,buenos aires,6007,adolfo alsina,2018,63,17344,363.2380073800738,0.3632380073800738,Pampeana,29.71,52.86,2.8043835398188,12.0,73.5,buenos aires,-0.0845716233711546,151.7446
6,buenos aires,6007,adolfo alsina,2019,117,17344,674.5848708487084,0.6745848708487084,Pampeana,40.89,52.82,-4.095869743002778,12.0,58.49,buenos aires,3.259377064215485,232.9267583333333
6,buenos aires,6007,adolfo alsina,2020,95,17344,547.739852398524,0.5477398523985241,Pampeana,32.99,39.14,-22.513076245380446,12.0,35.38,buenos aires,-0.9060548261871636,333.64571666666666
6,buenos aires,6007,adolfo alsina,2021,115,17344,663.0535055350554,0.6630535055350554,Pampeana,53.36,40.47,10.894768613448491,12.0,51.34,buenos aires,5.042551890559444,499.07357500000006
6,buenos aires,6007,adolfo alsina,2022,96,17344,553.5055350553505,0.5535055350553505,Pampeana,90.36,100.29,16.258768970195426,12.0,94.78,buenos aires,9.714658640109942,855.2844833333334
6,buenos aires,6007,adolfo alsina,2023,120,17344,691.8819188191882,0.6918819188191881,Pampeana,152.68,225.08,6.451770318872274,12.0,276.35,buenos aires,7.971207677952541,1996.2926583333333
6,buenos aires,6007,adolfo alsina,2024,85,17344,490.0830258302584,0.4900830258302583,Pampeana,145.47,106.62,-17.002317565429593,12.0,67.1,buenos aires,2.207989387423237,6356.215883333333
6,buenos aires,6014,adolfo gonzales chaves,2017,102,12847,793.9596793025609,0.7939596793025608,Pampeana,27.47,26.77,7.86512216770463,12.0,18.85,buenos aires,4.281204657664772,112.74496666666666
6,buenos aires,6014,adolfo gonzales chaves,2018,167,12847,1299.9143768973302,1.29991437689733,Pampeana,29.71,52.86,2.8043835398188,12.0,73.5,buenos aires,-0.0845716233711546,151.7446
6,buenos aires,6014,adolfo gonzales chaves,2019,163,12847,1268.7787031991904,1.2687787031991904,Pampeana,40.89,52.82,-4.095869743002778,12.0,58.49,buenos aires,3.259377064215485,232.9267583333333
6,buenos aires,6014,adolfo gonzales chaves,2020,176,12847,1369.9696427181443,1.3699696427181445,Pampeana,32.99,39.14,-22.513076245380446,12.0,35.38,buenos aires,-0.9060548261871636,333.64571666666666
6,buenos aires,6014,adolfo gonzales chaves,2021,212,12847,1650.1907060014012,1.6501907060014012,Pampeana,53.36,40.47,10.894768613448491,12.0,51.34,buenos aires,5.042551890559444,499.07357500000006
6,buenos aires,6014,adolfo gonzales chaves,2022,217,12847,1689.1102981240756,1.6891102981240758,Pampeana,90.36,100.29,16.258768970195426,12.0,94.78,buenos aires,9.714658640109942,855.2844833333334
6,buenos aires,6014,adolfo gonzales chaves,2023,199,12847,1548.9997664824473,1.5489997664824473,Pampeana,152.68,225.08,6.451770318872274,12.0,276.35,buenos aires,7.971207677952541,1996.2926583333333
6,buenos aires,6014,adolfo gonzales chaves,2024,216,12847,1681.326379699541,1.681326379699541,Pampeana,145.47,106.62,-17.002317565429593,12.0,67.1,buenos aires,2.207989387423237,6356.215883333333
6,buenos aires,6021,alberti,2017,28,12906,216.95335502866885,0.2169533550286688,Pampeana,27.47,26.77,7.86512216770463,12.0,18.85,buenos aires,4.281204657664772,112.74496666666666
6,buenos aires,6021,alberti,2018,51,12906,395.165039516504,0.3951650395165039,Pampeana,29.71,52.86,2.8043835398188,12.0,73.5,buenos aires,-0.0845716233711546,151.7446
6,buenos aires,6021,alberti,2019,53,12906,410.66170773283744,0.4106617077328374,Pampeana,40.89,52.82,-4.095869743002778,12.0,58.49,buenos aires,3.259377064215485,232.9267583333333
6,buenos aires,6021,alberti,2020,65,12906,503.6417170308383,0.5036417170308384,Pampeana,32.99,39.14,-22.513076245380446,12.0,35.38,buenos aires,-0.9060548261871636,333.64571666666666
6,buenos aires,6021,alberti,2021,85,12906,658.6083991941732,0.6586083991941732,Pampeana,53.36,40.47,10.894768613448491,12.0,51.34,buenos aires,5.042551890559444,499.07357500000006
6,buenos aires,6021,alberti,2022,66,12906,511.3900511390051,0.5113900511390052,Pampeana,90.36,100.29,16.258768970195426,12.0,94.78,buenos aires,9.714658640109942,855.2844833333334
6,buenos aires,6021,alberti,2023,95,12906,736.0917402758407,0.7360917402758407,Pampeana,152.68,225.08,6.451770318872274,12.0,276.35,buenos aires,7.971207677952541,1996.2926583333333
6,buenos aires,6021,alberti,2024,87,12906,674.1050674105068,0.6741050674105067,Pampeana,145.47,106.62,-17.002317565429593,12.0,67.1,buenos aires,2.207989387423237,6356.215883333333
6,buenos aires,6028,almirante brown,2017,4586,583209,786.3390311192043,0.7863390311192042,Pampeana,27.47,26.77,7.86512216770463,12.0,18.85,buenos aires,4.281204657664772,112.74496666666666
6,buenos aires,6028,almirante brown,2018,4123,583209,706.9506814881114,0.7069506814881115,Pampeana,29.71,52.86,2.8043835398188,12.0,73.5,buenos aires,-0.0845716233711546,151.7446
6,buenos aires,6028,almirante brown,2019,10102,583209,1732.140621972569,1.732140621972569,Pampeana,40.89,52.82,-4.095869743002778,12.0,58.49,buenos aires,3.259377064215485,232.9267583333333
6,buenos aires,6028,almirante brown,2020,8812,583209,1510.950619760669,1.510950619760669,Pampeana,32.99,39.14,-22.513076245380446,12.0,35.38,buenos aires,-0.9060548261871636,333.64571666666666
6,buenos aires,6028,almirante brown,2021,8334,583209,1428.9902933596704,1.4289902933596703,Pampeana,53.36,40.47,10.894768613448491,12.0,51.34,buenos aires,5.042551890559444,499.07357500000006
6,buenos aires,6028,almirante brown,2022,7532,583209,1291.4752687287062,1.291475268728706,Pampeana,90.36,100.29,16.258768970195426,12.0,94.78,buenos aires,9.714658640109942,855.2844833333334
6,buenos aires,6028,almirante brown,2023,9513,583209,1631.147667474267,1.631147667474267,Pampeana,152.68,225.08,6.451770318872274,12.0,276.35,buenos aires,7.971207677952541,1996.2926583333333
6,buenos aires,6028,almirante brown,2024,8453,583209,1449.3946424009232,1.4493946424009232,Pampeana,145.47,106.62,-17.002317565429593,12.0,67.1,buenos aires,2.207989387423237,6356.215883333333
6,buenos aires,6035,avellaneda,2017,5344,366117,1459.642682530448,1.4596426825304478,Pampeana,27.47,26.77,7.86512216770463,12.0,18.85,buenos aires,4.281204657664772,112.74496666666666
6,buenos aires,6035,avellaneda,2018,6726,366117,1837.1176427207693,1.8371176427207696,Pampeana,29.71,52.86,2.8043835398188,12.0,73.5,buenos aires,-0.0845716233711546,151.7446
6,buenos aires,6035,avellaneda,2019,7932,366117,2166.520538516376,2.166520538516376,Pampeana,40.89,52.82,-4.095869743002778,12.0,58.49,buenos aires,3.259377064215485,232.9267583333333
6,buenos aires,6035,avellaneda,2020,5656,366117,1544.8613421392615,1.5448613421392614,Pampeana,32.99,39.14,-22.513076245380446,12.0,35.38,buenos aires,-0.9060548261871636,333.64571666666666
6,buenos aires,6035,avellaneda,2021,7310,366117,1996.6294927577796,1.9966294927577797,Pampeana,53.36,40.47,10.894768613448491,12.0,51.34,buenos aires,5.042551890559444,499.07357500000006
6,buenos aires,6035,avellaneda,2022,6474,366117,1768.2871868828818,1.7682871868828818,Pampeana,90.36,100.29,16.258768970195426,12.0,94.78,buenos aires,9.714658640109942,855.2844833333334
6,buenos aires,6035,avellaneda,2023,7215,366117,1970.6815034538135,1.9706815034538137,Pampeana,152.68,225.08,6.451770318872274,12.0,276.35,buenos aires,7.971207677952541,1996.2926583333333
6,buenos aires,6035,avellaneda,2024,6568,366117,1793.962039457332,1.793962039457332,Pampeana,145.47,106.62,-17.002317565429593,12.0,67.1,buenos aires,2.207989387423237,6356.215883333333
6,buenos aires,6042,ayacucho,2017,70,21757,321.73553339155217,0.3217355333915521,Pampeana,27.47,26.77,7.86512216770463,12.0,18.85,buenos aires,4.281204657664772,112.74496666666666
6,buenos aires,6042,ayacucho,2018,74,21757,340.12042101392655,0.3401204210139265,Pampeana,29.71,52.86,2.8043835398188,12.0,73.5,buenos aires,-0.0845716233711546,151.7446
6,buenos aires,6042,ayacucho,2019,221,21757,1015.765041136186,1.015765041136186,Pampeana,40.89,52.82,-4.095869743002778,12.0,58.49,buenos aires,3.259377064215485,232.9267583333333
6,buenos aires,6042,ayacucho,2020,201,21757,923.840603024314,0.923840603024314,Pampeana,32.99,39.14,-22.513076245380446,12.0,35.38,buenos aires,-0.9060548261871636,333.64571666666666
6,buenos aires,6042,ayacucho,2021,172,21757,790.5501677620996,0.7905501677620996,Pampeana,53.36,40.47,10.894768613448491,12.0,51.34,buenos aires,5.042551890559444,499.07357500000006
6,buenos aires,6042,ayacucho,2022,66,21757,303.35064576917773,0.3033506457691777,Pampeana,90.36,100.29,16.258768970195426,12.0,94.78,buenos aires,9.714658640109942,855.2844833333334
6,buenos aires,6042,ayacucho,2023,152,21757,698.6257296502275,0.6986257296502275,Pampeana,152.68,225.08,6.451770318872274,12.0,276.35,buenos aires,7.971207677952541,1996.2926583333333
6,buenos aires,6042,ayacucho,2024,269,21757,1236.383692604679,1.236383692604679,Pampeana,145.47,106.62,-17.002317565429593,12.0,67.1,buenos aires,2.207989387423237,6356.215883333333
6,buenos aires,6049,azul,2017,297,75152,395.1990632318501,0.3951990632318501,Pampeana,27.47,26.77,7.86512216770463,12.0,18.85,buenos aires,4.281204657664772,112.74496666666666
6,buenos aires,6049,azul,2018,283,75152,376.5701511603151,0.3765701511603151,Pampeana,29.71,52.86,2.8043835398188,12.0,73.5,buenos aires,-0.0845716233711546,151.7446
6,buenos aires,6049,azul,2019,609,75152,810.3576751117736,0.8103576751117735,Pampeana,40.89,52.82,-4.095869743002778,12.0,58.49,buenos aires,3.259377064215485,232.9267583333333
6,buenos aires,6049,azul,2020,619,75152,823.6640408771557,0.8236640408771556,Pampeana,32.99,39.14,-22.513076245380446,12.0,35.38,buenos aires,-0.9060548261871636,333.64571666666666
6,buenos aires,6049,azul,2021,604,75152,803.7044922290823,0.8037044922290824,Pampeana,53.36,40.47,10.894768613448491,12.0,51.34,buenos aires,5.042551890559444,499.07357500000006
6,buenos aires,6049,azul,2022,497,75152,661.3263785394932,0.6613263785394933,Pampeana,90.36,100.29,16.258768970195426,12.0,94.78,buenos aires,9.714658640109942,855.2844833333334
6,buenos aires,6049,azul,2023,595,75152,791.7287630402385,0.7917287630402385,Pampeana,152.68,225.08,6.451770318872274,12.0,276.35,buenos aires,7.971207677952541,1996.2926583333333
6,buenos aires,6049,azul,2024,786,75152,1045.8803491590377,1.0458803491590376,Pampeana,145.47,106.62,-17.002317565429593,12.0,67.1,buenos aires,2.207989387423237,6356.215883333333
6,buenos aires,6056,bahía blanca,2017,2136,334505,638.5554774965995,0.6385554774965995,Pampeana,27.47,26.77,7.86512216770463,12.0,18.85,buenos aires,4.281204657664772,112.74496666666666
6,buenos aires,6056,bahía blanca,2018,2175,334505,650.2144960463969,0.6502144960463969,Pampeana,29.71,52.86,2.8043835398188,12.0,73.5,buenos aires,-0.0845716233711546,151.7446
6,buenos aires,6056,bahía blanca,2019,4328,334505,1293.8521098339336,1.2938521098339335,Pampeana,40.89,52.82,-4.095869743002778,12.0,58.49,buenos aires,3.259377064215485,232.9267583333333
6,buenos aires,6056,bahía blanca,2020,3746,334505,1119.8636791677254,1.1198636791677254,Pampeana,32.99,39.14,-22.513076245380446,12.0,35.38,buenos aires,-0.9060548261871636,333.64571666666666
6,buenos aires,6056,bahía blanca,2021,3968,334505,1186.2304001434957,1.1862304001434958,Pampeana,53.36,40.47,10.894768613448491,12.0,51.34,buenos aires,5.042551890559444,499.07357500000006
6,buenos aires,6056,bahía blanca,2022,3699,334505,1105.8130670692517,1.1058130670692516,Pampeana,90.36,100.29,16.258768970195426,12.0,94.78,buenos aires,9.714658640109942,855.2844833333334
6,buenos aires,6056,bahía blanca,2023,4459,334505,1333.01445419351,1.3330144541935098,Pampeana,152.68,225.08,6.451770318872274,12.0,276.35,buenos aires,7.971207677952541,1996.2926583333333
6,buenos aires,6056,bahía blanca,2024,4782,334505,1429.5750437213196,1.4295750437213195,Pampeana,145.47,106.62,-17.002317565429593,12.0,67.1,buenos aires,2.207989387423237,6356.215883333333
6,buenos aires,6058,quilmes,2023,11327,631774,1792.887963100729,1.792887963100729,Pampeana,152.68,225.08,6.451770318872274,12.0,276.35,buenos aires,7.971207677952541,1996.2926583333333
6,buenos aires,6058,quilmes,2024,10789,631774,1707.7309290980634,1.7077309290980631,Pampeana,145.47,106.62,-17.002317565429593,12.0,67.1,buenos aires,2.207989387423237,6356.215883333333
6,buenos aires,6063,balcarce,2017,121,48516,249.4022590485613,0.2494022590485612,Pampeana,27.47,26.77,7.86512216770463,12.0,18.85,buenos aires,4.281204657664772,112.74496666666666
6,buenos aires,6063,balcarce,2018,134,48516,276.19754307857204,0.276197543078572,Pampeana,29.71,52.86,2.8043835398188,12.0,73.5,buenos aires,-0.0845716233711546,151.7446
6,buenos aires,6063,balcarce,2019,289,48516,595.6797757440844,0.5956797757440844,Pampeana,40.89,52.82,-4.095869743002778,12.0,58.49,buenos aires,3.259377064215485,232.9267583333333
6,buenos aires,6063,balcarce,2020,187,48516,385.4398548932311,0.385439854893231,Pampeana,32.99,39.14,-22.513076245380446,12.0,35.38,buenos aires,-0.9060548261871636,333.64571666666666
6,buenos aires,6063,balcarce,2021,547,48516,1127.4631049550665,1.1274631049550663,Pampeana,53.36,40.47,10.894768613448491,12.0,51.34,buenos aires,5.042551890559444,499.07357500000006
6,buenos aires,6063,balcarce,2022,608,48516,1253.194822326655,1.2531948223266551,Pampeana,90.36,100.29,16.258768970195426,12.0,94.78,buenos aires,9.714658640109942,855.2844833333334
6,buenos aires,6063,balcarce,2023,676,48516,1393.354769560557,1.3933547695605577,Pampeana,152.68,225.08,6.451770318872274,12.0,276.35,buenos aires,7.971207677952541,1996.2926583333333
6,buenos aires,6063,balcarce,2024,677,48516,1395.4159452551737,1.3954159452551735,Pampeana,145.47,106.62,-17.002317565429593,12.0,67.1,buenos aires,2.207989387423237,6356.215883333333
6,buenos aires,6070,baradero,2017,150,39223,382.4286770517298,0.3824286770517298,Pampeana,27.47,26.77,7.86512216770463,12.0,18.85,buenos aires,4.281204657664772,112.74496666666666
6,buenos aires,6070,baradero,2018,338,39223,861.7392856232312,0.8617392856232312,Pampeana,29.71,52.86,2.8043835398188,12.0,73.5,buenos aires,-0.0845716233711546,151.7446
6,buenos aires,6070,baradero,2019,567,39223,1445.5803992555389,1.445580399255539,Pampeana,40.89,52.82,-4.095869743002778,12.0,58.49,buenos aires,3.259377064215485,232.9267583333333
6,buenos aires,6070,baradero,2020,196,39223,499.706804680927,0.499706804680927,Pampeana,32.99,39.14,-22.513076245380446,12.0,35.38,buenos aires,-0.9060548261871636,333.64571666666666
6,buenos aires,6070,baradero,2021,226,39223,576.1925400912729,0.576192540091273,Pampeana,53.36,40.47,10.894768613448491,12.0,51.34,buenos aires,5.042551890559444,499.07357500000006
6,buenos aires,6070,baradero,2022,234,39223,596.5887362006986,0.5965887362006985,Pampeana,90.36,100.29,16.258768970195426,12.0,94.78,buenos aires,9.714658640109942,855.2844833333334
6,buenos aires,6070,baradero,2023,385,39223,981.5669377661068,0.9815669377661066,Pampeana,152.68,225.08,6.451770318872274,12.0,276.35,buenos aires,7.971207677952541,1996.2926583333333
6,buenos aires,6070,baradero,2024,442,39223,1126.889835045764,1.126889835045764,Pampeana,145.47,106.62,-17.002317565429593,12.0,67.1,buenos aires,2.207989387423237,6356.215883333333
6,buenos aires,6077,arrecifes,2017,597,32077,1861.1466159553572,1.8611466159553576,Pampeana,27.47,26.77,7.86512216770463,12.0,18.85,buenos aires,4.281204657664772,112.74496666666666
6,buenos aires,6077,arrecifes,2018,378,32077,1178.4144402531408,1.178414440253141,Pampeana,29.71,52.86,2.8043835398188,12.0,73.5,buenos aires,-0.0845716233711546,151.7446
6,buenos aires,6077,arrecifes,2019,290,32077,904.074570564579,0.904074570564579,Pampeana,40.89,52.82,-4.095869743002778,12.0,58.49,buenos aires,3.259377064215485,232.9267583333333
6,buenos aires,6077,arrecifes,2020,298,32077,929.0145587180846,0.9290145587180844,Pampeana,32.99,39.14,-22.513076245380446,12.0,35.38,buenos aires,-0.9060548261871636,333.64571666666666
6,buenos aires,6077,arrecifes,2021,266,32077,829.2546061040622,0.8292546061040622,Pampeana,53.36,40.47,10.894768613448491,12.0,51.34,buenos aires,5.042551890559444,499.07357500000006
6,buenos aires,6077,arrecifes,2022,241,32077,751.317143124357,0.751317143124357,Pampeana,90.36,100.29,16.258768970195426,12.0,94.78,buenos aires,9.714658640109942,855.2844833333334
6,buenos aires,6077,arrecifes,2023,204,32077,635.9696979143935,0.6359696979143935,Pampeana,152.68,225.08,6.451770318872274,12.0,276.35,buenos aires,7.971207677952541,1996.2926583333333
6,buenos aires,6077,arrecifes,2024,473,32077,1474.5767995760202,1.4745767995760202,Pampeana,145.47,106.62,-17.002317565429593,12.0,67.1,buenos aires,2.207989387423237,6356.215883333333
6,buenos aires,6084,benito juárez,2017,88,21185,415.3882464007552,0.4153882464007552,Pampeana,27.47,26.77,7.86512216770463,12.0,18.85,buenos aires,4.281204657664772,112.74496666666666
6,buenos aires,6084,benito juárez,2018,130,21185,613.6417276374793,0.6136417276374794,Pampeana,29.71,52.86,2.8043835398188,12.0,73.5,buenos aires,-0.0845716233711546,151.7446
6,buenos aires,6084,benito juárez,2019,230,21185,1085.6738258201558,1.085673825820156,Pampeana,40.89,52.82,-4.095869743002778,12.0,58.49,buenos aires,3.259377064215485,232.9267583333333
6,buenos aires,6084,benito juárez,2020,151,21185,712.7684682558414,0.7127684682558414,Pampeana,32.99,39.14,-22.513076245380446,12.0,35.38,buenos aires,-0.9060548261871636,333.64571666666666
6,buenos aires,6084,benito juárez,2021,123,21185,580.599480764692,0.580599480764692,Pampeana,53.36,40.47,10.894768613448491,12.0,51.34,buenos aires,5.042551890559444,499.07357500000006
6,buenos aires,6084,benito juárez,2022,188,21185,887.4203445834316,0.8874203445834317,Pampeana,90.36,100.29,16.258768970195426,12.0,94.78,buenos aires,9.714658640109942,855.2844833333334
6,buenos aires,6084,benito juárez,2023,259,21185,1222.563134293132,1.222563134293132,Pampeana,152.68,225.08,6.451770318872274,12.0,276.35,buenos aires,7.971207677952541,1996.2926583333333
6,buenos aires,6084,benito juárez,2024,294,21185,1387.7743686570686,1.3877743686570687,Pampeana,145.47,106.62,-17.002317565429593,12.0,67.1,buenos aires,2.207989387423237,6356.215883333333
6,buenos aires,6091,berazategui,2017,3093,358328,863.1756379629837,0.8631756379629837,Pampeana,27.47,26.77,7.86512216770463,12.0,18.85,buenos aires,4.281204657664772,112.74496666666666
6,buenos aires,6091,berazategui,2018,3759,358328,1049.0388694157307,1.0490388694157309,Pampeana,29.71,52.86,2.8043835398188,12.0,73.5,buenos aires,-0.0845716233711546,151.7446
6,buenos aires,6091,berazategui,2019,4279,358328,1194.157308387846,1.1941573083878458,Pampeana,40.89,52.82,-4.095869743002778,12.0,58.49,buenos aires,3.259377064215485,232.9267583333333
6,buenos aires,6091,berazategui,2020,3772,358328,1052.6668303900335,1.0526668303900335,Pampeana,32.99,39.14,-22.513076245380446,12.0,35.38,buenos aires,-0.9060548261871636,333.64571666666666
6,buenos aires,6091,berazategui,2021,4650,358328,1297.6937331160275,1.2976937331160276,Pampeana,53.36,40.47,10.894768613448491,12.0,51.34,buenos aires,5.042551890559444,499.07357500000006
6,buenos aires,6091,berazategui,2022,4684,358328,1307.1822464334352,1.3071822464334353,Pampeana,90.36,100.29,16.258768970195426,12.0,94.78,buenos aires,9.714658640109942,855.2844833333334
6,buenos aires,6091,berazategui,2023,4689,358328,1308.5776160389364,1.3085776160389364,Pampeana,152.68,225.08,6.451770318872274,12.0,276.35,buenos aires,7.971207677952541,1996.2926583333333
6,buenos aires,6091,berazategui,2024,5629,358328,1570.9071018731445,1.5709071018731442,Pampeana,145.47,106.62,-17.002317565429593,12.0,67.1,buenos aires,2.207989387423237,6356.215883333333
6,buenos aires,6098,berisso,2017,1097,100685,1089.5366737845757,1.0895366737845755,Pampeana,27.47,26.77,7.86512216770463,12.0,18.85,buenos aires,4.281204657664772,112.74496666666666
6,buenos aires,6098,berisso,2018,1200,100685,1191.8359239211402,1.1918359239211402,Pampeana,29.71,52.86,2.8043835398188,12.0,73.5,buenos aires,-0.0845716233711546,151.7446
6,buenos aires,6098,berisso,2019,1374,100685,1364.6521328897056,1.3646521328897054,Pampeana,40.89,52.82,-4.095869743002778,12.0,58.49,buenos aires,3.259377064215485,232.9267583333333
6,buenos aires,6098,berisso,2020,923,100685,916.7204648160103,0.9167204648160104,Pampeana,32.99,39.14,-22.513076245380446,12.0,35.38,buenos aires,-0.9060548261871636,333.64571666666666
6,buenos aires,6098,berisso,2021,776,100685,770.7205641356707,0.7707205641356707,Pampeana,53.36,40.47,10.894768613448491,12.0,51.34,buenos aires,5.042551890559444,499.07357500000006
6,buenos aires,6098,berisso,2022,930,100685,923.6728410388836,0.9236728410388836,Pampeana,90.36,100.29,16.258768970195426,12.0,94.78,buenos aires,9.714658640109942,855.2844833333334
6,buenos aires,6098,berisso,2023,1108,100685,1100.4618364205194,1.1004618364205194,Pampeana,152.68,225.08,6.451770318872274,12.0,276.35,buenos aires,7.971207677952541,1996.2926583333333
6,buenos aires,6098,berisso,2024,1253,100685,1244.475343894324,1.244475343894324,Pampeana,145.47,106.62,-17.002317565429593,12.0,67.1,buenos aires,2.207989387423237,6356.215883333333
6,buenos aires,6105,bolívar,2017,118,37194,317.2554713125773,0.3172554713125773,Pampeana,27.47,26.77,7.86512216770463,12.0,18.85,buenos aires,4.281204657664772,112.74496666666666
6,buenos aires,6105,bolívar,2018,180,37194,483.9490240361349,0.4839490240361349,Pampeana,29.71,52.86,2.8043835398188,12.0,73.5,buenos aires,-0.0845716233711546,151.7446
6,buenos aires,6105,bolívar,2019,404,37194,1086.1966983922136,1.0861966983922138,Pampeana,40.89,52.82,-4.095869743002778,12.0,58.49,buenos aires,3.259377064215485,232.9267583333333
6,buenos aires,6105,bolívar,2020,459,37194,1234.0700112921438,1.234070011292144,Pampeana,32.99,39.14,-22.513076245380446,12.0,35.38,buenos aires,-0.9060548261871636,333.64571666666666
6,buenos aires,6105,bolívar,2021,461,37194,1239.447222670323,1.239447222670323,Pampeana,53.36,40.47,10.894768613448491,12.0,51.34,buenos aires,5.042551890559444,499.07357500000006
6,buenos aires,6105,bolívar,2022,485,37194,1303.9737592084746,1.3039737592084746,Pampeana,90.36,100.29,16.258768970195426,12.0,94.78,buenos aires,9.714658640109942,855.2844833333334
6,buenos aires,6105,bolívar,2023,472,37194,1269.0218852503092,1.2690218852503092,Pampeana,152.68,225.08,6.451770318872274,12.0,276.35,buenos aires,7.971207677952541,1996.2926583333333
6,buenos aires,6105,bolívar,2024,396,37194,1064.6878528794966,1.0646878528794967,Pampeana,145.47,106.62,-17.002317565429593,12.0,67.1,buenos aires,2.207989387423237,6356.215883333333
6,buenos aires,6112,bragado,2017,294,46227,635.9919527548835,0.6359919527548835,Pampeana,27.47,26.77,7.86512216770463,12.0,18.85,buenos aires,4.281204657664772,112.74496666666666
6,buenos aires,6112,bragado,2018,333,46227,720.3582322019598,0.7203582322019598,Pampeana,29.71,52.86,2.8043835398188,12.0,73.5,buenos aires,-0.0845716233711546,151.7446
6,buenos aires,6112,bragado,2019,517,46227,1118.3940121573971,1.1183940121573972,Pampeana,40.89,52.82,-4.095869743002778,12.0,58.49,buenos aires,3.259377064215485,232.9267583333333
6,buenos aires,6112,bragado,2020,548,46227,1185.4543881281504,1.1854543881281503,Pampeana,32.99,39.14,-22.513076245380446,12.0,35.38,buenos aires,-0.9060548261871636,333.64571666666666
6,buenos aires,6112,bragado,2021,461,46227,997.2526878231338,0.9972526878231336,Pampeana,53.36,40.47,10.894768613448491,12.0,51.34,buenos aires,5.042551890559444,499.07357500000006
6,buenos aires,6112,bragado,2022,493,46227,1066.4763017284272,1.0664763017284271,Pampeana,90.36,100.29,16.258768970195426,12.0,94.78,buenos aires,9.714658640109942,855.2844833333334
6,buenos aires,6112,bragado,2023,607,46227,1313.085426266035,1.313085426266035,Pampeana,152.68,225.08,6.451770318872274,12.0,276.35,buenos aires,7.971207677952541,1996.2926583333333
6,buenos aires,6112,bragado,2024,522,46227,1129.210201830099,1.1292102018300991,Pampeana,145.47,106.62,-17.002317565429593,12.0,67.1,buenos aires,2.207989387423237,6356.215883333333
6,buenos aires,6119,brandsen,2017,291,32350,899.5363214837713,0.8995363214837713,Pampeana,27.47,26.77,7.86512216770463,12.0,18.85,buenos aires,4.281204657664772,112.74496666666666
6,buenos aires,6119,brandsen,2018,300,32350,927.357032457496,0.927357032457496,Pampeana,29.71,52.86,2.8043835398188,12.0,73.5,buenos aires,-0.0845716233711546,151.7446
6,buenos aires,6119,brandsen,2019,315,32350,973.724884080371,0.9737248840803712,Pampeana,40.89,52.82,-4.095869743002778,12.0,58.49,buenos aires,3.259377064215485,232.9267583333333
6,buenos aires,6119,brandsen,2020,223,32350,689.3353941267388,0.6893353941267388,Pampeana,32.99,39.14,-22.513076245380446,12.0,35.38,buenos aires,-0.9060548261871636,333.64571666666666
6,buenos aires,6119,brandsen,2021,278,32350,859.3508500772798,0.8593508500772797,Pampeana,53.36,40.47,10.894768613448491,12.0,51.34,buenos aires,5.042551890559444,499.07357500000006
6,buenos aires,6119,brandsen,2022,264,32350,816.0741885625965,0.8160741885625966,Pampeana,90.36,100.29,16.258768970195426,12.0,94.78,buenos aires,9.714658640109942,855.2844833333334
6,buenos aires,6119,brandsen,2023,309,32350,955.1777434312212,0.9551777434312212,Pampeana,152.68,225.08,6.451770318872274,12.0,276.35,buenos aires,7.971207677952541,1996.2926583333333
6,buenos aires,6119,brandsen,2024,402,32350,1242.658423493045,1.242658423493045,Pampeana,145.47,106.62,-17.002317565429593,12.0,67.1,buenos aires,2.207989387423237,6356.215883333333
6,buenos aires,6126,campana,2017,1338,107976,1239.1642587241608,1.239164258724161,Pampeana,27.47,26.77,7.86512216770463,12.0,18.85,buenos aires,4.281204657664772,112.74496666666666
6,buenos aires,6126,campana,2018,1281,107976,1186.374749944432,1.186374749944432,Pampeana,29.71,52.86,2.8043835398188,12.0,73.5,buenos aires,-0.0845716233711546,151.7446
6,buenos aires,6126,campana,2019,1509,107976,1397.532785063347,1.3975327850633474,Pampeana,40.89,52.82,-4.095869743002778,12.0,58.49,buenos aires,3.259377064215485,232.9267583333333
6,buenos aires,6126,campana,2020,1294,107976,1198.414462473142,1.198414462473142,Pampeana,32.99,39.14,-22.513076245380446,12.0,35.38,buenos aires,-0.9060548261871636,333.64571666666666
6,buenos aires,6126,campana,2021,1956,107976,1811.5136697043788,1.8115136697043788,Pampeana,53.36,40.47,10.894768613448491,12.0,51.34,buenos aires,5.042551890559444,499.07357500000006
6,buenos aires,6126,campana,2022,1958,107976,1813.365933170334,1.8133659331703345,Pampeana,90.36,100.29,16.258768970195426,12.0,94.78,buenos aires,9.714658640109942,855.2844833333334
6,buenos aires,6126,campana,2023,1940,107976,1796.6955619767357,1.7966955619767355,Pampeana,152.68,225.08,6.451770318872274,12.0,276.35,buenos aires,7.971207677952541,1996.2926583333333
6,buenos aires,6126,campana,2024,1936,107976,1792.991035044825,1.7929910350448246,Pampeana,145.47,106.62,-17.002317565429593,12.0,67.1,buenos aires,2.207989387423237,6356.215883333333
6,buenos aires,6134,cañuelas,2017,301,70542,426.6961526466502,0.4266961526466502,Pampeana,27.47,26.77,7.86512216770463,12.0,18.85,buenos aires,4.281204657664772,112.74496666666666
6,buenos aires,6134,cañuelas,2018,646,70542,915.7664937200534,0.9157664937200534,Pampeana,29.71,52.86,2.8043835398188,12.0,73.5,buenos aires,-0.0845716233711546,151.7446
6,buenos aires,6134,cañuelas,2019,1116,70542,1582.0362337330953,1.582036233733095,Pampeana,40.89,52.82,-4.095869743002778,12.0,58.49,buenos aires,3.259377064215485,232.9267583333333
6,buenos aires,6134,cañuelas,2020,1009,70542,1430.3535482407644,1.4303535482407643,Pampeana,32.99,39.14,-22.513076245380446,12.0,35.38,buenos aires,-0.9060548261871636,333.64571666666666
6,buenos aires,6134,cañuelas,2021,996,70542,1411.924810751042,1.411924810751042,Pampeana,53.36,40.47,10.894768613448491,12.0,51.34,buenos aires,5.042551890559444,499.07357500000006
6,buenos aires,6134,cañuelas,2022,1005,70542,1424.683167474696,1.424683167474696,Pampeana,90.36,100.29,16.258768970195426,12.0,94.78,buenos aires,9.714658640109942,855.2844833333334
6,buenos aires,6134,cañuelas,2023,1183,70542,1677.0151115647416,1.6770151115647416,Pampeana,152.68,225.08,6.451770318872274,12.0,276.35,buenos aires,7.971207677952541,1996.2926583333333
6,buenos aires,6134,cañuelas,2024,1338,70542,1896.7423662498936,1.896742366249894,Pampeana,145.47,106.62,-17.002317565429593,12.0,67.1,buenos aires,2.207989387423237,6356.215883333333
6,buenos aires,6140,capitán sarmiento,2017,143,15882,900.3903790454603,0.9003903790454604,Pampeana,27.47,26.77,7.86512216770463,12.0,18.85,buenos aires,4.281204657664772,112.74496666666666
6,buenos aires,6140,capitán sarmiento,2018,82,15882,516.3077698022919,0.516307769802292,Pampeana,29.71,52.86,2.8043835398188,12.0,73.5,buenos aires,-0.0845716233711546,151.7446
6,buenos aires,6140,capitán sarmiento,2019,136,15882,856.3153255257524,0.8563153255257524,Pampeana,40.89,52.82,-4.095869743002778,12.0,58.49,buenos aires,3.259377064215485,232.9267583333333
6,buenos aires,6140,capitán sarmiento,2020,128,15882,805.9438357889434,0.8059438357889434,Pampeana,32.99,39.14,-22.513076245380446,12.0,35.38,buenos aires,-0.9060548261871636,333.64571666666666
6,buenos aires,6140,capitán sarmiento,2021,83,15882,522.604206019393,0.522604206019393,Pampeana,53.36,40.47,10.894768613448491,12.0,51.34,buenos aires,5.042551890559444,499.07357500000006
6,buenos aires,6140,capitán sarmiento,2022,129,15882,812.2402720060446,0.8122402720060447,Pampeana,90.36,100.29,16.258768970195426,12.0,94.78,buenos aires,9.714658640109942,855.2844833333334
6,buenos aires,6140,capitán sarmiento,2023,150,15882,944.4654325651682,0.944465432565168,Pampeana,152.68,225.08,6.451770318872274,12.0,276.35,buenos aires,7.971207677952541,1996.2926583333333
6,buenos aires,6140,capitán sarmiento,2024,200,15882,1259.287243420224,1.2592872434202242,Pampeana,145.47,106.62,-17.002317565429593,12.0,67.1,buenos aires,2.207989387423237,6356.215883333333
6,buenos aires,6147,carlos casares,2017,135,22905,589.3909626719058,0.5893909626719057,Pampeana,27.47,26.77,7.86512216770463,12.0,18.85,buenos aires,4.281204657664772,112.74496666666666
6,buenos aires,6147,carlos casares,2018,192,22905,838.2449246889325,0.8382449246889325,Pampeana,29.71,52.86,2.8043835398188,12.0,73.5,buenos aires,-0.0845716233711546,151.7446
6,buenos aires,6147,carlos casares,2019,161,22905,702.903296223532,0.702903296223532,Pampeana,40.89,52.82,-4.095869743002778,12.0,58.49,buenos aires,3.259377064215485,232.9267583333333
6,buenos aires,6147,carlos casares,2020,112,22905,488.976206068544,0.488976206068544,Pampeana,32.99,39.14,-22.513076245380446,12.0,35.38,buenos aires,-0.9060548261871636,333.64571666666666
6,buenos aires,6147,carlos casares,2021,85,22905,371.0980135341629,0.3710980135341628,Pampeana,53.36,40.47,10.894768613448491,12.0,51.34,buenos aires,5.042551890559444,499.07357500000006
6,buenos aires,6147,carlos casares,2022,103,22905,449.6834752237503,0.4496834752237503,Pampeana,90.36,100.29,16.258768970195426,12.0,94.78,buenos aires,9.714658640109942,855.2844833333334
6,buenos aires,6147,carlos casares,2023,142,22905,619.9519755511897,0.6199519755511896,Pampeana,152.68,225.08,6.451770318872274,12.0,276.35,buenos aires,7.971207677952541,1996.2926583333333
6,buenos aires,6147,carlos casares,2024,219,22905,956.1231172233138,0.9561231172233138,Pampeana,145.47,106.62,-17.002317565429593,12.0,67.1,buenos aires,2.207989387423237,6356.215883333333
6,buenos aires,6154,carlos tejedor,2017,52,14007,371.2429499535946,0.3712429499535946,Pampeana,27.47,26.77,7.86512216770463,12.0,18.85,buenos aires,4.281204657664772,112.74496666666666
6,buenos aires,6154,carlos tejedor,2018,42,14007,299.8500749625187,0.2998500749625187,Pampeana,29.71,52.86,2.8043835398188,12.0,73.5,buenos aires,-0.0845716233711546,151.7446
6,buenos aires,6154,carlos tejedor,2019,52,14007,371.2429499535946,0.3712429499535946,Pampeana,40.89,52.82,-4.095869743002778,12.0,58.49,buenos aires,3.259377064215485,232.9267583333333
6,buenos aires,6154,carlos tejedor,2020,48,14007,342.68579995716425,0.3426857999571642,Pampeana,32.99,39.14,-22.513076245380446,12.0,35.38,buenos aires,-0.9060548261871636,333.64571666666666
6,buenos aires,6154,carlos tejedor,2021,52,14007,371.2429499535946,0.3712429499535946,Pampeana,53.36,40.47,10.894768613448491,12.0,51.34,buenos aires,5.042551890559444,499.07357500000006
6,buenos aires,6154,carlos tejedor,2022,49,14007,349.8250874562719,0.3498250874562719,Pampeana,90.36,100.29,16.258768970195426,12.0,94.78,buenos aires,9.714658640109942,855.2844833333334
6,buenos aires,6154,carlos tejedor,2023,61,14007,435.4965374455629,0.4354965374455629,Pampeana,152.68,225.08,6.451770318872274,12.0,276.35,buenos aires,7.971207677952541,1996.2926583333333
6,buenos aires,6154,carlos tejedor,2024,61,14007,435.4965374455629,0.4354965374455629,Pampeana,145.47,106.62,-17.002317565429593,12.0,67.1,buenos aires,2.207989387423237,6356.215883333333
6,buenos aires,6161,carmen de areco,2017,109,17345,628.423176707985,0.6284231767079851,Pampeana,27.47,26.77,7.86512216770463,12.0,18.85,buenos aires,4.281204657664772,112.74496666666666
6,buenos aires,6161,carmen de areco,2018,60,17345,345.9210147016431,0.3459210147016431,Pampeana,29.71,52.86,2.8043835398188,12.0,73.5,buenos aires,-0.0845716233711546,151.7446
6,buenos aires,6161,carmen de areco,2019,162,17345,933.9867396944364,0.9339867396944364,Pampeana,40.89,52.82,-4.095869743002778,12.0,58.49,buenos aires,3.259377064215485,232.9267583333333
6,buenos aires,6161,carmen de areco,2020,148,17345,853.271836264053,0.853271836264053,Pampeana,32.99,39.14,-22.513076245380446,12.0,35.38,buenos aires,-0.9060548261871636,333.64571666666666
6,buenos aires,6161,carmen de areco,2021,195,17345,1124.24329778034,1.12424329778034,Pampeana,53.36,40.47,10.894768613448491,12.0,51.34,buenos aires,5.042551890559444,499.07357500000006
6,buenos aires,6161,carmen de areco,2022,277,17345,1597.0020178725858,1.597002017872586,Pampeana,90.36,100.29,16.258768970195426,12.0,94.78,buenos aires,9.714658640109942,855.2844833333334
6,buenos aires,6161,carmen de areco,2023,363,17345,2092.822138944941,2.092822138944941,Pampeana,152.68,225.08,6.451770318872274,12.0,276.35,buenos aires,7.971207677952541,1996.2926583333333
6,buenos aires,6161,carmen de areco,2024,347,17345,2000.5765350245024,2.0005765350245026,Pampeana,145.47,106.62,-17.002317565429593,12.0,67.1,buenos aires,2.207989387423237,6356.215883333333
6,buenos aires,6168,castelli,2017,32,9551,335.0434509475448,0.3350434509475448,Pampeana,27.47,26.77,7.86512216770463,12.0,18.85,buenos aires,4.281204657664772,112.74496666666666
6,buenos aires,6168,castelli,2018,33,9551,345.5135587896555,0.3455135587896555,Pampeana,29.71,52.86,2.8043835398188,12.0,73.5,buenos aires,-0.0845716233711546,151.7446
6,buenos aires,6168,castelli,2019,64,9551,670.0869018950896,0.6700869018950896,Pampeana,40.89,52.82,-4.095869743002778,12.0,58.49,buenos aires,3.259377064215485,232.9267583333333
6,buenos aires,6168,castelli,2020,73,9551,764.3178724740865,0.7643178724740864,Pampeana,32.99,39.14,-22.513076245380446,12.0,35.38,buenos aires,-0.9060548261871636,333.64571666666666
6,buenos aires,6168,castelli,2021,95,9551,994.6602450005236,0.9946602450005236,Pampeana,53.36,40.47,10.894768613448491,12.0,51.34,buenos aires,5.042551890559444,499.07357500000006
6,buenos aires,6168,castelli,2022,99,9551,1036.5406763689666,1.0365406763689666,Pampeana,90.36,100.29,16.258768970195426,12.0,94.78,buenos aires,9.714658640109942,855.2844833333334
6,buenos aires,6168,castelli,2023,82,9551,858.5488430530834,0.8585488430530833,Pampeana,152.68,225.08,6.451770318872274,12.0,276.35,buenos aires,7.971207677952541,1996.2926583333333
6,buenos aires,6168,castelli,2024,115,9551,1204.062401842739,1.204062401842739,Pampeana,145.47,106.62,-17.002317565429593,12.0,67.1,buenos aires,2.207989387423237,6356.215883333333
6,buenos aires,6175,colón,2017,533,27406,1944.829599357805,1.9448295993578049,Pampeana,27.47,26.77,7.86512216770463,12.0,18.85,buenos aires,4.281204657664772,112.74496666666666
6,buenos aires,6175,colón,2018,517,27406,1886.4482230168576,1.8864482230168576,Pampeana,29.71,52.86,2.8043835398188,12.0,73.5,buenos aires,-0.0845716233711546,151.7446
6,buenos aires,6175,colón,2019,586,27406,2138.2179084871927,2.1382179084871926,Pampeana,40.89,52.82,-4.095869743002778,12.0,58.49,buenos aires,3.259377064215485,232.9267583333333
6,buenos aires,6175,colón,2020,431,27406,1572.648325184266,1.572648325184266,Pampeana,32.99,39.14,-22.513076245380446,12.0,35.38,buenos aires,-0.9060548261871636,333.64571666666666
6,buenos aires,6175,colón,2021,366,27406,1335.473983799168,1.335473983799168,Pampeana,53.36,40.47,10.894768613448491,12.0,51.34,buenos aires,5.042551890559444,499.07357500000006
6,buenos aires,6175,colón,2022,290,27406,1058.162446179669,1.0581624461796688,Pampeana,90.36,100.29,16.258768970195426,12.0,94.78,buenos aires,9.714658640109942,855.2844833333334
6,buenos aires,6175,colón,2023,314,27406,1145.7345106910896,1.1457345106910897,Pampeana,152.68,225.08,6.451770318872274,12.0,276.35,buenos aires,7.971207677952541,1996.2926583333333
6,buenos aires,6175,colón,2024,410,27406,1496.022768736773,1.496022768736773,Pampeana,145.47,106.62,-17.002317565429593,12.0,67.1,buenos aires,2.207989387423237,6356.215883333333
6,buenos aires,6182,coronel de marina l. rosales,2017,259,65823,393.4794828555368,0.3934794828555368,Pampeana,27.47,26.77,7.86512216770463,12.0,18.85,buenos aires,4.281204657664772,112.74496666666666
6,buenos aires,6182,coronel de marina l. rosales,2018,443,65823,673.0170305212464,0.6730170305212464,Pampeana,29.71,52.86,2.8043835398188,12.0,73.5,buenos aires,-0.0845716233711546,151.7446
6,buenos aires,6182,coronel de marina l. rosales,2019,733,65823,1113.5925132552452,1.113592513255245,Pampeana,40.89,52.82,-4.095869743002778,12.0,58.49,buenos aires,3.259377064215485,232.9267583333333
6,buenos aires,6182,coronel de marina l. rosales,2020,716,65823,1087.7656746122177,1.0877656746122175,Pampeana,32.99,39.14,-22.513076245380446,12.0,35.38,buenos aires,-0.9060548261871636,333.64571666666666
6,buenos aires,6182,coronel de marina l. rosales,2021,726,65823,1102.9579326375278,1.1029579326375278,Pampeana,53.36,40.47,10.894768613448491,12.0,51.34,buenos aires,5.042551890559444,499.07357500000006
6,buenos aires,6182,coronel de marina l. rosales,2022,875,65823,1329.3225772146511,1.3293225772146513,Pampeana,90.36,100.29,16.258768970195426,12.0,94.78,buenos aires,9.714658640109942,855.2844833333334
6,buenos aires,6182,coronel de marina l. rosales,2023,1135,65823,1724.3212858727195,1.7243212858727195,Pampeana,152.68,225.08,6.451770318872274,12.0,276.35,buenos aires,7.971207677952541,1996.2926583333333
6,buenos aires,6182,coronel de marina l. rosales,2024,913,65823,1387.0531577108306,1.3870531577108305,Pampeana,145.47,106.62,-17.002317565429593,12.0,67.1,buenos aires,2.207989387423237,6356.215883333333
6,buenos aires,6189,coronel dorrego,2017,102,15795,645.7739791073125,0.6457739791073124,Pampeana,27.47,26.77,7.86512216770463,12.0,18.85,buenos aires,4.281204657664772,112.74496666666666
6,buenos aires,6189,coronel dorrego,2018,141,15795,892.687559354226,0.892687559354226,Pampeana,29.71,52.86,2.8043835398188,12.0,73.5,buenos aires,-0.0845716233711546,151.7446
6,buenos aires,6189,coronel dorrego,2019,140,15795,886.3564419119974,0.8863564419119974,Pampeana,40.89,52.82,-4.095869743002778,12.0,58.49,buenos aires,3.259377064215485,232.9267583333333
6,buenos aires,6189,coronel dorrego,2020,132,15795,835.7075023741692,0.8357075023741691,Pampeana,32.99,39.14,-22.513076245380446,12.0,35.38,buenos aires,-0.9060548261871636,333.64571666666666
6,buenos aires,6189,coronel dorrego,2021,115,15795,728.0785058562836,0.7280785058562836,Pampeana,53.36,40.47,10.894768613448491,12.0,51.34,buenos aires,5.042551890559444,499.07357500000006
6,buenos aires,6189,coronel dorrego,2022,132,15795,835.7075023741692,0.8357075023741691,Pampeana,90.36,100.29,16.258768970195426,12.0,94.78,buenos aires,9.714658640109942,855.2844833333334
6,buenos aires,6189,coronel dorrego,2023,118,15795,747.0718581829693,0.7470718581829693,Pampeana,152.68,225.08,6.451770318872274,12.0,276.35,buenos aires,7.971207677952541,1996.2926583333333
6,buenos aires,6189,coronel dorrego,2024,161,15795,1019.3099081987972,1.019309908198797,Pampeana,145.47,106.62,-17.002317565429593,12.0,67.1,buenos aires,2.207989387423237,6356.215883333333
6,buenos aires,6196,coronel pringles,2017,141,24110,584.8195769390294,0.5848195769390294,Pampeana,27.47,26.77,7.86512216770463,12.0,18.85,buenos aires,4.281204657664772,112.74496666666666
6,buenos aires,6196,coronel pringles,2018,176,24110,729.9875570302779,0.7299875570302778,Pampeana,29.71,52.86,2.8043835398188,12.0,73.5,buenos aires,-0.0845716233711546,151.7446
6,buenos aires,6196,coronel pringles,2019,242,24110,1003.732890916632,1.003732890916632,Pampeana,40.89,52.82,-4.095869743002778,12.0,58.49,buenos aires,3.259377064215485,232.9267583333333
6,buenos aires,6196,coronel pringles,2020,240,24110,995.4375777685608,0.9954375777685608,Pampeana,32.99,39.14,-22.513076245380446,12.0,35.38,buenos aires,-0.9060548261871636,333.64571666666666
6,buenos aires,6196,coronel pringles,2021,299,24110,1240.1493156366653,1.2401493156366654,Pampeana,53.36,40.47,10.894768613448491,12.0,51.34,buenos aires,5.042551890559444,499.07357500000006
6,buenos aires,6196,coronel pringles,2022,365,24110,1513.8946495230196,1.5138946495230197,Pampeana,90.36,100.29,16.258768970195426,12.0,94.78,buenos aires,9.714658640109942,855.2844833333334
6,buenos aires,6196,coronel pringles,2023,485,24110,2011.6134384073,2.0116134384073,Pampeana,152.68,225.08,6.451770318872274,12.0,276.35,buenos aires,7.971207677952541,1996.2926583333333
6,buenos aires,6196,coronel pringles,2024,386,24110,1600.9954375777686,1.6009954375777686,Pampeana,145.47,106.62,-17.002317565429593,12.0,67.1,buenos aires,2.207989387423237,6356.215883333333
6,buenos aires,6203,coronel suárez,2017,205,41713,491.4535037038813,0.4914535037038813,Pampeana,27.47,26.77,7.86512216770463,12.0,18.85,buenos aires,4.281204657664772,112.74496666666666
6,buenos aires,6203,coronel suárez,2018,224,41713,537.0028528276557,0.5370028528276557,Pampeana,29.71,52.86,2.8043835398188,12.0,73.5,buenos aires,-0.0845716233711546,151.7446
6,buenos aires,6203,coronel suárez,2019,202,41713,484.26150121065376,0.4842615012106537,Pampeana,40.89,52.82,-4.095869743002778,12.0,58.49,buenos aires,3.259377064215485,232.9267583333333
6,buenos aires,6203,coronel suárez,2020,240,41713,575.3601994582025,0.5753601994582025,Pampeana,32.99,39.14,-22.513076245380446,12.0,35.38,buenos aires,-0.9060548261871636,333.64571666666666
6,buenos aires,6203,coronel suárez,2021,302,41713,723.9949176515714,0.7239949176515714,Pampeana,53.36,40.47,10.894768613448491,12.0,51.34,buenos aires,5.042551890559444,499.07357500000006
6,buenos aires,6203,coronel suárez,2022,332,41713,795.9149425838467,0.7959149425838468,Pampeana,90.36,100.29,16.258768970195426,12.0,94.78,buenos aires,9.714658640109942,855.2844833333334
6,buenos aires,6203,coronel suárez,2023,379,41713,908.589648311078,0.908589648311078,Pampeana,152.68,225.08,6.451770318872274,12.0,276.35,buenos aires,7.971207677952541,1996.2926583333333
6,buenos aires,6203,coronel suárez,2024,344,41713,824.682952556757,0.8246829525567569,Pampeana,145.47,106.62,-17.002317565429593,12.0,67.1,buenos aires,2.207989387423237,6356.215883333333
6,buenos aires,6210,chacabuco,2017,244,52409,465.56889083935965,0.4655688908393596,Pampeana,27.47,26.77,7.86512216770463,12.0,18.85,buenos aires,4.281204657664772,112.74496666666666
6,buenos aires,6210,chacabuco,2018,237,52409,452.2124062660993,0.4522124062660993,Pampeana,29.71,52.86,2.8043835398188,12.0,73.5,buenos aires,-0.0845716233711546,151.7446
6,buenos aires,6210,chacabuco,2019,250,52409,477.0173061878685,0.4770173061878685,Pampeana,40.89,52.82,-4.095869743002778,12.0,58.49,buenos aires,3.259377064215485,232.9267583333333
6,buenos aires,6210,chacabuco,2020,206,52409,393.0622602988036,0.3930622602988036,Pampeana,32.99,39.14,-22.513076245380446,12.0,35.38,buenos aires,-0.9060548261871636,333.64571666666666
6,buenos aires,6210,chacabuco,2021,272,52409,518.9948291324009,0.5189948291324009,Pampeana,53.36,40.47,10.894768613448491,12.0,51.34,buenos aires,5.042551890559444,499.07357500000006
6,buenos aires,6210,chacabuco,2022,395,52409,753.6873437768322,0.7536873437768322,Pampeana,90.36,100.29,16.258768970195426,12.0,94.78,buenos aires,9.714658640109942,855.2844833333334
6,buenos aires,6210,chacabuco,2023,604,52409,1152.4738117498905,1.1524738117498905,Pampeana,152.68,225.08,6.451770318872274,12.0,276.35,buenos aires,7.971207677952541,1996.2926583333333
6,buenos aires,6210,chacabuco,2024,800,52409,1526.455379801179,1.5264553798011793,Pampeana,145.47,106.62,-17.002317565429593,12.0,67.1,buenos aires,2.207989387423237,6356.215883333333
6,buenos aires,6217,chascomús,2017,507,42191,1201.6780830034843,1.2016780830034843,Pampeana,27.47,26.77,7.86512216770463,12.0,18.85,buenos aires,4.281204657664772,112.74496666666666
6,buenos aires,6217,chascomús,2018,470,42191,1113.9816548553008,1.113981654855301,Pampeana,29.71,52.86,2.8043835398188,12.0,73.5,buenos aires,-0.0845716233711546,151.7446
6,buenos aires,6217,chascomús,2019,928,42191,2199.5212249057854,2.1995212249057854,Pampeana,40.89,52.82,-4.095869743002778,12.0,58.49,buenos aires,3.259377064215485,232.9267583333333
6,buenos aires,6217,chascomús,2020,944,42191,2237.4440046455406,2.2374440046455404,Pampeana,32.99,39.14,-22.513076245380446,12.0,35.38,buenos aires,-0.9060548261871636,333.64571666666666
6,buenos aires,6217,chascomús,2021,760,42191,1801.332037638359,1.801332037638359,Pampeana,53.36,40.47,10.894768613448491,12.0,51.34,buenos aires,5.042551890559444,499.07357500000006
6,buenos aires,6217,chascomús,2022,544,42191,1289.374511151667,1.2893745111516677,Pampeana,90.36,100.29,16.258768970195426,12.0,94.78,buenos aires,9.714658640109942,855.2844833333334
6,buenos aires,6217,chascomús,2023,453,42191,1073.6887013818111,1.0736887013818113,Pampeana,152.68,225.08,6.451770318872274,12.0,276.35,buenos aires,7.971207677952541,1996.2926583333333
6,buenos aires,6217,chascomús,2024,805,42191,1907.98985565642,1.90798985565642,Pampeana,145.47,106.62,-17.002317565429593,12.0,67.1,buenos aires,2.207989387423237,6356.215883333333
6,buenos aires,6224,chivilcoy,2017,220,70554,311.81789834736514,0.3118178983473652,Pampeana,27.47,26.77,7.86512216770463,12.0,18.85,buenos aires,4.281204657664772,112.74496666666666
6,buenos aires,6224,chivilcoy,2018,260,70554,368.5120616832497,0.3685120616832497,Pampeana,29.71,52.86,2.8043835398188,12.0,73.5,buenos aires,-0.0845716233711546,151.7446
6,buenos aires,6224,chivilcoy,2019,652,70554,924.1148623749184,0.9241148623749186,Pampeana,40.89,52.82,-4.095869743002778,12.0,58.49,buenos aires,3.259377064215485,232.9267583333333
6,buenos aires,6224,chivilcoy,2020,507,70554,718.598520282337,0.718598520282337,Pampeana,32.99,39.14,-22.513076245380446,12.0,35.38,buenos aires,-0.9060548261871636,333.64571666666666
6,buenos aires,6224,chivilcoy,2021,529,70554,749.7803101170734,0.7497803101170734,Pampeana,53.36,40.47,10.894768613448491,12.0,51.34,buenos aires,5.042551890559444,499.07357500000006
6,buenos aires,6224,chivilcoy,2022,624,70554,884.4289480397993,0.8844289480397992,Pampeana,90.36,100.29,16.258768970195426,12.0,94.78,buenos aires,9.714658640109942,855.2844833333334
6,buenos aires,6224,chivilcoy,2023,850,70554,1204.7509708875473,1.2047509708875472,Pampeana,152.68,225.08,6.451770318872274,12.0,276.35,buenos aires,7.971207677952541,1996.2926583333333
6,buenos aires,6224,chivilcoy,2024,725,70554,1027.581710462908,1.027581710462908,Pampeana,145.47,106.62,-17.002317565429593,12.0,67.1,buenos aires,2.207989387423237,6356.215883333333
6,buenos aires,6231,daireaux,2017,65,18328,354.6486250545613,0.3546486250545613,Pampeana,27.47,26.77,7.86512216770463,12.0,18.85,buenos aires,4.281204657664772,112.74496666666666
6,buenos aires,6231,daireaux,2018,49,18328,267.3505019642077,0.2673505019642077,Pampeana,29.71,52.86,2.8043835398188,12.0,73.5,buenos aires,-0.0845716233711546,151.7446
6,buenos aires,6231,daireaux,2019,79,18328,431.0344827586207,0.4310344827586206,Pampeana,40.89,52.82,-4.095869743002778,12.0,58.49,buenos aires,3.259377064215485,232.9267583333333
6,buenos aires,6231,daireaux,2020,103,18328,561.981667394151,0.561981667394151,Pampeana,32.99,39.14,-22.513076245380446,12.0,35.38,buenos aires,-0.9060548261871636,333.64571666666666
6,buenos aires,6231,daireaux,2021,129,18328,703.8411174159755,0.7038411174159755,Pampeana,53.36,40.47,10.894768613448491,12.0,51.34,buenos aires,5.042551890559444,499.07357500000006
6,buenos aires,6231,daireaux,2022,115,18328,627.4552597119163,0.6274552597119163,Pampeana,90.36,100.29,16.258768970195426,12.0,94.78,buenos aires,9.714658640109942,855.2844833333334
6,buenos aires,6231,daireaux,2023,130,18328,709.2972501091226,0.7092972501091226,Pampeana,152.68,225.08,6.451770318872274,12.0,276.35,buenos aires,7.971207677952541,1996.2926583333333
6,buenos aires,6231,daireaux,2024,137,18328,747.4901789611524,0.7474901789611523,Pampeana,145.47,106.62,-17.002317565429593,12.0,67.1,buenos aires,2.207989387423237,6356.215883333333
6,buenos aires,6238,dolores,2017,218,31405,694.1569813723929,0.6941569813723929,Pampeana,27.47,26.77,7.86512216770463,12.0,18.85,buenos aires,4.281204657664772,112.74496666666666
6,buenos aires,6238,dolores,2018,187,31405,595.4465849387041,0.5954465849387041,Pampeana,29.71,52.86,2.8043835398188,12.0,73.5,buenos aires,-0.0845716233711546,151.7446
6,buenos aires,6238,dolores,2019,282,31405,897.9461869129119,0.8979461869129118,Pampeana,40.89,52.82,-4.095869743002778,12.0,58.49,buenos aires,3.259377064215485,232.9267583333333
6,buenos aires,6238,dolores,2020,189,31405,601.8149976118452,0.6018149976118452,Pampeana,32.99,39.14,-22.513076245380446,12.0,35.38,buenos aires,-0.9060548261871636,333.64571666666666
6,buenos aires,6238,dolores,2021,218,31405,694.1569813723929,0.6941569813723929,Pampeana,53.36,40.47,10.894768613448491,12.0,51.34,buenos aires,5.042551890559444,499.07357500000006
6,buenos aires,6238,dolores,2022,209,31405,665.4991243432574,0.6654991243432574,Pampeana,90.36,100.29,16.258768970195426,12.0,94.78,buenos aires,9.714658640109942,855.2844833333334
6,buenos aires,6238,dolores,2023,346,31405,1101.735392453431,1.101735392453431,Pampeana,152.68,225.08,6.451770318872274,12.0,276.35,buenos aires,7.971207677952541,1996.2926583333333
6,buenos aires,6238,dolores,2024,476,31405,1515.6822162076105,1.5156822162076102,Pampeana,145.47,106.62,-17.002317565429593,12.0,67.1,buenos aires,2.207989387423237,6356.215883333333
6,buenos aires,6245,ensenada,2017,685,63978,1070.6805464378378,1.070680546437838,Pampeana,27.47,26.77,7.86512216770463,12.0,18.85,buenos aires,4.281204657664772,112.74496666666666
6,buenos aires,6245,ensenada,2018,716,63978,1119.1347025540028,1.1191347025540028,Pampeana,29.71,52.86,2.8043835398188,12.0,73.5,buenos aires,-0.0845716233711546,151.7446
6,buenos aires,6245,ensenada,2019,828,63978,1294.1948794898246,1.2941948794898246,Pampeana,40.89,52.82,-4.095869743002778,12.0,58.49,buenos aires,3.259377064215485,232.9267583333333
6,buenos aires,6245,ensenada,2020,687,63978,1073.8066210259778,1.0738066210259778,Pampeana,32.99,39.14,-22.513076245380446,12.0,35.38,buenos aires,-0.9060548261871636,333.64571666666666
6,buenos aires,6245,ensenada,2021,413,63978,645.5344024508424,0.6455344024508425,Pampeana,53.36,40.47,10.894768613448491,12.0,51.34,buenos aires,5.042551890559444,499.07357500000006
6,buenos aires,6245,ensenada,2022,296,63978,462.65903904467154,0.4626590390446715,Pampeana,90.36,100.29,16.258768970195426,12.0,94.78,buenos aires,9.714658640109942,855.2844833333334
6,buenos aires,6245,ensenada,2023,336,63978,525.1805308074651,0.5251805308074651,Pampeana,152.68,225.08,6.451770318872274,12.0,276.35,buenos aires,7.971207677952541,1996.2926583333333
6,buenos aires,6245,ensenada,2024,400,63978,625.2149176279346,0.6252149176279347,Pampeana,145.47,106.62,-17.002317565429593,12.0,67.1,buenos aires,2.207989387423237,6356.215883333333
6,buenos aires,6252,escobar,2017,3764,256071,1469.9048310820046,1.4699048310820046,Pampeana,27.47,26.77,7.86512216770463,12.0,18.85,buenos aires,4.281204657664772,112.74496666666666
6,buenos aires,6252,escobar,2018,3522,256071,1375.399791464086,1.375399791464086,Pampeana,29.71,52.86,2.8043835398188,12.0,73.5,buenos aires,-0.0845716233711546,151.7446
6,buenos aires,6252,escobar,2019,4608,256071,1799.5009196668111,1.7995009196668112,Pampeana,40.89,52.82,-4.095869743002778,12.0,58.49,buenos aires,3.259377064215485,232.9267583333333
6,buenos aires,6252,escobar,2020,3082,256071,1203.5724467042344,1.2035724467042344,Pampeana,32.99,39.14,-22.513076245380446,12.0,35.38,buenos aires,-0.9060548261871636,333.64571666666666
6,buenos aires,6252,escobar,2021,3613,256071,1410.936810493965,1.4109368104939646,Pampeana,53.36,40.47,10.894768613448491,12.0,51.34,buenos aires,5.042551890559444,499.07357500000006
6,buenos aires,6252,escobar,2022,3193,256071,1246.9197995868333,1.2469197995868333,Pampeana,90.36,100.29,16.258768970195426,12.0,94.78,buenos aires,9.714658640109942,855.2844833333334
6,buenos aires,6252,escobar,2023,3396,256071,1326.1946881919469,1.3261946881919469,Pampeana,152.68,225.08,6.451770318872274,12.0,276.35,buenos aires,7.971207677952541,1996.2926583333333
6,buenos aires,6252,escobar,2024,3539,256071,1382.0385752388986,1.3820385752388986,Pampeana,145.47,106.62,-17.002317565429593,12.0,67.1,buenos aires,2.207989387423237,6356.215883333333
6,buenos aires,6260,esteban echeverría,2017,3401,337880,1006.570380016574,1.006570380016574,Pampeana,27.47,26.77,7.86512216770463,12.0,18.85,buenos aires,4.281204657664772,112.74496666666666
6,buenos aires,6260,esteban echeverría,2018,2878,337880,851.781697644134,0.851781697644134,Pampeana,29.71,52.86,2.8043835398188,12.0,73.5,buenos aires,-0.0845716233711546,151.7446
6,buenos aires,6260,esteban echeverría,2019,7478,337880,2213.2117911684622,2.2132117911684626,Pampeana,40.89,52.82,-4.095869743002778,12.0,58.49,buenos aires,3.259377064215485,232.9267583333333
6,buenos aires,6260,esteban echeverría,2020,6181,337880,1829.347697407364,1.829347697407364,Pampeana,32.99,39.14,-22.513076245380446,12.0,35.38,buenos aires,-0.9060548261871636,333.64571666666666
6,buenos aires,6260,esteban echeverría,2021,6359,337880,1882.029122765479,1.882029122765479,Pampeana,53.36,40.47,10.894768613448491,12.0,51.34,buenos aires,5.042551890559444,499.07357500000006
6,buenos aires,6260,esteban echeverría,2022,6324,337880,1871.6704155321413,1.8716704155321413,Pampeana,90.36,100.29,16.258768970195426,12.0,94.78,buenos aires,9.714658640109942,855.2844833333334
6,buenos aires,6260,esteban echeverría,2023,6250,337880,1849.7691488102284,1.8497691488102284,Pampeana,152.68,225.08,6.451770318872274,12.0,276.35,buenos aires,7.971207677952541,1996.2926583333333
6,buenos aires,6260,esteban echeverría,2024,5931,337880,1755.3569314549543,1.7553569314549544,Pampeana,145.47,106.62,-17.002317565429593,12.0,67.1,buenos aires,2.207989387423237,6356.215883333333
6,buenos aires,6266,exaltación de la cruz,2017,482,40036,1203.916475172345,1.2039164751723448,Pampeana,27.47,26.77,7.86512216770463,12.0,18.85,buenos aires,4.281204657664772,112.74496666666666
6,buenos aires,6266,exaltación de la cruz,2018,270,40036,674.3930462583675,0.6743930462583675,Pampeana,29.71,52.86,2.8043835398188,12.0,73.5,buenos aires,-0.0845716233711546,151.7446
6,buenos aires,6266,exaltación de la cruz,2019,473,40036,1181.4367069637326,1.1814367069637326,Pampeana,40.89,52.82,-4.095869743002778,12.0,58.49,buenos aires,3.259377064215485,232.9267583333333
6,buenos aires,6266,exaltación de la cruz,2020,436,40036,1089.019882106105,1.0890198821061046,Pampeana,32.99,39.14,-22.513076245380446,12.0,35.38,buenos aires,-0.9060548261871636,333.64571666666666
6,buenos aires,6266,exaltación de la cruz,2021,522,40036,1303.8265560995103,1.3038265560995104,Pampeana,53.36,40.47,10.894768613448491,12.0,51.34,buenos aires,5.042551890559444,499.07357500000006
6,buenos aires,6266,exaltación de la cruz,2022,611,40036,1526.1264861624538,1.5261264861624535,Pampeana,90.36,100.29,16.258768970195426,12.0,94.78,buenos aires,9.714658640109942,855.2844833333334
6,buenos aires,6266,exaltación de la cruz,2023,556,40036,1388.7501248876013,1.388750124887601,Pampeana,152.68,225.08,6.451770318872274,12.0,276.35,buenos aires,7.971207677952541,1996.2926583333333
6,buenos aires,6266,exaltación de la cruz,2024,484,40036,1208.9119792187032,1.208911979218703,Pampeana,145.47,106.62,-17.002317565429593,12.0,67.1,buenos aires,2.207989387423237,6356.215883333333
6,buenos aires,6270,ezeiza,2017,1268,198620,638.4049944617864,0.6384049944617863,Pampeana,27.47,26.77,7.86512216770463,12.0,18.85,buenos aires,4.281204657664772,112.74496666666666
6,buenos aires,6270,ezeiza,2018,941,198620,473.76900614238247,0.4737690061423824,Pampeana,29.71,52.86,2.8043835398188,12.0,73.5,buenos aires,-0.0845716233711546,151.7446
6,buenos aires,6270,ezeiza,2019,2548,198620,1282.8516765683214,1.2828516765683216,Pampeana,40.89,52.82,-4.095869743002778,12.0,58.49,buenos aires,3.259377064215485,232.9267583333333
6,buenos aires,6270,ezeiza,2020,1802,198620,907.2600946531064,0.9072600946531064,Pampeana,32.99,39.14,-22.513076245380446,12.0,35.38,buenos aires,-0.9060548261871636,333.64571666666666
6,buenos aires,6270,ezeiza,2021,1752,198620,882.0863961333199,0.8820863961333198,Pampeana,53.36,40.47,10.894768613448491,12.0,51.34,buenos aires,5.042551890559444,499.07357500000006
6,buenos aires,6270,ezeiza,2022,1821,198620,916.8261000906252,0.9168261000906252,Pampeana,90.36,100.29,16.258768970195426,12.0,94.78,buenos aires,9.714658640109942,855.2844833333334
6,buenos aires,6270,ezeiza,2023,2427,198620,1221.931326150438,1.221931326150438,Pampeana,152.68,225.08,6.451770318872274,12.0,276.35,buenos aires,7.971207677952541,1996.2926583333333
6,buenos aires,6270,ezeiza,2024,2857,198620,1438.4251334206022,1.4384251334206022,Pampeana,145.47,106.62,-17.002317565429593,12.0,67.1,buenos aires,2.207989387423237,6356.215883333333
6,buenos aires,6274,florencio varela,2017,3086,488103,632.2436043212191,0.6322436043212191,Pampeana,27.47,26.77,7.86512216770463,12.0,18.85,buenos aires,4.281204657664772,112.74496666666666
6,buenos aires,6274,florencio varela,2018,4059,488103,831.5867757420053,0.8315867757420053,Pampeana,29.71,52.86,2.8043835398188,12.0,73.5,buenos aires,-0.0845716233711546,151.7446
6,buenos aires,6274,florencio varela,2019,5242,488103,1073.9536532248317,1.0739536532248315,Pampeana,40.89,52.82,-4.095869743002778,12.0,58.49,buenos aires,3.259377064215485,232.9267583333333
6,buenos aires,6274,florencio varela,2020,4962,488103,1016.5887118087782,1.0165887118087782,Pampeana,32.99,39.14,-22.513076245380446,12.0,35.38,buenos aires,-0.9060548261871636,333.64571666666666
6,buenos aires,6274,florencio varela,2021,4712,488103,965.3700141158732,0.9653700141158732,Pampeana,53.36,40.47,10.894768613448491,12.0,51.34,buenos aires,5.042551890559444,499.07357500000006
6,buenos aires,6274,florencio varela,2022,3882,488103,795.3239377754285,0.7953239377754285,Pampeana,90.36,100.29,16.258768970195426,12.0,94.78,buenos aires,9.714658640109942,855.2844833333334
6,buenos aires,6274,florencio varela,2023,4512,488103,924.395055961549,0.924395055961549,Pampeana,152.68,225.08,6.451770318872274,12.0,276.35,buenos aires,7.971207677952541,1996.2926583333333
6,buenos aires,6274,florencio varela,2024,4985,488103,1021.3008319965252,1.021300831996525,Pampeana,145.47,106.62,-17.002317565429593,12.0,67.1,buenos aires,2.207989387423237,6356.215883333333
6,buenos aires,6277,florentino ameghino,2017,46,10759,427.5490287201413,0.4275490287201413,Pampeana,27.47,26.77,7.86512216770463,12.0,18.85,buenos aires,4.281204657664772,112.74496666666666
6,buenos aires,6277,florentino ameghino,2018,64,10759,594.850822567153,0.594850822567153,Pampeana,29.71,52.86,2.8043835398188,12.0,73.5,buenos aires,-0.0845716233711546,151.7446
6,buenos aires,6277,florentino ameghino,2019,70,10759,650.6180871828236,0.6506180871828237,Pampeana,40.89,52.82,-4.095869743002778,12.0,58.49,buenos aires,3.259377064215485,232.9267583333333
6,buenos aires,6277,florentino ameghino,2020,93,10759,864.3926015428942,0.8643926015428942,Pampeana,32.99,39.14,-22.513076245380446,12.0,35.38,buenos aires,-0.9060548261871636,333.64571666666666
6,buenos aires,6277,florentino ameghino,2021,132,10759,1226.8798215447532,1.2268798215447532,Pampeana,53.36,40.47,10.894768613448491,12.0,51.34,buenos aires,5.042551890559444,499.07357500000006
6,buenos aires,6277,florentino ameghino,2022,127,10759,1180.4071010316943,1.1804071010316946,Pampeana,90.36,100.29,16.258768970195426,12.0,94.78,buenos aires,9.714658640109942,855.2844833333334
6,buenos aires,6277,florentino ameghino,2023,152,10759,1412.7707035969884,1.4127707035969883,Pampeana,152.68,225.08,6.451770318872274,12.0,276.35,buenos aires,7.971207677952541,1996.2926583333333
6,buenos aires,6277,florentino ameghino,2024,149,10759,1384.8870712891533,1.3848870712891532,Pampeana,145.47,106.62,-17.002317565429593,12.0,67.1,buenos aires,2.207989387423237,6356.215883333333
6,buenos aires,6280,general alvarado,2017,307,45307,677.5994879378463,0.6775994879378463,Pampeana,27.47,26.77,7.86512216770463,12.0,18.85,buenos aires,4.281204657664772,112.74496666666666
6,buenos aires,6280,general alvarado,2018,293,45307,646.6991855563158,0.6466991855563158,Pampeana,29.71,52.86,2.8043835398188,12.0,73.5,buenos aires,-0.0845716233711546,151.7446
6,buenos aires,6280,general alvarado,2019,921,45307,2032.7984638135388,2.032798463813539,Pampeana,40.89,52.82,-4.095869743002778,12.0,58.49,buenos aires,3.259377064215485,232.9267583333333
6,buenos aires,6280,general alvarado,2020,818,45307,1805.460524863708,1.805460524863708,Pampeana,32.99,39.14,-22.513076245380446,12.0,35.38,buenos aires,-0.9060548261871636,333.64571666666666
6,buenos aires,6280,general alvarado,2021,622,45307,1372.8562915222817,1.3728562915222815,Pampeana,53.36,40.47,10.894768613448491,12.0,51.34,buenos aires,5.042551890559444,499.07357500000006
6,buenos aires,6280,general alvarado,2022,816,45307,1801.0461959520603,1.8010461959520605,Pampeana,90.36,100.29,16.258768970195426,12.0,94.78,buenos aires,9.714658640109942,855.2844833333334
6,buenos aires,6280,general alvarado,2023,1187,45307,2619.904209062617,2.619904209062617,Pampeana,152.68,225.08,6.451770318872274,12.0,276.35,buenos aires,7.971207677952541,1996.2926583333333
6,buenos aires,6280,general alvarado,2024,1488,45307,3284.260710265522,3.284260710265522,Pampeana,145.47,106.62,-17.002317565429593,12.0,67.1,buenos aires,2.207989387423237,6356.215883333333
6,buenos aires,6287,general alvear,2017,43,10150,423.6453201970443,0.4236453201970443,Pampeana,27.47,26.77,7.86512216770463,12.0,18.85,buenos aires,4.281204657664772,112.74496666666666
6,buenos aires,6287,general alvear,2018,58,10150,571.4285714285714,0.5714285714285714,Pampeana,29.71,52.86,2.8043835398188,12.0,73.5,buenos aires,-0.0845716233711546,151.7446
6,buenos aires,6287,general alvear,2019,87,10150,857.1428571428572,0.8571428571428572,Pampeana,40.89,52.82,-4.095869743002778,12.0,58.49,buenos aires,3.259377064215485,232.9267583333333
6,buenos aires,6287,general alvear,2020,68,10150,669.9507389162562,0.6699507389162562,Pampeana,32.99,39.14,-22.513076245380446,12.0,35.38,buenos aires,-0.9060548261871636,333.64571666666666
6,buenos aires,6287,general alvear,2021,115,10150,1133.0049261083743,1.1330049261083743,Pampeana,53.36,40.47,10.894768613448491,12.0,51.34,buenos aires,5.042551890559444,499.07357500000006
6,buenos aires,6287,general alvear,2022,120,10150,1182.266009852217,1.1822660098522169,Pampeana,90.36,100.29,16.258768970195426,12.0,94.78,buenos aires,9.714658640109942,855.2844833333334
6,buenos aires,6287,general alvear,2023,144,10150,1418.71921182266,1.41871921182266,Pampeana,152.68,225.08,6.451770318872274,12.0,276.35,buenos aires,7.971207677952541,1996.2926583333333
6,buenos aires,6287,general alvear,2024,98,10150,965.5172413793103,0.9655172413793104,Pampeana,145.47,106.62,-17.002317565429593,12.0,67.1,buenos aires,2.207989387423237,6356.215883333333
6,buenos aires,6294,general arenales,2017,36,16231,221.79779434415627,0.2217977943441562,Pampeana,27.47,26.77,7.86512216770463,12.0,18.85,buenos aires,4.281204657664772,112.74496666666666
6,buenos aires,6294,general arenales,2018,28,16231,172.50939560101045,0.1725093956010104,Pampeana,29.71,52.86,2.8043835398188,12.0,73.5,buenos aires,-0.0845716233711546,151.7446
6,buenos aires,6294,general arenales,2019,55,16231,338.8577413591276,0.3388577413591276,Pampeana,40.89,52.82,-4.095869743002778,12.0,58.49,buenos aires,3.259377064215485,232.9267583333333
6,buenos aires,6294,general arenales,2020,51,16231,314.2135419875547,0.3142135419875547,Pampeana,32.99,39.14,-22.513076245380446,12.0,35.38,buenos aires,-0.9060548261871636,333.64571666666666
6,buenos aires,6294,general arenales,2021,58,16231,357.3408908878073,0.3573408908878073,Pampeana,53.36,40.47,10.894768613448491,12.0,51.34,buenos aires,5.042551890559444,499.07357500000006
6,buenos aires,6294,general arenales,2022,64,16231,394.3071899451666,0.3943071899451666,Pampeana,90.36,100.29,16.258768970195426,12.0,94.78,buenos aires,9.714658640109942,855.2844833333334
6,buenos aires,6294,general arenales,2023,73,16231,449.75663853120574,0.4497566385312057,Pampeana,152.68,225.08,6.451770318872274,12.0,276.35,buenos aires,7.971207677952541,1996.2926583333333
6,buenos aires,6294,general arenales,2024,104,16231,640.7491836608958,0.6407491836608958,Pampeana,145.47,106.62,-17.002317565429593,12.0,67.1,buenos aires,2.207989387423237,6356.215883333333
6,buenos aires,6301,general belgrano,2017,250,20674,1209.2483312373029,1.209248331237303,Pampeana,27.47,26.77,7.86512216770463,12.0,18.85,buenos aires,4.281204657664772,112.74496666666666
6,buenos aires,6301,general belgrano,2018,227,20674,1097.997484763471,1.097997484763471,Pampeana,29.71,52.86,2.8043835398188,12.0,73.5,buenos aires,-0.0845716233711546,151.7446
6,buenos aires,6301,general belgrano,2019,277,20674,1339.8471510109316,1.3398471510109315,Pampeana,40.89,52.82,-4.095869743002778,12.0,58.49,buenos aires,3.259377064215485,232.9267583333333
6,buenos aires,6301,general belgrano,2020,166,20674,802.9408919415691,0.8029408919415691,Pampeana,32.99,39.14,-22.513076245380446,12.0,35.38,buenos aires,-0.9060548261871636,333.64571666666666
6,buenos aires,6301,general belgrano,2021,183,20674,885.1697784657057,0.8851697784657057,Pampeana,53.36,40.47,10.894768613448491,12.0,51.34,buenos aires,5.042551890559444,499.07357500000006
6,buenos aires,6301,general belgrano,2022,189,20674,914.191738415401,0.914191738415401,Pampeana,90.36,100.29,16.258768970195426,12.0,94.78,buenos aires,9.714658640109942,855.2844833333334
6,buenos aires,6301,general belgrano,2023,203,20674,981.9096449646898,0.98190964496469,Pampeana,152.68,225.08,6.451770318872274,12.0,276.35,buenos aires,7.971207677952541,1996.2926583333333
6,buenos aires,6301,general belgrano,2024,218,20674,1054.464544838928,1.054464544838928,Pampeana,145.47,106.62,-17.002317565429593,12.0,67.1,buenos aires,2.207989387423237,6356.215883333333
6,buenos aires,6308,general guido,2017,4,3157,126.70256572695595,0.1267025657269559,Pampeana,27.47,26.77,7.86512216770463,12.0,18.85,buenos aires,4.281204657664772,112.74496666666666
6,buenos aires,6308,general guido,2018,5,3157,158.37820715869498,0.1583782071586949,Pampeana,29.71,52.86,2.8043835398188,12.0,73.5,buenos aires,-0.0845716233711546,151.7446
6,buenos aires,6308,general guido,2019,8,3157,253.40513145391196,0.2534051314539119,Pampeana,40.89,52.82,-4.095869743002778,12.0,58.49,buenos aires,3.259377064215485,232.9267583333333
6,buenos aires,6308,general guido,2020,5,3157,158.37820715869498,0.1583782071586949,Pampeana,32.99,39.14,-22.513076245380446,12.0,35.38,buenos aires,-0.9060548261871636,333.64571666666666
6,buenos aires,6308,general guido,2021,16,3157,506.8102629078239,0.5068102629078239,Pampeana,53.36,40.47,10.894768613448491,12.0,51.34,buenos aires,5.042551890559444,499.07357500000006
6,buenos aires,6308,general guido,2022,9,3157,285.08077288565096,0.2850807728856509,Pampeana,90.36,100.29,16.258768970195426,12.0,94.78,buenos aires,9.714658640109942,855.2844833333334
6,buenos aires,6308,general guido,2023,17,3157,538.4859043395629,0.5384859043395629,Pampeana,152.68,225.08,6.451770318872274,12.0,276.35,buenos aires,7.971207677952541,1996.2926583333333
6,buenos aires,6308,general guido,2024,14,3157,443.4589800443459,0.4434589800443459,Pampeana,145.47,106.62,-17.002317565429593,12.0,67.1,buenos aires,2.207989387423237,6356.215883333333
6,buenos aires,6315,general juan madariaga,2017,95,22566,420.98732606576266,0.4209873260657626,Pampeana,27.47,26.77,7.86512216770463,12.0,18.85,buenos aires,4.281204657664772,112.74496666666666
6,buenos aires,6315,general juan madariaga,2018,75,22566,332.3584153150758,0.3323584153150757,Pampeana,29.71,52.86,2.8043835398188,12.0,73.5,buenos aires,-0.0845716233711546,151.7446
6,buenos aires,6315,general juan madariaga,2019,255,22566,1130.0186120712576,1.1300186120712576,Pampeana,40.89,52.82,-4.095869743002778,12.0,58.49,buenos aires,3.259377064215485,232.9267583333333
6,buenos aires,6315,general juan madariaga,2020,294,22566,1302.844988035097,1.302844988035097,Pampeana,32.99,39.14,-22.513076245380446,12.0,35.38,buenos aires,-0.9060548261871636,333.64571666666666
6,buenos aires,6315,general juan madariaga,2021,147,22566,651.4224940175485,0.6514224940175485,Pampeana,53.36,40.47,10.894768613448491,12.0,51.34,buenos aires,5.042551890559444,499.07357500000006
6,buenos aires,6315,general juan madariaga,2022,146,22566,646.9910484800141,0.6469910484800142,Pampeana,90.36,100.29,16.258768970195426,12.0,94.78,buenos aires,9.714658640109942,855.2844833333334
6,buenos aires,6315,general juan madariaga,2023,346,22566,1533.2801559868828,1.533280155986883,Pampeana,152.68,225.08,6.451770318872274,12.0,276.35,buenos aires,7.971207677952541,1996.2926583333333
6,buenos aires,6315,general juan madariaga,2024,395,22566,1750.420987326066,1.750420987326066,Pampeana,145.47,106.62,-17.002317565429593,12.0,67.1,buenos aires,2.207989387423237,6356.215883333333
6,buenos aires,6322,general la madrid,2017,61,11535,528.8253142609449,0.5288253142609449,Pampeana,27.47,26.77,7.86512216770463,12.0,18.85,buenos aires,4.281204657664772,112.74496666666666
6,buenos aires,6322,general la madrid,2018,63,11535,546.1638491547465,0.5461638491547465,Pampeana,29.71,52.86,2.8043835398188,12.0,73.5,buenos aires,-0.0845716233711546,151.7446
6,buenos aires,6322,general la madrid,2019,80,11535,693.541395752059,0.693541395752059,Pampeana,40.89,52.82,-4.095869743002778,12.0,58.49,buenos aires,3.259377064215485,232.9267583333333
6,buenos aires,6322,general la madrid,2020,56,11535,485.4789770264413,0.4854789770264412,Pampeana,32.99,39.14,-22.513076245380446,12.0,35.38,buenos aires,-0.9060548261871636,333.64571666666666
6,buenos aires,6322,general la madrid,2021,74,11535,641.5257910706546,0.6415257910706545,Pampeana,53.36,40.47,10.894768613448491,12.0,51.34,buenos aires,5.042551890559444,499.07357500000006
6,buenos aires,6322,general la madrid,2022,54,11535,468.14044213263975,0.4681404421326397,Pampeana,90.36,100.29,16.258768970195426,12.0,94.78,buenos aires,9.714658640109942,855.2844833333334
6,buenos aires,6322,general la madrid,2023,106,11535,918.942349371478,0.918942349371478,Pampeana,152.68,225.08,6.451770318872274,12.0,276.35,buenos aires,7.971207677952541,1996.2926583333333
6,buenos aires,6322,general la madrid,2024,91,11535,788.903337667967,0.788903337667967,Pampeana,145.47,106.62,-17.002317565429593,12.0,67.1,buenos aires,2.207989387423237,6356.215883333333
6,buenos aires,6329,general las heras,2017,63,17980,350.38932146829814,0.3503893214682981,Pampeana,27.47,26.77,7.86512216770463,12.0,18.85,buenos aires,4.281204657664772,112.74496666666666
6,buenos aires,6329,general las heras,2018,61,17980,339.265850945495,0.339265850945495,Pampeana,29.71,52.86,2.8043835398188,12.0,73.5,buenos aires,-0.0845716233711546,151.7446
6,buenos aires,6329,general las heras,2019,100,17980,556.1735261401558,0.5561735261401557,Pampeana,40.89,52.82,-4.095869743002778,12.0,58.49,buenos aires,3.259377064215485,232.9267583333333
6,buenos aires,6329,general las heras,2020,77,17980,428.25361512792,0.4282536151279199,Pampeana,32.99,39.14,-22.513076245380446,12.0,35.38,buenos aires,-0.9060548261871636,333.64571666666666
6,buenos aires,6329,general las heras,2021,148,17980,823.1368186874305,0.8231368186874305,Pampeana,53.36,40.47,10.894768613448491,12.0,51.34,buenos aires,5.042551890559444,499.07357500000006
6,buenos aires,6329,general las heras,2022,107,17980,595.1056729699667,0.5951056729699666,Pampeana,90.36,100.29,16.258768970195426,12.0,94.78,buenos aires,9.714658640109942,855.2844833333334
6,buenos aires,6329,general las heras,2023,66,17980,367.0745272525028,0.3670745272525028,Pampeana,152.68,225.08,6.451770318872274,12.0,276.35,buenos aires,7.971207677952541,1996.2926583333333
6,buenos aires,6329,general las heras,2024,119,17980,661.8464961067853,0.6618464961067853,Pampeana,145.47,106.62,-17.002317565429593,12.0,67.1,buenos aires,2.207989387423237,6356.215883333333
6,buenos aires,6336,general lavalle,2017,20,4846,412.7115146512588,0.4127115146512587,Pampeana,27.47,26.77,7.86512216770463,12.0,18.85,buenos aires,4.281204657664772,112.74496666666666
6,buenos aires,6336,general lavalle,2018,19,4846,392.0759389186958,0.3920759389186958,Pampeana,29.71,52.86,2.8043835398188,12.0,73.5,buenos aires,-0.0845716233711546,151.7446
6,buenos aires,6336,general lavalle,2019,69,4846,1423.854725546843,1.4238547255468428,Pampeana,40.89,52.82,-4.095869743002778,12.0,58.49,buenos aires,3.259377064215485,232.9267583333333
6,buenos aires,6336,general lavalle,2020,54,4846,1114.3210895583986,1.1143210895583986,Pampeana,32.99,39.14,-22.513076245380446,12.0,35.38,buenos aires,-0.9060548261871636,333.64571666666666
6,buenos aires,6336,general lavalle,2021,45,4846,928.6009079653322,0.928600907965332,Pampeana,53.36,40.47,10.894768613448491,12.0,51.34,buenos aires,5.042551890559444,499.07357500000006
6,buenos aires,6336,general lavalle,2022,48,4846,990.507635163021,0.990507635163021,Pampeana,90.36,100.29,16.258768970195426,12.0,94.78,buenos aires,9.714658640109942,855.2844833333334
6,buenos aires,6336,general lavalle,2023,89,4846,1836.5662401981012,1.8365662401981016,Pampeana,152.68,225.08,6.451770318872274,12.0,276.35,buenos aires,7.971207677952541,1996.2926583333333
6,buenos aires,6336,general lavalle,2024,59,4846,1217.498968221213,1.2174989682212134,Pampeana,145.47,106.62,-17.002317565429593,12.0,67.1,buenos aires,2.207989387423237,6356.215883333333
6,buenos aires,6343,general paz,2017,36,14141,254.5788840958914,0.2545788840958913,Pampeana,27.47,26.77,7.86512216770463,12.0,18.85,buenos aires,4.281204657664772,112.74496666666666
6,buenos aires,6343,general paz,2018,36,14141,254.5788840958914,0.2545788840958913,Pampeana,29.71,52.86,2.8043835398188,12.0,73.5,buenos aires,-0.0845716233711546,151.7446
6,buenos aires,6343,general paz,2019,113,14141,799.0948306343257,0.7990948306343257,Pampeana,40.89,52.82,-4.095869743002778,12.0,58.49,buenos aires,3.259377064215485,232.9267583333333
6,buenos aires,6343,general paz,2020,129,14141,912.2410013436108,0.9122410013436107,Pampeana,32.99,39.14,-22.513076245380446,12.0,35.38,buenos aires,-0.9060548261871636,333.64571666666666
6,buenos aires,6343,general paz,2021,168,14141,1188.0347924474931,1.1880347924474932,Pampeana,53.36,40.47,10.894768613448491,12.0,51.34,buenos aires,5.042551890559444,499.07357500000006
6,buenos aires,6343,general paz,2022,126,14141,891.0260943356199,0.8910260943356199,Pampeana,90.36,100.29,16.258768970195426,12.0,94.78,buenos aires,9.714658640109942,855.2844833333334
6,buenos aires,6343,general paz,2023,75,14141,530.3726751997738,0.5303726751997737,Pampeana,152.68,225.08,6.451770318872274,12.0,276.35,buenos aires,7.971207677952541,1996.2926583333333
6,buenos aires,6343,general paz,2024,72,14141,509.1577681917828,0.5091577681917827,Pampeana,145.47,106.62,-17.002317565429593,12.0,67.1,buenos aires,2.207989387423237,6356.215883333333
6,buenos aires,6351,general pinto,2017,56,12842,436.0691481077714,0.4360691481077714,Pampeana,27.47,26.77,7.86512216770463,12.0,18.85,buenos aires,4.281204657664772,112.74496666666666
6,buenos aires,6351,general pinto,2018,47,12842,365.9866064475938,0.3659866064475938,Pampeana,29.71,52.86,2.8043835398188,12.0,73.5,buenos aires,-0.0845716233711546,151.7446
6,buenos aires,6351,general pinto,2019,36,12842,280.33016664071016,0.2803301666407101,Pampeana,40.89,52.82,-4.095869743002778,12.0,58.49,buenos aires,3.259377064215485,232.9267583333333
6,buenos aires,6351,general pinto,2020,57,12842,443.8560971811245,0.4438560971811244,Pampeana,32.99,39.14,-22.513076245380446,12.0,35.38,buenos aires,-0.9060548261871636,333.64571666666666
6,buenos aires,6351,general pinto,2021,62,12842,482.7908425478897,0.4827908425478897,Pampeana,53.36,40.47,10.894768613448491,12.0,51.34,buenos aires,5.042551890559444,499.07357500000006
6,buenos aires,6351,general pinto,2022,63,12842,490.5777916212428,0.4905777916212428,Pampeana,90.36,100.29,16.258768970195426,12.0,94.78,buenos aires,9.714658640109942,855.2844833333334
6,buenos aires,6351,general pinto,2023,88,12842,685.2515184550693,0.6852515184550694,Pampeana,152.68,225.08,6.451770318872274,12.0,276.35,buenos aires,7.971207677952541,1996.2926583333333
6,buenos aires,6351,general pinto,2024,85,12842,661.8906712350101,0.6618906712350101,Pampeana,145.47,106.62,-17.002317565429593,12.0,67.1,buenos aires,2.207989387423237,6356.215883333333
6,buenos aires,6357,general pueyrredón,2017,6156,660569,931.923841415507,0.931923841415507,Pampeana,27.47,26.77,7.86512216770463,12.0,18.85,buenos aires,4.281204657664772,112.74496666666666
6,buenos aires,6357,general pueyrredón,2018,6344,660569,960.3841536614646,0.9603841536614646,Pampeana,29.71,52.86,2.8043835398188,12.0,73.5,buenos aires,-0.0845716233711546,151.7446
6,buenos aires,6357,general pueyrredón,2019,9666,660569,1463.2839264331203,1.4632839264331206,Pampeana,40.89,52.82,-4.095869743002778,12.0,58.49,buenos aires,3.259377064215485,232.9267583333333
6,buenos aires,6357,general pueyrredón,2020,7341,660569,1111.314639348804,1.1113146393488038,Pampeana,32.99,39.14,-22.513076245380446,12.0,35.38,buenos aires,-0.9060548261871636,333.64571666666666
6,buenos aires,6357,general pueyrredón,2021,7458,660569,1129.0266421827243,1.1290266421827244,Pampeana,53.36,40.47,10.894768613448491,12.0,51.34,buenos aires,5.042551890559444,499.07357500000006
6,buenos aires,6357,general pueyrredón,2022,7579,660569,1147.344183575069,1.1473441835750693,Pampeana,90.36,100.29,16.258768970195426,12.0,94.78,buenos aires,9.714658640109942,855.2844833333334
6,buenos aires,6357,general pueyrredón,2023,11160,660569,1689.4525780047202,1.68945257800472,Pampeana,152.68,225.08,6.451770318872274,12.0,276.35,buenos aires,7.971207677952541,1996.2926583333333
6,buenos aires,6357,general pueyrredón,2024,13657,660569,2067.460023101296,2.067460023101296,Pampeana,145.47,106.62,-17.002317565429593,12.0,67.1,buenos aires,2.207989387423237,6356.215883333333
6,buenos aires,6364,general rodríguez,2017,650,142315,456.73330288444646,0.4567333028844464,Pampeana,27.47,26.77,7.86512216770463,12.0,18.85,buenos aires,4.281204657664772,112.74496666666666
6,buenos aires,6364,general rodríguez,2018,1609,142315,1130.5905912939606,1.130590591293961,Pampeana,29.71,52.86,2.8043835398188,12.0,73.5,buenos aires,-0.0845716233711546,151.7446
6,buenos aires,6364,general rodríguez,2019,2292,142315,1610.5118926325404,1.6105118926325404,Pampeana,40.89,52.82,-4.095869743002778,12.0,58.49,buenos aires,3.259377064215485,232.9267583333333
6,buenos aires,6364,general rodríguez,2020,1841,142315,1293.609247092717,1.293609247092717,Pampeana,32.99,39.14,-22.513076245380446,12.0,35.38,buenos aires,-0.9060548261871636,333.64571666666666
6,buenos aires,6364,general rodríguez,2021,2007,142315,1410.251905983206,1.4102519059832062,Pampeana,53.36,40.47,10.894768613448491,12.0,51.34,buenos aires,5.042551890559444,499.07357500000006
6,buenos aires,6364,general rodríguez,2022,2337,142315,1642.1318905245407,1.6421318905245408,Pampeana,90.36,100.29,16.258768970195426,12.0,94.78,buenos aires,9.714658640109942,855.2844833333334
6,buenos aires,6364,general rodríguez,2023,2502,142315,1758.0718827952078,1.7580718827952078,Pampeana,152.68,225.08,6.451770318872274,12.0,276.35,buenos aires,7.971207677952541,1996.2926583333333
6,buenos aires,6364,general rodríguez,2024,2250,142315,1580.9998946000069,1.5809998946000068,Pampeana,145.47,106.62,-17.002317565429593,12.0,67.1,buenos aires,2.207989387423237,6356.215883333333
6,buenos aires,6371,general san martín,2017,5595,444503,1258.7091650675025,1.2587091650675024,Pampeana,27.47,26.77,7.86512216770463,12.0,18.85,buenos aires,4.281204657664772,112.74496666666666
6,buenos aires,6371,general san martín,2018,8196,444503,1843.8570718307865,1.8438570718307865,Pampeana,29.71,52.86,2.8043835398188,12.0,73.5,buenos aires,-0.0845716233711546,151.7446
6,buenos aires,6371,general san martín,2019,7668,444503,1725.0727216689202,1.72507272166892,Pampeana,40.89,52.82,-4.095869743002778,12.0,58.49,buenos aires,3.259377064215485,232.9267583333333
6,buenos aires,6371,general san martín,2020,6759,444503,1520.57466428798,1.52057466428798,Pampeana,32.99,39.14,-22.513076245380446,12.0,35.38,buenos aires,-0.9060548261871636,333.64571666666666
6,buenos aires,6371,general san martín,2021,7173,444503,1613.7123933921707,1.6137123933921709,Pampeana,53.36,40.47,10.894768613448491,12.0,51.34,buenos aires,5.042551890559444,499.07357500000006
6,buenos aires,6371,general san martín,2022,6565,444503,1476.9304144179005,1.4769304144179003,Pampeana,90.36,100.29,16.258768970195426,12.0,94.78,buenos aires,9.714658640109942,855.2844833333334
6,buenos aires,6371,general san martín,2023,8668,444503,1950.0430818239695,1.9500430818239696,Pampeana,152.68,225.08,6.451770318872274,12.0,276.35,buenos aires,7.971207677952541,1996.2926583333333
6,buenos aires,6371,general san martín,2024,9001,444503,2024.9582117556013,2.0249582117556013,Pampeana,145.47,106.62,-17.002317565429593,12.0,67.1,buenos aires,2.207989387423237,6356.215883333333
6,buenos aires,6385,general viamonte,2017,145,22530,643.5863293386595,0.6435863293386596,Pampeana,27.47,26.77,7.86512216770463,12.0,18.85,buenos aires,4.281204657664772,112.74496666666666
6,buenos aires,6385,general viamonte,2018,141,22530,625.8322237017311,0.6258322237017311,Pampeana,29.71,52.86,2.8043835398188,12.0,73.5,buenos aires,-0.0845716233711546,151.7446
6,buenos aires,6385,general viamonte,2019,152,22530,674.6560142032845,0.6746560142032845,Pampeana,40.89,52.82,-4.095869743002778,12.0,58.49,buenos aires,3.259377064215485,232.9267583333333
6,buenos aires,6385,general viamonte,2020,122,22530,541.5002219263205,0.5415002219263204,Pampeana,32.99,39.14,-22.513076245380446,12.0,35.38,buenos aires,-0.9060548261871636,333.64571666666666
6,buenos aires,6385,general viamonte,2021,182,22530,807.8118064802485,0.8078118064802485,Pampeana,53.36,40.47,10.894768613448491,12.0,51.34,buenos aires,5.042551890559444,499.07357500000006
6,buenos aires,6385,general viamonte,2022,175,22530,776.7421216156237,0.7767421216156236,Pampeana,90.36,100.29,16.258768970195426,12.0,94.78,buenos aires,9.714658640109942,855.2844833333334
6,buenos aires,6385,general viamonte,2023,194,22530,861.0741233910343,0.8610741233910343,Pampeana,152.68,225.08,6.451770318872274,12.0,276.35,buenos aires,7.971207677952541,1996.2926583333333
6,buenos aires,6385,general viamonte,2024,210,22530,932.0905459387484,0.9320905459387484,Pampeana,145.47,106.62,-17.002317565429593,12.0,67.1,buenos aires,2.207989387423237,6356.215883333333
6,buenos aires,6392,general villegas,2017,336,35055,958.4937954642704,0.9584937954642704,Pampeana,27.47,26.77,7.86512216770463,12.0,18.85,buenos aires,4.281204657664772,112.74496666666666
6,buenos aires,6392,general villegas,2018,345,35055,984.1677364142062,0.9841677364142062,Pampeana,29.71,52.86,2.8043835398188,12.0,73.5,buenos aires,-0.0845716233711546,151.7446
6,buenos aires,6392,general villegas,2019,409,35055,1166.7379831693054,1.1667379831693054,Pampeana,40.89,52.82,-4.095869743002778,12.0,58.49,buenos aires,3.259377064215485,232.9267583333333
6,buenos aires,6392,general villegas,2020,293,35055,835.8294109256882,0.8358294109256882,Pampeana,32.99,39.14,-22.513076245380446,12.0,35.38,buenos aires,-0.9060548261871636,333.64571666666666
6,buenos aires,6392,general villegas,2021,287,35055,818.7134502923977,0.8187134502923977,Pampeana,53.36,40.47,10.894768613448491,12.0,51.34,buenos aires,5.042551890559444,499.07357500000006
6,buenos aires,6392,general villegas,2022,248,35055,707.4597061760091,0.7074597061760091,Pampeana,90.36,100.29,16.258768970195426,12.0,94.78,buenos aires,9.714658640109942,855.2844833333334
6,buenos aires,6392,general villegas,2023,309,35055,881.471972614463,0.8814719726144629,Pampeana,152.68,225.08,6.451770318872274,12.0,276.35,buenos aires,7.971207677952541,1996.2926583333333
6,buenos aires,6392,general villegas,2024,350,35055,998.4310369419484,0.9984310369419483,Pampeana,145.47,106.62,-17.002317565429593,12.0,67.1,buenos aires,2.207989387423237,6356.215883333333
6,buenos aires,6399,guaminí,2017,20,11662,171.49717029669011,0.1714971702966901,Pampeana,27.47,26.77,7.86512216770463,12.0,18.85,buenos aires,4.281204657664772,112.74496666666666
6,buenos aires,6399,guaminí,2018,44,11662,377.29377465271824,0.3772937746527182,Pampeana,29.71,52.86,2.8043835398188,12.0,73.5,buenos aires,-0.0845716233711546,151.7446
6,buenos aires,6399,guaminí,2019,64,11662,548.7909449494083,0.5487909449494084,Pampeana,40.89,52.82,-4.095869743002778,12.0,58.49,buenos aires,3.259377064215485,232.9267583333333
6,buenos aires,6399,guaminí,2020,62,11662,531.6412279197393,0.5316412279197393,Pampeana,32.99,39.14,-22.513076245380446,12.0,35.38,buenos aires,-0.9060548261871636,333.64571666666666
6,buenos aires,6399,guaminí,2021,73,11662,625.9646715829189,0.6259646715829189,Pampeana,53.36,40.47,10.894768613448491,12.0,51.34,buenos aires,5.042551890559444,499.07357500000006
6,buenos aires,6399,guaminí,2022,77,11662,660.2641056422569,0.6602641056422569,Pampeana,90.36,100.29,16.258768970195426,12.0,94.78,buenos aires,9.714658640109942,855.2844833333334
6,buenos aires,6399,guaminí,2023,117,11662,1003.258446235637,1.003258446235637,Pampeana,152.68,225.08,6.451770318872274,12.0,276.35,buenos aires,7.971207677952541,1996.2926583333333
6,buenos aires,6399,guaminí,2024,116,11662,994.6835877208026,0.9946835877208026,Pampeana,145.47,106.62,-17.002317565429593,12.0,67.1,buenos aires,2.207989387423237,6356.215883333333
6,buenos aires,6406,hipólito yrigoyen,2017,57,10581,538.7014459880919,0.5387014459880919,Pampeana,27.47,26.77,7.86512216770463,12.0,18.85,buenos aires,4.281204657664772,112.74496666666666
6,buenos aires,6406,hipólito yrigoyen,2018,88,10581,831.6794253851243,0.8316794253851243,Pampeana,29.71,52.86,2.8043835398188,12.0,73.5,buenos aires,-0.0845716233711546,151.7446
6,buenos aires,6406,hipólito yrigoyen,2019,107,10581,1011.2465740478216,1.0112465740478216,Pampeana,40.89,52.82,-4.095869743002778,12.0,58.49,buenos aires,3.259377064215485,232.9267583333333
6,buenos aires,6406,hipólito yrigoyen,2020,53,10581,500.8978357433135,0.5008978357433135,Pampeana,32.99,39.14,-22.513076245380446,12.0,35.38,buenos aires,-0.9060548261871636,333.64571666666666
6,buenos aires,6406,hipólito yrigoyen,2021,68,10581,642.6613741612324,0.6426613741612324,Pampeana,53.36,40.47,10.894768613448491,12.0,51.34,buenos aires,5.042551890559444,499.07357500000006
6,buenos aires,6406,hipólito yrigoyen,2022,76,10581,718.2685946507892,0.7182685946507892,Pampeana,90.36,100.29,16.258768970195426,12.0,94.78,buenos aires,9.714658640109942,855.2844833333334
6,buenos aires,6406,hipólito yrigoyen,2023,86,10581,812.777620262735,0.812777620262735,Pampeana,152.68,225.08,6.451770318872274,12.0,276.35,buenos aires,7.971207677952541,1996.2926583333333
6,buenos aires,6406,hipólito yrigoyen,2024,71,10581,671.0140818448161,0.6710140818448161,Pampeana,145.47,106.62,-17.002317565429593,12.0,67.1,buenos aires,2.207989387423237,6356.215883333333
6,buenos aires,6408,hurlingham,2017,1704,185361,919.2872287050676,0.9192872287050674,Pampeana,27.47,26.77,7.86512216770463,12.0,18.85,buenos aires,4.281204657664772,112.74496666666666
6,buenos aires,6408,hurlingham,2018,2158,185361,1164.2146945689765,1.1642146945689762,Pampeana,29.71,52.86,2.8043835398188,12.0,73.5,buenos aires,-0.0845716233711546,151.7446
6,buenos aires,6408,hurlingham,2019,3299,185361,1779.7702860903858,1.7797702860903857,Pampeana,40.89,52.82,-4.095869743002778,12.0,58.49,buenos aires,3.259377064215485,232.9267583333333
6,buenos aires,6408,hurlingham,2020,2189,185361,1180.9388166874369,1.1809388166874368,Pampeana,32.99,39.14,-22.513076245380446,12.0,35.38,buenos aires,-0.9060548261871636,333.64571666666666
6,buenos aires,6408,hurlingham,2021,2106,185361,1136.161328434784,1.136161328434784,Pampeana,53.36,40.47,10.894768613448491,12.0,51.34,buenos aires,5.042551890559444,499.07357500000006
6,buenos aires,6408,hurlingham,2022,2467,185361,1330.9164279433107,1.3309164279433108,Pampeana,90.36,100.29,16.258768970195426,12.0,94.78,buenos aires,9.714658640109942,855.2844833333334
6,buenos aires,6408,hurlingham,2023,2287,185361,1233.8086220941836,1.2338086220941835,Pampeana,152.68,225.08,6.451770318872274,12.0,276.35,buenos aires,7.971207677952541,1996.2926583333333
6,buenos aires,6408,hurlingham,2024,2393,185361,1290.994329983114,1.290994329983114,Pampeana,145.47,106.62,-17.002317565429593,12.0,67.1,buenos aires,2.207989387423237,6356.215883333333
6,buenos aires,6410,ituzaingó,2017,2780,177983,1561.9469275155493,1.5619469275155493,Pampeana,27.47,26.77,7.86512216770463,12.0,18.85,buenos aires,4.281204657664772,112.74496666666666
6,buenos aires,6410,ituzaingó,2018,3851,177983,2163.689790597978,2.1636897905979784,Pampeana,29.71,52.86,2.8043835398188,12.0,73.5,buenos aires,-0.0845716233711546,151.7446
6,buenos aires,6410,ituzaingó,2019,4605,177983,2587.325755830613,2.587325755830613,Pampeana,40.89,52.82,-4.095869743002778,12.0,58.49,buenos aires,3.259377064215485,232.9267583333333
6,buenos aires,6410,ituzaingó,2020,2756,177983,1548.46249360894,1.5484624936089402,Pampeana,32.99,39.14,-22.513076245380446,12.0,35.38,buenos aires,-0.9060548261871636,333.64571666666666
6,buenos aires,6410,ituzaingó,2021,2455,177983,1379.3452183635516,1.3793452183635515,Pampeana,53.36,40.47,10.894768613448491,12.0,51.34,buenos aires,5.042551890559444,499.07357500000006
6,buenos aires,6410,ituzaingó,2022,2292,177983,1287.763438081165,1.2877634380811651,Pampeana,90.36,100.29,16.258768970195426,12.0,94.78,buenos aires,9.714658640109942,855.2844833333334
6,buenos aires,6410,ituzaingó,2023,3075,177983,1727.6930942842855,1.7276930942842856,Pampeana,152.68,225.08,6.451770318872274,12.0,276.35,buenos aires,7.971207677952541,1996.2926583333333
6,buenos aires,6410,ituzaingó,2024,3141,177983,1764.7752875274605,1.7647752875274605,Pampeana,145.47,106.62,-17.002317565429593,12.0,67.1,buenos aires,2.207989387423237,6356.215883333333
6,buenos aires,6412,josé c. paz,2017,2632,326527,806.0589170267696,0.8060589170267696,Pampeana,27.47,26.77,7.86512216770463,12.0,18.85,buenos aires,4.281204657664772,112.74496666666666
6,buenos aires,6412,josé c. paz,2018,2198,326527,673.1449466659725,0.6731449466659725,Pampeana,29.71,52.86,2.8043835398188,12.0,73.5,buenos aires,-0.0845716233711546,151.7446
6,buenos aires,6412,josé c. paz,2019,3210,326527,983.0733752492138,0.9830733752492138,Pampeana,40.89,52.82,-4.095869743002778,12.0,58.49,buenos aires,3.259377064215485,232.9267583333333
6,buenos aires,6412,josé c. paz,2020,2838,326527,869.1471149399591,0.8691471149399591,Pampeana,32.99,39.14,-22.513076245380446,12.0,35.38,buenos aires,-0.9060548261871636,333.64571666666666
6,buenos aires,6412,josé c. paz,2021,3303,326527,1011.5549403265272,1.0115549403265274,Pampeana,53.36,40.47,10.894768613448491,12.0,51.34,buenos aires,5.042551890559444,499.07357500000006
6,buenos aires,6412,josé c. paz,2022,4863,326527,1489.3102254943694,1.4893102254943695,Pampeana,90.36,100.29,16.258768970195426,12.0,94.78,buenos aires,9.714658640109942,855.2844833333334
6,buenos aires,6412,josé c. paz,2023,5711,326527,1749.0130984574016,1.7490130984574015,Pampeana,152.68,225.08,6.451770318872274,12.0,276.35,buenos aires,7.971207677952541,1996.2926583333333
6,buenos aires,6412,josé c. paz,2024,5160,326527,1580.2674817090165,1.5802674817090163,Pampeana,145.47,106.62,-17.002317565429593,12.0,67.1,buenos aires,2.207989387423237,6356.215883333333
6,buenos aires,6413,junín,2017,950,100964,940.9294401965057,0.9409294401965056,Pampeana,27.47,26.77,7.86512216770463,12.0,18.85,buenos aires,4.281204657664772,112.74496666666666
6,buenos aires,6413,junín,2018,906,100964,897.3495503347727,0.8973495503347728,Pampeana,29.71,52.86,2.8043835398188,12.0,73.5,buenos aires,-0.0845716233711546,151.7446
6,buenos aires,6413,junín,2019,1811,100964,1793.7086486272335,1.7937086486272336,Pampeana,40.89,52.82,-4.095869743002778,12.0,58.49,buenos aires,3.259377064215485,232.9267583333333
6,buenos aires,6413,junín,2020,1034,100964,1024.127411750723,1.0241274117507229,Pampeana,32.99,39.14,-22.513076245380446,12.0,35.38,buenos aires,-0.9060548261871636,333.64571666666666
6,buenos aires,6413,junín,2021,1266,100964,1253.9122855671328,1.253912285567133,Pampeana,53.36,40.47,10.894768613448491,12.0,51.34,buenos aires,5.042551890559444,499.07357500000006
6,buenos aires,6413,junín,2022,1390,100964,1376.7283388138346,1.3767283388138347,Pampeana,90.36,100.29,16.258768970195426,12.0,94.78,buenos aires,9.714658640109942,855.2844833333334
6,buenos aires,6413,junín,2023,1742,100964,1725.3674577076977,1.7253674577076976,Pampeana,152.68,225.08,6.451770318872274,12.0,276.35,buenos aires,7.971207677952541,1996.2926583333333
6,buenos aires,6413,junín,2024,1898,100964,1879.8779763083871,1.8798779763083877,Pampeana,145.47,106.62,-17.002317565429593,12.0,67.1,buenos aires,2.207989387423237,6356.215883333333
6,buenos aires,6420,la costa,2017,666,100400,663.3466135458167,0.6633466135458167,Pampeana,27.47,26.77,7.86512216770463,12.0,18.85,buenos aires,4.281204657664772,112.74496666666666
6,buenos aires,6420,la costa,2018,707,100400,704.1832669322708,0.7041832669322708,Pampeana,29.71,52.86,2.8043835398188,12.0,73.5,buenos aires,-0.0845716233711546,151.7446
6,buenos aires,6420,la costa,2019,1921,100400,1913.3466135458168,1.9133466135458168,Pampeana,40.89,52.82,-4.095869743002778,12.0,58.49,buenos aires,3.259377064215485,232.9267583333333
6,buenos aires,6420,la costa,2020,1527,100400,1520.9163346613543,1.5209163346613546,Pampeana,32.99,39.14,-22.513076245380446,12.0,35.38,buenos aires,-0.9060548261871636,333.64571666666666
6,buenos aires,6420,la costa,2021,1186,100400,1181.2749003984063,1.1812749003984064,Pampeana,53.36,40.47,10.894768613448491,12.0,51.34,buenos aires,5.042551890559444,499.07357500000006
6,buenos aires,6420,la costa,2022,1250,100400,1245.019920318725,1.245019920318725,Pampeana,90.36,100.29,16.258768970195426,12.0,94.78,buenos aires,9.714658640109942,855.2844833333334
6,buenos aires,6420,la costa,2023,1598,100400,1591.6334661354583,1.5916334661354583,Pampeana,152.68,225.08,6.451770318872274,12.0,276.35,buenos aires,7.971207677952541,1996.2926583333333
6,buenos aires,6420,la costa,2024,2528,100400,2517.9282868525897,2.5179282868525896,Pampeana,145.47,106.62,-17.002317565429593,12.0,67.1,buenos aires,2.207989387423237,6356.215883333333
6,buenos aires,6427,la matanza,2017,15953,1837168,868.3473694294697,0.8683473694294697,Pampeana,27.47,26.77,7.86512216770463,12.0,18.85,buenos aires,4.281204657664772,112.74496666666666
6,buenos aires,6427,la matanza,2018,19626,1837168,1068.2746488072946,1.0682746488072947,Pampeana,29.71,52.86,2.8043835398188,12.0,73.5,buenos aires,-0.0845716233711546,151.7446
6,buenos aires,6427,la matanza,2019,37604,1837168,2046.8460151711763,2.0468460151711767,Pampeana,40.89,52.82,-4.095869743002778,12.0,58.49,buenos aires,3.259377064215485,232.9267583333333
6,buenos aires,6427,la matanza,2020,25822,1837168,1405.5328636248837,1.4055328636248836,Pampeana,32.99,39.14,-22.513076245380446,12.0,35.38,buenos aires,-0.9060548261871636,333.64571666666666
6,buenos aires,6427,la matanza,2021,27038,1837168,1471.7216933889551,1.4717216933889552,Pampeana,53.36,40.47,10.894768613448491,12.0,51.34,buenos aires,5.042551890559444,499.07357500000006
6,buenos aires,6427,la matanza,2022,27640,1837168,1504.4895186504446,1.5044895186504446,Pampeana,90.36,100.29,16.258768970195426,12.0,94.78,buenos aires,9.714658640109942,855.2844833333334
6,buenos aires,6427,la matanza,2023,32772,1837168,1783.8325074244706,1.7838325074244703,Pampeana,152.68,225.08,6.451770318872274,12.0,276.35,buenos aires,7.971207677952541,1996.2926583333333
6,buenos aires,6427,la matanza,2024,35190,1837168,1915.4481245046725,1.9154481245046724,Pampeana,145.47,106.62,-17.002317565429593,12.0,67.1,buenos aires,2.207989387423237,6356.215883333333
6,buenos aires,6434,lanús,2017,5168,460081,1123.2804658310167,1.1232804658310167,Pampeana,27.47,26.77,7.86512216770463,12.0,18.85,buenos aires,4.281204657664772,112.74496666666666
6,buenos aires,6434,lanús,2018,8023,460081,1743.823370232633,1.743823370232633,Pampeana,29.71,52.86,2.8043835398188,12.0,73.5,buenos aires,-0.0845716233711546,151.7446
6,buenos aires,6434,lanús,2019,8557,460081,1859.889888954336,1.8598898889543365,Pampeana,40.89,52.82,-4.095869743002778,12.0,58.49,buenos aires,3.259377064215485,232.9267583333333
6,buenos aires,6434,lanús,2020,6497,460081,1412.142644447391,1.4121426444473908,Pampeana,32.99,39.14,-22.513076245380446,12.0,35.38,buenos aires,-0.9060548261871636,333.64571666666666
6,buenos aires,6434,lanús,2021,6841,460081,1486.9120872194244,1.4869120872194244,Pampeana,53.36,40.47,10.894768613448491,12.0,51.34,buenos aires,5.042551890559444,499.07357500000006
6,buenos aires,6434,lanús,2022,5715,460081,1242.1725739598028,1.2421725739598026,Pampeana,90.36,100.29,16.258768970195426,12.0,94.78,buenos aires,9.714658640109942,855.2844833333334
6,buenos aires,6434,lanús,2023,7231,460081,1571.6797694319043,1.5716797694319045,Pampeana,152.68,225.08,6.451770318872274,12.0,276.35,buenos aires,7.971207677952541,1996.2926583333333
6,buenos aires,6434,lanús,2024,9389,460081,2040.727611007627,2.040727611007627,Pampeana,145.47,106.62,-17.002317565429593,12.0,67.1,buenos aires,2.207989387423237,6356.215883333333
6,buenos aires,6441,la plata,2017,10333,756074,1366.6651676952256,1.3666651676952255,Pampeana,27.47,26.77,7.86512216770463,12.0,18.85,buenos aires,4.281204657664772,112.74496666666666
6,buenos aires,6441,la plata,2018,12129,756074,1604.2080537090285,1.6042080537090286,Pampeana,29.71,52.86,2.8043835398188,12.0,73.5,buenos aires,-0.0845716233711546,151.7446
6,buenos aires,6441,la plata,2019,13755,756074,1819.2663681068252,1.8192663681068253,Pampeana,40.89,52.82,-4.095869743002778,12.0,58.49,buenos aires,3.259377064215485,232.9267583333333
6,buenos aires,6441,la plata,2020,9734,756074,1287.4401182952993,1.2874401182952993,Pampeana,32.99,39.14,-22.513076245380446,12.0,35.38,buenos aires,-0.9060548261871636,333.64571666666666
6,buenos aires,6441,la plata,2021,10872,756074,1437.9544859365617,1.4379544859365618,Pampeana,53.36,40.47,10.894768613448491,12.0,51.34,buenos aires,5.042551890559444,499.07357500000006
6,buenos aires,6441,la plata,2022,11070,756074,1464.1423987599096,1.4641423987599096,Pampeana,90.36,100.29,16.258768970195426,12.0,94.78,buenos aires,9.714658640109942,855.2844833333334
6,buenos aires,6441,la plata,2023,12248,756074,1619.9472538402326,1.6199472538402326,Pampeana,152.68,225.08,6.451770318872274,12.0,276.35,buenos aires,7.971207677952541,1996.2926583333333
6,buenos aires,6441,la plata,2024,11883,756074,1571.6715559588083,1.5716715559588084,Pampeana,145.47,106.62,-17.002317565429593,12.0,67.1,buenos aires,2.207989387423237,6356.215883333333
6,buenos aires,6448,laprida,2017,119,11496,1035.142658315936,1.035142658315936,Pampeana,27.47,26.77,7.86512216770463,12.0,18.85,buenos aires,4.281204657664772,112.74496666666666
6,buenos aires,6448,laprida,2018,67,11496,582.8114126652749,0.5828114126652749,Pampeana,29.71,52.86,2.8043835398188,12.0,73.5,buenos aires,-0.0845716233711546,151.7446
6,buenos aires,6448,laprida,2019,84,11496,730.6889352818371,0.7306889352818371,Pampeana,40.89,52.82,-4.095869743002778,12.0,58.49,buenos aires,3.259377064215485,232.9267583333333
6,buenos aires,6448,laprida,2020,114,11496,991.6492693110648,0.9916492693110648,Pampeana,32.99,39.14,-22.513076245380446,12.0,35.38,buenos aires,-0.9060548261871636,333.64571666666666
6,buenos aires,6448,laprida,2021,104,11496,904.6624913013222,0.904662491301322,Pampeana,53.36,40.47,10.894768613448491,12.0,51.34,buenos aires,5.042551890559444,499.07357500000006
6,buenos aires,6448,laprida,2022,98,11496,852.4704244954768,0.8524704244954767,Pampeana,90.36,100.29,16.258768970195426,12.0,94.78,buenos aires,9.714658640109942,855.2844833333334
6,buenos aires,6448,laprida,2023,195,11496,1696.242171189979,1.696242171189979,Pampeana,152.68,225.08,6.451770318872274,12.0,276.35,buenos aires,7.971207677952541,1996.2926583333333
6,buenos aires,6448,laprida,2024,132,11496,1148.2254697286012,1.1482254697286012,Pampeana,145.47,106.62,-17.002317565429593,12.0,67.1,buenos aires,2.207989387423237,6356.215883333333
6,buenos aires,6455,las flores,2017,59,27136,217.42334905660377,0.2174233490566037,Pampeana,27.47,26.77,7.86512216770463,12.0,18.85,buenos aires,4.281204657664772,112.74496666666666
6,buenos aires,6455,las flores,2018,73,27136,269.01533018867923,0.2690153301886792,Pampeana,29.71,52.86,2.8043835398188,12.0,73.5,buenos aires,-0.0845716233711546,151.7446
6,buenos aires,6455,las flores,2019,245,27136,902.8596698113208,0.9028596698113208,Pampeana,40.89,52.82,-4.095869743002778,12.0,58.49,buenos aires,3.259377064215485,232.9267583333333
6,buenos aires,6455,las flores,2020,138,27136,508.5495283018868,0.5085495283018868,Pampeana,32.99,39.14,-22.513076245380446,12.0,35.38,buenos aires,-0.9060548261871636,333.64571666666666
6,buenos aires,6455,las flores,2021,101,27136,372.1992924528302,0.3721992924528302,Pampeana,53.36,40.47,10.894768613448491,12.0,51.34,buenos aires,5.042551890559444,499.07357500000006
6,buenos aires,6455,las flores,2022,96,27136,353.7735849056604,0.3537735849056604,Pampeana,90.36,100.29,16.258768970195426,12.0,94.78,buenos aires,9.714658640109942,855.2844833333334
6,buenos aires,6455,las flores,2023,189,27136,696.4917452830189,0.6964917452830188,Pampeana,152.68,225.08,6.451770318872274,12.0,276.35,buenos aires,7.971207677952541,1996.2926583333333
6,buenos aires,6455,las flores,2024,272,27136,1002.3584905660376,1.0023584905660377,Pampeana,145.47,106.62,-17.002317565429593,12.0,67.1,buenos aires,2.207989387423237,6356.215883333333
6,buenos aires,6462,leandro n. alem,2017,58,17153,338.13327114790417,0.3381332711479041,Pampeana,27.47,26.77,7.86512216770463,12.0,18.85,buenos aires,4.281204657664772,112.74496666666666
6,buenos aires,6462,leandro n. alem,2018,34,17153,198.21605550049557,0.1982160555004955,Pampeana,29.71,52.86,2.8043835398188,12.0,73.5,buenos aires,-0.0845716233711546,151.7446
6,buenos aires,6462,leandro n. alem,2019,59,17153,343.96315513321287,0.3439631551332128,Pampeana,40.89,52.82,-4.095869743002778,12.0,58.49,buenos aires,3.259377064215485,232.9267583333333
6,buenos aires,6462,leandro n. alem,2020,49,17153,285.66431528012595,0.2856643152801259,Pampeana,32.99,39.14,-22.513076245380446,12.0,35.38,buenos aires,-0.9060548261871636,333.64571666666666
6,buenos aires,6462,leandro n. alem,2021,72,17153,419.7516469422258,0.4197516469422258,Pampeana,53.36,40.47,10.894768613448491,12.0,51.34,buenos aires,5.042551890559444,499.07357500000006
6,buenos aires,6462,leandro n. alem,2022,117,17153,682.096426281117,0.682096426281117,Pampeana,90.36,100.29,16.258768970195426,12.0,94.78,buenos aires,9.714658640109942,855.2844833333334
6,buenos aires,6462,leandro n. alem,2023,125,17153,728.7354981635866,0.7287354981635865,Pampeana,152.68,225.08,6.451770318872274,12.0,276.35,buenos aires,7.971207677952541,1996.2926583333333
6,buenos aires,6462,leandro n. alem,2024,191,17153,1113.50784119396,1.1135078411939603,Pampeana,145.47,106.62,-17.002317565429593,12.0,67.1,buenos aires,2.207989387423237,6356.215883333333
6,buenos aires,6466,lezama,2017,33,6170,534.8460291734198,0.5348460291734197,Pampeana,27.47,26.77,7.86512216770463,12.0,18.85,buenos aires,4.281204657664772,112.74496666666666
6,buenos aires,6466,lezama,2018,43,6170,696.9205834683955,0.6969205834683955,Pampeana,29.71,52.86,2.8043835398188,12.0,73.5,buenos aires,-0.0845716233711546,151.7446
6,buenos aires,6466,lezama,2019,59,6170,956.2398703403566,0.9562398703403566,Pampeana,40.89,52.82,-4.095869743002778,12.0,58.49,buenos aires,3.259377064215485,232.9267583333333
6,buenos aires,6466,lezama,2020,29,6170,470.0162074554295,0.4700162074554295,Pampeana,32.99,39.14,-22.513076245380446,12.0,35.38,buenos aires,-0.9060548261871636,333.64571666666666
6,buenos aires,6466,lezama,2021,29,6170,470.0162074554295,0.4700162074554295,Pampeana,53.36,40.47,10.894768613448491,12.0,51.34,buenos aires,5.042551890559444,499.07357500000006
6,buenos aires,6466,lezama,2022,29,6170,470.0162074554295,0.4700162074554295,Pampeana,90.36,100.29,16.258768970195426,12.0,94.78,buenos aires,9.714658640109942,855.2844833333334
6,buenos aires,6466,lezama,2023,55,6170,891.4100486223663,0.8914100486223663,Pampeana,152.68,225.08,6.451770318872274,12.0,276.35,buenos aires,7.971207677952541,1996.2926583333333
6,buenos aires,6466,lezama,2024,81,6170,1312.803889789303,1.312803889789303,Pampeana,145.47,106.62,-17.002317565429593,12.0,67.1,buenos aires,2.207989387423237,6356.215883333333
6,buenos aires,6469,lincoln,2017,220,45191,486.8225974198402,0.4868225974198402,Pampeana,27.47,26.77,7.86512216770463,12.0,18.85,buenos aires,4.281204657664772,112.74496666666666
6,buenos aires,6469,lincoln,2018,296,45191,654.9976765285123,0.6549976765285124,Pampeana,29.71,52.86,2.8043835398188,12.0,73.5,buenos aires,-0.0845716233711546,151.7446
6,buenos aires,6469,lincoln,2019,424,45191,938.2399150273284,0.9382399150273284,Pampeana,40.89,52.82,-4.095869743002778,12.0,58.49,buenos aires,3.259377064215485,232.9267583333333
6,buenos aires,6469,lincoln,2020,275,45191,608.5282467748003,0.6085282467748002,Pampeana,32.99,39.14,-22.513076245380446,12.0,35.38,buenos aires,-0.9060548261871636,333.64571666666666
6,buenos aires,6469,lincoln,2021,309,45191,683.7644663760484,0.6837644663760484,Pampeana,53.36,40.47,10.894768613448491,12.0,51.34,buenos aires,5.042551890559444,499.07357500000006
6,buenos aires,6469,lincoln,2022,322,45191,712.5312562235844,0.7125312562235844,Pampeana,90.36,100.29,16.258768970195426,12.0,94.78,buenos aires,9.714658640109942,855.2844833333334
6,buenos aires,6469,lincoln,2023,467,45191,1033.3916045230246,1.0333916045230245,Pampeana,152.68,225.08,6.451770318872274,12.0,276.35,buenos aires,7.971207677952541,1996.2926583333333
6,buenos aires,6469,lincoln,2024,526,45191,1163.9485738310725,1.1639485738310724,Pampeana,145.47,106.62,-17.002317565429593,12.0,67.1,buenos aires,2.207989387423237,6356.215883333333
6,buenos aires,6476,lobería,2017,192,18106,1060.4219595714128,1.0604219595714126,Pampeana,27.47,26.77,7.86512216770463,12.0,18.85,buenos aires,4.281204657664772,112.74496666666666
6,buenos aires,6476,lobería,2018,173,18106,955.4843698221584,0.9554843698221585,Pampeana,29.71,52.86,2.8043835398188,12.0,73.5,buenos aires,-0.0845716233711546,151.7446
6,buenos aires,6476,lobería,2019,176,18106,972.0534629404616,0.9720534629404616,Pampeana,40.89,52.82,-4.095869743002778,12.0,58.49,buenos aires,3.259377064215485,232.9267583333333
6,buenos aires,6476,lobería,2020,142,18106,784.2704075996908,0.7842704075996907,Pampeana,32.99,39.14,-22.513076245380446,12.0,35.38,buenos aires,-0.9060548261871636,333.64571666666666
6,buenos aires,6476,lobería,2021,224,18106,1237.158952833315,1.237158952833315,Pampeana,53.36,40.47,10.894768613448491,12.0,51.34,buenos aires,5.042551890559444,499.07357500000006
6,buenos aires,6476,lobería,2022,238,18106,1314.4813873853973,1.314481387385397,Pampeana,90.36,100.29,16.258768970195426,12.0,94.78,buenos aires,9.714658640109942,855.2844833333334
6,buenos aires,6476,lobería,2023,247,18106,1364.188666740307,1.3641886667403071,Pampeana,152.68,225.08,6.451770318872274,12.0,276.35,buenos aires,7.971207677952541,1996.2926583333333
6,buenos aires,6476,lobería,2024,269,18106,1485.6953496078647,1.4856953496078649,Pampeana,145.47,106.62,-17.002317565429593,12.0,67.1,buenos aires,2.207989387423237,6356.215883333333
6,buenos aires,6483,lobos,2017,156,41418,376.6478342749529,0.3766478342749529,Pampeana,27.47,26.77,7.86512216770463,12.0,18.85,buenos aires,4.281204657664772,112.74496666666666
6,buenos aires,6483,lobos,2018,172,41418,415.2783813800763,0.4152783813800763,Pampeana,29.71,52.86,2.8043835398188,12.0,73.5,buenos aires,-0.0845716233711546,151.7446
6,buenos aires,6483,lobos,2019,334,41418,806.4126708194505,0.8064126708194505,Pampeana,40.89,52.82,-4.095869743002778,12.0,58.49,buenos aires,3.259377064215485,232.9267583333333
6,buenos aires,6483,lobos,2020,489,41418,1180.6460959003332,1.180646095900333,Pampeana,32.99,39.14,-22.513076245380446,12.0,35.38,buenos aires,-0.9060548261871636,333.64571666666666
6,buenos aires,6483,lobos,2021,340,41418,820.8991259838717,0.8208991259838717,Pampeana,53.36,40.47,10.894768613448491,12.0,51.34,buenos aires,5.042551890559444,499.07357500000006
6,buenos aires,6483,lobos,2022,541,41418,1306.195373991984,1.3061953739919845,Pampeana,90.36,100.29,16.258768970195426,12.0,94.78,buenos aires,9.714658640109942,855.2844833333334
6,buenos aires,6483,lobos,2023,516,41418,1245.835144140229,1.245835144140229,Pampeana,152.68,225.08,6.451770318872274,12.0,276.35,buenos aires,7.971207677952541,1996.2926583333333
6,buenos aires,6483,lobos,2024,627,41418,1513.8345646820223,1.5138345646820224,Pampeana,145.47,106.62,-17.002317565429593,12.0,67.1,buenos aires,2.207989387423237,6356.215883333333
6,buenos aires,6490,lomas de zamora,2017,7048,685644,1027.9386970497808,1.0279386970497808,Pampeana,27.47,26.77,7.86512216770463,12.0,18.85,buenos aires,4.281204657664772,112.74496666666666
6,buenos aires,6490,lomas de zamora,2018,9365,685644,1365.8691682564129,1.3658691682564128,Pampeana,29.71,52.86,2.8043835398188,12.0,73.5,buenos aires,-0.0845716233711546,151.7446
6,buenos aires,6490,lomas de zamora,2019,12470,685644,1818.728086295512,1.818728086295512,Pampeana,40.89,52.82,-4.095869743002778,12.0,58.49,buenos aires,3.259377064215485,232.9267583333333
6,buenos aires,6490,lomas de zamora,2020,8494,685644,1238.8353139530136,1.2388353139530135,Pampeana,32.99,39.14,-22.513076245380446,12.0,35.38,buenos aires,-0.9060548261871636,333.64571666666666
6,buenos aires,6490,lomas de zamora,2021,8741,685644,1274.8598398002462,1.2748598398002462,Pampeana,53.36,40.47,10.894768613448491,12.0,51.34,buenos aires,5.042551890559444,499.07357500000006
6,buenos aires,6490,lomas de zamora,2022,7234,685644,1055.0664776472922,1.0550664776472922,Pampeana,90.36,100.29,16.258768970195426,12.0,94.78,buenos aires,9.714658640109942,855.2844833333334
6,buenos aires,6490,lomas de zamora,2023,7364,685644,1074.0267544089936,1.0740267544089936,Pampeana,152.68,225.08,6.451770318872274,12.0,276.35,buenos aires,7.971207677952541,1996.2926583333333
6,buenos aires,6490,lomas de zamora,2024,9292,685644,1355.2222436133036,1.3552222436133037,Pampeana,145.47,106.62,-17.002317565429593,12.0,67.1,buenos aires,2.207989387423237,6356.215883333333
6,buenos aires,6497,luján,2017,733,110111,665.6918927264305,0.6656918927264306,Pampeana,27.47,26.77,7.86512216770463,12.0,18.85,buenos aires,4.281204657664772,112.74496666666666
6,buenos aires,6497,luján,2018,739,110111,671.1409395973154,0.6711409395973155,Pampeana,29.71,52.86,2.8043835398188,12.0,73.5,buenos aires,-0.0845716233711546,151.7446
6,buenos aires,6497,luján,2019,1390,110111,1262.36252508832,1.26236252508832,Pampeana,40.89,52.82,-4.095869743002778,12.0,58.49,buenos aires,3.259377064215485,232.9267583333333
6,buenos aires,6497,luján,2020,1337,110111,1214.2292777288374,1.2142292777288373,Pampeana,32.99,39.14,-22.513076245380446,12.0,35.38,buenos aires,-0.9060548261871636,333.64571666666666
6,buenos aires,6497,luján,2021,1572,110111,1427.6502801718266,1.4276502801718267,Pampeana,53.36,40.47,10.894768613448491,12.0,51.34,buenos aires,5.042551890559444,499.07357500000006
6,buenos aires,6497,luján,2022,1834,110111,1665.5919935337974,1.6655919935337975,Pampeana,90.36,100.29,16.258768970195426,12.0,94.78,buenos aires,9.714658640109942,855.2844833333334
6,buenos aires,6497,luján,2023,2169,110111,1969.830443824868,1.969830443824868,Pampeana,152.68,225.08,6.451770318872274,12.0,276.35,buenos aires,7.971207677952541,1996.2926583333333
6,buenos aires,6497,luján,2024,2321,110111,2107.87296455395,2.10787296455395,Pampeana,145.47,106.62,-17.002317565429593,12.0,67.1,buenos aires,2.207989387423237,6356.215883333333
6,buenos aires,6505,magdalena,2017,136,22653,600.3619829603143,0.6003619829603143,Pampeana,27.47,26.77,7.86512216770463,12.0,18.85,buenos aires,4.281204657664772,112.74496666666666
6,buenos aires,6505,magdalena,2018,83,22653,366.3973866596036,0.3663973866596036,Pampeana,29.71,52.86,2.8043835398188,12.0,73.5,buenos aires,-0.0845716233711546,151.7446
6,buenos aires,6505,magdalena,2019,131,22653,578.2898512338322,0.5782898512338321,Pampeana,40.89,52.82,-4.095869743002778,12.0,58.49,buenos aires,3.259377064215485,232.9267583333333
6,buenos aires,6505,magdalena,2020,135,22653,595.9475566150179,0.5959475566150179,Pampeana,32.99,39.14,-22.513076245380446,12.0,35.38,buenos aires,-0.9060548261871636,333.64571666666666
6,buenos aires,6505,magdalena,2021,173,22653,763.6957577362822,0.7636957577362822,Pampeana,53.36,40.47,10.894768613448491,12.0,51.34,buenos aires,5.042551890559444,499.07357500000006
6,buenos aires,6505,magdalena,2022,179,22653,790.1823158080608,0.7901823158080609,Pampeana,90.36,100.29,16.258768970195426,12.0,94.78,buenos aires,9.714658640109942,855.2844833333334
6,buenos aires,6505,magdalena,2023,230,22653,1015.3180594181788,1.0153180594181788,Pampeana,152.68,225.08,6.451770318872274,12.0,276.35,buenos aires,7.971207677952541,1996.2926583333333
6,buenos aires,6505,magdalena,2024,235,22653,1037.3901911446608,1.0373901911446608,Pampeana,145.47,106.62,-17.002317565429593,12.0,67.1,buenos aires,2.207989387423237,6356.215883333333
6,buenos aires,6511,maipú,2017,42,11253,373.23380431884834,0.3732338043188483,Pampeana,27.47,26.77,7.86512216770463,12.0,18.85,buenos aires,4.281204657664772,112.74496666666666
6,buenos aires,6511,maipú,2018,31,11253,275.4820936639118,0.2754820936639118,Pampeana,29.71,52.86,2.8043835398188,12.0,73.5,buenos aires,-0.0845716233711546,151.7446
6,buenos aires,6511,maipú,2019,30,11253,266.5955745134631,0.2665955745134631,Pampeana,40.89,52.82,-4.095869743002778,12.0,58.49,buenos aires,3.259377064215485,232.9267583333333
6,buenos aires,6511,maipú,2020,82,11253,728.6945703367991,0.7286945703367991,Pampeana,32.99,39.14,-22.513076245380446,12.0,35.38,buenos aires,-0.9060548261871636,333.64571666666666
6,buenos aires,6511,maipú,2021,58,11253,515.4181107260287,0.5154181107260286,Pampeana,53.36,40.47,10.894768613448491,12.0,51.34,buenos aires,5.042551890559444,499.07357500000006
6,buenos aires,6511,maipú,2022,35,11253,311.02817026570693,0.3110281702657069,Pampeana,90.36,100.29,16.258768970195426,12.0,94.78,buenos aires,9.714658640109942,855.2844833333334
6,buenos aires,6511,maipú,2023,88,11253,782.0136852394917,0.7820136852394917,Pampeana,152.68,225.08,6.451770318872274,12.0,276.35,buenos aires,7.971207677952541,1996.2926583333333
6,buenos aires,6511,maipú,2024,149,11253,1324.0913534168667,1.3240913534168666,Pampeana,145.47,106.62,-17.002317565429593,12.0,67.1,buenos aires,2.207989387423237,6356.215883333333
6,buenos aires,6515,malvinas argentinas,2017,2847,349401,814.823082933363,0.814823082933363,Pampeana,27.47,26.77,7.86512216770463,12.0,18.85,buenos aires,4.281204657664772,112.74496666666666
6,buenos aires,6515,malvinas argentinas,2018,3476,349401,994.845464094264,0.994845464094264,Pampeana,29.71,52.86,2.8043835398188,12.0,73.5,buenos aires,-0.0845716233711546,151.7446
6,buenos aires,6515,malvinas argentinas,2019,5481,349401,1568.6846918011108,1.5686846918011108,Pampeana,40.89,52.82,-4.095869743002778,12.0,58.49,buenos aires,3.259377064215485,232.9267583333333
6,buenos aires,6515,malvinas argentinas,2020,3720,349401,1064.6792653713069,1.0646792653713069,Pampeana,32.99,39.14,-22.513076245380446,12.0,35.38,buenos aires,-0.9060548261871636,333.64571666666666
6,buenos aires,6515,malvinas argentinas,2021,3490,349401,998.8523215445864,0.9988523215445864,Pampeana,53.36,40.47,10.894768613448491,12.0,51.34,buenos aires,5.042551890559444,499.07357500000006
6,buenos aires,6515,malvinas argentinas,2022,3715,349401,1063.2482448533349,1.0632482448533347,Pampeana,90.36,100.29,16.258768970195426,12.0,94.78,buenos aires,9.714658640109942,855.2844833333334
6,buenos aires,6515,malvinas argentinas,2023,4279,349401,1224.667359280597,1.2246673592805974,Pampeana,152.68,225.08,6.451770318872274,12.0,276.35,buenos aires,7.971207677952541,1996.2926583333333
6,buenos aires,6515,malvinas argentinas,2024,5153,349401,1474.8097458221357,1.4748097458221356,Pampeana,145.47,106.62,-17.002317565429593,12.0,67.1,buenos aires,2.207989387423237,6356.215883333333
6,buenos aires,6518,mar chiquita,2017,159,32973,482.2127194977709,0.4822127194977709,Pampeana,27.47,26.77,7.86512216770463,12.0,18.85,buenos aires,4.281204657664772,112.74496666666666
6,buenos aires,6518,mar chiquita,2018,179,32973,542.8684074849118,0.5428684074849118,Pampeana,29.71,52.86,2.8043835398188,12.0,73.5,buenos aires,-0.0845716233711546,151.7446
6,buenos aires,6518,mar chiquita,2019,424,32973,1285.900585327389,1.285900585327389,Pampeana,40.89,52.82,-4.095869743002778,12.0,58.49,buenos aires,3.259377064215485,232.9267583333333
6,buenos aires,6518,mar chiquita,2020,455,32973,1379.9169017074576,1.3799169017074575,Pampeana,32.99,39.14,-22.513076245380446,12.0,35.38,buenos aires,-0.9060548261871636,333.64571666666666
6,buenos aires,6518,mar chiquita,2021,379,32973,1149.425287356322,1.1494252873563218,Pampeana,53.36,40.47,10.894768613448491,12.0,51.34,buenos aires,5.042551890559444,499.07357500000006
6,buenos aires,6518,mar chiquita,2022,320,32973,970.491007794256,0.970491007794256,Pampeana,90.36,100.29,16.258768970195426,12.0,94.78,buenos aires,9.714658640109942,855.2844833333334
6,buenos aires,6518,mar chiquita,2023,436,32973,1322.2939981196737,1.3222939981196735,Pampeana,152.68,225.08,6.451770318872274,12.0,276.35,buenos aires,7.971207677952541,1996.2926583333333
6,buenos aires,6518,mar chiquita,2024,581,32973,1762.047736026446,1.762047736026446,Pampeana,145.47,106.62,-17.002317565429593,12.0,67.1,buenos aires,2.207989387423237,6356.215883333333
6,buenos aires,6525,marcos paz,2017,708,64761,1093.250567471163,1.0932505674711632,Pampeana,27.47,26.77,7.86512216770463,12.0,18.85,buenos aires,4.281204657664772,112.74496666666666
6,buenos aires,6525,marcos paz,2018,569,64761,878.6152159478697,0.8786152159478697,Pampeana,29.71,52.86,2.8043835398188,12.0,73.5,buenos aires,-0.0845716233711546,151.7446
6,buenos aires,6525,marcos paz,2019,1108,64761,1710.9062553079784,1.7109062553079784,Pampeana,40.89,52.82,-4.095869743002778,12.0,58.49,buenos aires,3.259377064215485,232.9267583333333
6,buenos aires,6525,marcos paz,2020,792,64761,1222.9582619168943,1.2229582619168944,Pampeana,32.99,39.14,-22.513076245380446,12.0,35.38,buenos aires,-0.9060548261871636,333.64571666666666
6,buenos aires,6525,marcos paz,2021,866,64761,1337.2245641667052,1.337224564166705,Pampeana,53.36,40.47,10.894768613448491,12.0,51.34,buenos aires,5.042551890559444,499.07357500000006
6,buenos aires,6525,marcos paz,2022,672,64761,1037.66155556585,1.03766155556585,Pampeana,90.36,100.29,16.258768970195426,12.0,94.78,buenos aires,9.714658640109942,855.2844833333334
6,buenos aires,6525,marcos paz,2023,963,64761,1487.006068467133,1.487006068467133,Pampeana,152.68,225.08,6.451770318872274,12.0,276.35,buenos aires,7.971207677952541,1996.2926583333333
6,buenos aires,6525,marcos paz,2024,860,64761,1327.959728849153,1.327959728849153,Pampeana,145.47,106.62,-17.002317565429593,12.0,67.1,buenos aires,2.207989387423237,6356.215883333333
6,buenos aires,6532,mercedes,2017,167,71002,235.2046421227571,0.2352046421227571,Pampeana,27.47,26.77,7.86512216770463,12.0,18.85,buenos aires,4.281204657664772,112.74496666666666
6,buenos aires,6532,mercedes,2018,174,71002,245.06351933748343,0.2450635193374834,Pampeana,29.71,52.86,2.8043835398188,12.0,73.5,buenos aires,-0.0845716233711546,151.7446
6,buenos aires,6532,mercedes,2019,425,71002,598.5746880369568,0.5985746880369567,Pampeana,40.89,52.82,-4.095869743002778,12.0,58.49,buenos aires,3.259377064215485,232.9267583333333
6,buenos aires,6532,mercedes,2020,544,71002,766.1756006873046,0.7661756006873046,Pampeana,32.99,39.14,-22.513076245380446,12.0,35.38,buenos aires,-0.9060548261871636,333.64571666666666
6,buenos aires,6532,mercedes,2021,646,71002,909.8335258161744,0.9098335258161744,Pampeana,53.36,40.47,10.894768613448491,12.0,51.34,buenos aires,5.042551890559444,499.07357500000006
6,buenos aires,6532,mercedes,2022,733,71002,1032.3652854849158,1.032365285484916,Pampeana,90.36,100.29,16.258768970195426,12.0,94.78,buenos aires,9.714658640109942,855.2844833333334
6,buenos aires,6532,mercedes,2023,977,71002,1376.017576969663,1.376017576969663,Pampeana,152.68,225.08,6.451770318872274,12.0,276.35,buenos aires,7.971207677952541,1996.2926583333333
6,buenos aires,6532,mercedes,2024,1083,71002,1525.3091462212333,1.5253091462212331,Pampeana,145.47,106.62,-17.002317565429593,12.0,67.1,buenos aires,2.207989387423237,6356.215883333333
6,buenos aires,6539,merlo,2017,3781,581484,650.2328524946516,0.6502328524946516,Pampeana,27.47,26.77,7.86512216770463,12.0,18.85,buenos aires,4.281204657664772,112.74496666666666
6,buenos aires,6539,merlo,2018,4969,581484,854.53770009149,0.85453770009149,Pampeana,29.71,52.86,2.8043835398188,12.0,73.5,buenos aires,-0.0845716233711546,151.7446
6,buenos aires,6539,merlo,2019,8732,581484,1501.67502459225,1.50167502459225,Pampeana,40.89,52.82,-4.095869743002778,12.0,58.49,buenos aires,3.259377064215485,232.9267583333333
6,buenos aires,6539,merlo,2020,6868,581484,1181.1159034470425,1.1811159034470424,Pampeana,32.99,39.14,-22.513076245380446,12.0,35.38,buenos aires,-0.9060548261871636,333.64571666666666
6,buenos aires,6539,merlo,2021,5370,581484,923.499184844295,0.9234991848442948,Pampeana,53.36,40.47,10.894768613448491,12.0,51.34,buenos aires,5.042551890559444,499.07357500000006
6,buenos aires,6539,merlo,2022,5456,581484,938.2889297039986,0.9382889297039988,Pampeana,90.36,100.29,16.258768970195426,12.0,94.78,buenos aires,9.714658640109942,855.2844833333334
6,buenos aires,6539,merlo,2023,6721,581484,1155.8357581635953,1.1558357581635952,Pampeana,152.68,225.08,6.451770318872274,12.0,276.35,buenos aires,7.971207677952541,1996.2926583333333
6,buenos aires,6539,merlo,2024,8075,581484,1388.6882528152107,1.388688252815211,Pampeana,145.47,106.62,-17.002317565429593,12.0,67.1,buenos aires,2.207989387423237,6356.215883333333
6,buenos aires,6547,monte,2017,69,24616,280.3054923626909,0.2803054923626909,Pampeana,27.47,26.77,7.86512216770463,12.0,18.85,buenos aires,4.281204657664772,112.74496666666666
6,buenos aires,6547,monte,2018,60,24616,243.74390640233997,0.2437439064023399,Pampeana,29.71,52.86,2.8043835398188,12.0,73.5,buenos aires,-0.0845716233711546,151.7446
6,buenos aires,6547,monte,2019,291,24616,1182.1579460513487,1.1821579460513487,Pampeana,40.89,52.82,-4.095869743002778,12.0,58.49,buenos aires,3.259377064215485,232.9267583333333
6,buenos aires,6547,monte,2020,278,24616,1129.3467663308418,1.1293467663308416,Pampeana,32.99,39.14,-22.513076245380446,12.0,35.38,buenos aires,-0.9060548261871636,333.64571666666666
6,buenos aires,6547,monte,2021,255,24616,1035.9116022099447,1.0359116022099446,Pampeana,53.36,40.47,10.894768613448491,12.0,51.34,buenos aires,5.042551890559444,499.07357500000006
6,buenos aires,6547,monte,2022,267,24616,1084.6603834904126,1.0846603834904127,Pampeana,90.36,100.29,16.258768970195426,12.0,94.78,buenos aires,9.714658640109942,855.2844833333334
6,buenos aires,6547,monte,2023,315,24616,1279.6555086122846,1.2796555086122847,Pampeana,152.68,225.08,6.451770318872274,12.0,276.35,buenos aires,7.971207677952541,1996.2926583333333
6,buenos aires,6547,monte,2024,409,24616,1661.5209619759507,1.6615209619759506,Pampeana,145.47,106.62,-17.002317565429593,12.0,67.1,buenos aires,2.207989387423237,6356.215883333333
6,buenos aires,6553,monte hermoso,2017,191,8444,2261.961155850308,2.261961155850308,Pampeana,27.47,26.77,7.86512216770463,12.0,18.85,buenos aires,4.281204657664772,112.74496666666666
6,buenos aires,6553,monte hermoso,2018,248,8444,2936.9966840360016,2.936996684036002,Pampeana,29.71,52.86,2.8043835398188,12.0,73.5,buenos aires,-0.0845716233711546,151.7446
6,buenos aires,6553,monte hermoso,2019,219,8444,2593.557555660824,2.593557555660824,Pampeana,40.89,52.82,-4.095869743002778,12.0,58.49,buenos aires,3.259377064215485,232.9267583333333
6,buenos aires,6553,monte hermoso,2020,273,8444,3233.064898152534,3.2330648981525343,Pampeana,32.99,39.14,-22.513076245380446,12.0,35.38,buenos aires,-0.9060548261871636,333.64571666666666
6,buenos aires,6553,monte hermoso,2021,210,8444,2486.9729985788726,2.4869729985788727,Pampeana,53.36,40.47,10.894768613448491,12.0,51.34,buenos aires,5.042551890559444,499.07357500000006
6,buenos aires,6553,monte hermoso,2022,178,8444,2108.005684509711,2.108005684509711,Pampeana,90.36,100.29,16.258768970195426,12.0,94.78,buenos aires,9.714658640109942,855.2844833333334
6,buenos aires,6553,monte hermoso,2023,254,8444,3008.05305542397,3.0080530554239697,Pampeana,152.68,225.08,6.451770318872274,12.0,276.35,buenos aires,7.971207677952541,1996.2926583333333
6,buenos aires,6553,monte hermoso,2024,225,8444,2664.613927048792,2.664613927048792,Pampeana,145.47,106.62,-17.002317565429593,12.0,67.1,buenos aires,2.207989387423237,6356.215883333333
6,buenos aires,6560,moreno,2017,5835,575758,1013.4466216709104,1.0134466216709104,Pampeana,27.47,26.77,7.86512216770463,12.0,18.85,buenos aires,4.281204657664772,112.74496666666666
6,buenos aires,6560,moreno,2018,7754,575758,1346.7463760816177,1.3467463760816176,Pampeana,29.71,52.86,2.8043835398188,12.0,73.5,buenos aires,-0.0845716233711546,151.7446
6,buenos aires,6560,moreno,2019,9989,575758,1734.9303005776733,1.7349303005776733,Pampeana,40.89,52.82,-4.095869743002778,12.0,58.49,buenos aires,3.259377064215485,232.9267583333333
6,buenos aires,6560,moreno,2020,7878,575758,1368.2832023176404,1.3682832023176403,Pampeana,32.99,39.14,-22.513076245380446,12.0,35.38,buenos aires,-0.9060548261871636,333.64571666666666
6,buenos aires,6560,moreno,2021,7894,575758,1371.0621476384176,1.3710621476384175,Pampeana,53.36,40.47,10.894768613448491,12.0,51.34,buenos aires,5.042551890559444,499.07357500000006
6,buenos aires,6560,moreno,2022,6991,575758,1214.2254210970582,1.2142254210970582,Pampeana,90.36,100.29,16.258768970195426,12.0,94.78,buenos aires,9.714658640109942,855.2844833333334
6,buenos aires,6560,moreno,2023,7500,575758,1302.6306191142803,1.302630619114281,Pampeana,152.68,225.08,6.451770318872274,12.0,276.35,buenos aires,7.971207677952541,1996.2926583333333
6,buenos aires,6560,moreno,2024,7220,575758,1253.9990760006808,1.2539990760006807,Pampeana,145.47,106.62,-17.002317565429593,12.0,67.1,buenos aires,2.207989387423237,6356.215883333333
6,buenos aires,6568,morón,2017,4800,329517,1456.6775007055785,1.456677500705578,Pampeana,27.47,26.77,7.86512216770463,12.0,18.85,buenos aires,4.281204657664772,112.74496666666666
6,buenos aires,6568,morón,2018,6342,329517,1924.6351478072447,1.9246351478072448,Pampeana,29.71,52.86,2.8043835398188,12.0,73.5,buenos aires,-0.0845716233711546,151.7446
6,buenos aires,6568,morón,2019,9237,329517,2803.193765420297,2.8031937654202967,Pampeana,40.89,52.82,-4.095869743002778,12.0,58.49,buenos aires,3.259377064215485,232.9267583333333
6,buenos aires,6568,morón,2020,6696,329517,2032.0651134842817,2.0320651134842818,Pampeana,32.99,39.14,-22.513076245380446,12.0,35.38,buenos aires,-0.9060548261871636,333.64571666666666
6,buenos aires,6568,morón,2021,7133,329517,2164.683460944352,2.164683460944352,Pampeana,53.36,40.47,10.894768613448491,12.0,51.34,buenos aires,5.042551890559444,499.07357500000006
6,buenos aires,6568,morón,2022,7582,329517,2300.9435021561862,2.300943502156186,Pampeana,90.36,100.29,16.258768970195426,12.0,94.78,buenos aires,9.714658640109942,855.2844833333334
6,buenos aires,6568,morón,2023,9032,329517,2740.981497160996,2.7409814971609965,Pampeana,152.68,225.08,6.451770318872274,12.0,276.35,buenos aires,7.971207677952541,1996.2926583333333
6,buenos aires,6568,morón,2024,9796,329517,2972.835999356634,2.972835999356634,Pampeana,145.47,106.62,-17.002317565429593,12.0,67.1,buenos aires,2.207989387423237,6356.215883333333
6,buenos aires,6574,navarro,2017,59,19888,296.6613032984714,0.2966613032984714,Pampeana,27.47,26.77,7.86512216770463,12.0,18.85,buenos aires,4.281204657664772,112.74496666666666
6,buenos aires,6574,navarro,2018,71,19888,356.9991954947708,0.3569991954947707,Pampeana,29.71,52.86,2.8043835398188,12.0,73.5,buenos aires,-0.0845716233711546,151.7446
6,buenos aires,6574,navarro,2019,235,19888,1181.6170555108608,1.1816170555108607,Pampeana,40.89,52.82,-4.095869743002778,12.0,58.49,buenos aires,3.259377064215485,232.9267583333333
6,buenos aires,6574,navarro,2020,233,19888,1171.560740144811,1.171560740144811,Pampeana,32.99,39.14,-22.513076245380446,12.0,35.38,buenos aires,-0.9060548261871636,333.64571666666666
6,buenos aires,6574,navarro,2021,228,19888,1146.4199517296863,1.1464199517296862,Pampeana,53.36,40.47,10.894768613448491,12.0,51.34,buenos aires,5.042551890559444,499.07357500000006
6,buenos aires,6574,navarro,2022,203,19888,1020.7160096540628,1.0207160096540628,Pampeana,90.36,100.29,16.258768970195426,12.0,94.78,buenos aires,9.714658640109942,855.2844833333334
6,buenos aires,6574,navarro,2023,303,19888,1523.5317779565569,1.5235317779565567,Pampeana,152.68,225.08,6.451770318872274,12.0,276.35,buenos aires,7.971207677952541,1996.2926583333333
6,buenos aires,6574,navarro,2024,342,19888,1719.6299275945294,1.7196299275945293,Pampeana,145.47,106.62,-17.002317565429593,12.0,67.1,buenos aires,2.207989387423237,6356.215883333333
6,buenos aires,6581,necochea,2017,1561,101483,1538.1886621404572,1.538188662140457,Pampeana,27.47,26.77,7.86512216770463,12.0,18.85,buenos aires,4.281204657664772,112.74496666666666
6,buenos aires,6581,necochea,2018,1554,101483,1531.290955135343,1.5312909551353429,Pampeana,29.71,52.86,2.8043835398188,12.0,73.5,buenos aires,-0.0845716233711546,151.7446
6,buenos aires,6581,necochea,2019,2042,101483,2012.1596720633013,2.012159672063301,Pampeana,40.89,52.82,-4.095869743002778,12.0,58.49,buenos aires,3.259377064215485,232.9267583333333
6,buenos aires,6581,necochea,2020,1899,101483,1871.2493718159687,1.871249371815969,Pampeana,32.99,39.14,-22.513076245380446,12.0,35.38,buenos aires,-0.9060548261871636,333.64571666666666
6,buenos aires,6581,necochea,2021,1904,101483,1876.1763053910508,1.876176305391051,Pampeana,53.36,40.47,10.894768613448491,12.0,51.34,buenos aires,5.042551890559444,499.07357500000006
6,buenos aires,6581,necochea,2022,2006,101483,1976.6857503227145,1.9766857503227144,Pampeana,90.36,100.29,16.258768970195426,12.0,94.78,buenos aires,9.714658640109942,855.2844833333334
6,buenos aires,6581,necochea,2023,2167,101483,2135.33301144034,2.1353330114403395,Pampeana,152.68,225.08,6.451770318872274,12.0,276.35,buenos aires,7.971207677952541,1996.2926583333333
6,buenos aires,6581,necochea,2024,1888,101483,1860.41011795079,1.86041011795079,Pampeana,145.47,106.62,-17.002317565429593,12.0,67.1,buenos aires,2.207989387423237,6356.215883333333
6,buenos aires,6588,9 de julio,2017,378,52366,721.8424168353512,0.7218424168353512,Pampeana,27.47,26.77,7.86512216770463,12.0,18.85,buenos aires,4.281204657664772,112.74496666666666
6,buenos aires,6588,9 de julio,2018,485,52366,926.1734713363631,0.9261734713363632,Pampeana,29.71,52.86,2.8043835398188,12.0,73.5,buenos aires,-0.0845716233711546,151.7446
6,buenos aires,6588,9 de julio,2019,428,52366,817.3242180040485,0.8173242180040485,Pampeana,40.89,52.82,-4.095869743002778,12.0,58.49,buenos aires,3.259377064215485,232.9267583333333
6,buenos aires,6588,9 de julio,2020,388,52366,740.9387770690906,0.7409387770690906,Pampeana,32.99,39.14,-22.513076245380446,12.0,35.38,buenos aires,-0.9060548261871636,333.64571666666666
6,buenos aires,6588,9 de julio,2021,256,52366,488.8668219837299,0.4888668219837299,Pampeana,53.36,40.47,10.894768613448491,12.0,51.34,buenos aires,5.042551890559444,499.07357500000006
6,buenos aires,6588,9 de julio,2022,347,52366,662.6437001107589,0.6626437001107589,Pampeana,90.36,100.29,16.258768970195426,12.0,94.78,buenos aires,9.714658640109942,855.2844833333334
6,buenos aires,6588,9 de julio,2023,472,52366,901.348203032502,0.901348203032502,Pampeana,152.68,225.08,6.451770318872274,12.0,276.35,buenos aires,7.971207677952541,1996.2926583333333
6,buenos aires,6588,9 de julio,2024,538,52366,1027.3841805751824,1.0273841805751824,Pampeana,145.47,106.62,-17.002317565429593,12.0,67.1,buenos aires,2.207989387423237,6356.215883333333
6,buenos aires,6595,olavarría,2017,517,122011,423.7322864331904,0.4237322864331904,Pampeana,27.47,26.77,7.86512216770463,12.0,18.85,buenos aires,4.281204657664772,112.74496666666666
6,buenos aires,6595,olavarría,2018,529,122011,433.567465228545,0.433567465228545,Pampeana,29.71,52.86,2.8043835398188,12.0,73.5,buenos aires,-0.0845716233711546,151.7446
6,buenos aires,6595,olavarría,2019,587,122011,481.10416273942513,0.4811041627394251,Pampeana,40.89,52.82,-4.095869743002778,12.0,58.49,buenos aires,3.259377064215485,232.9267583333333
6,buenos aires,6595,olavarría,2020,1010,122011,827.7942152756718,0.8277942152756719,Pampeana,32.99,39.14,-22.513076245380446,12.0,35.38,buenos aires,-0.9060548261871636,333.64571666666666
6,buenos aires,6595,olavarría,2021,1212,122011,993.3530583308062,0.9933530583308062,Pampeana,53.36,40.47,10.894768613448491,12.0,51.34,buenos aires,5.042551890559444,499.07357500000006
6,buenos aires,6595,olavarría,2022,1430,122011,1172.02547311308,1.17202547311308,Pampeana,90.36,100.29,16.258768970195426,12.0,94.78,buenos aires,9.714658640109942,855.2844833333334
6,buenos aires,6595,olavarría,2023,1889,122011,1548.22106203539,1.5482210620353902,Pampeana,152.68,225.08,6.451770318872274,12.0,276.35,buenos aires,7.971207677952541,1996.2926583333333
6,buenos aires,6595,olavarría,2024,1866,122011,1529.3703026776277,1.5293703026776275,Pampeana,145.47,106.62,-17.002317565429593,12.0,67.1,buenos aires,2.207989387423237,6356.215883333333
6,buenos aires,6602,patagones,2017,268,37499,714.6857249526654,0.7146857249526654,Pampeana,27.47,26.77,7.86512216770463,12.0,18.85,buenos aires,4.281204657664772,112.74496666666666
6,buenos aires,6602,patagones,2018,335,37499,893.3571561908318,0.8933571561908318,Pampeana,29.71,52.86,2.8043835398188,12.0,73.5,buenos aires,-0.0845716233711546,151.7446
6,buenos aires,6602,patagones,2019,358,37499,954.6921251233366,0.9546921251233366,Pampeana,40.89,52.82,-4.095869743002778,12.0,58.49,buenos aires,3.259377064215485,232.9267583333333
6,buenos aires,6602,patagones,2020,405,37499,1080.0288007680206,1.0800288007680203,Pampeana,32.99,39.14,-22.513076245380446,12.0,35.38,buenos aires,-0.9060548261871636,333.64571666666666
6,buenos aires,6602,patagones,2021,533,37499,1421.3712365663084,1.4213712365663085,Pampeana,53.36,40.47,10.894768613448491,12.0,51.34,buenos aires,5.042551890559444,499.07357500000006
6,buenos aires,6602,patagones,2022,496,37499,1322.701938718366,1.3227019387183658,Pampeana,90.36,100.29,16.258768970195426,12.0,94.78,buenos aires,9.714658640109942,855.2844833333334
6,buenos aires,6602,patagones,2023,640,37499,1706.71217899144,1.70671217899144,Pampeana,152.68,225.08,6.451770318872274,12.0,276.35,buenos aires,7.971207677952541,1996.2926583333333
6,buenos aires,6602,patagones,2024,596,37499,1589.3757166857783,1.5893757166857785,Pampeana,145.47,106.62,-17.002317565429593,12.0,67.1,buenos aires,2.207989387423237,6356.215883333333
6,buenos aires,6609,pehuajó,2017,282,44594,632.3720679912096,0.6323720679912096,Pampeana,27.47,26.77,7.86512216770463,12.0,18.85,buenos aires,4.281204657664772,112.74496666666666
6,buenos aires,6609,pehuajó,2018,491,44594,1101.0449836300847,1.1010449836300849,Pampeana,29.71,52.86,2.8043835398188,12.0,73.5,buenos aires,-0.0845716233711546,151.7446
6,buenos aires,6609,pehuajó,2019,536,44594,1201.9554200116606,1.201955420011661,Pampeana,40.89,52.82,-4.095869743002778,12.0,58.49,buenos aires,3.259377064215485,232.9267583333333
6,buenos aires,6609,pehuajó,2020,542,44594,1215.4101448625374,1.2154101448625376,Pampeana,32.99,39.14,-22.513076245380446,12.0,35.38,buenos aires,-0.9060548261871636,333.64571666666666
6,buenos aires,6609,pehuajó,2021,595,44594,1334.260214378616,1.334260214378616,Pampeana,53.36,40.47,10.894768613448491,12.0,51.34,buenos aires,5.042551890559444,499.07357500000006
6,buenos aires,6609,pehuajó,2022,550,44594,1233.34977799704,1.23334977799704,Pampeana,90.36,100.29,16.258768970195426,12.0,94.78,buenos aires,9.714658640109942,855.2844833333334
6,buenos aires,6609,pehuajó,2023,557,44594,1249.0469569897296,1.2490469569897296,Pampeana,152.68,225.08,6.451770318872274,12.0,276.35,buenos aires,7.971207677952541,1996.2926583333333
6,buenos aires,6609,pehuajó,2024,600,44594,1345.4724850876798,1.3454724850876798,Pampeana,145.47,106.62,-17.002317565429593,12.0,67.1,buenos aires,2.207989387423237,6356.215883333333
6,buenos aires,6616,pellegrini,2017,54,7112,759.2800899887513,0.7592800899887514,Pampeana,27.47,26.77,7.86512216770463,12.0,18.85,buenos aires,4.281204657664772,112.74496666666666
6,buenos aires,6616,pellegrini,2018,40,7112,562.429696287964,0.562429696287964,Pampeana,29.71,52.86,2.8043835398188,12.0,73.5,buenos aires,-0.0845716233711546,151.7446
6,buenos aires,6616,pellegrini,2019,81,7112,1138.9201349831271,1.138920134983127,Pampeana,40.89,52.82,-4.095869743002778,12.0,58.49,buenos aires,3.259377064215485,232.9267583333333
6,buenos aires,6616,pellegrini,2020,34,7112,478.0652418447694,0.4780652418447694,Pampeana,32.99,39.14,-22.513076245380446,12.0,35.38,buenos aires,-0.9060548261871636,333.64571666666666
6,buenos aires,6616,pellegrini,2021,49,7112,688.9763779527559,0.6889763779527559,Pampeana,53.36,40.47,10.894768613448491,12.0,51.34,buenos aires,5.042551890559444,499.07357500000006
6,buenos aires,6616,pellegrini,2022,30,7112,421.822272215973,0.421822272215973,Pampeana,90.36,100.29,16.258768970195426,12.0,94.78,buenos aires,9.714658640109942,855.2844833333334
6,buenos aires,6616,pellegrini,2023,51,7112,717.0978627671541,0.7170978627671541,Pampeana,152.68,225.08,6.451770318872274,12.0,276.35,buenos aires,7.971207677952541,1996.2926583333333
6,buenos aires,6616,pellegrini,2024,53,7112,745.2193475815524,0.7452193475815524,Pampeana,145.47,106.62,-17.002317565429593,12.0,67.1,buenos aires,2.207989387423237,6356.215883333333
6,buenos aires,6623,pergamino,2017,2931,114988,2548.961630778864,2.548961630778864,Pampeana,27.47,26.77,7.86512216770463,12.0,18.85,buenos aires,4.281204657664772,112.74496666666666
6,buenos aires,6623,pergamino,2018,2664,114988,2316.763488364003,2.316763488364004,Pampeana,29.71,52.86,2.8043835398188,12.0,73.5,buenos aires,-0.0845716233711546,151.7446
6,buenos aires,6623,pergamino,2019,2234,114988,1942.8114238007445,1.9428114238007443,Pampeana,40.89,52.82,-4.095869743002778,12.0,58.49,buenos aires,3.259377064215485,232.9267583333333
6,buenos aires,6623,pergamino,2020,1825,114988,1587.1221344835983,1.5871221344835984,Pampeana,32.99,39.14,-22.513076245380446,12.0,35.38,buenos aires,-0.9060548261871636,333.64571666666666
6,buenos aires,6623,pergamino,2021,1650,114988,1434.9323407659929,1.4349323407659929,Pampeana,53.36,40.47,10.894768613448491,12.0,51.34,buenos aires,5.042551890559444,499.07357500000006
6,buenos aires,6623,pergamino,2022,1612,114988,1401.88541413017,1.40188541413017,Pampeana,90.36,100.29,16.258768970195426,12.0,94.78,buenos aires,9.714658640109942,855.2844833333334
6,buenos aires,6623,pergamino,2023,2167,114988,1884.544474206004,1.884544474206004,Pampeana,152.68,225.08,6.451770318872274,12.0,276.35,buenos aires,7.971207677952541,1996.2926583333333
6,buenos aires,6623,pergamino,2024,2282,114988,1984.554910077573,1.9845549100775728,Pampeana,145.47,106.62,-17.002317565429593,12.0,67.1,buenos aires,2.207989387423237,6356.215883333333
6,buenos aires,6630,pila,2017,18,4615,390.03250270855904,0.390032502708559,Pampeana,27.47,26.77,7.86512216770463,12.0,18.85,buenos aires,4.281204657664772,112.74496666666666
6,buenos aires,6630,pila,2018,16,4615,346.6955579631636,0.3466955579631636,Pampeana,29.71,52.86,2.8043835398188,12.0,73.5,buenos aires,-0.0845716233711546,151.7446
6,buenos aires,6630,pila,2019,20,4615,433.3694474539545,0.4333694474539544,Pampeana,40.89,52.82,-4.095869743002778,12.0,58.49,buenos aires,3.259377064215485,232.9267583333333
6,buenos aires,6630,pila,2020,23,4615,498.37486457204767,0.4983748645720476,Pampeana,32.99,39.14,-22.513076245380446,12.0,35.38,buenos aires,-0.9060548261871636,333.64571666666666
6,buenos aires,6630,pila,2021,24,4615,520.0433369447454,0.5200433369447455,Pampeana,53.36,40.47,10.894768613448491,12.0,51.34,buenos aires,5.042551890559444,499.07357500000006
6,buenos aires,6630,pila,2022,14,4615,303.3586132177681,0.3033586132177681,Pampeana,90.36,100.29,16.258768970195426,12.0,94.78,buenos aires,9.714658640109942,855.2844833333334
6,buenos aires,6630,pila,2023,10,4615,216.68472372697724,0.2166847237269772,Pampeana,152.68,225.08,6.451770318872274,12.0,276.35,buenos aires,7.971207677952541,1996.2926583333333
6,buenos aires,6630,pila,2024,24,4615,520.0433369447454,0.5200433369447455,Pampeana,145.47,106.62,-17.002317565429593,12.0,67.1,buenos aires,2.207989387423237,6356.215883333333
6,buenos aires,6638,pilar,2017,4535,393614,1152.1439786186463,1.1521439786186467,Pampeana,27.47,26.77,7.86512216770463,12.0,18.85,buenos aires,4.281204657664772,112.74496666666666
6,buenos aires,6638,pilar,2018,5029,393614,1277.647644646786,1.277647644646786,Pampeana,29.71,52.86,2.8043835398188,12.0,73.5,buenos aires,-0.0845716233711546,151.7446
6,buenos aires,6638,pilar,2019,8673,393614,2203.427723607392,2.203427723607392,Pampeana,40.89,52.82,-4.095869743002778,12.0,58.49,buenos aires,3.259377064215485,232.9267583333333
6,buenos aires,6638,pilar,2020,6622,393614,1682.3588591869193,1.6823588591869192,Pampeana,32.99,39.14,-22.513076245380446,12.0,35.38,buenos aires,-0.9060548261871636,333.64571666666666
6,buenos aires,6638,pilar,2021,6190,393614,1572.6066654133238,1.5726066654133235,Pampeana,53.36,40.47,10.894768613448491,12.0,51.34,buenos aires,5.042551890559444,499.07357500000006
6,buenos aires,6638,pilar,2022,5438,393614,1381.5565503259538,1.381556550325954,Pampeana,90.36,100.29,16.258768970195426,12.0,94.78,buenos aires,9.714658640109942,855.2844833333334
6,buenos aires,6638,pilar,2023,5163,393614,1311.691149196929,1.311691149196929,Pampeana,152.68,225.08,6.451770318872274,12.0,276.35,buenos aires,7.971207677952541,1996.2926583333333
6,buenos aires,6638,pilar,2024,4194,393614,1065.510881218656,1.065510881218656,Pampeana,145.47,106.62,-17.002317565429593,12.0,67.1,buenos aires,2.207989387423237,6356.215883333333
6,buenos aires,6644,pinamar,2017,516,39224,1315.5211095247807,1.3155211095247807,Pampeana,27.47,26.77,7.86512216770463,12.0,18.85,buenos aires,4.281204657664772,112.74496666666666
6,buenos aires,6644,pinamar,2018,627,39224,1598.5111156434837,1.5985111156434837,Pampeana,29.71,52.86,2.8043835398188,12.0,73.5,buenos aires,-0.0845716233711546,151.7446
6,buenos aires,6644,pinamar,2019,1058,39224,2697.3281664287174,2.697328166428717,Pampeana,40.89,52.82,-4.095869743002778,12.0,58.49,buenos aires,3.259377064215485,232.9267583333333
6,buenos aires,6644,pinamar,2020,1031,39224,2628.492759534978,2.6284927595349785,Pampeana,32.99,39.14,-22.513076245380446,12.0,35.38,buenos aires,-0.9060548261871636,333.64571666666666
6,buenos aires,6644,pinamar,2021,1118,39224,2850.295737303692,2.8502957373036915,Pampeana,53.36,40.47,10.894768613448491,12.0,51.34,buenos aires,5.042551890559444,499.07357500000006
6,buenos aires,6644,pinamar,2022,864,39224,2202.7330205996327,2.202733020599633,Pampeana,90.36,100.29,16.258768970195426,12.0,94.78,buenos aires,9.714658640109942,855.2844833333334
6,buenos aires,6644,pinamar,2023,1038,39224,2646.338976137059,2.646338976137059,Pampeana,152.68,225.08,6.451770318872274,12.0,276.35,buenos aires,7.971207677952541,1996.2926583333333
6,buenos aires,6644,pinamar,2024,1360,39224,3467.2649398327558,3.4672649398327557,Pampeana,145.47,106.62,-17.002317565429593,12.0,67.1,buenos aires,2.207989387423237,6356.215883333333
6,buenos aires,6648,presidente perón,2017,453,101994,444.14377316312726,0.4441437731631272,Pampeana,27.47,26.77,7.86512216770463,12.0,18.85,buenos aires,4.281204657664772,112.74496666666666
6,buenos aires,6648,presidente perón,2018,445,101994,436.3001745200698,0.4363001745200698,Pampeana,29.71,52.86,2.8043835398188,12.0,73.5,buenos aires,-0.0845716233711546,151.7446
6,buenos aires,6648,presidente perón,2019,850,101994,833.3823558248524,0.8333823558248524,Pampeana,40.89,52.82,-4.095869743002778,12.0,58.49,buenos aires,3.259377064215485,232.9267583333333
6,buenos aires,6648,presidente perón,2020,998,101994,978.4889307214148,0.978488930721415,Pampeana,32.99,39.14,-22.513076245380446,12.0,35.38,buenos aires,-0.9060548261871636,333.64571666666666
6,buenos aires,6648,presidente perón,2021,957,101994,938.2904876757456,0.9382904876757456,Pampeana,53.36,40.47,10.894768613448491,12.0,51.34,buenos aires,5.042551890559444,499.07357500000006
6,buenos aires,6648,presidente perón,2022,756,101994,741.2200717689276,0.7412200717689276,Pampeana,90.36,100.29,16.258768970195426,12.0,94.78,buenos aires,9.714658640109942,855.2844833333334
6,buenos aires,6648,presidente perón,2023,1295,101994,1269.6825303449225,1.2696825303449222,Pampeana,152.68,225.08,6.451770318872274,12.0,276.35,buenos aires,7.971207677952541,1996.2926583333333
6,buenos aires,6648,presidente perón,2024,1093,101994,1071.631664607722,1.071631664607722,Pampeana,145.47,106.62,-17.002317565429593,12.0,67.1,buenos aires,2.207989387423237,6356.215883333333
6,buenos aires,6651,puán,2017,110,16391,671.099993899091,0.671099993899091,Pampeana,27.47,26.77,7.86512216770463,12.0,18.85,buenos aires,4.281204657664772,112.74496666666666
6,buenos aires,6651,puán,2018,111,16391,677.2009029345372,0.6772009029345373,Pampeana,29.71,52.86,2.8043835398188,12.0,73.5,buenos aires,-0.0845716233711546,151.7446
6,buenos aires,6651,puán,2019,139,16391,848.0263559270331,0.8480263559270331,Pampeana,40.89,52.82,-4.095869743002778,12.0,58.49,buenos aires,3.259377064215485,232.9267583333333
6,buenos aires,6651,puán,2020,101,16391,616.1918125800745,0.6161918125800745,Pampeana,32.99,39.14,-22.513076245380446,12.0,35.38,buenos aires,-0.9060548261871636,333.64571666666666
6,buenos aires,6651,puán,2021,171,16391,1043.255445061314,1.043255445061314,Pampeana,53.36,40.47,10.894768613448491,12.0,51.34,buenos aires,5.042551890559444,499.07357500000006
6,buenos aires,6651,puán,2022,143,16391,872.4299920688184,0.8724299920688183,Pampeana,90.36,100.29,16.258768970195426,12.0,94.78,buenos aires,9.714658640109942,855.2844833333334
6,buenos aires,6651,puán,2023,157,16391,957.8427185650662,0.9578427185650662,Pampeana,152.68,225.08,6.451770318872274,12.0,276.35,buenos aires,7.971207677952541,1996.2926583333333
6,buenos aires,6651,puán,2024,163,16391,994.448172777744,0.994448172777744,Pampeana,145.47,106.62,-17.002317565429593,12.0,67.1,buenos aires,2.207989387423237,6356.215883333333
6,buenos aires,6655,punta indio,2017,72,12161,592.056574294877,0.592056574294877,Pampeana,27.47,26.77,7.86512216770463,12.0,18.85,buenos aires,4.281204657664772,112.74496666666666
6,buenos aires,6655,punta indio,2018,66,12161,542.7185264369707,0.5427185264369707,Pampeana,29.71,52.86,2.8043835398188,12.0,73.5,buenos aires,-0.0845716233711546,151.7446
6,buenos aires,6655,punta indio,2019,71,12161,583.8335663185593,0.5838335663185593,Pampeana,40.89,52.82,-4.095869743002778,12.0,58.49,buenos aires,3.259377064215485,232.9267583333333
6,buenos aires,6655,punta indio,2020,85,12161,698.9556779870077,0.6989556779870076,Pampeana,32.99,39.14,-22.513076245380446,12.0,35.38,buenos aires,-0.9060548261871636,333.64571666666666
6,buenos aires,6655,punta indio,2021,119,12161,978.5379491818107,0.9785379491818108,Pampeana,53.36,40.47,10.894768613448491,12.0,51.34,buenos aires,5.042551890559444,499.07357500000006
6,buenos aires,6655,punta indio,2022,97,12161,797.6317737028204,0.7976317737028205,Pampeana,90.36,100.29,16.258768970195426,12.0,94.78,buenos aires,9.714658640109942,855.2844833333334
6,buenos aires,6655,punta indio,2023,169,12161,1389.6883479976975,1.3896883479976976,Pampeana,152.68,225.08,6.451770318872274,12.0,276.35,buenos aires,7.971207677952541,1996.2926583333333
6,buenos aires,6655,punta indio,2024,106,12161,871.6388454896801,0.8716388454896801,Pampeana,145.47,106.62,-17.002317565429593,12.0,67.1,buenos aires,2.207989387423237,6356.215883333333
6,buenos aires,6658,quilmes,2017,7336,631774,1161.1747238727771,1.1611747238727772,Pampeana,27.47,26.77,7.86512216770463,12.0,18.85,buenos aires,4.281204657664772,112.74496666666666
6,buenos aires,6658,quilmes,2018,7892,631774,1249.1808779721862,1.2491808779721862,Pampeana,29.71,52.86,2.8043835398188,12.0,73.5,buenos aires,-0.0845716233711546,151.7446
6,buenos aires,6658,quilmes,2019,8917,631774,1411.4224390367442,1.4114224390367442,Pampeana,40.89,52.82,-4.095869743002778,12.0,58.49,buenos aires,3.259377064215485,232.9267583333333
6,buenos aires,6658,quilmes,2020,8804,631774,1393.536296207188,1.393536296207188,Pampeana,32.99,39.14,-22.513076245380446,12.0,35.38,buenos aires,-0.9060548261871636,333.64571666666666
6,buenos aires,6658,quilmes,2021,9773,631774,1546.9139280818774,1.546913928081877,Pampeana,53.36,40.47,10.894768613448491,12.0,51.34,buenos aires,5.042551890559444,499.07357500000006
6,buenos aires,6658,quilmes,2022,9971,631774,1578.2542491460554,1.5782542491460554,Pampeana,90.36,100.29,16.258768970195426,12.0,94.78,buenos aires,9.714658640109942,855.2844833333334
6,buenos aires,6665,ramallo,2017,236,39648,595.2380952380952,0.5952380952380952,Pampeana,27.47,26.77,7.86512216770463,12.0,18.85,buenos aires,4.281204657664772,112.74496666666666
6,buenos aires,6665,ramallo,2018,218,39648,549.8385794995964,0.5498385794995965,Pampeana,29.71,52.86,2.8043835398188,12.0,73.5,buenos aires,-0.0845716233711546,151.7446
6,buenos aires,6665,ramallo,2019,311,39648,784.4027441485069,0.7844027441485069,Pampeana,40.89,52.82,-4.095869743002778,12.0,58.49,buenos aires,3.259377064215485,232.9267583333333
6,buenos aires,6665,ramallo,2020,313,39648,789.4471347861179,0.7894471347861179,Pampeana,32.99,39.14,-22.513076245380446,12.0,35.38,buenos aires,-0.9060548261871636,333.64571666666666
6,buenos aires,6665,ramallo,2021,318,39648,802.0581113801453,0.8020581113801453,Pampeana,53.36,40.47,10.894768613448491,12.0,51.34,buenos aires,5.042551890559444,499.07357500000006
6,buenos aires,6665,ramallo,2022,476,39648,1200.5649717514125,1.2005649717514124,Pampeana,90.36,100.29,16.258768970195426,12.0,94.78,buenos aires,9.714658640109942,855.2844833333334
6,buenos aires,6665,ramallo,2023,567,39648,1430.084745762712,1.430084745762712,Pampeana,152.68,225.08,6.451770318872274,12.0,276.35,buenos aires,7.971207677952541,1996.2926583333333
6,buenos aires,6665,ramallo,2024,634,39648,1599.0718321226796,1.5990718321226796,Pampeana,145.47,106.62,-17.002317565429593,12.0,67.1,buenos aires,2.207989387423237,6356.215883333333
6,buenos aires,6672,rauch,2017,45,16491,272.87611424413313,0.2728761142441331,Pampeana,27.47,26.77,7.86512216770463,12.0,18.85,buenos aires,4.281204657664772,112.74496666666666
6,buenos aires,6672,rauch,2018,42,16491,254.68437329452428,0.2546843732945242,Pampeana,29.71,52.86,2.8043835398188,12.0,73.5,buenos aires,-0.0845716233711546,151.7446
6,buenos aires,6672,rauch,2019,139,16491,842.883997331878,0.842883997331878,Pampeana,40.89,52.82,-4.095869743002778,12.0,58.49,buenos aires,3.259377064215485,232.9267583333333
6,buenos aires,6672,rauch,2020,132,16491,800.4366017827906,0.8004366017827906,Pampeana,32.99,39.14,-22.513076245380446,12.0,35.38,buenos aires,-0.9060548261871636,333.64571666666666
6,buenos aires,6672,rauch,2021,63,16491,382.0265599417864,0.3820265599417864,Pampeana,53.36,40.47,10.894768613448491,12.0,51.34,buenos aires,5.042551890559444,499.07357500000006
6,buenos aires,6672,rauch,2022,29,16491,175.85349584621915,0.1758534958462191,Pampeana,90.36,100.29,16.258768970195426,12.0,94.78,buenos aires,9.714658640109942,855.2844833333334
6,buenos aires,6672,rauch,2023,142,16491,861.0757382814868,0.8610757382814869,Pampeana,152.68,225.08,6.451770318872274,12.0,276.35,buenos aires,7.971207677952541,1996.2926583333333
6,buenos aires,6672,rauch,2024,173,16491,1049.0570614274452,1.0490570614274453,Pampeana,145.47,106.62,-17.002317565429593,12.0,67.1,buenos aires,2.207989387423237,6356.215883333333
6,buenos aires,6679,rivadavia,2017,85,19735,430.7068659741576,0.4307068659741576,Pampeana,27.47,26.77,7.86512216770463,12.0,18.85,buenos aires,4.281204657664772,112.74496666666666
6,buenos aires,6679,rivadavia,2018,156,19735,790.4737775525715,0.7904737775525715,Pampeana,29.71,52.86,2.8043835398188,12.0,73.5,buenos aires,-0.0845716233711546,151.7446
6,buenos aires,6679,rivadavia,2019,228,19735,1155.3078287306814,1.1553078287306815,Pampeana,40.89,52.82,-4.095869743002778,12.0,58.49,buenos aires,3.259377064215485,232.9267583333333
6,buenos aires,6679,rivadavia,2020,152,19735,770.2052191537877,0.7702052191537877,Pampeana,32.99,39.14,-22.513076245380446,12.0,35.38,buenos aires,-0.9060548261871636,333.64571666666666
6,buenos aires,6679,rivadavia,2021,153,19735,775.2723587534837,0.7752723587534837,Pampeana,53.36,40.47,10.894768613448491,12.0,51.34,buenos aires,5.042551890559444,499.07357500000006
6,buenos aires,6679,rivadavia,2022,171,19735,866.4808715480112,0.8664808715480112,Pampeana,90.36,100.29,16.258768970195426,12.0,94.78,buenos aires,9.714658640109942,855.2844833333334
6,buenos aires,6679,rivadavia,2023,245,19735,1241.449201925513,1.241449201925513,Pampeana,152.68,225.08,6.451770318872274,12.0,276.35,buenos aires,7.971207677952541,1996.2926583333333
6,buenos aires,6679,rivadavia,2024,212,19735,1074.233595135546,1.074233595135546,Pampeana,145.47,106.62,-17.002317565429593,12.0,67.1,buenos aires,2.207989387423237,6356.215883333333
6,buenos aires,6686,rojas,2017,250,25619,975.8382450525,0.9758382450525,Pampeana,27.47,26.77,7.86512216770463,12.0,18.85,buenos aires,4.281204657664772,112.74496666666666
6,buenos aires,6686,rojas,2018,206,25619,804.0907139232601,0.8040907139232601,Pampeana,29.71,52.86,2.8043835398188,12.0,73.5,buenos aires,-0.0845716233711546,151.7446
6,buenos aires,6686,rojas,2019,294,25619,1147.58577618174,1.14758577618174,Pampeana,40.89,52.82,-4.095869743002778,12.0,58.49,buenos aires,3.259377064215485,232.9267583333333
6,buenos aires,6686,rojas,2020,214,25619,835.3175377649401,0.83531753776494,Pampeana,32.99,39.14,-22.513076245380446,12.0,35.38,buenos aires,-0.9060548261871636,333.64571666666666
6,buenos aires,6686,rojas,2021,266,25619,1038.29189273586,1.0382918927358602,Pampeana,53.36,40.47,10.894768613448491,12.0,51.34,buenos aires,5.042551890559444,499.07357500000006
6,buenos aires,6686,rojas,2022,180,25619,702.6035364378001,0.7026035364378,Pampeana,90.36,100.29,16.258768970195426,12.0,94.78,buenos aires,9.714658640109942,855.2844833333334
6,buenos aires,6686,rojas,2023,218,25619,850.9309496857801,0.8509309496857801,Pampeana,152.68,225.08,6.451770318872274,12.0,276.35,buenos aires,7.971207677952541,1996.2926583333333
6,buenos aires,6686,rojas,2024,341,25619,1331.04336625161,1.33104336625161,Pampeana,145.47,106.62,-17.002317565429593,12.0,67.1,buenos aires,2.207989387423237,6356.215883333333
6,buenos aires,6693,roque pérez,2017,55,13901,395.6549888497231,0.395654988849723,Pampeana,27.47,26.77,7.86512216770463,12.0,18.85,buenos aires,4.281204657664772,112.74496666666666
6,buenos aires,6693,roque pérez,2018,75,13901,539.5295302496223,0.5395295302496222,Pampeana,29.71,52.86,2.8043835398188,12.0,73.5,buenos aires,-0.0845716233711546,151.7446
6,buenos aires,6693,roque pérez,2019,88,13901,633.0479821595568,0.6330479821595568,Pampeana,40.89,52.82,-4.095869743002778,12.0,58.49,buenos aires,3.259377064215485,232.9267583333333
6,buenos aires,6693,roque pérez,2020,87,13901,625.8542550895619,0.6258542550895618,Pampeana,32.99,39.14,-22.513076245380446,12.0,35.38,buenos aires,-0.9060548261871636,333.64571666666666
6,buenos aires,6693,roque pérez,2021,72,13901,517.9483490396374,0.5179483490396374,Pampeana,53.36,40.47,10.894768613448491,12.0,51.34,buenos aires,5.042551890559444,499.07357500000006
6,buenos aires,6693,roque pérez,2022,68,13901,489.1734407596575,0.4891734407596575,Pampeana,90.36,100.29,16.258768970195426,12.0,94.78,buenos aires,9.714658640109942,855.2844833333334
6,buenos aires,6693,roque pérez,2023,126,13901,906.4096108193654,0.9064096108193654,Pampeana,152.68,225.08,6.451770318872274,12.0,276.35,buenos aires,7.971207677952541,1996.2926583333333
6,buenos aires,6693,roque pérez,2024,102,13901,733.7601611394864,0.7337601611394864,Pampeana,145.47,106.62,-17.002317565429593,12.0,67.1,buenos aires,2.207989387423237,6356.215883333333
6,buenos aires,6700,saavedra,2017,94,21407,439.1087027607792,0.4391087027607792,Pampeana,27.47,26.77,7.86512216770463,12.0,18.85,buenos aires,4.281204657664772,112.74496666666666
6,buenos aires,6700,saavedra,2018,106,21407,495.1651329004532,0.4951651329004531,Pampeana,29.71,52.86,2.8043835398188,12.0,73.5,buenos aires,-0.0845716233711546,151.7446
6,buenos aires,6700,saavedra,2019,125,21407,583.9211472882702,0.5839211472882702,Pampeana,40.89,52.82,-4.095869743002778,12.0,58.49,buenos aires,3.259377064215485,232.9267583333333
6,buenos aires,6700,saavedra,2020,150,21407,700.7053767459242,0.7007053767459243,Pampeana,32.99,39.14,-22.513076245380446,12.0,35.38,buenos aires,-0.9060548261871636,333.64571666666666
6,buenos aires,6700,saavedra,2021,204,21407,952.959312374457,0.952959312374457,Pampeana,53.36,40.47,10.894768613448491,12.0,51.34,buenos aires,5.042551890559444,499.07357500000006
6,buenos aires,6700,saavedra,2022,197,21407,920.2597281263138,0.9202597281263136,Pampeana,90.36,100.29,16.258768970195426,12.0,94.78,buenos aires,9.714658640109942,855.2844833333334
6,buenos aires,6700,saavedra,2023,218,21407,1018.3584808707432,1.018358480870743,Pampeana,152.68,225.08,6.451770318872274,12.0,276.35,buenos aires,7.971207677952541,1996.2926583333333
6,buenos aires,6700,saavedra,2024,184,21407,859.5319288083338,0.8595319288083337,Pampeana,145.47,106.62,-17.002317565429593,12.0,67.1,buenos aires,2.207989387423237,6356.215883333333
6,buenos aires,6707,saladillo,2017,68,35423,191.9656720210033,0.1919656720210033,Pampeana,27.47,26.77,7.86512216770463,12.0,18.85,buenos aires,4.281204657664772,112.74496666666666
6,buenos aires,6707,saladillo,2018,149,35423,420.6306636930808,0.4206306636930808,Pampeana,29.71,52.86,2.8043835398188,12.0,73.5,buenos aires,-0.0845716233711546,151.7446
6,buenos aires,6707,saladillo,2019,268,35423,756.5705897298366,0.7565705897298366,Pampeana,40.89,52.82,-4.095869743002778,12.0,58.49,buenos aires,3.259377064215485,232.9267583333333
6,buenos aires,6707,saladillo,2020,171,35423,482.7372046410525,0.4827372046410524,Pampeana,32.99,39.14,-22.513076245380446,12.0,35.38,buenos aires,-0.9060548261871636,333.64571666666666
6,buenos aires,6707,saladillo,2021,239,35423,674.7028766620557,0.6747028766620558,Pampeana,53.36,40.47,10.894768613448491,12.0,51.34,buenos aires,5.042551890559444,499.07357500000006
6,buenos aires,6707,saladillo,2022,306,35423,863.8455240945149,0.8638455240945149,Pampeana,90.36,100.29,16.258768970195426,12.0,94.78,buenos aires,9.714658640109942,855.2844833333334
6,buenos aires,6707,saladillo,2023,342,35423,965.474409282105,0.9654744092821048,Pampeana,152.68,225.08,6.451770318872274,12.0,276.35,buenos aires,7.971207677952541,1996.2926583333333
6,buenos aires,6707,saladillo,2024,303,35423,855.3764503288824,0.8553764503288824,Pampeana,145.47,106.62,-17.002317565429593,12.0,67.1,buenos aires,2.207989387423237,6356.215883333333
6,buenos aires,6714,salto,2017,191,39257,486.5374328145299,0.4865374328145299,Pampeana,27.47,26.77,7.86512216770463,12.0,18.85,buenos aires,4.281204657664772,112.74496666666666
6,buenos aires,6714,salto,2018,295,39257,751.4583386402425,0.7514583386402425,Pampeana,29.71,52.86,2.8043835398188,12.0,73.5,buenos aires,-0.0845716233711546,151.7446
6,buenos aires,6714,salto,2019,247,39257,629.1871513360675,0.6291871513360674,Pampeana,40.89,52.82,-4.095869743002778,12.0,58.49,buenos aires,3.259377064215485,232.9267583333333
6,buenos aires,6714,salto,2020,221,39257,562.9569248796394,0.5629569248796393,Pampeana,32.99,39.14,-22.513076245380446,12.0,35.38,buenos aires,-0.9060548261871636,333.64571666666666
6,buenos aires,6714,salto,2021,167,39257,425.4018391624424,0.4254018391624424,Pampeana,53.36,40.47,10.894768613448491,12.0,51.34,buenos aires,5.042551890559444,499.07357500000006
6,buenos aires,6714,salto,2022,217,39257,552.7676592709581,0.5527676592709581,Pampeana,90.36,100.29,16.258768970195426,12.0,94.78,buenos aires,9.714658640109942,855.2844833333334
6,buenos aires,6714,salto,2023,256,39257,652.1129989556002,0.6521129989556003,Pampeana,152.68,225.08,6.451770318872274,12.0,276.35,buenos aires,7.971207677952541,1996.2926583333333
6,buenos aires,6714,salto,2024,302,39257,769.2895534554347,0.7692895534554347,Pampeana,145.47,106.62,-17.002317565429593,12.0,67.1,buenos aires,2.207989387423237,6356.215883333333
6,buenos aires,6721,salliqueló,2017,13,9344,139.12671232876713,0.1391267123287671,Pampeana,27.47,26.77,7.86512216770463,12.0,18.85,buenos aires,4.281204657664772,112.74496666666666
6,buenos aires,6721,salliqueló,2018,20,9344,214.04109589041096,0.2140410958904109,Pampeana,29.71,52.86,2.8043835398188,12.0,73.5,buenos aires,-0.0845716233711546,151.7446
6,buenos aires,6721,salliqueló,2019,46,9344,492.2945205479452,0.4922945205479452,Pampeana,40.89,52.82,-4.095869743002778,12.0,58.49,buenos aires,3.259377064215485,232.9267583333333
6,buenos aires,6721,salliqueló,2020,41,9344,438.7842465753425,0.4387842465753425,Pampeana,32.99,39.14,-22.513076245380446,12.0,35.38,buenos aires,-0.9060548261871636,333.64571666666666
6,buenos aires,6721,salliqueló,2021,50,9344,535.1027397260274,0.5351027397260274,Pampeana,53.36,40.47,10.894768613448491,12.0,51.34,buenos aires,5.042551890559444,499.07357500000006
6,buenos aires,6721,salliqueló,2022,39,9344,417.3801369863014,0.4173801369863014,Pampeana,90.36,100.29,16.258768970195426,12.0,94.78,buenos aires,9.714658640109942,855.2844833333334
6,buenos aires,6721,salliqueló,2023,53,9344,567.2089041095891,0.567208904109589,Pampeana,152.68,225.08,6.451770318872274,12.0,276.35,buenos aires,7.971207677952541,1996.2926583333333
6,buenos aires,6721,salliqueló,2024,64,9344,684.931506849315,0.684931506849315,Pampeana,145.47,106.62,-17.002317565429593,12.0,67.1,buenos aires,2.207989387423237,6356.215883333333
6,buenos aires,6728,san andrés de giles,2017,27,26399,102.27660138641616,0.1022766013864161,Pampeana,27.47,26.77,7.86512216770463,12.0,18.85,buenos aires,4.281204657664772,112.74496666666666
6,buenos aires,6728,san andrés de giles,2018,34,26399,128.79275730141293,0.1287927573014129,Pampeana,29.71,52.86,2.8043835398188,12.0,73.5,buenos aires,-0.0845716233711546,151.7446
6,buenos aires,6728,san andrés de giles,2019,89,26399,337.1339823478162,0.3371339823478162,Pampeana,40.89,52.82,-4.095869743002778,12.0,58.49,buenos aires,3.259377064215485,232.9267583333333
6,buenos aires,6728,san andrés de giles,2020,41,26399,155.3089132164097,0.1553089132164097,Pampeana,32.99,39.14,-22.513076245380446,12.0,35.38,buenos aires,-0.9060548261871636,333.64571666666666
6,buenos aires,6728,san andrés de giles,2021,65,26399,246.221447782113,0.2462214477821129,Pampeana,53.36,40.47,10.894768613448491,12.0,51.34,buenos aires,5.042551890559444,499.07357500000006
6,buenos aires,6728,san andrés de giles,2022,109,26399,412.8944278192356,0.4128944278192356,Pampeana,90.36,100.29,16.258768970195426,12.0,94.78,buenos aires,9.714658640109942,855.2844833333334
6,buenos aires,6728,san andrés de giles,2023,151,26399,571.9913633092164,0.5719913633092163,Pampeana,152.68,225.08,6.451770318872274,12.0,276.35,buenos aires,7.971207677952541,1996.2926583333333
6,buenos aires,6728,san andrés de giles,2024,171,26399,647.7518087806357,0.6477518087806357,Pampeana,145.47,106.62,-17.002317565429593,12.0,67.1,buenos aires,2.207989387423237,6356.215883333333
6,buenos aires,6735,san antonio de areco,2017,92,26695,344.63382655928075,0.3446338265592807,Pampeana,27.47,26.77,7.86512216770463,12.0,18.85,buenos aires,4.281204657664772,112.74496666666666
6,buenos aires,6735,san antonio de areco,2018,79,26695,295.9355684585129,0.2959355684585129,Pampeana,29.71,52.86,2.8043835398188,12.0,73.5,buenos aires,-0.0845716233711546,151.7446
6,buenos aires,6735,san antonio de areco,2019,300,26695,1123.8059561715677,1.1238059561715676,Pampeana,40.89,52.82,-4.095869743002778,12.0,58.49,buenos aires,3.259377064215485,232.9267583333333
6,buenos aires,6735,san antonio de areco,2020,142,26695,531.934819254542,0.531934819254542,Pampeana,32.99,39.14,-22.513076245380446,12.0,35.38,buenos aires,-0.9060548261871636,333.64571666666666
6,buenos aires,6735,san antonio de areco,2021,135,26695,505.7126802772055,0.5057126802772055,Pampeana,53.36,40.47,10.894768613448491,12.0,51.34,buenos aires,5.042551890559444,499.07357500000006
6,buenos aires,6735,san antonio de areco,2022,146,26695,546.918898670163,0.546918898670163,Pampeana,90.36,100.29,16.258768970195426,12.0,94.78,buenos aires,9.714658640109942,855.2844833333334
6,buenos aires,6735,san antonio de areco,2023,268,26695,1003.9333208466004,1.0039333208466004,Pampeana,152.68,225.08,6.451770318872274,12.0,276.35,buenos aires,7.971207677952541,1996.2926583333333
6,buenos aires,6735,san antonio de areco,2024,318,26695,1191.234313541862,1.1912343135418615,Pampeana,145.47,106.62,-17.002317565429593,12.0,67.1,buenos aires,2.207989387423237,6356.215883333333
6,buenos aires,6742,san cayetano,2017,78,8918,874.6355685131196,0.8746355685131195,Pampeana,27.47,26.77,7.86512216770463,12.0,18.85,buenos aires,4.281204657664772,112.74496666666666
6,buenos aires,6742,san cayetano,2018,75,8918,840.9957389549227,0.8409957389549227,Pampeana,29.71,52.86,2.8043835398188,12.0,73.5,buenos aires,-0.0845716233711546,151.7446
6,buenos aires,6742,san cayetano,2019,48,8918,538.2372729311505,0.5382372729311505,Pampeana,40.89,52.82,-4.095869743002778,12.0,58.49,buenos aires,3.259377064215485,232.9267583333333
6,buenos aires,6742,san cayetano,2020,36,8918,403.6779546983629,0.4036779546983628,Pampeana,32.99,39.14,-22.513076245380446,12.0,35.38,buenos aires,-0.9060548261871636,333.64571666666666
6,buenos aires,6742,san cayetano,2021,53,8918,594.3036555281453,0.5943036555281453,Pampeana,53.36,40.47,10.894768613448491,12.0,51.34,buenos aires,5.042551890559444,499.07357500000006
6,buenos aires,6742,san cayetano,2022,75,8918,840.9957389549227,0.8409957389549227,Pampeana,90.36,100.29,16.258768970195426,12.0,94.78,buenos aires,9.714658640109942,855.2844833333334
6,buenos aires,6742,san cayetano,2023,74,8918,829.7824624355236,0.8297824624355237,Pampeana,152.68,225.08,6.451770318872274,12.0,276.35,buenos aires,7.971207677952541,1996.2926583333333
6,buenos aires,6742,san cayetano,2024,78,8918,874.6355685131196,0.8746355685131195,Pampeana,145.47,106.62,-17.002317565429593,12.0,67.1,buenos aires,2.207989387423237,6356.215883333333
6,buenos aires,6749,san fernando,2017,1450,171099,847.4625801436596,0.8474625801436595,Pampeana,27.47,26.77,7.86512216770463,12.0,18.85,buenos aires,4.281204657664772,112.74496666666666
6,buenos aires,6749,san fernando,2018,1702,171099,994.7457320031092,0.9947457320031092,Pampeana,29.71,52.86,2.8043835398188,12.0,73.5,buenos aires,-0.0845716233711546,151.7446
6,buenos aires,6749,san fernando,2019,2475,171099,1446.5309557624532,1.4465309557624533,Pampeana,40.89,52.82,-4.095869743002778,12.0,58.49,buenos aires,3.259377064215485,232.9267583333333
6,buenos aires,6749,san fernando,2020,1248,171099,729.4022758753704,0.7294022758753704,Pampeana,32.99,39.14,-22.513076245380446,12.0,35.38,buenos aires,-0.9060548261871636,333.64571666666666
6,buenos aires,6749,san fernando,2021,1637,171099,956.7560301346005,0.9567560301346004,Pampeana,53.36,40.47,10.894768613448491,12.0,51.34,buenos aires,5.042551890559444,499.07357500000006
6,buenos aires,6749,san fernando,2022,1580,171099,923.4419838806772,0.9234419838806772,Pampeana,90.36,100.29,16.258768970195426,12.0,94.78,buenos aires,9.714658640109942,855.2844833333334
6,buenos aires,6749,san fernando,2023,1469,171099,858.5672622283006,0.8585672622283005,Pampeana,152.68,225.08,6.451770318872274,12.0,276.35,buenos aires,7.971207677952541,1996.2926583333333
6,buenos aires,6749,san fernando,2024,1673,171099,977.796480400236,0.977796480400236,Pampeana,145.47,106.62,-17.002317565429593,12.0,67.1,buenos aires,2.207989387423237,6356.215883333333
6,buenos aires,6756,san isidro,2017,4492,295978,1517.6803681354695,1.5176803681354696,Pampeana,27.47,26.77,7.86512216770463,12.0,18.85,buenos aires,4.281204657664772,112.74496666666666
6,buenos aires,6756,san isidro,2018,4360,295978,1473.0824588313997,1.4730824588313995,Pampeana,29.71,52.86,2.8043835398188,12.0,73.5,buenos aires,-0.0845716233711546,151.7446
6,buenos aires,6756,san isidro,2019,5842,295978,1973.7953496543664,1.9737953496543663,Pampeana,40.89,52.82,-4.095869743002778,12.0,58.49,buenos aires,3.259377064215485,232.9267583333333
6,buenos aires,6756,san isidro,2020,3432,295978,1159.545641905817,1.1595456419058174,Pampeana,32.99,39.14,-22.513076245380446,12.0,35.38,buenos aires,-0.9060548261871636,333.64571666666666
6,buenos aires,6756,san isidro,2021,4674,295978,1579.1714249032025,1.5791714249032025,Pampeana,53.36,40.47,10.894768613448491,12.0,51.34,buenos aires,5.042551890559444,499.07357500000006
6,buenos aires,6756,san isidro,2022,5179,295978,1749.792214286197,1.7497922142861968,Pampeana,90.36,100.29,16.258768970195426,12.0,94.78,buenos aires,9.714658640109942,855.2844833333334
6,buenos aires,6756,san isidro,2023,5430,295978,1834.5958145537843,1.8345958145537844,Pampeana,152.68,225.08,6.451770318872274,12.0,276.35,buenos aires,7.971207677952541,1996.2926583333333
6,buenos aires,6756,san isidro,2024,5131,295978,1733.5747927210807,1.7335747927210807,Pampeana,145.47,106.62,-17.002317565429593,12.0,67.1,buenos aires,2.207989387423237,6356.215883333333
6,buenos aires,6760,san miguel,2017,2698,327650,823.4396459636807,0.8234396459636808,Pampeana,27.47,26.77,7.86512216770463,12.0,18.85,buenos aires,4.281204657664772,112.74496666666666
6,buenos aires,6760,san miguel,2018,2749,327650,839.0050358614376,0.8390050358614376,Pampeana,29.71,52.86,2.8043835398188,12.0,73.5,buenos aires,-0.0845716233711546,151.7446
6,buenos aires,6760,san miguel,2019,4115,327650,1255.9133221425302,1.2559133221425305,Pampeana,40.89,52.82,-4.095869743002778,12.0,58.49,buenos aires,3.259377064215485,232.9267583333333
6,buenos aires,6760,san miguel,2020,3067,327650,936.0598199298032,0.936059819929803,Pampeana,32.99,39.14,-22.513076245380446,12.0,35.38,buenos aires,-0.9060548261871636,333.64571666666666
6,buenos aires,6760,san miguel,2021,3627,327650,1106.973905081642,1.1069739050816418,Pampeana,53.36,40.47,10.894768613448491,12.0,51.34,buenos aires,5.042551890559444,499.07357500000006
6,buenos aires,6760,san miguel,2022,3351,327650,1022.7376773996642,1.0227376773996644,Pampeana,90.36,100.29,16.258768970195426,12.0,94.78,buenos aires,9.714658640109942,855.2844833333334
6,buenos aires,6760,san miguel,2023,3551,327650,1083.7784220967496,1.0837784220967497,Pampeana,152.68,225.08,6.451770318872274,12.0,276.35,buenos aires,7.971207677952541,1996.2926583333333
6,buenos aires,6760,san miguel,2024,3415,327650,1042.2707157027316,1.0422707157027316,Pampeana,145.47,106.62,-17.002317565429593,12.0,67.1,buenos aires,2.207989387423237,6356.215883333333
6,buenos aires,6763,san nicolás,2017,759,166657,455.4264147320544,0.4554264147320544,Pampeana,27.47,26.77,7.86512216770463,12.0,18.85,buenos aires,4.281204657664772,112.74496666666666
6,buenos aires,6763,san nicolás,2018,1038,166657,622.8361244952207,0.6228361244952207,Pampeana,29.71,52.86,2.8043835398188,12.0,73.5,buenos aires,-0.0845716233711546,151.7446
6,buenos aires,6763,san nicolás,2019,2211,166657,1326.6769472629412,1.3266769472629412,Pampeana,40.89,52.82,-4.095869743002778,12.0,58.49,buenos aires,3.259377064215485,232.9267583333333
6,buenos aires,6763,san nicolás,2020,1625,166657,975.0565532800902,0.97505655328009,Pampeana,32.99,39.14,-22.513076245380446,12.0,35.38,buenos aires,-0.9060548261871636,333.64571666666666
6,buenos aires,6763,san nicolás,2021,1288,166657,772.84482499985,0.77284482499985,Pampeana,53.36,40.47,10.894768613448491,12.0,51.34,buenos aires,5.042551890559444,499.07357500000006
6,buenos aires,6763,san nicolás,2022,1257,166657,754.2437461372759,0.754243746137276,Pampeana,90.36,100.29,16.258768970195426,12.0,94.78,buenos aires,9.714658640109942,855.2844833333334
6,buenos aires,6763,san nicolás,2023,2087,166657,1252.2726318126452,1.2522726318126451,Pampeana,152.68,225.08,6.451770318872274,12.0,276.35,buenos aires,7.971207677952541,1996.2926583333333
6,buenos aires,6763,san nicolás,2024,3036,166657,1821.7056589282176,1.8217056589282177,Pampeana,145.47,106.62,-17.002317565429593,12.0,67.1,buenos aires,2.207989387423237,6356.215883333333
6,buenos aires,6770,san pedro,2017,335,68353,490.1028484484953,0.4901028484484953,Pampeana,27.47,26.77,7.86512216770463,12.0,18.85,buenos aires,4.281204657664772,112.74496666666666
6,buenos aires,6770,san pedro,2018,824,68353,1205.506707825553,1.2055067078255526,Pampeana,29.71,52.86,2.8043835398188,12.0,73.5,buenos aires,-0.0845716233711546,151.7446
6,buenos aires,6770,san pedro,2019,1441,68353,2108.173745117259,2.108173745117259,Pampeana,40.89,52.82,-4.095869743002778,12.0,58.49,buenos aires,3.259377064215485,232.9267583333333
6,buenos aires,6770,san pedro,2020,1028,68353,1503.9573976270244,1.5039573976270244,Pampeana,32.99,39.14,-22.513076245380446,12.0,35.38,buenos aires,-0.9060548261871636,333.64571666666666
6,buenos aires,6770,san pedro,2021,1022,68353,1495.1794361622751,1.4951794361622752,Pampeana,53.36,40.47,10.894768613448491,12.0,51.34,buenos aires,5.042551890559444,499.07357500000006
6,buenos aires,6770,san pedro,2022,1172,68353,1714.6284727810046,1.7146284727810046,Pampeana,90.36,100.29,16.258768970195426,12.0,94.78,buenos aires,9.714658640109942,855.2844833333334
6,buenos aires,6770,san pedro,2023,1411,68353,2064.283937793513,2.064283937793513,Pampeana,152.68,225.08,6.451770318872274,12.0,276.35,buenos aires,7.971207677952541,1996.2926583333333
6,buenos aires,6770,san pedro,2024,1886,68353,2759.205887086156,2.759205887086156,Pampeana,145.47,106.62,-17.002317565429593,12.0,67.1,buenos aires,2.207989387423237,6356.215883333333
6,buenos aires,6778,san vicente,2017,954,97929,974.1751677235548,0.9741751677235548,Pampeana,27.47,26.77,7.86512216770463,12.0,18.85,buenos aires,4.281204657664772,112.74496666666666
6,buenos aires,6778,san vicente,2018,992,97929,1012.9787907565684,1.0129787907565686,Pampeana,29.71,52.86,2.8043835398188,12.0,73.5,buenos aires,-0.0845716233711546,151.7446
6,buenos aires,6778,san vicente,2019,1419,97929,1449.0089758906963,1.4490089758906963,Pampeana,40.89,52.82,-4.095869743002778,12.0,58.49,buenos aires,3.259377064215485,232.9267583333333
6,buenos aires,6778,san vicente,2020,1070,97929,1092.628332771702,1.092628332771702,Pampeana,32.99,39.14,-22.513076245380446,12.0,35.38,buenos aires,-0.9060548261871636,333.64571666666666
6,buenos aires,6778,san vicente,2021,1249,97929,1275.4138202166876,1.2754138202166876,Pampeana,53.36,40.47,10.894768613448491,12.0,51.34,buenos aires,5.042551890559444,499.07357500000006
6,buenos aires,6778,san vicente,2022,1211,97929,1236.6101971836738,1.2366101971836738,Pampeana,90.36,100.29,16.258768970195426,12.0,94.78,buenos aires,9.714658640109942,855.2844833333334
6,buenos aires,6778,san vicente,2023,1253,97929,1279.4984121148996,1.2794984121148996,Pampeana,152.68,225.08,6.451770318872274,12.0,276.35,buenos aires,7.971207677952541,1996.2926583333333
6,buenos aires,6778,san vicente,2024,1250,97929,1276.4349681912406,1.2764349681912406,Pampeana,145.47,106.62,-17.002317565429593,12.0,67.1,buenos aires,2.207989387423237,6356.215883333333
6,buenos aires,6784,suipacha,2017,40,11736,340.83162917518746,0.3408316291751874,Pampeana,27.47,26.77,7.86512216770463,12.0,18.85,buenos aires,4.281204657664772,112.74496666666666
6,buenos aires,6784,suipacha,2018,36,11736,306.7484662576687,0.3067484662576687,Pampeana,29.71,52.86,2.8043835398188,12.0,73.5,buenos aires,-0.0845716233711546,151.7446
6,buenos aires,6784,suipacha,2019,83,11736,707.225630538514,0.707225630538514,Pampeana,40.89,52.82,-4.095869743002778,12.0,58.49,buenos aires,3.259377064215485,232.9267583333333
6,buenos aires,6784,suipacha,2020,61,11736,519.7682344921609,0.5197682344921609,Pampeana,32.99,39.14,-22.513076245380446,12.0,35.38,buenos aires,-0.9060548261871636,333.64571666666666
6,buenos aires,6784,suipacha,2021,99,11736,843.5582822085889,0.843558282208589,Pampeana,53.36,40.47,10.894768613448491,12.0,51.34,buenos aires,5.042551890559444,499.07357500000006
6,buenos aires,6784,suipacha,2022,90,11736,766.8711656441718,0.7668711656441718,Pampeana,90.36,100.29,16.258768970195426,12.0,94.78,buenos aires,9.714658640109942,855.2844833333334
6,buenos aires,6784,suipacha,2023,109,11736,928.7661895023858,0.9287661895023858,Pampeana,152.68,225.08,6.451770318872274,12.0,276.35,buenos aires,7.971207677952541,1996.2926583333333
6,buenos aires,6784,suipacha,2024,86,11736,732.7880027266531,0.732788002726653,Pampeana,145.47,106.62,-17.002317565429593,12.0,67.1,buenos aires,2.207989387423237,6356.215883333333
6,buenos aires,6791,tandil,2017,761,144678,525.995659326228,0.5259956593262279,Pampeana,27.47,26.77,7.86512216770463,12.0,18.85,buenos aires,4.281204657664772,112.74496666666666
6,buenos aires,6791,tandil,2018,683,144678,472.0828322205173,0.4720828322205173,Pampeana,29.71,52.86,2.8043835398188,12.0,73.5,buenos aires,-0.0845716233711546,151.7446
6,buenos aires,6791,tandil,2019,1468,144678,1014.6670537331177,1.0146670537331175,Pampeana,40.89,52.82,-4.095869743002778,12.0,58.49,buenos aires,3.259377064215485,232.9267583333333
6,buenos aires,6791,tandil,2020,1310,144678,905.4590193394988,0.9054590193394988,Pampeana,32.99,39.14,-22.513076245380446,12.0,35.38,buenos aires,-0.9060548261871636,333.64571666666666
6,buenos aires,6791,tandil,2021,1364,144678,942.7832842588368,0.942783284258837,Pampeana,53.36,40.47,10.894768613448491,12.0,51.34,buenos aires,5.042551890559444,499.07357500000006
6,buenos aires,6791,tandil,2022,1364,144678,942.7832842588368,0.942783284258837,Pampeana,90.36,100.29,16.258768970195426,12.0,94.78,buenos aires,9.714658640109942,855.2844833333334
6,buenos aires,6791,tandil,2023,2150,144678,1486.058695862536,1.486058695862536,Pampeana,152.68,225.08,6.451770318872274,12.0,276.35,buenos aires,7.971207677952541,1996.2926583333333
6,buenos aires,6791,tandil,2024,2241,144678,1548.9569941525317,1.548956994152532,Pampeana,145.47,106.62,-17.002317565429593,12.0,67.1,buenos aires,2.207989387423237,6356.215883333333
6,buenos aires,6798,tapalqué,2017,69,10695,645.1612903225806,0.6451612903225806,Pampeana,27.47,26.77,7.86512216770463,12.0,18.85,buenos aires,4.281204657664772,112.74496666666666
6,buenos aires,6798,tapalqué,2018,49,10695,458.1580177653109,0.4581580177653109,Pampeana,29.71,52.86,2.8043835398188,12.0,73.5,buenos aires,-0.0845716233711546,151.7446
6,buenos aires,6798,tapalqué,2019,83,10695,776.0635811126695,0.7760635811126695,Pampeana,40.89,52.82,-4.095869743002778,12.0,58.49,buenos aires,3.259377064215485,232.9267583333333
6,buenos aires,6798,tapalqué,2020,41,10695,383.356708742403,0.3833567087424029,Pampeana,32.99,39.14,-22.513076245380446,12.0,35.38,buenos aires,-0.9060548261871636,333.64571666666666
6,buenos aires,6798,tapalqué,2021,72,10695,673.2117812061712,0.6732117812061711,Pampeana,53.36,40.47,10.894768613448491,12.0,51.34,buenos aires,5.042551890559444,499.07357500000006
6,buenos aires,6798,tapalqué,2022,75,10695,701.2622720897615,0.7012622720897616,Pampeana,90.36,100.29,16.258768970195426,12.0,94.78,buenos aires,9.714658640109942,855.2844833333334
6,buenos aires,6798,tapalqué,2023,88,10695,822.8143992519869,0.8228143992519868,Pampeana,152.68,225.08,6.451770318872274,12.0,276.35,buenos aires,7.971207677952541,1996.2926583333333
6,buenos aires,6798,tapalqué,2024,89,10695,832.1645628798503,0.8321645628798504,Pampeana,145.47,106.62,-17.002317565429593,12.0,67.1,buenos aires,2.207989387423237,6356.215883333333
6,buenos aires,6805,tigre,2017,4417,446291,989.7129899549846,0.9897129899549846,Pampeana,27.47,26.77,7.86512216770463,12.0,18.85,buenos aires,4.281204657664772,112.74496666666666
6,buenos aires,6805,tigre,2018,5697,446291,1276.5213728262502,1.27652137282625,Pampeana,29.71,52.86,2.8043835398188,12.0,73.5,buenos aires,-0.0845716233711546,151.7446
6,buenos aires,6805,tigre,2019,6726,446291,1507.088424368853,1.5070884243688534,Pampeana,40.89,52.82,-4.095869743002778,12.0,58.49,buenos aires,3.259377064215485,232.9267583333333
6,buenos aires,6805,tigre,2020,4547,446291,1018.8419663403477,1.0188419663403474,Pampeana,32.99,39.14,-22.513076245380446,12.0,35.38,buenos aires,-0.9060548261871636,333.64571666666666
6,buenos aires,6805,tigre,2021,4404,446291,986.8000923164484,0.9868000923164484,Pampeana,53.36,40.47,10.894768613448491,12.0,51.34,buenos aires,5.042551890559444,499.07357500000006
6,buenos aires,6805,tigre,2022,4359,446291,976.7169851061302,0.9767169851061304,Pampeana,90.36,100.29,16.258768970195426,12.0,94.78,buenos aires,9.714658640109942,855.2844833333334
6,buenos aires,6805,tigre,2023,4352,446291,975.148501762303,0.975148501762303,Pampeana,152.68,225.08,6.451770318872274,12.0,276.35,buenos aires,7.971207677952541,1996.2926583333333
6,buenos aires,6805,tigre,2024,5695,446291,1276.0732347280136,1.2760732347280137,Pampeana,145.47,106.62,-17.002317565429593,12.0,67.1,buenos aires,2.207989387423237,6356.215883333333
6,buenos aires,6812,tordillo,2017,4,2528,158.2278481012658,0.1582278481012658,Pampeana,27.47,26.77,7.86512216770463,12.0,18.85,buenos aires,4.281204657664772,112.74496666666666
6,buenos aires,6812,tordillo,2018,4,2528,158.2278481012658,0.1582278481012658,Pampeana,29.71,52.86,2.8043835398188,12.0,73.5,buenos aires,-0.0845716233711546,151.7446
6,buenos aires,6812,tordillo,2019,6,2528,237.34177215189877,0.2373417721518987,Pampeana,40.89,52.82,-4.095869743002778,12.0,58.49,buenos aires,3.259377064215485,232.9267583333333
6,buenos aires,6812,tordillo,2020,2,2528,79.1139240506329,0.0791139240506329,Pampeana,32.99,39.14,-22.513076245380446,12.0,35.38,buenos aires,-0.9060548261871636,333.64571666666666
6,buenos aires,6812,tordillo,2021,12,2528,474.6835443037975,0.4746835443037975,Pampeana,53.36,40.47,10.894768613448491,12.0,51.34,buenos aires,5.042551890559444,499.07357500000006
6,buenos aires,6812,tordillo,2022,12,2528,474.6835443037975,0.4746835443037975,Pampeana,90.36,100.29,16.258768970195426,12.0,94.78,buenos aires,9.714658640109942,855.2844833333334
6,buenos aires,6812,tordillo,2023,8,2528,316.4556962025316,0.3164556962025316,Pampeana,152.68,225.08,6.451770318872274,12.0,276.35,buenos aires,7.971207677952541,1996.2926583333333
6,buenos aires,6812,tordillo,2024,13,2528,514.2405063291139,0.5142405063291139,Pampeana,145.47,106.62,-17.002317565429593,12.0,67.1,buenos aires,2.207989387423237,6356.215883333333
6,buenos aires,6819,tornquist,2017,119,14591,815.5712425467754,0.8155712425467754,Pampeana,27.47,26.77,7.86512216770463,12.0,18.85,buenos aires,4.281204657664772,112.74496666666666
6,buenos aires,6819,tornquist,2018,109,14591,747.0358440134329,0.7470358440134329,Pampeana,29.71,52.86,2.8043835398188,12.0,73.5,buenos aires,-0.0845716233711546,151.7446
6,buenos aires,6819,tornquist,2019,124,14591,849.8389418134467,0.8498389418134467,Pampeana,40.89,52.82,-4.095869743002778,12.0,58.49,buenos aires,3.259377064215485,232.9267583333333
6,buenos aires,6819,tornquist,2020,100,14591,685.3539853334247,0.6853539853334247,Pampeana,32.99,39.14,-22.513076245380446,12.0,35.38,buenos aires,-0.9060548261871636,333.64571666666666
6,buenos aires,6819,tornquist,2021,118,14591,808.7177026934412,0.8087177026934412,Pampeana,53.36,40.47,10.894768613448491,12.0,51.34,buenos aires,5.042551890559444,499.07357500000006
6,buenos aires,6819,tornquist,2022,132,14591,904.6672606401206,0.9046672606401206,Pampeana,90.36,100.29,16.258768970195426,12.0,94.78,buenos aires,9.714658640109942,855.2844833333334
6,buenos aires,6819,tornquist,2023,111,14591,760.7429237201014,0.7607429237201014,Pampeana,152.68,225.08,6.451770318872274,12.0,276.35,buenos aires,7.971207677952541,1996.2926583333333
6,buenos aires,6819,tornquist,2024,106,14591,726.4752244534302,0.7264752244534302,Pampeana,145.47,106.62,-17.002317565429593,12.0,67.1,buenos aires,2.207989387423237,6356.215883333333
6,buenos aires,6826,trenque lauquen,2017,577,49128,1174.4829832274877,1.1744829832274877,Pampeana,27.47,26.77,7.86512216770463,12.0,18.85,buenos aires,4.281204657664772,112.74496666666666
6,buenos aires,6826,trenque lauquen,2018,626,49128,1274.2224393421268,1.2742224393421269,Pampeana,29.71,52.86,2.8043835398188,12.0,73.5,buenos aires,-0.0845716233711546,151.7446
6,buenos aires,6826,trenque lauquen,2019,554,49128,1127.6665038267383,1.1276665038267384,Pampeana,40.89,52.82,-4.095869743002778,12.0,58.49,buenos aires,3.259377064215485,232.9267583333333
6,buenos aires,6826,trenque lauquen,2020,530,49128,1078.814525321609,1.078814525321609,Pampeana,32.99,39.14,-22.513076245380446,12.0,35.38,buenos aires,-0.9060548261871636,333.64571666666666
6,buenos aires,6826,trenque lauquen,2021,690,49128,1404.494382022472,1.4044943820224718,Pampeana,53.36,40.47,10.894768613448491,12.0,51.34,buenos aires,5.042551890559444,499.07357500000006
6,buenos aires,6826,trenque lauquen,2022,629,49128,1280.328936655268,1.280328936655268,Pampeana,90.36,100.29,16.258768970195426,12.0,94.78,buenos aires,9.714658640109942,855.2844833333334
6,buenos aires,6826,trenque lauquen,2023,687,49128,1398.3878847093306,1.3983878847093307,Pampeana,152.68,225.08,6.451770318872274,12.0,276.35,buenos aires,7.971207677952541,1996.2926583333333
6,buenos aires,6826,trenque lauquen,2024,731,49128,1487.949845302068,1.487949845302068,Pampeana,145.47,106.62,-17.002317565429593,12.0,67.1,buenos aires,2.207989387423237,6356.215883333333
6,buenos aires,6833,tres arroyos,2017,284,61889,458.8860702224951,0.4588860702224951,Pampeana,27.47,26.77,7.86512216770463,12.0,18.85,buenos aires,4.281204657664772,112.74496666666666
6,buenos aires,6833,tres arroyos,2018,434,61889,701.2554735090242,0.7012554735090242,Pampeana,29.71,52.86,2.8043835398188,12.0,73.5,buenos aires,-0.0845716233711546,151.7446
6,buenos aires,6833,tres arroyos,2019,942,61889,1522.0798526394028,1.5220798526394028,Pampeana,40.89,52.82,-4.095869743002778,12.0,58.49,buenos aires,3.259377064215485,232.9267583333333
6,buenos aires,6833,tres arroyos,2020,848,61889,1370.1950265798446,1.3701950265798446,Pampeana,32.99,39.14,-22.513076245380446,12.0,35.38,buenos aires,-0.9060548261871636,333.64571666666666
6,buenos aires,6833,tres arroyos,2021,935,61889,1510.7692804860314,1.5107692804860315,Pampeana,53.36,40.47,10.894768613448491,12.0,51.34,buenos aires,5.042551890559444,499.07357500000006
6,buenos aires,6833,tres arroyos,2022,1041,61889,1682.043658808512,1.682043658808512,Pampeana,90.36,100.29,16.258768970195426,12.0,94.78,buenos aires,9.714658640109942,855.2844833333334
6,buenos aires,6833,tres arroyos,2023,1191,61889,1924.4130620950407,1.924413062095041,Pampeana,152.68,225.08,6.451770318872274,12.0,276.35,buenos aires,7.971207677952541,1996.2926583333333
6,buenos aires,6833,tres arroyos,2024,1236,61889,1997.123883081,1.997123883081,Pampeana,145.47,106.62,-17.002317565429593,12.0,67.1,buenos aires,2.207989387423237,6356.215883333333
6,buenos aires,6840,tres de febrero,2017,6090,362319,1680.8392604307255,1.6808392604307256,Pampeana,27.47,26.77,7.86512216770463,12.0,18.85,buenos aires,4.281204657664772,112.74496666666666
6,buenos aires,6840,tres de febrero,2018,6647,362319,1834.571192788675,1.834571192788675,Pampeana,29.71,52.86,2.8043835398188,12.0,73.5,buenos aires,-0.0845716233711546,151.7446
6,buenos aires,6840,tres de febrero,2019,8353,362319,2305.4269856121264,2.3054269856121263,Pampeana,40.89,52.82,-4.095869743002778,12.0,58.49,buenos aires,3.259377064215485,232.9267583333333
6,buenos aires,6840,tres de febrero,2020,5355,362319,1477.979349689086,1.477979349689086,Pampeana,32.99,39.14,-22.513076245380446,12.0,35.38,buenos aires,-0.9060548261871636,333.64571666666666
6,buenos aires,6840,tres de febrero,2021,4798,362319,1324.2474173311364,1.3242474173311365,Pampeana,53.36,40.47,10.894768613448491,12.0,51.34,buenos aires,5.042551890559444,499.07357500000006
6,buenos aires,6840,tres de febrero,2022,5210,362319,1437.9593672978783,1.4379593672978783,Pampeana,90.36,100.29,16.258768970195426,12.0,94.78,buenos aires,9.714658640109942,855.2844833333334
6,buenos aires,6840,tres de febrero,2023,6296,362319,1737.6952354140965,1.7376952354140964,Pampeana,152.68,225.08,6.451770318872274,12.0,276.35,buenos aires,7.971207677952541,1996.2926583333333
6,buenos aires,6840,tres de febrero,2024,6930,362319,1912.6791584211703,1.9126791584211704,Pampeana,145.47,106.62,-17.002317565429593,12.0,67.1,buenos aires,2.207989387423237,6356.215883333333
6,buenos aires,6847,tres lomas,2017,15,9090,165.01650165016505,0.165016501650165,Pampeana,27.47,26.77,7.86512216770463,12.0,18.85,buenos aires,4.281204657664772,112.74496666666666
6,buenos aires,6847,tres lomas,2018,19,9090,209.02090209020903,0.209020902090209,Pampeana,29.71,52.86,2.8043835398188,12.0,73.5,buenos aires,-0.0845716233711546,151.7446
6,buenos aires,6847,tres lomas,2019,39,9090,429.042904290429,0.4290429042904291,Pampeana,40.89,52.82,-4.095869743002778,12.0,58.49,buenos aires,3.259377064215485,232.9267583333333
6,buenos aires,6847,tres lomas,2020,34,9090,374.037403740374,0.374037403740374,Pampeana,32.99,39.14,-22.513076245380446,12.0,35.38,buenos aires,-0.9060548261871636,333.64571666666666
6,buenos aires,6847,tres lomas,2021,52,9090,572.057205720572,0.5720572057205721,Pampeana,53.36,40.47,10.894768613448491,12.0,51.34,buenos aires,5.042551890559444,499.07357500000006
6,buenos aires,6847,tres lomas,2022,59,9090,649.0649064906492,0.6490649064906491,Pampeana,90.36,100.29,16.258768970195426,12.0,94.78,buenos aires,9.714658640109942,855.2844833333334
6,buenos aires,6847,tres lomas,2023,69,9090,759.0759075907591,0.759075907590759,Pampeana,152.68,225.08,6.451770318872274,12.0,276.35,buenos aires,7.971207677952541,1996.2926583333333
6,buenos aires,6847,tres lomas,2024,66,9090,726.072607260726,0.7260726072607261,Pampeana,145.47,106.62,-17.002317565429593,12.0,67.1,buenos aires,2.207989387423237,6356.215883333333
6,buenos aires,6854,25 de mayo,2017,88,35411,248.51034989127672,0.2485103498912767,Pampeana,27.47,26.77,7.86512216770463,12.0,18.85,buenos aires,4.281204657664772,112.74496666666666
6,buenos aires,6854,25 de mayo,2018,77,35411,217.44655615486712,0.2174465561548671,Pampeana,29.71,52.86,2.8043835398188,12.0,73.5,buenos aires,-0.0845716233711546,151.7446
6,buenos aires,6854,25 de mayo,2019,207,35411,584.5641184942532,0.5845641184942532,Pampeana,40.89,52.82,-4.095869743002778,12.0,58.49,buenos aires,3.259377064215485,232.9267583333333
6,buenos aires,6854,25 de mayo,2020,129,35411,364.2935810906216,0.3642935810906216,Pampeana,32.99,39.14,-22.513076245380446,12.0,35.38,buenos aires,-0.9060548261871636,333.64571666666666
6,buenos aires,6854,25 de mayo,2021,124,35411,350.17367484679903,0.350173674846799,Pampeana,53.36,40.47,10.894768613448491,12.0,51.34,buenos aires,5.042551890559444,499.07357500000006
6,buenos aires,6854,25 de mayo,2022,169,35411,477.2528310412019,0.4772528310412018,Pampeana,90.36,100.29,16.258768970195426,12.0,94.78,buenos aires,9.714658640109942,855.2844833333334
6,buenos aires,6854,25 de mayo,2023,276,35411,779.4188246590043,0.7794188246590043,Pampeana,152.68,225.08,6.451770318872274,12.0,276.35,buenos aires,7.971207677952541,1996.2926583333333
6,buenos aires,6854,25 de mayo,2024,358,35411,1010.985287057694,1.010985287057694,Pampeana,145.47,106.62,-17.002317565429593,12.0,67.1,buenos aires,2.207989387423237,6356.215883333333
6,buenos aires,6861,vicente lópez,2017,3460,280541,1233.331313426558,1.233331313426558,Pampeana,27.47,26.77,7.86512216770463,12.0,18.85,buenos aires,4.281204657664772,112.74496666666666
6,buenos aires,6861,vicente lópez,2018,4623,280541,1647.8874745580858,1.6478874745580858,Pampeana,29.71,52.86,2.8043835398188,12.0,73.5,buenos aires,-0.0845716233711546,151.7446
6,buenos aires,6861,vicente lópez,2019,7856,280541,2800.303698924578,2.8003036989245778,Pampeana,40.89,52.82,-4.095869743002778,12.0,58.49,buenos aires,3.259377064215485,232.9267583333333
6,buenos aires,6861,vicente lópez,2020,3708,280541,1321.731939360022,1.3217319393600222,Pampeana,32.99,39.14,-22.513076245380446,12.0,35.38,buenos aires,-0.9060548261871636,333.64571666666666
6,buenos aires,6861,vicente lópez,2021,5133,280541,1829.6790843406131,1.8296790843406132,Pampeana,53.36,40.47,10.894768613448491,12.0,51.34,buenos aires,5.042551890559444,499.07357500000006
6,buenos aires,6861,vicente lópez,2022,4973,280541,1772.6464224480555,1.7726464224480556,Pampeana,90.36,100.29,16.258768970195426,12.0,94.78,buenos aires,9.714658640109942,855.2844833333334
6,buenos aires,6861,vicente lópez,2023,3885,280541,1384.824321578664,1.384824321578664,Pampeana,152.68,225.08,6.451770318872274,12.0,276.35,buenos aires,7.971207677952541,1996.2926583333333
6,buenos aires,6861,vicente lópez,2024,4032,280541,1437.2230796924514,1.4372230796924514,Pampeana,145.47,106.62,-17.002317565429593,12.0,67.1,buenos aires,2.207989387423237,6356.215883333333
6,buenos aires,6868,villa gesell,2017,553,37325,1481.5807099799065,1.481580709979906,Pampeana,27.47,26.77,7.86512216770463,12.0,18.85,buenos aires,4.281204657664772,112.74496666666666
6,buenos aires,6868,villa gesell,2018,413,37325,1106.4969859343605,1.1064969859343603,Pampeana,29.71,52.86,2.8043835398188,12.0,73.5,buenos aires,-0.0845716233711546,151.7446
6,buenos aires,6868,villa gesell,2019,696,37325,1864.7019423978568,1.8647019423978568,Pampeana,40.89,52.82,-4.095869743002778,12.0,58.49,buenos aires,3.259377064215485,232.9267583333333
6,buenos aires,6868,villa gesell,2020,849,37325,2274.614869390489,2.274614869390489,Pampeana,32.99,39.14,-22.513076245380446,12.0,35.38,buenos aires,-0.9060548261871636,333.64571666666666
6,buenos aires,6868,villa gesell,2021,669,37325,1792.3643670462156,1.7923643670462155,Pampeana,53.36,40.47,10.894768613448491,12.0,51.34,buenos aires,5.042551890559444,499.07357500000006
6,buenos aires,6868,villa gesell,2022,393,37325,1052.9135967849968,1.0529135967849967,Pampeana,90.36,100.29,16.258768970195426,12.0,94.78,buenos aires,9.714658640109942,855.2844833333334
6,buenos aires,6868,villa gesell,2023,1026,37325,2748.8278633623577,2.748827863362357,Pampeana,152.68,225.08,6.451770318872274,12.0,276.35,buenos aires,7.971207677952541,1996.2926583333333
6,buenos aires,6868,villa gesell,2024,1745,37325,4675.150703281983,4.675150703281982,Pampeana,145.47,106.62,-17.002317565429593,12.0,67.1,buenos aires,2.207989387423237,6356.215883333333
6,buenos aires,6875,villarino,2017,115,32552,353.2809043991153,0.3532809043991153,Pampeana,27.47,26.77,7.86512216770463,12.0,18.85,buenos aires,4.281204657664772,112.74496666666666
6,buenos aires,6875,villarino,2018,125,32552,384.00098304251657,0.3840009830425165,Pampeana,29.71,52.86,2.8043835398188,12.0,73.5,buenos aires,-0.0845716233711546,151.7446
6,buenos aires,6875,villarino,2019,234,32552,718.8498402555911,0.7188498402555911,Pampeana,40.89,52.82,-4.095869743002778,12.0,58.49,buenos aires,3.259377064215485,232.9267583333333
6,buenos aires,6875,villarino,2020,242,32552,743.4259031703122,0.7434259031703121,Pampeana,32.99,39.14,-22.513076245380446,12.0,35.38,buenos aires,-0.9060548261871636,333.64571666666666
6,buenos aires,6875,villarino,2021,348,32552,1069.0587367903663,1.069058736790366,Pampeana,53.36,40.47,10.894768613448491,12.0,51.34,buenos aires,5.042551890559444,499.07357500000006
6,buenos aires,6875,villarino,2022,302,32552,927.7463750307202,0.92774637503072,Pampeana,90.36,100.29,16.258768970195426,12.0,94.78,buenos aires,9.714658640109942,855.2844833333334
6,buenos aires,6875,villarino,2023,376,32552,1155.0749569918898,1.15507495699189,Pampeana,152.68,225.08,6.451770318872274,12.0,276.35,buenos aires,7.971207677952541,1996.2926583333333
6,buenos aires,6875,villarino,2024,334,32552,1026.0506266896043,1.0260506266896043,Pampeana,145.47,106.62,-17.002317565429593,12.0,67.1,buenos aires,2.207989387423237,6356.215883333333
6,buenos aires,6882,zárate,2017,1858,131415,1413.841646691778,1.413841646691778,Pampeana,27.47,26.77,7.86512216770463,12.0,18.85,buenos aires,4.281204657664772,112.74496666666666
6,buenos aires,6882,zárate,2018,1573,131415,1196.971426397291,1.196971426397291,Pampeana,29.71,52.86,2.8043835398188,12.0,73.5,buenos aires,-0.0845716233711546,151.7446
6,buenos aires,6882,zárate,2019,2217,131415,1687.022029448693,1.687022029448693,Pampeana,40.89,52.82,-4.095869743002778,12.0,58.49,buenos aires,3.259377064215485,232.9267583333333
6,buenos aires,6882,zárate,2020,1795,131415,1365.9019137845755,1.3659019137845756,Pampeana,32.99,39.14,-22.513076245380446,12.0,35.38,buenos aires,-0.9060548261871636,333.64571666666666
6,buenos aires,6882,zárate,2021,1960,131415,1491.4583571129629,1.491458357112963,Pampeana,53.36,40.47,10.894768613448491,12.0,51.34,buenos aires,5.042551890559444,499.07357500000006
6,buenos aires,6882,zárate,2022,1805,131415,1373.5113951984172,1.3735113951984173,Pampeana,90.36,100.29,16.258768970195426,12.0,94.78,buenos aires,9.714658640109942,855.2844833333334
6,buenos aires,6882,zárate,2023,2019,131415,1536.3542974546283,1.5363542974546285,Pampeana,152.68,225.08,6.451770318872274,12.0,276.35,buenos aires,7.971207677952541,1996.2926583333333
6,buenos aires,6882,zárate,2024,1908,131415,1451.889053760986,1.4518890537609863,Pampeana,145.47,106.62,-17.002317565429593,12.0,67.1,buenos aires,2.207989387423237,6356.215883333333
10,catamarca,10007,ambato,2017,98,5087,1926.4792608610185,1.9264792608610184,Noroeste,27.47,26.77,7.86512216770463,12.0,18.85,catamarca,7.794073652758748,113.356175
10,catamarca,10007,ambato,2018,75,5087,1474.346373107922,1.474346373107922,Noroeste,29.71,52.86,2.8043835398188,12.0,73.5,catamarca,0.3025423148084627,151.62908333333334
10,catamarca,10007,ambato,2019,57,5087,1120.5032435620208,1.1205032435620208,Noroeste,40.89,52.82,-4.095869743002778,12.0,58.49,catamarca,-0.8229060985232795,235.28336666666667
10,catamarca,10007,ambato,2020,32,5087,629.0544525260468,0.6290544525260469,Noroeste,32.99,39.14,-22.513076245380446,12.0,35.38,catamarca,4.805499872560559,336.76238333333333
10,catamarca,10007,ambato,2021,51,5087,1002.5555337133871,1.0025555337133871,Noroeste,53.36,40.47,10.894768613448491,12.0,51.34,catamarca,8.152527556312151,502.7731833333333
10,catamarca,10007,ambato,2022,63,5087,1238.4509534106546,1.2384509534106545,Noroeste,90.36,100.29,16.258768970195426,12.0,94.78,catamarca,6.479121679304978,869.5214
10,catamarca,10007,ambato,2023,85,5087,1670.925889522312,1.6709258895223118,Noroeste,152.68,225.08,6.451770318872274,12.0,276.35,catamarca,7.41358130370664,2036.0322583333332
10,catamarca,10007,ambato,2024,81,5087,1592.294082956556,1.592294082956556,Noroeste,145.47,106.62,-17.002317565429593,12.0,67.1,catamarca,2.595728498487237,6363.719033333334
10,catamarca,10014,ancasti,2017,66,3282,2010.9689213893969,2.010968921389397,Noroeste,27.47,26.77,7.86512216770463,12.0,18.85,catamarca,7.794073652758748,113.356175
10,catamarca,10014,ancasti,2018,48,3282,1462.5228519195612,1.4625228519195612,Noroeste,29.71,52.86,2.8043835398188,12.0,73.5,catamarca,0.3025423148084627,151.62908333333334
10,catamarca,10014,ancasti,2019,32,3282,975.0152346130408,0.9750152346130408,Noroeste,40.89,52.82,-4.095869743002778,12.0,58.49,catamarca,-0.8229060985232795,235.28336666666667
10,catamarca,10014,ancasti,2020,31,3282,944.5460085313832,0.9445460085313834,Noroeste,32.99,39.14,-22.513076245380446,12.0,35.38,catamarca,4.805499872560559,336.76238333333333
10,catamarca,10014,ancasti,2021,29,3282,883.6075563680682,0.8836075563680682,Noroeste,53.36,40.47,10.894768613448491,12.0,51.34,catamarca,8.152527556312151,502.7731833333333
10,catamarca,10014,ancasti,2022,32,3282,975.0152346130408,0.9750152346130408,Noroeste,90.36,100.29,16.258768970195426,12.0,94.78,catamarca,6.479121679304978,869.5214
10,catamarca,10014,ancasti,2023,59,3282,1797.684338817794,1.797684338817794,Noroeste,152.68,225.08,6.451770318872274,12.0,276.35,catamarca,7.41358130370664,2036.0322583333332
10,catamarca,10014,ancasti,2024,43,3282,1310.1767215112736,1.3101767215112736,Noroeste,145.47,106.62,-17.002317565429593,12.0,67.1,catamarca,2.595728498487237,6363.719033333334
10,catamarca,10021,andalgalá,2017,426,19545,2179.5855717574827,2.179585571757483,Noroeste,27.47,26.77,7.86512216770463,12.0,18.85,catamarca,7.794073652758748,113.356175
10,catamarca,10021,andalgalá,2018,372,19545,1903.3000767459707,1.903300076745971,Noroeste,29.71,52.86,2.8043835398188,12.0,73.5,catamarca,0.3025423148084627,151.62908333333334
10,catamarca,10021,andalgalá,2019,350,19545,1790.7393195190589,1.7907393195190586,Noroeste,40.89,52.82,-4.095869743002778,12.0,58.49,catamarca,-0.8229060985232795,235.28336666666667
10,catamarca,10021,andalgalá,2020,300,19545,1534.9194167306216,1.5349194167306217,Noroeste,32.99,39.14,-22.513076245380446,12.0,35.38,catamarca,4.805499872560559,336.76238333333333
10,catamarca,10021,andalgalá,2021,337,19545,1724.2261447940648,1.7242261447940648,Noroeste,53.36,40.47,10.894768613448491,12.0,51.34,catamarca,8.152527556312151,502.7731833333333
10,catamarca,10021,andalgalá,2022,345,19545,1765.1573292402147,1.7651573292402147,Noroeste,90.36,100.29,16.258768970195426,12.0,94.78,catamarca,6.479121679304978,869.5214
10,catamarca,10021,andalgalá,2023,374,19545,1913.532872857508,1.9135328728575085,Noroeste,152.68,225.08,6.451770318872274,12.0,276.35,catamarca,7.41358130370664,2036.0322583333332
10,catamarca,10021,andalgalá,2024,367,19545,1877.7180864671277,1.8777180864671272,Noroeste,145.47,106.62,-17.002317565429593,12.0,67.1,catamarca,2.595728498487237,6363.719033333334
10,catamarca,10028,antofagasta de la sierra,2017,53,1822,2908.8913282107574,2.9088913282107574,Noroeste,27.47,26.77,7.86512216770463,12.0,18.85,catamarca,7.794073652758748,113.356175
10,catamarca,10028,antofagasta de la sierra,2018,34,1822,1866.0812294182213,1.8660812294182216,Noroeste,29.71,52.86,2.8043835398188,12.0,73.5,catamarca,0.3025423148084627,151.62908333333334
10,catamarca,10028,antofagasta de la sierra,2019,31,1822,1701.4270032930845,1.7014270032930845,Noroeste,40.89,52.82,-4.095869743002778,12.0,58.49,catamarca,-0.8229060985232795,235.28336666666667
10,catamarca,10028,antofagasta de la sierra,2020,17,1822,933.0406147091109,0.9330406147091108,Noroeste,32.99,39.14,-22.513076245380446,12.0,35.38,catamarca,4.805499872560559,336.76238333333333
10,catamarca,10028,antofagasta de la sierra,2021,25,1822,1372.1185510428102,1.3721185510428102,Noroeste,53.36,40.47,10.894768613448491,12.0,51.34,catamarca,8.152527556312151,502.7731833333333
10,catamarca,10028,antofagasta de la sierra,2022,23,1822,1262.3490669593857,1.262349066959385,Noroeste,90.36,100.29,16.258768970195426,12.0,94.78,catamarca,6.479121679304978,869.5214
10,catamarca,10028,antofagasta de la sierra,2023,25,1822,1372.1185510428102,1.3721185510428102,Noroeste,152.68,225.08,6.451770318872274,12.0,276.35,catamarca,7.41358130370664,2036.0322583333332
10,catamarca,10028,antofagasta de la sierra,2024,29,1822,1591.6575192096598,1.5916575192096598,Noroeste,145.47,106.62,-17.002317565429593,12.0,67.1,catamarca,2.595728498487237,6363.719033333334
10,catamarca,10035,belén,2017,429,30353,1413.3693539353606,1.413369353935361,Noroeste,27.47,26.77,7.86512216770463,12.0,18.85,catamarca,7.794073652758748,113.356175
10,catamarca,10035,belén,2018,339,30353,1116.858300662208,1.116858300662208,Noroeste,29.71,52.86,2.8043835398188,12.0,73.5,catamarca,0.3025423148084627,151.62908333333334
10,catamarca,10035,belén,2019,299,30353,985.0756103185846,0.9850756103185846,Noroeste,40.89,52.82,-4.095869743002778,12.0,58.49,catamarca,-0.8229060985232795,235.28336666666667
10,catamarca,10035,belén,2020,264,30353,869.7657562679142,0.8697657562679142,Noroeste,32.99,39.14,-22.513076245380446,12.0,35.38,catamarca,4.805499872560559,336.76238333333333
10,catamarca,10035,belén,2021,480,30353,1581.3922841234803,1.5813922841234804,Noroeste,53.36,40.47,10.894768613448491,12.0,51.34,catamarca,8.152527556312151,502.7731833333333
10,catamarca,10035,belén,2022,429,30353,1413.3693539353606,1.413369353935361,Noroeste,90.36,100.29,16.258768970195426,12.0,94.78,catamarca,6.479121679304978,869.5214
10,catamarca,10035,belén,2023,421,30353,1387.012815866636,1.387012815866636,Noroeste,152.68,225.08,6.451770318872274,12.0,276.35,catamarca,7.41358130370664,2036.0322583333332
10,catamarca,10035,belén,2024,444,30353,1462.7878628142194,1.4627878628142192,Noroeste,145.47,106.62,-17.002317565429593,12.0,67.1,catamarca,2.595728498487237,6363.719033333334
10,catamarca,10042,capayán,2017,282,19471,1448.3077397154743,1.4483077397154744,Noroeste,27.47,26.77,7.86512216770463,12.0,18.85,catamarca,7.794073652758748,113.356175
10,catamarca,10042,capayán,2018,235,19471,1206.9231164295618,1.2069231164295615,Noroeste,29.71,52.86,2.8043835398188,12.0,73.5,catamarca,0.3025423148084627,151.62908333333334
10,catamarca,10042,capayán,2019,226,19471,1160.7005289918338,1.160700528991834,Noroeste,40.89,52.82,-4.095869743002778,12.0,58.49,catamarca,-0.8229060985232795,235.28336666666667
10,catamarca,10042,capayán,2020,187,19471,960.402650095013,0.960402650095013,Noroeste,32.99,39.14,-22.513076245380446,12.0,35.38,catamarca,4.805499872560559,336.76238333333333
10,catamarca,10042,capayán,2021,301,19471,1545.8887576395664,1.5458887576395666,Noroeste,53.36,40.47,10.894768613448491,12.0,51.34,catamarca,8.152527556312151,502.7731833333333
10,catamarca,10042,capayán,2022,260,19471,1335.3191926454729,1.3353191926454728,Noroeste,90.36,100.29,16.258768970195426,12.0,94.78,catamarca,6.479121679304978,869.5214
10,catamarca,10042,capayán,2023,280,19471,1438.036053618201,1.4380360536182013,Noroeste,152.68,225.08,6.451770318872274,12.0,276.35,catamarca,7.41358130370664,2036.0322583333332
10,catamarca,10042,capayán,2024,306,19471,1571.5679728827488,1.5715679728827487,Noroeste,145.47,106.62,-17.002317565429593,12.0,67.1,catamarca,2.595728498487237,6363.719033333334
10,catamarca,10049,capital,2017,7872,186466,4221.681164394581,4.221681164394582,Noroeste,27.47,26.77,7.86512216770463,12.0,18.85,catamarca,7.794073652758748,113.356175
10,catamarca,10049,capital,2018,7589,186466,4069.910868469319,4.069910868469319,Noroeste,29.71,52.86,2.8043835398188,12.0,73.5,catamarca,0.3025423148084627,151.62908333333334
10,catamarca,10049,capital,2019,6788,186466,3640.34193901301,3.6403419390130094,Noroeste,40.89,52.82,-4.095869743002778,12.0,58.49,catamarca,-0.8229060985232795,235.28336666666667
10,catamarca,10049,capital,2020,4527,186466,2427.788444005878,2.427788444005878,Noroeste,32.99,39.14,-22.513076245380446,12.0,35.38,catamarca,4.805499872560559,336.76238333333333
10,catamarca,10049,capital,2021,5579,186466,2991.9663638411294,2.9919663638411294,Noroeste,53.36,40.47,10.894768613448491,12.0,51.34,catamarca,8.152527556312151,502.7731833333333
10,catamarca,10049,capital,2022,6457,186466,3462.829684768269,3.462829684768269,Noroeste,90.36,100.29,16.258768970195426,12.0,94.78,catamarca,6.479121679304978,869.5214
10,catamarca,10049,capital,2023,7601,186466,4076.346358049189,4.0763463580491885,Noroeste,152.68,225.08,6.451770318872274,12.0,276.35,catamarca,7.41358130370664,2036.0322583333332
10,catamarca,10049,capital,2024,8135,186466,4362.725644353394,4.362725644353394,Noroeste,145.47,106.62,-17.002317565429593,12.0,67.1,catamarca,2.595728498487237,6363.719033333334
10,catamarca,10056,el alto,2017,134,4375,3062.8571428571427,3.0628571428571427,Noroeste,27.47,26.77,7.86512216770463,12.0,18.85,catamarca,7.794073652758748,113.356175
10,catamarca,10056,el alto,2018,95,4375,2171.428571428572,2.1714285714285717,Noroeste,29.71,52.86,2.8043835398188,12.0,73.5,catamarca,0.3025423148084627,151.62908333333334
10,catamarca,10056,el alto,2019,72,4375,1645.7142857142858,1.6457142857142857,Noroeste,40.89,52.82,-4.095869743002778,12.0,58.49,catamarca,-0.8229060985232795,235.28336666666667
10,catamarca,10056,el alto,2020,48,4375,1097.142857142857,1.0971428571428572,Noroeste,32.99,39.14,-22.513076245380446,12.0,35.38,catamarca,4.805499872560559,336.76238333333333
10,catamarca,10056,el alto,2021,87,4375,1988.5714285714284,1.9885714285714284,Noroeste,53.36,40.47,10.894768613448491,12.0,51.34,catamarca,8.152527556312151,502.7731833333333
10,catamarca,10056,el alto,2022,97,4375,2217.142857142857,2.217142857142857,Noroeste,90.36,100.29,16.258768970195426,12.0,94.78,catamarca,6.479121679304978,869.5214
10,catamarca,10056,el alto,2023,50,4375,1142.857142857143,1.1428571428571428,Noroeste,152.68,225.08,6.451770318872274,12.0,276.35,catamarca,7.41358130370664,2036.0322583333332
10,catamarca,10056,el alto,2024,75,4375,1714.2857142857144,1.7142857142857144,Noroeste,145.47,106.62,-17.002317565429593,12.0,67.1,catamarca,2.595728498487237,6363.719033333334
10,catamarca,10063,fray mamerto esquiú,2017,422,14624,2885.6673960612693,2.8856673960612693,Noroeste,27.47,26.77,7.86512216770463,12.0,18.85,catamarca,7.794073652758748,113.356175
10,catamarca,10063,fray mamerto esquiú,2018,410,14624,2803.610503282276,2.803610503282276,Noroeste,29.71,52.86,2.8043835398188,12.0,73.5,catamarca,0.3025423148084627,151.62908333333334
10,catamarca,10063,fray mamerto esquiú,2019,340,14624,2324.945295404814,2.324945295404814,Noroeste,40.89,52.82,-4.095869743002778,12.0,58.49,catamarca,-0.8229060985232795,235.28336666666667
10,catamarca,10063,fray mamerto esquiú,2020,289,14624,1976.203501094092,1.976203501094092,Noroeste,32.99,39.14,-22.513076245380446,12.0,35.38,catamarca,4.805499872560559,336.76238333333333
10,catamarca,10063,fray mamerto esquiú,2021,394,14624,2694.2013129102843,2.6942013129102844,Noroeste,53.36,40.47,10.894768613448491,12.0,51.34,catamarca,8.152527556312151,502.7731833333333
10,catamarca,10063,fray mamerto esquiú,2022,449,14624,3070.2954048140045,3.0702954048140043,Noroeste,90.36,100.29,16.258768970195426,12.0,94.78,catamarca,6.479121679304978,869.5214
10,catamarca,10063,fray mamerto esquiú,2023,428,14624,2926.6958424507657,2.9266958424507656,Noroeste,152.68,225.08,6.451770318872274,12.0,276.35,catamarca,7.41358130370664,2036.0322583333332
10,catamarca,10063,fray mamerto esquiú,2024,444,14624,3036.105032822757,3.036105032822757,Noroeste,145.47,106.62,-17.002317565429593,12.0,67.1,catamarca,2.595728498487237,6363.719033333334
10,catamarca,10070,la paz,2017,392,26341,1488.174328992825,1.4881743289928249,Noroeste,27.47,26.77,7.86512216770463,12.0,18.85,catamarca,7.794073652758748,113.356175
10,catamarca,10070,la paz,2018,290,26341,1100.9452944079574,1.1009452944079572,Noroeste,29.71,52.86,2.8043835398188,12.0,73.5,catamarca,0.3025423148084627,151.62908333333334
10,catamarca,10070,la paz,2019,270,26341,1025.01803272465,1.02501803272465,Noroeste,40.89,52.82,-4.095869743002778,12.0,58.49,catamarca,-0.8229060985232795,235.28336666666667
10,catamarca,10070,la paz,2020,268,26341,1017.425306556319,1.017425306556319,Noroeste,32.99,39.14,-22.513076245380446,12.0,35.38,catamarca,4.805499872560559,336.76238333333333
10,catamarca,10070,la paz,2021,377,26341,1431.2288827303444,1.4312288827303443,Noroeste,53.36,40.47,10.894768613448491,12.0,51.34,catamarca,8.152527556312151,502.7731833333333
10,catamarca,10070,la paz,2022,313,26341,1188.2616453437606,1.1882616453437609,Noroeste,90.36,100.29,16.258768970195426,12.0,94.78,catamarca,6.479121679304978,869.5214
10,catamarca,10070,la paz,2023,226,26341,857.9780570213736,0.8579780570213736,Noroeste,152.68,225.08,6.451770318872274,12.0,276.35,catamarca,7.41358130370664,2036.0322583333332
10,catamarca,10070,la paz,2024,275,26341,1043.9998481454766,1.0439998481454766,Noroeste,145.47,106.62,-17.002317565429593,12.0,67.1,catamarca,2.595728498487237,6363.719033333334
10,catamarca,10077,paclín,2017,107,4696,2278.534923339012,2.278534923339012,Noroeste,27.47,26.77,7.86512216770463,12.0,18.85,catamarca,7.794073652758748,113.356175
10,catamarca,10077,paclín,2018,63,4696,1341.5672913117546,1.341567291311755,Noroeste,29.71,52.86,2.8043835398188,12.0,73.5,catamarca,0.3025423148084627,151.62908333333334
10,catamarca,10077,paclín,2019,53,4696,1128.6201022146508,1.1286201022146507,Noroeste,40.89,52.82,-4.095869743002778,12.0,58.49,catamarca,-0.8229060985232795,235.28336666666667
10,catamarca,10077,paclín,2020,25,4696,532.3679727427598,0.5323679727427598,Noroeste,32.99,39.14,-22.513076245380446,12.0,35.38,catamarca,4.805499872560559,336.76238333333333
10,catamarca,10077,paclín,2021,30,4696,638.8415672913118,0.6388415672913117,Noroeste,53.36,40.47,10.894768613448491,12.0,51.34,catamarca,8.152527556312151,502.7731833333333
10,catamarca,10077,paclín,2022,58,4696,1235.0936967632026,1.235093696763203,Noroeste,90.36,100.29,16.258768970195426,12.0,94.78,catamarca,6.479121679304978,869.5214
10,catamarca,10077,paclín,2023,57,4696,1213.7989778534925,1.2137989778534923,Noroeste,152.68,225.08,6.451770318872274,12.0,276.35,catamarca,7.41358130370664,2036.0322583333332
10,catamarca,10077,paclín,2024,49,4696,1043.4412265758092,1.043441226575809,Noroeste,145.47,106.62,-17.002317565429593,12.0,67.1,catamarca,2.595728498487237,6363.719033333334
10,catamarca,10084,pomán,2017,115,12219,941.157214174646,0.941157214174646,Noroeste,27.47,26.77,7.86512216770463,12.0,18.85,catamarca,7.794073652758748,113.356175
10,catamarca,10084,pomán,2018,111,12219,908.4213110729193,0.9084213110729192,Noroeste,29.71,52.86,2.8043835398188,12.0,73.5,catamarca,0.3025423148084627,151.62908333333334
10,catamarca,10084,pomán,2019,85,12219,695.637940911695,0.695637940911695,Noroeste,40.89,52.82,-4.095869743002778,12.0,58.49,catamarca,-0.8229060985232795,235.28336666666667
10,catamarca,10084,pomán,2020,79,12219,646.5340862591046,0.6465340862591046,Noroeste,32.99,39.14,-22.513076245380446,12.0,35.38,catamarca,4.805499872560559,336.76238333333333
10,catamarca,10084,pomán,2021,93,12219,761.1097471151486,0.7611097471151486,Noroeste,53.36,40.47,10.894768613448491,12.0,51.34,catamarca,8.152527556312151,502.7731833333333
10,catamarca,10084,pomán,2022,124,12219,1014.8129961535312,1.0148129961535313,Noroeste,90.36,100.29,16.258768970195426,12.0,94.78,catamarca,6.479121679304978,869.5214
10,catamarca,10084,pomán,2023,162,12219,1325.8040756199362,1.3258040756199363,Noroeste,152.68,225.08,6.451770318872274,12.0,276.35,catamarca,7.41358130370664,2036.0322583333332
10,catamarca,10084,pomán,2024,103,12219,842.9495048694656,0.8429495048694656,Noroeste,145.47,106.62,-17.002317565429593,12.0,67.1,catamarca,2.595728498487237,6363.719033333334
10,catamarca,10091,santa maría,2017,535,26822,1994.631272835732,1.994631272835732,Noroeste,27.47,26.77,7.86512216770463,12.0,18.85,catamarca,7.794073652758748,113.356175
10,catamarca,10091,santa maría,2018,427,26822,1591.9767355156214,1.5919767355156216,Noroeste,29.71,52.86,2.8043835398188,12.0,73.5,catamarca,0.3025423148084627,151.62908333333334
10,catamarca,10091,santa maría,2019,294,26822,1096.1151293714115,1.0961151293714115,Noroeste,40.89,52.82,-4.095869743002778,12.0,58.49,catamarca,-0.8229060985232795,235.28336666666667
10,catamarca,10091,santa maría,2020,320,26822,1193.050480948475,1.1930504809484752,Noroeste,32.99,39.14,-22.513076245380446,12.0,35.38,catamarca,4.805499872560559,336.76238333333333
10,catamarca,10091,santa maría,2021,532,26822,1983.44642457684,1.98344642457684,Noroeste,53.36,40.47,10.894768613448491,12.0,51.34,catamarca,8.152527556312151,502.7731833333333
10,catamarca,10091,santa maría,2022,516,26822,1923.793900529416,1.923793900529416,Noroeste,90.36,100.29,16.258768970195426,12.0,94.78,catamarca,6.479121679304978,869.5214
10,catamarca,10091,santa maría,2023,529,26822,1972.261576317948,1.972261576317948,Noroeste,152.68,225.08,6.451770318872274,12.0,276.35,catamarca,7.41358130370664,2036.0322583333332
10,catamarca,10091,santa maría,2024,587,26822,2188.501975989859,2.188501975989859,Noroeste,145.47,106.62,-17.002317565429593,12.0,67.1,catamarca,2.595728498487237,6363.719033333334
10,catamarca,10098,santa rosa,2017,208,13317,1561.9133438462115,1.5619133438462116,Noroeste,27.47,26.77,7.86512216770463,12.0,18.85,catamarca,7.794073652758748,113.356175
10,catamarca,10098,santa rosa,2018,191,13317,1434.2569647818575,1.4342569647818575,Noroeste,29.71,52.86,2.8043835398188,12.0,73.5,catamarca,0.3025423148084627,151.62908333333334
10,catamarca,10098,santa rosa,2019,156,13317,1171.4350078846587,1.1714350078846587,Noroeste,40.89,52.82,-4.095869743002778,12.0,58.49,catamarca,-0.8229060985232795,235.28336666666667
10,catamarca,10098,santa rosa,2020,117,13317,878.576255913494,0.8785762559134941,Noroeste,32.99,39.14,-22.513076245380446,12.0,35.38,catamarca,4.805499872560559,336.76238333333333
10,catamarca,10098,santa rosa,2021,166,13317,1246.5269955695726,1.2465269955695726,Noroeste,53.36,40.47,10.894768613448491,12.0,51.34,catamarca,8.152527556312151,502.7731833333333
10,catamarca,10098,santa rosa,2022,221,13317,1659.5329278366,1.6595329278366,Noroeste,90.36,100.29,16.258768970195426,12.0,94.78,catamarca,6.479121679304978,869.5214
10,catamarca,10098,santa rosa,2023,232,13317,1742.1341142900053,1.7421341142900053,Noroeste,152.68,225.08,6.451770318872274,12.0,276.35,catamarca,7.41358130370664,2036.0322583333332
10,catamarca,10098,santa rosa,2024,166,13317,1246.5269955695726,1.2465269955695726,Noroeste,145.47,106.62,-17.002317565429593,12.0,67.1,catamarca,2.595728498487237,6363.719033333334
10,catamarca,10105,tinogasta,2017,374,25254,1480.9535123148808,1.4809535123148807,Noroeste,27.47,26.77,7.86512216770463,12.0,18.85,catamarca,7.794073652758748,113.356175
10,catamarca,10105,tinogasta,2018,349,25254,1381.959293577255,1.381959293577255,Noroeste,29.71,52.86,2.8043835398188,12.0,73.5,catamarca,0.3025423148084627,151.62908333333334
10,catamarca,10105,tinogasta,2019,327,25254,1294.8443810881445,1.2948443810881445,Noroeste,40.89,52.82,-4.095869743002778,12.0,58.49,catamarca,-0.8229060985232795,235.28336666666667
10,catamarca,10105,tinogasta,2020,304,25254,1203.769699849529,1.2037696998495289,Noroeste,32.99,39.14,-22.513076245380446,12.0,35.38,catamarca,4.805499872560559,336.76238333333333
10,catamarca,10105,tinogasta,2021,416,25254,1647.263799794092,1.647263799794092,Noroeste,53.36,40.47,10.894768613448491,12.0,51.34,catamarca,8.152527556312151,502.7731833333333
10,catamarca,10105,tinogasta,2022,376,25254,1488.8730498138907,1.488873049813891,Noroeste,90.36,100.29,16.258768970195426,12.0,94.78,catamarca,6.479121679304978,869.5214
10,catamarca,10105,tinogasta,2023,430,25254,1702.7005622871625,1.7027005622871625,Noroeste,152.68,225.08,6.451770318872274,12.0,276.35,catamarca,7.41358130370664,2036.0322583333332
10,catamarca,10105,tinogasta,2024,408,25254,1615.5856497980517,1.615585649798052,Noroeste,145.47,106.62,-17.002317565429593,12.0,67.1,catamarca,2.595728498487237,6363.719033333334
10,catamarca,10112,valle viejo,2017,1127,33951,3319.4898530234755,3.3194898530234758,Noroeste,27.47,26.77,7.86512216770463,12.0,18.85,catamarca,7.794073652758748,113.356175
10,catamarca,10112,valle viejo,2018,944,33951,2780.477747341757,2.780477747341757,Noroeste,29.71,52.86,2.8043835398188,12.0,73.5,catamarca,0.3025423148084627,151.62908333333334
10,catamarca,10112,valle viejo,2019,829,33951,2441.7542929516067,2.441754292951607,Noroeste,40.89,52.82,-4.095869743002778,12.0,58.49,catamarca,-0.8229060985232795,235.28336666666667
10,catamarca,10112,valle viejo,2020,717,33951,2111.8671025890253,2.111867102589025,Noroeste,32.99,39.14,-22.513076245380446,12.0,35.38,catamarca,4.805499872560559,336.76238333333333
10,catamarca,10112,valle viejo,2021,947,33951,2789.314011369326,2.7893140113693264,Noroeste,53.36,40.47,10.894768613448491,12.0,51.34,catamarca,8.152527556312151,502.7731833333333
10,catamarca,10112,valle viejo,2022,1003,33951,2954.2576065506173,2.954257606550617,Noroeste,90.36,100.29,16.258768970195426,12.0,94.78,catamarca,6.479121679304978,869.5214
10,catamarca,10112,valle viejo,2023,1079,33951,3178.1096285823687,3.1781096285823685,Noroeste,152.68,225.08,6.451770318872274,12.0,276.35,catamarca,7.41358130370664,2036.0322583333332
10,catamarca,10112,valle viejo,2024,1234,33951,3634.649936673441,3.634649936673441,Noroeste,145.47,106.62,-17.002317565429593,12.0,67.1,catamarca,2.595728498487237,6363.719033333334
14,córdoba,14007,calamuchita,2017,1100,75462,1457.6873128196974,1.4576873128196972,Pampeana,27.47,26.77,7.86512216770463,12.0,18.85,córdoba,5.569431546395243,112.74496666666666
14,córdoba,14007,calamuchita,2018,1518,75462,2011.6084916911825,2.0116084916911823,Pampeana,29.71,52.86,2.8043835398188,12.0,73.5,córdoba,0.5379244466631405,151.7446
14,córdoba,14007,calamuchita,2019,1773,75462,2349.526914208476,2.349526914208476,Pampeana,40.89,52.82,-4.095869743002778,12.0,58.49,córdoba,-0.0641057265654221,232.9267583333333
14,córdoba,14007,calamuchita,2020,1371,75462,1816.8084598870955,1.8168084598870955,Pampeana,32.99,39.14,-22.513076245380446,12.0,35.38,córdoba,2.3292652790155577,333.64571666666666
14,córdoba,14007,calamuchita,2021,1340,75462,1775.7281810712675,1.7757281810712675,Pampeana,53.36,40.47,10.894768613448491,12.0,51.34,córdoba,5.163608336622794,499.07357500000006
14,córdoba,14007,calamuchita,2022,1984,75462,2629.137844212981,2.6291378442129814,Pampeana,90.36,100.29,16.258768970195426,12.0,94.78,córdoba,6.372811616826368,855.2844833333334
14,córdoba,14007,calamuchita,2023,2718,75462,3601.812832949034,3.601812832949034,Pampeana,152.68,225.08,6.451770318872274,12.0,276.35,córdoba,6.382301185613515,1996.2926583333333
14,córdoba,14007,calamuchita,2024,2807,75462,3719.752988258991,3.7197529882589913,Pampeana,145.47,106.62,-17.002317565429593,12.0,67.1,córdoba,1.561889153799223,6356.215883333333
14,córdoba,14014,capital,2017,71061,1498060,4743.5349718969865,4.743534971896986,Pampeana,27.47,26.77,7.86512216770463,12.0,18.85,córdoba,5.569431546395243,112.74496666666666
14,córdoba,14014,capital,2018,72358,1498060,4830.113613606932,4.830113613606931,Pampeana,29.71,52.86,2.8043835398188,12.0,73.5,córdoba,0.5379244466631405,151.7446
14,córdoba,14014,capital,2019,78403,1498060,5233.635501915812,5.233635501915812,Pampeana,40.89,52.82,-4.095869743002778,12.0,58.49,córdoba,-0.0641057265654221,232.9267583333333
14,córdoba,14014,capital,2020,50187,1498060,3350.132838471089,3.3501328384710893,Pampeana,32.99,39.14,-22.513076245380446,12.0,35.38,córdoba,2.3292652790155577,333.64571666666666
14,córdoba,14014,capital,2021,57174,1498060,3816.536053295596,3.816536053295596,Pampeana,53.36,40.47,10.894768613448491,12.0,51.34,córdoba,5.163608336622794,499.07357500000006
14,córdoba,14014,capital,2022,68878,1498060,4597.813171702068,4.597813171702068,Pampeana,90.36,100.29,16.258768970195426,12.0,94.78,córdoba,6.372811616826368,855.2844833333334
14,córdoba,14014,capital,2023,98729,1498060,6590.456991041748,6.590456991041747,Pampeana,152.68,225.08,6.451770318872274,12.0,276.35,córdoba,6.382301185613515,1996.2926583333333
14,córdoba,14014,capital,2024,91725,1498060,6122.918975207936,6.122918975207935,Pampeana,145.47,106.62,-17.002317565429593,12.0,67.1,córdoba,1.561889153799223,6356.215883333333
14,córdoba,14021,colón,2017,2411,294511,818.6451439844353,0.8186451439844353,Pampeana,27.47,26.77,7.86512216770463,12.0,18.85,córdoba,5.569431546395243,112.74496666666666
14,córdoba,14021,colón,2018,4819,294511,1636.2716502948956,1.6362716502948955,Pampeana,29.71,52.86,2.8043835398188,12.0,73.5,córdoba,0.5379244466631405,151.7446
14,córdoba,14021,colón,2019,8238,294511,2797.179052734872,2.7971790527348723,Pampeana,40.89,52.82,-4.095869743002778,12.0,58.49,córdoba,-0.0641057265654221,232.9267583333333
14,córdoba,14021,colón,2020,5930,294511,2013.5071355569064,2.0135071355569063,Pampeana,32.99,39.14,-22.513076245380446,12.0,35.38,córdoba,2.3292652790155577,333.64571666666666
14,córdoba,14021,colón,2021,5035,294511,1709.6135628210832,1.7096135628210831,Pampeana,53.36,40.47,10.894768613448491,12.0,51.34,córdoba,5.163608336622794,499.07357500000006
14,córdoba,14021,colón,2022,5955,294511,2021.9957828400295,2.0219957828400297,Pampeana,90.36,100.29,16.258768970195426,12.0,94.78,córdoba,6.372811616826368,855.2844833333334
14,córdoba,14021,colón,2023,5881,294511,1996.869386881984,1.996869386881984,Pampeana,152.68,225.08,6.451770318872274,12.0,276.35,córdoba,6.382301185613515,1996.2926583333333
14,córdoba,14021,colón,2024,9370,294511,3181.5450017147077,3.181545001714707,Pampeana,145.47,106.62,-17.002317565429593,12.0,67.1,córdoba,1.561889153799223,6356.215883333333
14,córdoba,14028,cruz del eje,2017,1485,64748,2293.507135355532,2.293507135355532,Pampeana,27.47,26.77,7.86512216770463,12.0,18.85,córdoba,5.569431546395243,112.74496666666666
14,córdoba,14028,cruz del eje,2018,1587,64748,2451.040958794094,2.451040958794094,Pampeana,29.71,52.86,2.8043835398188,12.0,73.5,córdoba,0.5379244466631405,151.7446
14,córdoba,14028,cruz del eje,2019,1682,64748,2597.763637486872,2.597763637486872,Pampeana,40.89,52.82,-4.095869743002778,12.0,58.49,córdoba,-0.0641057265654221,232.9267583333333
14,córdoba,14028,cruz del eje,2020,1352,64748,2088.0953851856425,2.0880953851856425,Pampeana,32.99,39.14,-22.513076245380446,12.0,35.38,córdoba,2.3292652790155577,333.64571666666666
14,córdoba,14028,cruz del eje,2021,1477,64748,2281.151541360351,2.281151541360351,Pampeana,53.36,40.47,10.894768613448491,12.0,51.34,córdoba,5.163608336622794,499.07357500000006
14,córdoba,14028,cruz del eje,2022,1430,64748,2208.5624266386603,2.2085624266386605,Pampeana,90.36,100.29,16.258768970195426,12.0,94.78,córdoba,6.372811616826368,855.2844833333334
14,córdoba,14028,cruz del eje,2023,1530,64748,2363.007351578427,2.363007351578427,Pampeana,152.68,225.08,6.451770318872274,12.0,276.35,córdoba,6.382301185613515,1996.2926583333333
14,córdoba,14028,cruz del eje,2024,1546,64748,2387.7185395687898,2.3877185395687897,Pampeana,145.47,106.62,-17.002317565429593,12.0,67.1,córdoba,1.561889153799223,6356.215883333333
14,córdoba,14035,general roca,2017,464,36064,1286.6015971606034,1.2866015971606033,Pampeana,27.47,26.77,7.86512216770463,12.0,18.85,córdoba,5.569431546395243,112.74496666666666
14,córdoba,14035,general roca,2018,544,36064,1508.4294587400177,1.5084294587400178,Pampeana,29.71,52.86,2.8043835398188,12.0,73.5,córdoba,0.5379244466631405,151.7446
14,córdoba,14035,general roca,2019,682,36064,1891.0825199645076,1.8910825199645076,Pampeana,40.89,52.82,-4.095869743002778,12.0,58.49,córdoba,-0.0641057265654221,232.9267583333333
14,córdoba,14035,general roca,2020,409,36064,1134.094942324756,1.134094942324756,Pampeana,32.99,39.14,-22.513076245380446,12.0,35.38,córdoba,2.3292652790155577,333.64571666666666
14,córdoba,14035,general roca,2021,521,36064,1444.6539485359365,1.4446539485359362,Pampeana,53.36,40.47,10.894768613448491,12.0,51.34,córdoba,5.163608336622794,499.07357500000006
14,córdoba,14035,general roca,2022,584,36064,1619.343389529725,1.619343389529725,Pampeana,90.36,100.29,16.258768970195426,12.0,94.78,córdoba,6.372811616826368,855.2844833333334
14,córdoba,14035,general roca,2023,529,36064,1466.8367346938776,1.4668367346938775,Pampeana,152.68,225.08,6.451770318872274,12.0,276.35,córdoba,6.382301185613515,1996.2926583333333
14,córdoba,14035,general roca,2024,556,36064,1541.70363797693,1.54170363797693,Pampeana,145.47,106.62,-17.002317565429593,12.0,67.1,córdoba,1.561889153799223,6356.215883333333
14,córdoba,14042,general san martín,2017,1614,152397,1059.075966062324,1.059075966062324,Pampeana,27.47,26.77,7.86512216770463,12.0,18.85,córdoba,5.569431546395243,112.74496666666666
14,córdoba,14042,general san martín,2018,2093,152397,1373.3866152220844,1.3733866152220844,Pampeana,29.71,52.86,2.8043835398188,12.0,73.5,córdoba,0.5379244466631405,151.7446
14,córdoba,14042,general san martín,2019,2234,152397,1465.908121550949,1.465908121550949,Pampeana,40.89,52.82,-4.095869743002778,12.0,58.49,córdoba,-0.0641057265654221,232.9267583333333
14,córdoba,14042,general san martín,2020,1558,152397,1022.3298358891578,1.022329835889158,Pampeana,32.99,39.14,-22.513076245380446,12.0,35.38,córdoba,2.3292652790155577,333.64571666666666
14,córdoba,14042,general san martín,2021,2180,152397,1430.4743531696818,1.4304743531696815,Pampeana,53.36,40.47,10.894768613448491,12.0,51.34,córdoba,5.163608336622794,499.07357500000006
14,córdoba,14042,general san martín,2022,2632,152397,1727.0681181388084,1.7270681181388086,Pampeana,90.36,100.29,16.258768970195426,12.0,94.78,córdoba,6.372811616826368,855.2844833333334
14,córdoba,14042,general san martín,2023,3428,152397,2249.388111314527,2.249388111314527,Pampeana,152.68,225.08,6.451770318872274,12.0,276.35,córdoba,6.382301185613515,1996.2926583333333
14,córdoba,14042,general san martín,2024,3224,152397,2115.5272085408506,2.1155272085408505,Pampeana,145.47,106.62,-17.002317565429593,12.0,67.1,córdoba,1.561889153799223,6356.215883333333
14,córdoba,14049,ischilín,2017,570,36023,1582.3224051300558,1.5823224051300555,Pampeana,27.47,26.77,7.86512216770463,12.0,18.85,córdoba,5.569431546395243,112.74496666666666
14,córdoba,14049,ischilín,2018,515,36023,1429.642173056103,1.429642173056103,Pampeana,29.71,52.86,2.8043835398188,12.0,73.5,córdoba,0.5379244466631405,151.7446
14,córdoba,14049,ischilín,2019,563,36023,1562.890375593371,1.5628903755933707,Pampeana,40.89,52.82,-4.095869743002778,12.0,58.49,córdoba,-0.0641057265654221,232.9267583333333
14,córdoba,14049,ischilín,2020,575,36023,1596.202426227688,1.596202426227688,Pampeana,32.99,39.14,-22.513076245380446,12.0,35.38,córdoba,2.3292652790155577,333.64571666666666
14,córdoba,14049,ischilín,2021,549,36023,1524.026316520001,1.524026316520001,Pampeana,53.36,40.47,10.894768613448491,12.0,51.34,córdoba,5.163608336622794,499.07357500000006
14,córdoba,14049,ischilín,2022,695,36023,1929.3229325708576,1.9293229325708576,Pampeana,90.36,100.29,16.258768970195426,12.0,94.78,córdoba,6.372811616826368,855.2844833333334
14,córdoba,14049,ischilín,2023,728,36023,2020.9310718152287,2.0209310718152294,Pampeana,152.68,225.08,6.451770318872274,12.0,276.35,córdoba,6.382301185613515,1996.2926583333333
14,córdoba,14049,ischilín,2024,739,36023,2051.46711823002,2.05146711823002,Pampeana,145.47,106.62,-17.002317565429593,12.0,67.1,córdoba,1.561889153799223,6356.215883333333
14,córdoba,14056,juárez celman,2017,695,68317,1017.3163341481624,1.0173163341481624,Pampeana,27.47,26.77,7.86512216770463,12.0,18.85,córdoba,5.569431546395243,112.74496666666666
14,córdoba,14056,juárez celman,2018,755,68317,1105.1422047221042,1.1051422047221042,Pampeana,29.71,52.86,2.8043835398188,12.0,73.5,córdoba,0.5379244466631405,151.7446
14,córdoba,14056,juárez celman,2019,812,68317,1188.5767817673493,1.1885767817673494,Pampeana,40.89,52.82,-4.095869743002778,12.0,58.49,córdoba,-0.0641057265654221,232.9267583333333
14,córdoba,14056,juárez celman,2020,612,68317,895.823879854209,0.8958238798542091,Pampeana,32.99,39.14,-22.513076245380446,12.0,35.38,córdoba,2.3292652790155577,333.64571666666666
14,córdoba,14056,juárez celman,2021,707,68317,1034.8815082629503,1.0348815082629506,Pampeana,53.36,40.47,10.894768613448491,12.0,51.34,córdoba,5.163608336622794,499.07357500000006
14,córdoba,14056,juárez celman,2022,900,68317,1317.388058609131,1.3173880586091309,Pampeana,90.36,100.29,16.258768970195426,12.0,94.78,córdoba,6.372811616826368,855.2844833333334
14,córdoba,14056,juárez celman,2023,1101,68317,1611.6047250318368,1.6116047250318368,Pampeana,152.68,225.08,6.451770318872274,12.0,276.35,córdoba,6.382301185613515,1996.2926583333333
14,córdoba,14056,juárez celman,2024,1114,68317,1630.633663656191,1.630633663656191,Pampeana,145.47,106.62,-17.002317565429593,12.0,67.1,córdoba,1.561889153799223,6356.215883333333
14,córdoba,14063,marcos juárez,2017,431,107286,401.72995544619056,0.4017299554461905,Pampeana,27.47,26.77,7.86512216770463,12.0,18.85,córdoba,5.569431546395243,112.74496666666666
14,córdoba,14063,marcos juárez,2018,390,107286,363.5143448353001,0.3635143448353,Pampeana,29.71,52.86,2.8043835398188,12.0,73.5,córdoba,0.5379244466631405,151.7446
14,córdoba,14063,marcos juárez,2019,514,107286,479.0932647316519,0.4790932647316518,Pampeana,40.89,52.82,-4.095869743002778,12.0,58.49,córdoba,-0.0641057265654221,232.9267583333333
14,córdoba,14063,marcos juárez,2020,504,107286,469.7723840948493,0.4697723840948493,Pampeana,32.99,39.14,-22.513076245380446,12.0,35.38,córdoba,2.3292652790155577,333.64571666666666
14,córdoba,14063,marcos juárez,2021,598,107286,557.3886620807934,0.5573886620807934,Pampeana,53.36,40.47,10.894768613448491,12.0,51.34,córdoba,5.163608336622794,499.07357500000006
14,córdoba,14063,marcos juárez,2022,636,107286,592.8080085006432,0.5928080085006431,Pampeana,90.36,100.29,16.258768970195426,12.0,94.78,córdoba,6.372811616826368,855.2844833333334
14,córdoba,14063,marcos juárez,2023,762,107286,710.2511045243555,0.7102511045243555,Pampeana,152.68,225.08,6.451770318872274,12.0,276.35,córdoba,6.382301185613515,1996.2926583333333
14,córdoba,14063,marcos juárez,2024,833,107286,776.4293570456537,0.7764293570456536,Pampeana,145.47,106.62,-17.002317565429593,12.0,67.1,córdoba,1.561889153799223,6356.215883333333
14,córdoba,14070,minas,2017,89,4855,1833.1616889804327,1.8331616889804323,Pampeana,27.47,26.77,7.86512216770463,12.0,18.85,córdoba,5.569431546395243,112.74496666666666
14,córdoba,14070,minas,2018,75,4855,1544.7991761071062,1.544799176107106,Pampeana,29.71,52.86,2.8043835398188,12.0,73.5,córdoba,0.5379244466631405,151.7446
14,córdoba,14070,minas,2019,71,4855,1462.409886714727,1.462409886714727,Pampeana,40.89,52.82,-4.095869743002778,12.0,58.49,córdoba,-0.0641057265654221,232.9267583333333
14,córdoba,14070,minas,2020,79,4855,1627.1884654994851,1.627188465499485,Pampeana,32.99,39.14,-22.513076245380446,12.0,35.38,córdoba,2.3292652790155577,333.64571666666666
14,córdoba,14070,minas,2021,45,4855,926.8795056642635,0.9268795056642636,Pampeana,53.36,40.47,10.894768613448491,12.0,51.34,córdoba,5.163608336622794,499.07357500000006
14,córdoba,14070,minas,2022,40,4855,823.8928939237899,0.8238928939237898,Pampeana,90.36,100.29,16.258768970195426,12.0,94.78,córdoba,6.372811616826368,855.2844833333334
14,córdoba,14070,minas,2023,112,4855,2306.900102986612,2.306900102986612,Pampeana,152.68,225.08,6.451770318872274,12.0,276.35,córdoba,6.382301185613515,1996.2926583333333
14,córdoba,14070,minas,2024,141,4855,2904.2224510813594,2.90422245108136,Pampeana,145.47,106.62,-17.002317565429593,12.0,67.1,córdoba,1.561889153799223,6356.215883333333
14,córdoba,14077,pocho,2017,72,5070,1420.118343195266,1.4201183431952662,Pampeana,27.47,26.77,7.86512216770463,12.0,18.85,córdoba,5.569431546395243,112.74496666666666
14,córdoba,14077,pocho,2018,64,5070,1262.32741617357,1.26232741617357,Pampeana,29.71,52.86,2.8043835398188,12.0,73.5,córdoba,0.5379244466631405,151.7446
14,córdoba,14077,pocho,2019,91,5070,1794.8717948717947,1.7948717948717947,Pampeana,40.89,52.82,-4.095869743002778,12.0,58.49,córdoba,-0.0641057265654221,232.9267583333333
14,córdoba,14077,pocho,2020,71,5070,1400.3944773175542,1.4003944773175545,Pampeana,32.99,39.14,-22.513076245380446,12.0,35.38,córdoba,2.3292652790155577,333.64571666666666
14,córdoba,14077,pocho,2021,86,5070,1696.2524654832348,1.6962524654832347,Pampeana,53.36,40.47,10.894768613448491,12.0,51.34,córdoba,5.163608336622794,499.07357500000006
14,córdoba,14077,pocho,2022,90,5070,1775.1479289940828,1.7751479289940828,Pampeana,90.36,100.29,16.258768970195426,12.0,94.78,córdoba,6.372811616826368,855.2844833333334
14,córdoba,14077,pocho,2023,86,5070,1696.2524654832348,1.6962524654832347,Pampeana,152.68,225.08,6.451770318872274,12.0,276.35,córdoba,6.382301185613515,1996.2926583333333
14,córdoba,14077,pocho,2024,87,5070,1715.9763313609467,1.7159763313609466,Pampeana,145.47,106.62,-17.002317565429593,12.0,67.1,córdoba,1.561889153799223,6356.215883333333
14,córdoba,14084,presidente roque sáenz peña,2017,705,37551,1877.4466725253656,1.8774466725253656,Pampeana,27.47,26.77,7.86512216770463,12.0,18.85,córdoba,5.569431546395243,112.74496666666666
14,córdoba,14084,presidente roque sáenz peña,2018,668,37551,1778.9140102793533,1.7789140102793533,Pampeana,29.71,52.86,2.8043835398188,12.0,73.5,córdoba,0.5379244466631405,151.7446
14,córdoba,14084,presidente roque sáenz peña,2019,698,37551,1858.8053580463904,1.8588053580463904,Pampeana,40.89,52.82,-4.095869743002778,12.0,58.49,córdoba,-0.0641057265654221,232.9267583333333
14,córdoba,14084,presidente roque sáenz peña,2020,491,37551,1307.555058453836,1.307555058453836,Pampeana,32.99,39.14,-22.513076245380446,12.0,35.38,córdoba,2.3292652790155577,333.64571666666666
14,córdoba,14084,presidente roque sáenz peña,2021,675,37551,1797.5553247583289,1.7975553247583285,Pampeana,53.36,40.47,10.894768613448491,12.0,51.34,córdoba,5.163608336622794,499.07357500000006
14,córdoba,14084,presidente roque sáenz peña,2022,593,37551,1579.1856408617612,1.5791856408617613,Pampeana,90.36,100.29,16.258768970195426,12.0,94.78,córdoba,6.372811616826368,855.2844833333334
14,córdoba,14084,presidente roque sáenz peña,2023,650,37551,1730.9792016191311,1.7309792016191312,Pampeana,152.68,225.08,6.451770318872274,12.0,276.35,córdoba,6.382301185613515,1996.2926583333333
14,córdoba,14084,presidente roque sáenz peña,2024,609,37551,1621.7943596708476,1.6217943596708475,Pampeana,145.47,106.62,-17.002317565429593,12.0,67.1,córdoba,1.561889153799223,6356.215883333333
14,córdoba,14091,punilla,2017,8194,219494,3733.1316573573768,3.7331316573573767,Pampeana,27.47,26.77,7.86512216770463,12.0,18.85,córdoba,5.569431546395243,112.74496666666666
14,córdoba,14091,punilla,2018,8344,219494,3801.470655234312,3.801470655234312,Pampeana,29.71,52.86,2.8043835398188,12.0,73.5,córdoba,0.5379244466631405,151.7446
14,córdoba,14091,punilla,2019,8997,219494,4098.973092658569,4.098973092658569,Pampeana,40.89,52.82,-4.095869743002778,12.0,58.49,córdoba,-0.0641057265654221,232.9267583333333
14,córdoba,14091,punilla,2020,7238,219494,3297.58444422171,3.29758444422171,Pampeana,32.99,39.14,-22.513076245380446,12.0,35.38,córdoba,2.3292652790155577,333.64571666666666
14,córdoba,14091,punilla,2021,6873,219494,3131.292882721168,3.131292882721168,Pampeana,53.36,40.47,10.894768613448491,12.0,51.34,córdoba,5.163608336622794,499.07357500000006
14,córdoba,14091,punilla,2022,5595,219494,2549.0446208096805,2.5490446208096804,Pampeana,90.36,100.29,16.258768970195426,12.0,94.78,córdoba,6.372811616826368,855.2844833333334
14,córdoba,14091,punilla,2023,6342,219494,2889.372830236817,2.8893728302368173,Pampeana,152.68,225.08,6.451770318872274,12.0,276.35,córdoba,6.382301185613515,1996.2926583333333
14,córdoba,14091,punilla,2024,11064,219494,5040.684483402735,5.040684483402735,Pampeana,145.47,106.62,-17.002317565429593,12.0,67.1,córdoba,1.561889153799223,6356.215883333333
14,córdoba,14098,río cuarto,2017,6049,277979,2176.063659485069,2.176063659485069,Pampeana,27.47,26.77,7.86512216770463,12.0,18.85,córdoba,5.569431546395243,112.74496666666666
14,córdoba,14098,río cuarto,2018,5925,277979,2131.455973292947,2.1314559732929466,Pampeana,29.71,52.86,2.8043835398188,12.0,73.5,córdoba,0.5379244466631405,151.7446
14,córdoba,14098,río cuarto,2019,5952,277979,2141.1689372218766,2.1411689372218765,Pampeana,40.89,52.82,-4.095869743002778,12.0,58.49,córdoba,-0.0641057265654221,232.9267583333333
14,córdoba,14098,río cuarto,2020,4409,277979,1586.0910356537725,1.5860910356537723,Pampeana,32.99,39.14,-22.513076245380446,12.0,35.38,córdoba,2.3292652790155577,333.64571666666666
14,córdoba,14098,río cuarto,2021,5241,277979,1885.394220426723,1.885394220426723,Pampeana,53.36,40.47,10.894768613448491,12.0,51.34,córdoba,5.163608336622794,499.07357500000006
14,córdoba,14098,río cuarto,2022,6143,277979,2209.879163533936,2.209879163533936,Pampeana,90.36,100.29,16.258768970195426,12.0,94.78,córdoba,6.372811616826368,855.2844833333334
14,córdoba,14098,río cuarto,2023,5880,277979,2115.267700078064,2.1152677000780638,Pampeana,152.68,225.08,6.451770318872274,12.0,276.35,córdoba,6.382301185613515,1996.2926583333333
14,córdoba,14098,río cuarto,2024,5742,277979,2065.623662219088,2.0656236622190884,Pampeana,145.47,106.62,-17.002317565429593,12.0,67.1,córdoba,1.561889153799223,6356.215883333333
14,córdoba,14105,río primero,2017,348,58181,598.1334112510957,0.5981334112510956,Pampeana,27.47,26.77,7.86512216770463,12.0,18.85,córdoba,5.569431546395243,112.74496666666666
14,córdoba,14105,río primero,2018,386,58181,663.446829721043,0.663446829721043,Pampeana,29.71,52.86,2.8043835398188,12.0,73.5,córdoba,0.5379244466631405,151.7446
14,córdoba,14105,río primero,2019,413,58181,709.8537323181107,0.7098537323181107,Pampeana,40.89,52.82,-4.095869743002778,12.0,58.49,córdoba,-0.0641057265654221,232.9267583333333
14,córdoba,14105,río primero,2020,580,58181,996.8890187518264,0.9968890187518262,Pampeana,32.99,39.14,-22.513076245380446,12.0,35.38,córdoba,2.3292652790155577,333.64571666666666
14,córdoba,14105,río primero,2021,747,58181,1283.9243051855417,1.2839243051855416,Pampeana,53.36,40.47,10.894768613448491,12.0,51.34,córdoba,5.163608336622794,499.07357500000006
14,córdoba,14105,río primero,2022,657,58181,1129.2346298619825,1.1292346298619824,Pampeana,90.36,100.29,16.258768970195426,12.0,94.78,córdoba,6.372811616826368,855.2844833333334
14,córdoba,14105,río primero,2023,736,58181,1265.0177893126622,1.2650177893126622,Pampeana,152.68,225.08,6.451770318872274,12.0,276.35,córdoba,6.382301185613515,1996.2926583333333
14,córdoba,14105,río primero,2024,924,58181,1588.1473333218748,1.5881473333218747,Pampeana,145.47,106.62,-17.002317565429593,12.0,67.1,córdoba,1.561889153799223,6356.215883333333
14,córdoba,14112,río seco,2017,94,15275,615.3846153846154,0.6153846153846154,Pampeana,27.47,26.77,7.86512216770463,12.0,18.85,córdoba,5.569431546395243,112.74496666666666
14,córdoba,14112,río seco,2018,98,15275,641.5711947626841,0.6415711947626841,Pampeana,29.71,52.86,2.8043835398188,12.0,73.5,córdoba,0.5379244466631405,151.7446
14,córdoba,14112,río seco,2019,177,15275,1158.7561374795416,1.1587561374795416,Pampeana,40.89,52.82,-4.095869743002778,12.0,58.49,córdoba,-0.0641057265654221,232.9267583333333
14,córdoba,14112,río seco,2020,115,15275,752.8641571194762,0.7528641571194763,Pampeana,32.99,39.14,-22.513076245380446,12.0,35.38,córdoba,2.3292652790155577,333.64571666666666
14,córdoba,14112,río seco,2021,174,15275,1139.1162029459902,1.13911620294599,Pampeana,53.36,40.47,10.894768613448491,12.0,51.34,córdoba,5.163608336622794,499.07357500000006
14,córdoba,14112,río seco,2022,225,15275,1472.9950900163667,1.4729950900163666,Pampeana,90.36,100.29,16.258768970195426,12.0,94.78,córdoba,6.372811616826368,855.2844833333334
14,córdoba,14112,río seco,2023,240,15275,1571.1947626841245,1.5711947626841245,Pampeana,152.68,225.08,6.451770318872274,12.0,276.35,córdoba,6.382301185613515,1996.2926583333333
14,córdoba,14112,río seco,2024,217,15275,1420.6219312602293,1.4206219312602293,Pampeana,145.47,106.62,-17.002317565429593,12.0,67.1,córdoba,1.561889153799223,6356.215883333333
14,córdoba,14119,río segundo,2017,1797,113311,1585.9007510303502,1.5859007510303502,Pampeana,27.47,26.77,7.86512216770463,12.0,18.85,córdoba,5.569431546395243,112.74496666666666
14,córdoba,14119,río segundo,2018,2452,113311,2163.9558383563817,2.1639558383563817,Pampeana,29.71,52.86,2.8043835398188,12.0,73.5,córdoba,0.5379244466631405,151.7446
14,córdoba,14119,río segundo,2019,2533,113311,2235.4405132776164,2.2354405132776165,Pampeana,40.89,52.82,-4.095869743002778,12.0,58.49,córdoba,-0.0641057265654221,232.9267583333333
14,córdoba,14119,río segundo,2020,1793,113311,1582.3706436268324,1.5823706436268323,Pampeana,32.99,39.14,-22.513076245380446,12.0,35.38,córdoba,2.3292652790155577,333.64571666666666
14,córdoba,14119,río segundo,2021,2423,113311,2138.3625596808783,2.1383625596808784,Pampeana,53.36,40.47,10.894768613448491,12.0,51.34,córdoba,5.163608336622794,499.07357500000006
14,córdoba,14119,río segundo,2022,2821,113311,2489.608246330895,2.489608246330895,Pampeana,90.36,100.29,16.258768970195426,12.0,94.78,córdoba,6.372811616826368,855.2844833333334
14,córdoba,14119,río segundo,2023,2925,113311,2581.391038822356,2.5813910388223564,Pampeana,152.68,225.08,6.451770318872274,12.0,276.35,córdoba,6.382301185613515,1996.2926583333333
14,córdoba,14119,río segundo,2024,2945,113311,2599.041575839945,2.599041575839945,Pampeana,145.47,106.62,-17.002317565429593,12.0,67.1,córdoba,1.561889153799223,6356.215883333333
14,córdoba,14126,san alberto,2017,386,42029,918.413476409146,0.918413476409146,Pampeana,27.47,26.77,7.86512216770463,12.0,18.85,córdoba,5.569431546395243,112.74496666666666
14,córdoba,14126,san alberto,2018,479,42029,1139.6892621761165,1.1396892621761163,Pampeana,29.71,52.86,2.8043835398188,12.0,73.5,córdoba,0.5379244466631405,151.7446
14,córdoba,14126,san alberto,2019,528,42029,1256.275428870542,1.2562754288705418,Pampeana,40.89,52.82,-4.095869743002778,12.0,58.49,córdoba,-0.0641057265654221,232.9267583333333
14,córdoba,14126,san alberto,2020,595,42029,1415.6891670037355,1.4156891670037357,Pampeana,32.99,39.14,-22.513076245380446,12.0,35.38,córdoba,2.3292652790155577,333.64571666666666
14,córdoba,14126,san alberto,2021,860,42029,2046.2061909633824,2.046206190963382,Pampeana,53.36,40.47,10.894768613448491,12.0,51.34,córdoba,5.163608336622794,499.07357500000006
14,córdoba,14126,san alberto,2022,642,42029,1527.5167146494086,1.5275167146494086,Pampeana,90.36,100.29,16.258768970195426,12.0,94.78,córdoba,6.372811616826368,855.2844833333334
14,córdoba,14126,san alberto,2023,389,42029,925.551404982274,0.925551404982274,Pampeana,152.68,225.08,6.451770318872274,12.0,276.35,córdoba,6.382301185613515,1996.2926583333333
14,córdoba,14126,san alberto,2024,748,42029,1779.7235242332677,1.7797235242332676,Pampeana,145.47,106.62,-17.002317565429593,12.0,67.1,córdoba,1.561889153799223,6356.215883333333
14,córdoba,14133,san javier,2017,650,62700,1036.682615629984,1.036682615629984,Pampeana,27.47,26.77,7.86512216770463,12.0,18.85,córdoba,5.569431546395243,112.74496666666666
14,córdoba,14133,san javier,2018,464,62700,740.0318979266348,0.7400318979266348,Pampeana,29.71,52.86,2.8043835398188,12.0,73.5,córdoba,0.5379244466631405,151.7446
14,córdoba,14133,san javier,2019,422,62700,673.0462519936204,0.6730462519936203,Pampeana,40.89,52.82,-4.095869743002778,12.0,58.49,córdoba,-0.0641057265654221,232.9267583333333
14,córdoba,14133,san javier,2020,326,62700,519.9362041467305,0.5199362041467305,Pampeana,32.99,39.14,-22.513076245380446,12.0,35.38,córdoba,2.3292652790155577,333.64571666666666
14,córdoba,14133,san javier,2021,421,62700,671.451355661882,0.671451355661882,Pampeana,53.36,40.47,10.894768613448491,12.0,51.34,córdoba,5.163608336622794,499.07357500000006
14,córdoba,14133,san javier,2022,321,62700,511.9617224880382,0.5119617224880383,Pampeana,90.36,100.29,16.258768970195426,12.0,94.78,córdoba,6.372811616826368,855.2844833333334
14,córdoba,14133,san javier,2023,486,62700,775.1196172248804,0.7751196172248804,Pampeana,152.68,225.08,6.451770318872274,12.0,276.35,córdoba,6.382301185613515,1996.2926583333333
14,córdoba,14133,san javier,2024,473,62700,754.3859649122807,0.7543859649122807,Pampeana,145.47,106.62,-17.002317565429593,12.0,67.1,córdoba,1.561889153799223,6356.215883333333
14,córdoba,14140,san justo,2017,1581,228951,690.5407707326023,0.6905407707326022,Pampeana,27.47,26.77,7.86512216770463,12.0,18.85,córdoba,5.569431546395243,112.74496666666666
14,córdoba,14140,san justo,2018,1864,228951,814.1480054684191,0.814148005468419,Pampeana,29.71,52.86,2.8043835398188,12.0,73.5,córdoba,0.5379244466631405,151.7446
14,córdoba,14140,san justo,2019,1760,228951,768.7234386397089,0.7687234386397089,Pampeana,40.89,52.82,-4.095869743002778,12.0,58.49,córdoba,-0.0641057265654221,232.9267583333333
14,córdoba,14140,san justo,2020,1563,228951,682.678826473787,0.682678826473787,Pampeana,32.99,39.14,-22.513076245380446,12.0,35.38,córdoba,2.3292652790155577,333.64571666666666
14,córdoba,14140,san justo,2021,2091,228951,913.2958580656996,0.9132958580656996,Pampeana,53.36,40.47,10.894768613448491,12.0,51.34,córdoba,5.163608336622794,499.07357500000006
14,córdoba,14140,san justo,2022,2020,228951,882.2848557114842,0.8822848557114842,Pampeana,90.36,100.29,16.258768970195426,12.0,94.78,córdoba,6.372811616826368,855.2844833333334
14,córdoba,14140,san justo,2023,2434,228951,1063.1095736642335,1.0631095736642338,Pampeana,152.68,225.08,6.451770318872274,12.0,276.35,córdoba,6.382301185613515,1996.2926583333333
14,córdoba,14140,san justo,2024,3481,228951,1520.4126647186515,1.5204126647186516,Pampeana,145.47,106.62,-17.002317565429593,12.0,67.1,córdoba,1.561889153799223,6356.215883333333
14,córdoba,14147,santa maría,2017,2682,139012,1929.3298420280264,1.9293298420280265,Pampeana,27.47,26.77,7.86512216770463,12.0,18.85,córdoba,5.569431546395243,112.74496666666666
14,córdoba,14147,santa maría,2018,2407,139012,1731.5051937962191,1.7315051937962191,Pampeana,29.71,52.86,2.8043835398188,12.0,73.5,córdoba,0.5379244466631405,151.7446
14,córdoba,14147,santa maría,2019,2717,139012,1954.5075245302564,1.9545075245302568,Pampeana,40.89,52.82,-4.095869743002778,12.0,58.49,córdoba,-0.0641057265654221,232.9267583333333
14,córdoba,14147,santa maría,2020,1865,139012,1341.610796190257,1.341610796190257,Pampeana,32.99,39.14,-22.513076245380446,12.0,35.38,córdoba,2.3292652790155577,333.64571666666666
14,córdoba,14147,santa maría,2021,2395,139012,1722.8728455097405,1.7228728455097402,Pampeana,53.36,40.47,10.894768613448491,12.0,51.34,córdoba,5.163608336622794,499.07357500000006
14,córdoba,14147,santa maría,2022,3274,139012,2355.192357494317,2.355192357494317,Pampeana,90.36,100.29,16.258768970195426,12.0,94.78,córdoba,6.372811616826368,855.2844833333334
14,córdoba,14147,santa maría,2023,3539,139012,2545.8233821540584,2.5458233821540586,Pampeana,152.68,225.08,6.451770318872274,12.0,276.35,córdoba,6.382301185613515,1996.2926583333333
14,córdoba,14147,santa maría,2024,3764,139012,2707.679912525537,2.707679912525537,Pampeana,145.47,106.62,-17.002317565429593,12.0,67.1,córdoba,1.561889153799223,6356.215883333333
14,córdoba,14154,sobremonte,2017,32,4381,730.4268431864871,0.7304268431864871,Pampeana,27.47,26.77,7.86512216770463,12.0,18.85,córdoba,5.569431546395243,112.74496666666666
14,córdoba,14154,sobremonte,2018,41,4381,935.8593928326864,0.9358593928326864,Pampeana,29.71,52.86,2.8043835398188,12.0,73.5,córdoba,0.5379244466631405,151.7446
14,córdoba,14154,sobremonte,2019,32,4381,730.4268431864871,0.7304268431864871,Pampeana,40.89,52.82,-4.095869743002778,12.0,58.49,córdoba,-0.0641057265654221,232.9267583333333
14,córdoba,14154,sobremonte,2020,21,4381,479.34261584113216,0.4793426158411321,Pampeana,32.99,39.14,-22.513076245380446,12.0,35.38,córdoba,2.3292652790155577,333.64571666666666
14,córdoba,14154,sobremonte,2021,26,4381,593.4718100890208,0.5934718100890208,Pampeana,53.36,40.47,10.894768613448491,12.0,51.34,córdoba,5.163608336622794,499.07357500000006
14,córdoba,14154,sobremonte,2022,28,4381,639.1234877881762,0.6391234877881762,Pampeana,90.36,100.29,16.258768970195426,12.0,94.78,córdoba,6.372811616826368,855.2844833333334
14,córdoba,14154,sobremonte,2023,69,4381,1574.9828806208627,1.5749828806208628,Pampeana,152.68,225.08,6.451770318872274,12.0,276.35,córdoba,6.382301185613515,1996.2926583333333
14,córdoba,14154,sobremonte,2024,79,4381,1803.24126911664,1.80324126911664,Pampeana,145.47,106.62,-17.002317565429593,12.0,67.1,córdoba,1.561889153799223,6356.215883333333
14,córdoba,14161,tercero arriba,2017,1149,120207,955.8511567545984,0.9558511567545984,Pampeana,27.47,26.77,7.86512216770463,12.0,18.85,córdoba,5.569431546395243,112.74496666666666
14,córdoba,14161,tercero arriba,2018,1249,120207,1039.040987629672,1.039040987629672,Pampeana,29.71,52.86,2.8043835398188,12.0,73.5,córdoba,0.5379244466631405,151.7446
14,córdoba,14161,tercero arriba,2019,938,120207,780.3206136081925,0.7803206136081925,Pampeana,40.89,52.82,-4.095869743002778,12.0,58.49,córdoba,-0.0641057265654221,232.9267583333333
14,córdoba,14161,tercero arriba,2020,560,120207,465.86305290041344,0.4658630529004134,Pampeana,32.99,39.14,-22.513076245380446,12.0,35.38,córdoba,2.3292652790155577,333.64571666666666
14,córdoba,14161,tercero arriba,2021,569,120207,473.3501376791701,0.4733501376791701,Pampeana,53.36,40.47,10.894768613448491,12.0,51.34,córdoba,5.163608336622794,499.07357500000006
14,córdoba,14161,tercero arriba,2022,517,120207,430.09142562413166,0.4300914256241316,Pampeana,90.36,100.29,16.258768970195426,12.0,94.78,córdoba,6.372811616826368,855.2844833333334
14,córdoba,14161,tercero arriba,2023,578,120207,480.8372224579268,0.4808372224579267,Pampeana,152.68,225.08,6.451770318872274,12.0,276.35,córdoba,6.382301185613515,1996.2926583333333
14,córdoba,14161,tercero arriba,2024,587,120207,488.32430723668335,0.4883243072366833,Pampeana,145.47,106.62,-17.002317565429593,12.0,67.1,córdoba,1.561889153799223,6356.215883333333
14,córdoba,14168,totoral,2017,302,22473,1343.8348240110354,1.3438348240110354,Pampeana,27.47,26.77,7.86512216770463,12.0,18.85,córdoba,5.569431546395243,112.74496666666666
14,córdoba,14168,totoral,2018,381,22473,1695.367774662929,1.695367774662929,Pampeana,29.71,52.86,2.8043835398188,12.0,73.5,córdoba,0.5379244466631405,151.7446
14,córdoba,14168,totoral,2019,329,22473,1463.9789970186446,1.4639789970186443,Pampeana,40.89,52.82,-4.095869743002778,12.0,58.49,córdoba,-0.0641057265654221,232.9267583333333
14,córdoba,14168,totoral,2020,348,22473,1548.5248965425178,1.5485248965425178,Pampeana,32.99,39.14,-22.513076245380446,12.0,35.38,córdoba,2.3292652790155577,333.64571666666666
14,córdoba,14168,totoral,2021,433,22473,1926.756552307213,1.9267565523072128,Pampeana,53.36,40.47,10.894768613448491,12.0,51.34,córdoba,5.163608336622794,499.07357500000006
14,córdoba,14168,totoral,2022,526,22473,2340.5864815556447,2.3405864815556447,Pampeana,90.36,100.29,16.258768970195426,12.0,94.78,córdoba,6.372811616826368,855.2844833333334
14,córdoba,14168,totoral,2023,466,22473,2073.599430427624,2.0735994304276244,Pampeana,152.68,225.08,6.451770318872274,12.0,276.35,córdoba,6.382301185613515,1996.2926583333333
14,córdoba,14168,totoral,2024,421,22473,1873.3591420816088,1.8733591420816087,Pampeana,145.47,106.62,-17.002317565429593,12.0,67.1,córdoba,1.561889153799223,6356.215883333333
14,córdoba,14175,tulumba,2017,133,14092,943.7978995174568,0.9437978995174569,Pampeana,27.47,26.77,7.86512216770463,12.0,18.85,córdoba,5.569431546395243,112.74496666666666
14,córdoba,14175,tulumba,2018,130,14092,922.509225092251,0.9225092250922508,Pampeana,29.71,52.86,2.8043835398188,12.0,73.5,córdoba,0.5379244466631405,151.7446
14,córdoba,14175,tulumba,2019,157,14092,1114.107294919103,1.1141072949191029,Pampeana,40.89,52.82,-4.095869743002778,12.0,58.49,córdoba,-0.0641057265654221,232.9267583333333
14,córdoba,14175,tulumba,2020,123,14092,872.8356514334373,0.8728356514334373,Pampeana,32.99,39.14,-22.513076245380446,12.0,35.38,córdoba,2.3292652790155577,333.64571666666666
14,córdoba,14175,tulumba,2021,132,14092,936.7016747090548,0.9367016747090549,Pampeana,53.36,40.47,10.894768613448491,12.0,51.34,córdoba,5.163608336622794,499.07357500000006
14,córdoba,14175,tulumba,2022,115,14092,816.065852966222,0.816065852966222,Pampeana,90.36,100.29,16.258768970195426,12.0,94.78,córdoba,6.372811616826368,855.2844833333334
14,córdoba,14175,tulumba,2023,156,14092,1107.011070110701,1.107011070110701,Pampeana,152.68,225.08,6.451770318872274,12.0,276.35,córdoba,6.382301185613515,1996.2926583333333
14,córdoba,14175,tulumba,2024,159,14092,1128.299744535907,1.1282997445359069,Pampeana,145.47,106.62,-17.002317565429593,12.0,67.1,córdoba,1.561889153799223,6356.215883333333
14,córdoba,14182,unión,2017,1122,113635,987.3718484621814,0.9873718484621816,Pampeana,27.47,26.77,7.86512216770463,12.0,18.85,córdoba,5.569431546395243,112.74496666666666
14,córdoba,14182,unión,2018,1107,113635,974.1716900602806,0.9741716900602808,Pampeana,29.71,52.86,2.8043835398188,12.0,73.5,córdoba,0.5379244466631405,151.7446
14,córdoba,14182,unión,2019,1331,113635,1171.2940555286664,1.1712940555286664,Pampeana,40.89,52.82,-4.095869743002778,12.0,58.49,córdoba,-0.0641057265654221,232.9267583333333
14,córdoba,14182,unión,2020,1188,113635,1045.4525454305451,1.0454525454305452,Pampeana,32.99,39.14,-22.513076245380446,12.0,35.38,córdoba,2.3292652790155577,333.64571666666666
14,córdoba,14182,unión,2021,1651,113635,1452.8974347692172,1.4528974347692172,Pampeana,53.36,40.47,10.894768613448491,12.0,51.34,córdoba,5.163608336622794,499.07357500000006
14,córdoba,14182,unión,2022,1648,113635,1450.257403088837,1.450257403088837,Pampeana,90.36,100.29,16.258768970195426,12.0,94.78,córdoba,6.372811616826368,855.2844833333334
14,córdoba,14182,unión,2023,1732,113635,1524.1782901394818,1.5241782901394818,Pampeana,152.68,225.08,6.451770318872274,12.0,276.35,córdoba,6.382301185613515,1996.2926583333333
14,córdoba,14182,unión,2024,1885,113635,1658.8199058388702,1.6588199058388702,Pampeana,145.47,106.62,-17.002317565429593,12.0,67.1,córdoba,1.561889153799223,6356.215883333333
18,corrientes,18007,bella vista,2017,165,44369,371.8812684531993,0.3718812684531993,Noreste,27.47,26.77,7.86512216770463,12.0,18.85,corrientes,10.749715959438875,112.16188333333334
18,corrientes,18007,bella vista,2018,184,44369,414.7039599720526,0.4147039599720525,Noreste,29.71,52.86,2.8043835398188,12.0,73.5,corrientes,1.057391131758334,148.771275
18,corrientes,18007,bella vista,2019,245,44369,552.1873380062657,0.5521873380062656,Noreste,40.89,52.82,-4.095869743002778,12.0,58.49,corrientes,0.6076161927874191,232.35540833333332
18,corrientes,18007,bella vista,2020,184,44369,414.7039599720526,0.4147039599720525,Noreste,32.99,39.14,-22.513076245380446,12.0,35.38,corrientes,3.721530632289305,339.32620000000003
18,corrientes,18007,bella vista,2021,266,44369,599.5176812639455,0.5995176812639456,Noreste,53.36,40.47,10.894768613448491,12.0,51.34,corrientes,8.55652967671281,509.50795
18,corrientes,18007,bella vista,2022,294,44369,662.6248056075187,0.6626248056075188,Noreste,90.36,100.29,16.258768970195426,12.0,94.78,corrientes,9.001408357747476,885.369425
18,corrientes,18007,bella vista,2023,286,44369,644.5941986522121,0.6445941986522121,Noreste,152.68,225.08,6.451770318872274,12.0,276.35,corrientes,10.225013795704264,2076.6224666666667
18,corrientes,18007,bella vista,2024,209,44369,471.04960670738575,0.4710496067073857,Noreste,145.47,106.62,-17.002317565429593,12.0,67.1,corrientes,2.6067963041713327,6418.266283333333
18,corrientes,18014,berón de astrada,2017,11,2808,391.7378917378917,0.3917378917378917,Noreste,27.47,26.77,7.86512216770463,12.0,18.85,corrientes,10.749715959438875,112.16188333333334
18,corrientes,18014,berón de astrada,2018,4,2808,142.4501424501425,0.1424501424501424,Noreste,29.71,52.86,2.8043835398188,12.0,73.5,corrientes,1.057391131758334,148.771275
18,corrientes,18014,berón de astrada,2019,1,2808,35.612535612535616,0.0356125356125356,Noreste,40.89,52.82,-4.095869743002778,12.0,58.49,corrientes,0.6076161927874191,232.35540833333332
18,corrientes,18014,berón de astrada,2020,3,2808,106.83760683760684,0.1068376068376068,Noreste,32.99,39.14,-22.513076245380446,12.0,35.38,corrientes,3.721530632289305,339.32620000000003
18,corrientes,18014,berón de astrada,2021,17,2808,605.4131054131054,0.6054131054131053,Noreste,53.36,40.47,10.894768613448491,12.0,51.34,corrientes,8.55652967671281,509.50795
18,corrientes,18014,berón de astrada,2022,19,2808,676.6381766381767,0.6766381766381766,Noreste,90.36,100.29,16.258768970195426,12.0,94.78,corrientes,9.001408357747476,885.369425
18,corrientes,18014,berón de astrada,2023,19,2808,676.6381766381767,0.6766381766381766,Noreste,152.68,225.08,6.451770318872274,12.0,276.35,corrientes,10.225013795704264,2076.6224666666667
18,corrientes,18014,berón de astrada,2024,6,2808,213.67521367521368,0.2136752136752137,Noreste,145.47,106.62,-17.002317565429593,12.0,67.1,corrientes,2.6067963041713327,6418.266283333333
18,corrientes,18021,capital,2017,4944,437446,1130.196641414026,1.130196641414026,Noreste,27.47,26.77,7.86512216770463,12.0,18.85,corrientes,10.749715959438875,112.16188333333334
18,corrientes,18021,capital,2018,5928,437446,1355.1386914041962,1.3551386914041963,Noreste,29.71,52.86,2.8043835398188,12.0,73.5,corrientes,1.057391131758334,148.771275
18,corrientes,18021,capital,2019,5580,437446,1275.5860151881604,1.2755860151881604,Noreste,40.89,52.82,-4.095869743002778,12.0,58.49,corrientes,0.6076161927874191,232.35540833333332
18,corrientes,18021,capital,2020,4812,437446,1100.0214883665642,1.1000214883665642,Noreste,32.99,39.14,-22.513076245380446,12.0,35.38,corrientes,3.721530632289305,339.32620000000003
18,corrientes,18021,capital,2021,5629,437446,1286.787397758809,1.2867873977588091,Noreste,53.36,40.47,10.894768613448491,12.0,51.34,corrientes,8.55652967671281,509.50795
18,corrientes,18021,capital,2022,6689,437446,1529.1030207156998,1.5291030207156997,Noreste,90.36,100.29,16.258768970195426,12.0,94.78,corrientes,9.001408357747476,885.369425
18,corrientes,18021,capital,2023,7292,437446,1666.9486062279686,1.6669486062279686,Noreste,152.68,225.08,6.451770318872274,12.0,276.35,corrientes,10.225013795704264,2076.6224666666667
18,corrientes,18021,capital,2024,6468,437446,1478.582499325631,1.478582499325631,Noreste,145.47,106.62,-17.002317565429593,12.0,67.1,corrientes,2.6067963041713327,6418.266283333333
18,corrientes,18028,concepción,2017,109,26270,414.9219642177388,0.4149219642177388,Noreste,27.47,26.77,7.86512216770463,12.0,18.85,corrientes,10.749715959438875,112.16188333333334
18,corrientes,18028,concepción,2018,96,26270,365.43585839360486,0.3654358583936049,Noreste,29.71,52.86,2.8043835398188,12.0,73.5,corrientes,1.057391131758334,148.771275
18,corrientes,18028,concepción,2019,112,26270,426.34183479253903,0.426341834792539,Noreste,40.89,52.82,-4.095869743002778,12.0,58.49,corrientes,0.6076161927874191,232.35540833333332
18,corrientes,18028,concepción,2020,152,26270,578.6067757898744,0.5786067757898744,Noreste,32.99,39.14,-22.513076245380446,12.0,35.38,corrientes,3.721530632289305,339.32620000000003
18,corrientes,18028,concepción,2021,200,26270,761.3247049866768,0.7613247049866768,Noreste,53.36,40.47,10.894768613448491,12.0,51.34,corrientes,8.55652967671281,509.50795
18,corrientes,18028,concepción,2022,200,26270,761.3247049866768,0.7613247049866768,Noreste,90.36,100.29,16.258768970195426,12.0,94.78,corrientes,9.001408357747476,885.369425
18,corrientes,18028,concepción,2023,324,26270,1233.3460220784164,1.2333460220784165,Noreste,152.68,225.08,6.451770318872274,12.0,276.35,corrientes,10.225013795704264,2076.6224666666667
18,corrientes,18028,concepción,2024,281,26270,1069.661210506281,1.0696612105062808,Noreste,145.47,106.62,-17.002317565429593,12.0,67.1,corrientes,2.6067963041713327,6418.266283333333
18,corrientes,18035,curuzú cuatiá,2017,439,51489,852.6092951892637,0.8526092951892636,Noreste,27.47,26.77,7.86512216770463,12.0,18.85,corrientes,10.749715959438875,112.16188333333334
18,corrientes,18035,curuzú cuatiá,2018,271,51489,526.3260113810717,0.5263260113810717,Noreste,29.71,52.86,2.8043835398188,12.0,73.5,corrientes,1.057391131758334,148.771275
18,corrientes,18035,curuzú cuatiá,2019,333,51489,646.7400804055236,0.6467400804055236,Noreste,40.89,52.82,-4.095869743002778,12.0,58.49,corrientes,0.6076161927874191,232.35540833333332
18,corrientes,18035,curuzú cuatiá,2020,261,51489,506.90438734486975,0.5069043873448698,Noreste,32.99,39.14,-22.513076245380446,12.0,35.38,corrientes,3.721530632289305,339.32620000000003
18,corrientes,18035,curuzú cuatiá,2021,450,51489,873.9730816290859,0.8739730816290859,Noreste,53.36,40.47,10.894768613448491,12.0,51.34,corrientes,8.55652967671281,509.50795
18,corrientes,18035,curuzú cuatiá,2022,553,51489,1074.0158092019656,1.0740158092019656,Noreste,90.36,100.29,16.258768970195426,12.0,94.78,corrientes,9.001408357747476,885.369425
18,corrientes,18035,curuzú cuatiá,2023,556,51489,1079.842296412826,1.079842296412826,Noreste,152.68,225.08,6.451770318872274,12.0,276.35,corrientes,10.225013795704264,2076.6224666666667
18,corrientes,18035,curuzú cuatiá,2024,513,51489,996.3293130571576,0.9963293130571578,Noreste,145.47,106.62,-17.002317565429593,12.0,67.1,corrientes,2.6067963041713327,6418.266283333333
18,corrientes,18042,empedrado,2017,71,17948,395.587252061511,0.395587252061511,Noreste,27.47,26.77,7.86512216770463,12.0,18.85,corrientes,10.749715959438875,112.16188333333334
18,corrientes,18042,empedrado,2018,126,17948,702.028081123245,0.702028081123245,Noreste,29.71,52.86,2.8043835398188,12.0,73.5,corrientes,1.057391131758334,148.771275
18,corrientes,18042,empedrado,2019,171,17948,952.7523958101182,0.9527523958101182,Noreste,40.89,52.82,-4.095869743002778,12.0,58.49,corrientes,0.6076161927874191,232.35540833333332
18,corrientes,18042,empedrado,2020,121,17948,674.1698239358146,0.6741698239358146,Noreste,32.99,39.14,-22.513076245380446,12.0,35.38,corrientes,3.721530632289305,339.32620000000003
18,corrientes,18042,empedrado,2021,159,17948,885.8925785602852,0.8858925785602852,Noreste,53.36,40.47,10.894768613448491,12.0,51.34,corrientes,8.55652967671281,509.50795
18,corrientes,18042,empedrado,2022,201,17948,1119.9019389347002,1.1199019389347002,Noreste,90.36,100.29,16.258768970195426,12.0,94.78,corrientes,9.001408357747476,885.369425
18,corrientes,18042,empedrado,2023,157,17948,874.7492756853131,0.8747492756853131,Noreste,152.68,225.08,6.451770318872274,12.0,276.35,corrientes,10.225013795704264,2076.6224666666667
18,corrientes,18042,empedrado,2024,114,17948,635.1682638734121,0.6351682638734121,Noreste,145.47,106.62,-17.002317565429593,12.0,67.1,corrientes,2.6067963041713327,6418.266283333333
18,corrientes,18049,esquina,2017,188,39168,479.983660130719,0.4799836601307189,Noreste,27.47,26.77,7.86512216770463,12.0,18.85,corrientes,10.749715959438875,112.16188333333334
18,corrientes,18049,esquina,2018,107,39168,273.1821895424836,0.2731821895424836,Noreste,29.71,52.86,2.8043835398188,12.0,73.5,corrientes,1.057391131758334,148.771275
18,corrientes,18049,esquina,2019,164,39168,418.7091503267974,0.4187091503267974,Noreste,40.89,52.82,-4.095869743002778,12.0,58.49,corrientes,0.6076161927874191,232.35540833333332
18,corrientes,18049,esquina,2020,169,39168,431.4746732026144,0.4314746732026144,Noreste,32.99,39.14,-22.513076245380446,12.0,35.38,corrientes,3.721530632289305,339.32620000000003
18,corrientes,18049,esquina,2021,252,39168,643.3823529411765,0.6433823529411764,Noreste,53.36,40.47,10.894768613448491,12.0,51.34,corrientes,8.55652967671281,509.50795
18,corrientes,18049,esquina,2022,270,39168,689.3382352941177,0.6893382352941176,Noreste,90.36,100.29,16.258768970195426,12.0,94.78,corrientes,9.001408357747476,885.369425
18,corrientes,18049,esquina,2023,356,39168,908.90522875817,0.90890522875817,Noreste,152.68,225.08,6.451770318872274,12.0,276.35,corrientes,10.225013795704264,2076.6224666666667
18,corrientes,18049,esquina,2024,321,39168,819.546568627451,0.819546568627451,Noreste,145.47,106.62,-17.002317565429593,12.0,67.1,corrientes,2.6067963041713327,6418.266283333333
18,corrientes,18056,general alvear,2017,133,9051,1469.4508894044857,1.4694508894044858,Noreste,27.47,26.77,7.86512216770463,12.0,18.85,corrientes,10.749715959438875,112.16188333333334
18,corrientes,18056,general alvear,2018,63,9051,696.0556844547564,0.6960556844547563,Noreste,29.71,52.86,2.8043835398188,12.0,73.5,corrientes,1.057391131758334,148.771275
18,corrientes,18056,general alvear,2019,74,9051,817.5892166611425,0.8175892166611425,Noreste,40.89,52.82,-4.095869743002778,12.0,58.49,corrientes,0.6076161927874191,232.35540833333332
18,corrientes,18056,general alvear,2020,116,9051,1281.62633963098,1.2816263396309802,Noreste,32.99,39.14,-22.513076245380446,12.0,35.38,corrientes,3.721530632289305,339.32620000000003
18,corrientes,18056,general alvear,2021,123,9051,1358.965860125953,1.3589658601259529,Noreste,53.36,40.47,10.894768613448491,12.0,51.34,corrientes,8.55652967671281,509.50795
18,corrientes,18056,general alvear,2022,168,9051,1856.1484918793503,1.8561484918793505,Noreste,90.36,100.29,16.258768970195426,12.0,94.78,corrientes,9.001408357747476,885.369425
18,corrientes,18056,general alvear,2023,182,9051,2010.8275328692964,2.010827532869296,Noreste,152.68,225.08,6.451770318872274,12.0,276.35,corrientes,10.225013795704264,2076.6224666666667
18,corrientes,18056,general alvear,2024,147,9051,1624.1299303944315,1.6241299303944314,Noreste,145.47,106.62,-17.002317565429593,12.0,67.1,corrientes,2.6067963041713327,6418.266283333333
18,corrientes,18063,general paz,2017,67,17016,393.7470615890926,0.3937470615890926,Noreste,27.47,26.77,7.86512216770463,12.0,18.85,corrientes,10.749715959438875,112.16188333333334
18,corrientes,18063,general paz,2018,46,17016,270.33380347907854,0.2703338034790785,Noreste,29.71,52.86,2.8043835398188,12.0,73.5,corrientes,1.057391131758334,148.771275
18,corrientes,18063,general paz,2019,54,17016,317.3483779971791,0.3173483779971791,Noreste,40.89,52.82,-4.095869743002778,12.0,58.49,corrientes,0.6076161927874191,232.35540833333332
18,corrientes,18063,general paz,2020,53,17016,311.4715561824165,0.3114715561824165,Noreste,32.99,39.14,-22.513076245380446,12.0,35.38,corrientes,3.721530632289305,339.32620000000003
18,corrientes,18063,general paz,2021,144,17016,846.2623413258111,0.846262341325811,Noreste,53.36,40.47,10.894768613448491,12.0,51.34,corrientes,8.55652967671281,509.50795
18,corrientes,18063,general paz,2022,132,17016,775.7404795486601,0.7757404795486601,Noreste,90.36,100.29,16.258768970195426,12.0,94.78,corrientes,9.001408357747476,885.369425
18,corrientes,18063,general paz,2023,121,17016,711.0954395862718,0.7110954395862717,Noreste,152.68,225.08,6.451770318872274,12.0,276.35,corrientes,10.225013795704264,2076.6224666666667
18,corrientes,18063,general paz,2024,98,17016,575.9285378467324,0.5759285378467325,Noreste,145.47,106.62,-17.002317565429593,12.0,67.1,corrientes,2.6067963041713327,6418.266283333333
18,corrientes,18070,goya,2017,714,106223,672.170810464777,0.672170810464777,Noreste,27.47,26.77,7.86512216770463,12.0,18.85,corrientes,10.749715959438875,112.16188333333334
18,corrientes,18070,goya,2018,623,106223,586.5019816800504,0.5865019816800505,Noreste,29.71,52.86,2.8043835398188,12.0,73.5,corrientes,1.057391131758334,148.771275
18,corrientes,18070,goya,2019,614,106223,578.029240371671,0.5780292403716709,Noreste,40.89,52.82,-4.095869743002778,12.0,58.49,corrientes,0.6076161927874191,232.35540833333332
18,corrientes,18070,goya,2020,507,106223,477.2977603720475,0.4772977603720475,Noreste,32.99,39.14,-22.513076245380446,12.0,35.38,corrientes,3.721530632289305,339.32620000000003
18,corrientes,18070,goya,2021,890,106223,837.8599738286435,0.8378599738286436,Noreste,53.36,40.47,10.894768613448491,12.0,51.34,corrientes,8.55652967671281,509.50795
18,corrientes,18070,goya,2022,994,106223,935.7672067254738,0.9357672067254738,Noreste,90.36,100.29,16.258768970195426,12.0,94.78,corrientes,9.001408357747476,885.369425
18,corrientes,18070,goya,2023,1457,106223,1371.6426762565543,1.3716426762565546,Noreste,152.68,225.08,6.451770318872274,12.0,276.35,corrientes,10.225013795704264,2076.6224666666667
18,corrientes,18070,goya,2024,1062,106223,999.783474388786,0.9997834743887858,Noreste,145.47,106.62,-17.002317565429593,12.0,67.1,corrientes,2.6067963041713327,6418.266283333333
18,corrientes,18077,itatí,2017,103,11946,862.2132931525197,0.8622132931525197,Noreste,27.47,26.77,7.86512216770463,12.0,18.85,corrientes,10.749715959438875,112.16188333333334
18,corrientes,18077,itatí,2018,43,11946,359.9531223840616,0.3599531223840616,Noreste,29.71,52.86,2.8043835398188,12.0,73.5,corrientes,1.057391131758334,148.771275
18,corrientes,18077,itatí,2019,112,11946,937.5523187677884,0.9375523187677884,Noreste,40.89,52.82,-4.095869743002778,12.0,58.49,corrientes,0.6076161927874191,232.35540833333332
18,corrientes,18077,itatí,2020,91,11946,761.7612589988281,0.7617612589988281,Noreste,32.99,39.14,-22.513076245380446,12.0,35.38,corrientes,3.721530632289305,339.32620000000003
18,corrientes,18077,itatí,2021,111,11946,929.1813159216474,0.9291813159216474,Noreste,53.36,40.47,10.894768613448491,12.0,51.34,corrientes,8.55652967671281,509.50795
18,corrientes,18077,itatí,2022,169,11946,1414.6994809978237,1.4146994809978235,Noreste,90.36,100.29,16.258768970195426,12.0,94.78,corrientes,9.001408357747476,885.369425
18,corrientes,18077,itatí,2023,159,11946,1330.989452536414,1.330989452536414,Noreste,152.68,225.08,6.451770318872274,12.0,276.35,corrientes,10.225013795704264,2076.6224666666667
18,corrientes,18077,itatí,2024,136,11946,1138.4563870751715,1.1384563870751716,Noreste,145.47,106.62,-17.002317565429593,12.0,67.1,corrientes,2.6067963041713327,6418.266283333333
18,corrientes,18084,ituzaingó,2017,305,38767,786.7516186447236,0.7867516186447235,Noreste,27.47,26.77,7.86512216770463,12.0,18.85,corrientes,10.749715959438875,112.16188333333334
18,corrientes,18084,ituzaingó,2018,336,38767,866.7165372610726,0.8667165372610727,Noreste,29.71,52.86,2.8043835398188,12.0,73.5,corrientes,1.057391131758334,148.771275
18,corrientes,18084,ituzaingó,2019,367,38767,946.6814558774216,0.9466814558774216,Noreste,40.89,52.82,-4.095869743002778,12.0,58.49,corrientes,0.6076161927874191,232.35540833333332
18,corrientes,18084,ituzaingó,2020,299,38767,771.2745376222044,0.7712745376222044,Noreste,32.99,39.14,-22.513076245380446,12.0,35.38,corrientes,3.721530632289305,339.32620000000003
18,corrientes,18084,ituzaingó,2021,419,38767,1080.8161580725875,1.0808161580725877,Noreste,53.36,40.47,10.894768613448491,12.0,51.34,corrientes,8.55652967671281,509.50795
18,corrientes,18084,ituzaingó,2022,583,38767,1503.8563726881112,1.5038563726881111,Noreste,90.36,100.29,16.258768970195426,12.0,94.78,corrientes,9.001408357747476,885.369425
18,corrientes,18084,ituzaingó,2023,490,38767,1263.9616168390642,1.2639616168390642,Noreste,152.68,225.08,6.451770318872274,12.0,276.35,corrientes,10.225013795704264,2076.6224666666667
18,corrientes,18084,ituzaingó,2024,455,38767,1173.6786442077023,1.1736786442077023,Noreste,145.47,106.62,-17.002317565429593,12.0,67.1,corrientes,2.6067963041713327,6418.266283333333
18,corrientes,18091,lavalle,2017,102,40406,252.43775676879676,0.2524377567687967,Noreste,27.47,26.77,7.86512216770463,12.0,18.85,corrientes,10.749715959438875,112.16188333333334
18,corrientes,18091,lavalle,2018,86,40406,212.83967727565212,0.2128396772756521,Noreste,29.71,52.86,2.8043835398188,12.0,73.5,corrientes,1.057391131758334,148.771275
18,corrientes,18091,lavalle,2019,90,40406,222.73919714893827,0.2227391971489382,Noreste,40.89,52.82,-4.095869743002778,12.0,58.49,corrientes,0.6076161927874191,232.35540833333332
18,corrientes,18091,lavalle,2020,68,40406,168.29183784586448,0.1682918378458644,Noreste,32.99,39.14,-22.513076245380446,12.0,35.38,corrientes,3.721530632289305,339.32620000000003
18,corrientes,18091,lavalle,2021,78,40406,193.04063752907985,0.1930406375290798,Noreste,53.36,40.47,10.894768613448491,12.0,51.34,corrientes,8.55652967671281,509.50795
18,corrientes,18091,lavalle,2022,91,40406,225.21407711725985,0.2252140771172598,Noreste,90.36,100.29,16.258768970195426,12.0,94.78,corrientes,9.001408357747476,885.369425
18,corrientes,18091,lavalle,2023,77,40406,190.5657575607583,0.1905657575607583,Noreste,152.68,225.08,6.451770318872274,12.0,276.35,corrientes,10.225013795704264,2076.6224666666667
18,corrientes,18091,lavalle,2024,148,40406,366.2822353115874,0.3662822353115874,Noreste,145.47,106.62,-17.002317565429593,12.0,67.1,corrientes,2.6067963041713327,6418.266283333333
18,corrientes,18098,mburucuyá,2017,44,11541,381.2494584524738,0.3812494584524737,Noreste,27.47,26.77,7.86512216770463,12.0,18.85,corrientes,10.749715959438875,112.16188333333334
18,corrientes,18098,mburucuyá,2018,23,11541,199.28948964561133,0.1992894896456113,Noreste,29.71,52.86,2.8043835398188,12.0,73.5,corrientes,1.057391131758334,148.771275
18,corrientes,18098,mburucuyá,2019,55,11541,476.56182306559225,0.4765618230655922,Noreste,40.89,52.82,-4.095869743002778,12.0,58.49,corrientes,0.6076161927874191,232.35540833333332
18,corrientes,18098,mburucuyá,2020,65,11541,563.2094272593363,0.5632094272593363,Noreste,32.99,39.14,-22.513076245380446,12.0,35.38,corrientes,3.721530632289305,339.32620000000003
18,corrientes,18098,mburucuyá,2021,72,11541,623.8627501949571,0.6238627501949572,Noreste,53.36,40.47,10.894768613448491,12.0,51.34,corrientes,8.55652967671281,509.50795
18,corrientes,18098,mburucuyá,2022,107,11541,927.1293648730611,0.9271293648730612,Noreste,90.36,100.29,16.258768970195426,12.0,94.78,corrientes,9.001408357747476,885.369425
18,corrientes,18098,mburucuyá,2023,80,11541,693.1808335499524,0.6931808335499523,Noreste,152.68,225.08,6.451770318872274,12.0,276.35,corrientes,10.225013795704264,2076.6224666666667
18,corrientes,18098,mburucuyá,2024,66,11541,571.8741876787107,0.5718741876787107,Noreste,145.47,106.62,-17.002317565429593,12.0,67.1,corrientes,2.6067963041713327,6418.266283333333
18,corrientes,18105,mercedes,2017,301,49807,604.3327243158592,0.6043327243158593,Noreste,27.47,26.77,7.86512216770463,12.0,18.85,corrientes,10.749715959438875,112.16188333333334
18,corrientes,18105,mercedes,2018,258,49807,517.9994779850222,0.5179994779850222,Noreste,29.71,52.86,2.8043835398188,12.0,73.5,corrientes,1.057391131758334,148.771275
18,corrientes,18105,mercedes,2019,291,49807,584.2552251691529,0.584255225169153,Noreste,40.89,52.82,-4.095869743002778,12.0,58.49,corrientes,0.6076161927874191,232.35540833333332
18,corrientes,18105,mercedes,2020,287,49807,576.2242255104703,0.5762242255104704,Noreste,32.99,39.14,-22.513076245380446,12.0,35.38,corrientes,3.721530632289305,339.32620000000003
18,corrientes,18105,mercedes,2021,568,49807,1140.401951532917,1.1404019515329171,Noreste,53.36,40.47,10.894768613448491,12.0,51.34,corrientes,8.55652967671281,509.50795
18,corrientes,18105,mercedes,2022,533,49807,1070.130704519445,1.070130704519445,Noreste,90.36,100.29,16.258768970195426,12.0,94.78,corrientes,9.001408357747476,885.369425
18,corrientes,18105,mercedes,2023,519,49807,1042.0222057140563,1.0420222057140562,Noreste,152.68,225.08,6.451770318872274,12.0,276.35,corrientes,10.225013795704264,2076.6224666666667
18,corrientes,18105,mercedes,2024,489,49807,981.7897082739372,0.9817897082739372,Noreste,145.47,106.62,-17.002317565429593,12.0,67.1,corrientes,2.6067963041713327,6418.266283333333
18,corrientes,18112,monte caseros,2017,394,45602,863.9971931055655,0.8639971931055656,Noreste,27.47,26.77,7.86512216770463,12.0,18.85,corrientes,10.749715959438875,112.16188333333334
18,corrientes,18112,monte caseros,2018,259,45602,567.9575457216789,0.5679575457216789,Noreste,29.71,52.86,2.8043835398188,12.0,73.5,corrientes,1.057391131758334,148.771275
18,corrientes,18112,monte caseros,2019,248,45602,543.8357966755844,0.5438357966755845,Noreste,40.89,52.82,-4.095869743002778,12.0,58.49,corrientes,0.6076161927874191,232.35540833333332
18,corrientes,18112,monte caseros,2020,225,45602,493.39941230647776,0.4933994123064777,Noreste,32.99,39.14,-22.513076245380446,12.0,35.38,corrientes,3.721530632289305,339.32620000000003
18,corrientes,18112,monte caseros,2021,390,45602,855.2256479978948,0.8552256479978948,Noreste,53.36,40.47,10.894768613448491,12.0,51.34,corrientes,8.55652967671281,509.50795
18,corrientes,18112,monte caseros,2022,407,45602,892.5047147054953,0.8925047147054953,Noreste,90.36,100.29,16.258768970195426,12.0,94.78,corrientes,9.001408357747476,885.369425
18,corrientes,18112,monte caseros,2023,567,45602,1243.366519012324,1.243366519012324,Noreste,152.68,225.08,6.451770318872274,12.0,276.35,corrientes,10.225013795704264,2076.6224666666667
18,corrientes,18112,monte caseros,2024,416,45602,912.2406911977544,0.9122406911977544,Noreste,145.47,106.62,-17.002317565429593,12.0,67.1,corrientes,2.6067963041713327,6418.266283333333
18,corrientes,18119,paso de los libres,2017,872,56778,1535.8061220895418,1.5358061220895418,Noreste,27.47,26.77,7.86512216770463,12.0,18.85,corrientes,10.749715959438875,112.16188333333334
18,corrientes,18119,paso de los libres,2018,466,56778,820.7404276304202,0.8207404276304201,Noreste,29.71,52.86,2.8043835398188,12.0,73.5,corrientes,1.057391131758334,148.771275
18,corrientes,18119,paso de los libres,2019,503,56778,885.9065130860544,0.8859065130860544,Noreste,40.89,52.82,-4.095869743002778,12.0,58.49,corrientes,0.6076161927874191,232.35540833333332
18,corrientes,18119,paso de los libres,2020,578,56778,1017.999929550178,1.017999929550178,Noreste,32.99,39.14,-22.513076245380446,12.0,35.38,corrientes,3.721530632289305,339.32620000000003
18,corrientes,18119,paso de los libres,2021,990,56778,1743.6330973264292,1.7436330973264291,Noreste,53.36,40.47,10.894768613448491,12.0,51.34,corrientes,8.55652967671281,509.50795
18,corrientes,18119,paso de los libres,2022,999,56778,1759.484307302124,1.759484307302124,Noreste,90.36,100.29,16.258768970195426,12.0,94.78,corrientes,9.001408357747476,885.369425
18,corrientes,18119,paso de los libres,2023,1022,56778,1799.9929550177887,1.7999929550177889,Noreste,152.68,225.08,6.451770318872274,12.0,276.35,corrientes,10.225013795704264,2076.6224666666667
18,corrientes,18119,paso de los libres,2024,825,56778,1453.0275811053575,1.4530275811053577,Noreste,145.47,106.62,-17.002317565429593,12.0,67.1,corrientes,2.6067963041713327,6418.266283333333
18,corrientes,18126,saladas,2017,142,29126,487.5369086039965,0.4875369086039964,Noreste,27.47,26.77,7.86512216770463,12.0,18.85,corrientes,10.749715959438875,112.16188333333334
18,corrientes,18126,saladas,2018,145,29126,497.8369841378837,0.4978369841378837,Noreste,29.71,52.86,2.8043835398188,12.0,73.5,corrientes,1.057391131758334,148.771275
18,corrientes,18126,saladas,2019,168,29126,576.8042298976859,0.5768042298976859,Noreste,40.89,52.82,-4.095869743002778,12.0,58.49,corrientes,0.6076161927874191,232.35540833333332
18,corrientes,18126,saladas,2020,173,29126,593.9710224541647,0.5939710224541647,Noreste,32.99,39.14,-22.513076245380446,12.0,35.38,corrientes,3.721530632289305,339.32620000000003
18,corrientes,18126,saladas,2021,234,29126,803.4058916432053,0.8034058916432054,Noreste,53.36,40.47,10.894768613448491,12.0,51.34,corrientes,8.55652967671281,509.50795
18,corrientes,18126,saladas,2022,275,29126,944.1735906063312,0.9441735906063312,Noreste,90.36,100.29,16.258768970195426,12.0,94.78,corrientes,9.001408357747476,885.369425
18,corrientes,18126,saladas,2023,221,29126,758.7722309963607,0.7587722309963607,Noreste,152.68,225.08,6.451770318872274,12.0,276.35,corrientes,10.225013795704264,2076.6224666666667
18,corrientes,18126,saladas,2024,209,29126,717.5719288608117,0.7175719288608117,Noreste,145.47,106.62,-17.002317565429593,12.0,67.1,corrientes,2.6067963041713327,6418.266283333333
18,corrientes,18133,san cosme,2017,287,19679,1458.4074394024087,1.4584074394024087,Noreste,27.47,26.77,7.86512216770463,12.0,18.85,corrientes,10.749715959438875,112.16188333333334
18,corrientes,18133,san cosme,2018,246,19679,1250.0635194877789,1.250063519487779,Noreste,29.71,52.86,2.8043835398188,12.0,73.5,corrientes,1.057391131758334,148.771275
18,corrientes,18133,san cosme,2019,178,19679,904.5175059708318,0.904517505970832,Noreste,40.89,52.82,-4.095869743002778,12.0,58.49,corrientes,0.6076161927874191,232.35540833333332
18,corrientes,18133,san cosme,2020,178,19679,904.5175059708318,0.904517505970832,Noreste,32.99,39.14,-22.513076245380446,12.0,35.38,corrientes,3.721530632289305,339.32620000000003
18,corrientes,18133,san cosme,2021,280,19679,1422.8365262462523,1.4228365262462523,Noreste,53.36,40.47,10.894768613448491,12.0,51.34,corrientes,8.55652967671281,509.50795
18,corrientes,18133,san cosme,2022,353,19679,1793.7903348747398,1.7937903348747395,Noreste,90.36,100.29,16.258768970195426,12.0,94.78,corrientes,9.001408357747476,885.369425
18,corrientes,18133,san cosme,2023,436,19679,2215.559733726307,2.215559733726307,Noreste,152.68,225.08,6.451770318872274,12.0,276.35,corrientes,10.225013795704264,2076.6224666666667
18,corrientes,18133,san cosme,2024,360,19679,1829.361248030896,1.829361248030896,Noreste,145.47,106.62,-17.002317565429593,12.0,67.1,corrientes,2.6067963041713327,6418.266283333333
18,corrientes,18140,san luis del palmar,2017,98,21381,458.3508722697722,0.4583508722697722,Noreste,27.47,26.77,7.86512216770463,12.0,18.85,corrientes,10.749715959438875,112.16188333333334
18,corrientes,18140,san luis del palmar,2018,50,21381,233.8524858519246,0.2338524858519245,Noreste,29.71,52.86,2.8043835398188,12.0,73.5,corrientes,1.057391131758334,148.771275
18,corrientes,18140,san luis del palmar,2019,99,21381,463.0279219868107,0.4630279219868107,Noreste,40.89,52.82,-4.095869743002778,12.0,58.49,corrientes,0.6076161927874191,232.35540833333332
18,corrientes,18140,san luis del palmar,2020,73,21381,341.42462934380995,0.3414246293438099,Noreste,32.99,39.14,-22.513076245380446,12.0,35.38,corrientes,3.721530632289305,339.32620000000003
18,corrientes,18140,san luis del palmar,2021,153,21381,715.5886067068893,0.7155886067068893,Noreste,53.36,40.47,10.894768613448491,12.0,51.34,corrientes,8.55652967671281,509.50795
18,corrientes,18140,san luis del palmar,2022,162,21381,757.6820541602357,0.7576820541602357,Noreste,90.36,100.29,16.258768970195426,12.0,94.78,corrientes,9.001408357747476,885.369425
18,corrientes,18140,san luis del palmar,2023,151,21381,706.2345072728124,0.7062345072728123,Noreste,152.68,225.08,6.451770318872274,12.0,276.35,corrientes,10.225013795704264,2076.6224666666667
18,corrientes,18140,san luis del palmar,2024,149,21381,696.8804078387353,0.6968804078387353,Noreste,145.47,106.62,-17.002317565429593,12.0,67.1,corrientes,2.6067963041713327,6418.266283333333
18,corrientes,18147,san martín,2017,74,15164,487.9978897388552,0.4879978897388551,Noreste,27.47,26.77,7.86512216770463,12.0,18.85,corrientes,10.749715959438875,112.16188333333334
18,corrientes,18147,san martín,2018,25,15164,164.86415193880242,0.1648641519388024,Noreste,29.71,52.86,2.8043835398188,12.0,73.5,corrientes,1.057391131758334,148.771275
18,corrientes,18147,san martín,2019,9,15164,59.35109469796888,0.0593510946979688,Noreste,40.89,52.82,-4.095869743002778,12.0,58.49,corrientes,0.6076161927874191,232.35540833333332
18,corrientes,18147,san martín,2020,48,15164,316.53917172250067,0.3165391717225006,Noreste,32.99,39.14,-22.513076245380446,12.0,35.38,corrientes,3.721530632289305,339.32620000000003
18,corrientes,18147,san martín,2021,96,15164,633.0783434450013,0.6330783434450012,Noreste,53.36,40.47,10.894768613448491,12.0,51.34,corrientes,8.55652967671281,509.50795
18,corrientes,18147,san martín,2022,120,15164,791.3479293062517,0.7913479293062516,Noreste,90.36,100.29,16.258768970195426,12.0,94.78,corrientes,9.001408357747476,885.369425
18,corrientes,18147,san martín,2023,146,15164,962.8066473226062,0.9628066473226062,Noreste,152.68,225.08,6.451770318872274,12.0,276.35,corrientes,10.225013795704264,2076.6224666666667
18,corrientes,18147,san martín,2024,173,15164,1140.8599314165128,1.1408599314165129,Noreste,145.47,106.62,-17.002317565429593,12.0,67.1,corrientes,2.6067963041713327,6418.266283333333
18,corrientes,18154,san miguel,2017,29,12700,228.34645669291336,0.2283464566929133,Noreste,27.47,26.77,7.86512216770463,12.0,18.85,corrientes,10.749715959438875,112.16188333333334
18,corrientes,18154,san miguel,2018,37,12700,291.33858267716533,0.2913385826771653,Noreste,29.71,52.86,2.8043835398188,12.0,73.5,corrientes,1.057391131758334,148.771275
18,corrientes,18154,san miguel,2019,17,12700,133.8582677165354,0.1338582677165354,Noreste,40.89,52.82,-4.095869743002778,12.0,58.49,corrientes,0.6076161927874191,232.35540833333332
18,corrientes,18154,san miguel,2020,47,12700,370.0787401574803,0.3700787401574803,Noreste,32.99,39.14,-22.513076245380446,12.0,35.38,corrientes,3.721530632289305,339.32620000000003
18,corrientes,18154,san miguel,2021,65,12700,511.8110236220472,0.5118110236220472,Noreste,53.36,40.47,10.894768613448491,12.0,51.34,corrientes,8.55652967671281,509.50795
18,corrientes,18154,san miguel,2022,90,12700,708.6614173228346,0.7086614173228346,Noreste,90.36,100.29,16.258768970195426,12.0,94.78,corrientes,9.001408357747476,885.369425
18,corrientes,18154,san miguel,2023,91,12700,716.5354330708661,0.7165354330708662,Noreste,152.68,225.08,6.451770318872274,12.0,276.35,corrientes,10.225013795704264,2076.6224666666667
18,corrientes,18154,san miguel,2024,86,12700,677.1653543307086,0.6771653543307087,Noreste,145.47,106.62,-17.002317565429593,12.0,67.1,corrientes,2.6067963041713327,6418.266283333333
18,corrientes,18161,san roque,2017,61,22682,268.9357199541486,0.2689357199541486,Noreste,27.47,26.77,7.86512216770463,12.0,18.85,corrientes,10.749715959438875,112.16188333333334
18,corrientes,18161,san roque,2018,65,22682,286.57084913146986,0.2865708491314699,Noreste,29.71,52.86,2.8043835398188,12.0,73.5,corrientes,1.057391131758334,148.771275
18,corrientes,18161,san roque,2019,111,22682,489.374834670664,0.489374834670664,Noreste,40.89,52.82,-4.095869743002778,12.0,58.49,corrientes,0.6076161927874191,232.35540833333332
18,corrientes,18161,san roque,2020,84,22682,370.3377127237457,0.3703377127237457,Noreste,32.99,39.14,-22.513076245380446,12.0,35.38,corrientes,3.721530632289305,339.32620000000003
18,corrientes,18161,san roque,2021,138,22682,608.4119566175822,0.6084119566175822,Noreste,53.36,40.47,10.894768613448491,12.0,51.34,corrientes,8.55652967671281,509.50795
18,corrientes,18161,san roque,2022,103,22682,454.1045763160215,0.4541045763160215,Noreste,90.36,100.29,16.258768970195426,12.0,94.78,corrientes,9.001408357747476,885.369425
18,corrientes,18161,san roque,2023,34,22682,149.89859800723042,0.1498985980072304,Noreste,152.68,225.08,6.451770318872274,12.0,276.35,corrientes,10.225013795704264,2076.6224666666667
18,corrientes,18161,san roque,2024,124,22682,546.689004496958,0.546689004496958,Noreste,145.47,106.62,-17.002317565429593,12.0,67.1,corrientes,2.6067963041713327,6418.266283333333
18,corrientes,18168,santo tomé,2017,577,71922,802.2580017240899,0.8022580017240899,Noreste,27.47,26.77,7.86512216770463,12.0,18.85,corrientes,10.749715959438875,112.16188333333334
18,corrientes,18168,santo tomé,2018,481,71922,668.7800672951253,0.6687800672951253,Noreste,29.71,52.86,2.8043835398188,12.0,73.5,corrientes,1.057391131758334,148.771275
18,corrientes,18168,santo tomé,2019,538,71922,748.0325908623231,0.7480325908623231,Noreste,40.89,52.82,-4.095869743002778,12.0,58.49,corrientes,0.6076161927874191,232.35540833333332
18,corrientes,18168,santo tomé,2020,486,71922,675.7320430466339,0.6757320430466338,Noreste,32.99,39.14,-22.513076245380446,12.0,35.38,corrientes,3.721530632289305,339.32620000000003
18,corrientes,18168,santo tomé,2021,576,71922,800.8676065737883,0.8008676065737883,Noreste,53.36,40.47,10.894768613448491,12.0,51.34,corrientes,8.55652967671281,509.50795
18,corrientes,18168,santo tomé,2022,780,71922,1084.5082172353382,1.0845082172353382,Noreste,90.36,100.29,16.258768970195426,12.0,94.78,corrientes,9.001408357747476,885.369425
18,corrientes,18168,santo tomé,2023,846,71922,1176.2742971552516,1.1762742971552516,Noreste,152.68,225.08,6.451770318872274,12.0,276.35,corrientes,10.225013795704264,2076.6224666666667
18,corrientes,18168,santo tomé,2024,763,71922,1060.8714996802091,1.060871499680209,Noreste,145.47,106.62,-17.002317565429593,12.0,67.1,corrientes,2.6067963041713327,6418.266283333333
18,corrientes,18175,sauce,2017,31,10382,298.5937198998266,0.2985937198998266,Noreste,27.47,26.77,7.86512216770463,12.0,18.85,corrientes,10.749715959438875,112.16188333333334
18,corrientes,18175,sauce,2018,31,10382,298.5937198998266,0.2985937198998266,Noreste,29.71,52.86,2.8043835398188,12.0,73.5,corrientes,1.057391131758334,148.771275
18,corrientes,18175,sauce,2019,26,10382,250.4334424966288,0.2504334424966288,Noreste,40.89,52.82,-4.095869743002778,12.0,58.49,corrientes,0.6076161927874191,232.35540833333332
18,corrientes,18175,sauce,2020,20,10382,192.64110961279133,0.1926411096127913,Noreste,32.99,39.14,-22.513076245380446,12.0,35.38,corrientes,3.721530632289305,339.32620000000003
18,corrientes,18175,sauce,2021,51,10382,491.234829512618,0.491234829512618,Noreste,53.36,40.47,10.894768613448491,12.0,51.34,corrientes,8.55652967671281,509.50795
18,corrientes,18175,sauce,2022,38,10382,366.0181082643036,0.3660181082643036,Noreste,90.36,100.29,16.258768970195426,12.0,94.78,corrientes,9.001408357747476,885.369425
18,corrientes,18175,sauce,2023,91,10382,876.5170487382007,0.8765170487382007,Noreste,152.68,225.08,6.451770318872274,12.0,276.35,corrientes,10.225013795704264,2076.6224666666667
18,corrientes,18175,sauce,2024,87,10382,837.9888268156425,0.8379888268156425,Noreste,145.47,106.62,-17.002317565429593,12.0,67.1,corrientes,2.6067963041713327,6418.266283333333
22,chaco,22007,almirante brown,2017,165,37794,436.57723448166377,0.4365772344816637,Noreste,27.47,26.77,7.86512216770463,12.0,18.85,chaco,15.91336217664827,112.16188333333334
22,chaco,22007,almirante brown,2018,215,37794,568.873366142774,0.568873366142774,Noreste,29.71,52.86,2.8043835398188,12.0,73.5,chaco,1.6053048903692746,148.771275
22,chaco,22007,almirante brown,2019,294,37794,777.9012541673281,0.7779012541673281,Noreste,40.89,52.82,-4.095869743002778,12.0,58.49,chaco,1.2763434147188055,232.35540833333332
22,chaco,22007,almirante brown,2020,223,37794,590.0407472085517,0.5900407472085516,Noreste,32.99,39.14,-22.513076245380446,12.0,35.38,chaco,1.74186960909386,339.32620000000003
22,chaco,22007,almirante brown,2021,256,37794,677.3561941048844,0.6773561941048843,Noreste,53.36,40.47,10.894768613448491,12.0,51.34,chaco,8.033068948617505,509.50795
22,chaco,22007,almirante brown,2022,232,37794,613.8540509075515,0.6138540509075515,Noreste,90.36,100.29,16.258768970195426,12.0,94.78,chaco,12.58000497007079,885.369425
22,chaco,22007,almirante brown,2023,305,37794,807.0064031327723,0.8070064031327724,Noreste,152.68,225.08,6.451770318872274,12.0,276.35,chaco,10.050678109169752,2076.6224666666667
22,chaco,22007,almirante brown,2024,211,37794,558.2896756098852,0.5582896756098852,Noreste,145.47,106.62,-17.002317565429593,12.0,67.1,chaco,2.7109160990036685,6418.266283333333
22,chaco,22014,bermejo,2017,319,28060,1136.8496079828938,1.1368496079828938,Noreste,27.47,26.77,7.86512216770463,12.0,18.85,chaco,15.91336217664827,112.16188333333334
22,chaco,22014,bermejo,2018,287,28060,1022.808267997149,1.022808267997149,Noreste,29.71,52.86,2.8043835398188,12.0,73.5,chaco,1.6053048903692746,148.771275
22,chaco,22014,bermejo,2019,367,28060,1307.9116179615112,1.3079116179615111,Noreste,40.89,52.82,-4.095869743002778,12.0,58.49,chaco,1.2763434147188055,232.35540833333332
22,chaco,22014,bermejo,2020,251,28060,894.511760513186,0.894511760513186,Noreste,32.99,39.14,-22.513076245380446,12.0,35.38,chaco,1.74186960909386,339.32620000000003
22,chaco,22014,bermejo,2021,235,28060,837.4910905203136,0.8374910905203136,Noreste,53.36,40.47,10.894768613448491,12.0,51.34,chaco,8.033068948617505,509.50795
22,chaco,22014,bermejo,2022,238,28060,848.1824661439772,0.8481824661439772,Noreste,90.36,100.29,16.258768970195426,12.0,94.78,chaco,12.58000497007079,885.369425
22,chaco,22014,bermejo,2023,269,28060,958.6600142551674,0.9586600142551674,Noreste,152.68,225.08,6.451770318872274,12.0,276.35,chaco,10.050678109169752,2076.6224666666667
22,chaco,22014,bermejo,2024,337,28060,1200.9978617248753,1.200997861724875,Noreste,145.47,106.62,-17.002317565429593,12.0,67.1,chaco,2.7109160990036685,6418.266283333333
22,chaco,22021,comandante fernández,2017,1347,101086,1332.5287379063373,1.3325287379063373,Noreste,27.47,26.77,7.86512216770463,12.0,18.85,chaco,15.91336217664827,112.16188333333334
22,chaco,22021,comandante fernández,2018,2305,101086,2280.2366301960706,2.280236630196071,Noreste,29.71,52.86,2.8043835398188,12.0,73.5,chaco,1.6053048903692746,148.771275
22,chaco,22021,comandante fernández,2019,2254,101086,2229.784539896721,2.229784539896721,Noreste,40.89,52.82,-4.095869743002778,12.0,58.49,chaco,1.2763434147188055,232.35540833333332
22,chaco,22021,comandante fernández,2020,1891,101086,1870.6843677660609,1.8706843677660605,Noreste,32.99,39.14,-22.513076245380446,12.0,35.38,chaco,1.74186960909386,339.32620000000003
22,chaco,22021,comandante fernández,2021,2088,101086,2065.567932255703,2.065567932255703,Noreste,53.36,40.47,10.894768613448491,12.0,51.34,chaco,8.033068948617505,509.50795
22,chaco,22021,comandante fernández,2022,1971,101086,1949.8249015689607,1.9498249015689613,Noreste,90.36,100.29,16.258768970195426,12.0,94.78,chaco,12.58000497007079,885.369425
22,chaco,22021,comandante fernández,2023,1717,101086,1698.553706744752,1.6985537067447518,Noreste,152.68,225.08,6.451770318872274,12.0,276.35,chaco,10.050678109169752,2076.6224666666667
22,chaco,22021,comandante fernández,2024,1522,101086,1505.648655600182,1.505648655600182,Noreste,145.47,106.62,-17.002317565429593,12.0,67.1,chaco,2.7109160990036685,6418.266283333333
22,chaco,22028,chacabuco,2017,389,34493,1127.7650537790275,1.1277650537790276,Noreste,27.47,26.77,7.86512216770463,12.0,18.85,chaco,15.91336217664827,112.16188333333334
22,chaco,22028,chacabuco,2018,584,34493,1693.0971501464064,1.6930971501464065,Noreste,29.71,52.86,2.8043835398188,12.0,73.5,chaco,1.6053048903692746,148.771275
22,chaco,22028,chacabuco,2019,688,34493,1994.6076015423416,1.994607601542342,Noreste,40.89,52.82,-4.095869743002778,12.0,58.49,chaco,1.2763434147188055,232.35540833333332
22,chaco,22028,chacabuco,2020,397,34493,1150.9581654248689,1.1509581654248688,Noreste,32.99,39.14,-22.513076245380446,12.0,35.38,chaco,1.74186960909386,339.32620000000003
22,chaco,22028,chacabuco,2021,434,34493,1258.2263067868842,1.2582263067868842,Noreste,53.36,40.47,10.894768613448491,12.0,51.34,chaco,8.033068948617505,509.50795
22,chaco,22028,chacabuco,2022,560,34493,1623.5178152088831,1.6235178152088832,Noreste,90.36,100.29,16.258768970195426,12.0,94.78,chaco,12.58000497007079,885.369425
22,chaco,22028,chacabuco,2023,761,34493,2206.2447453106424,2.2062447453106424,Noreste,152.68,225.08,6.451770318872274,12.0,276.35,chaco,10.050678109169752,2076.6224666666667
22,chaco,22028,chacabuco,2024,522,34493,1513.3505348911374,1.5133505348911374,Noreste,145.47,106.62,-17.002317565429593,12.0,67.1,chaco,2.7109160990036685,6418.266283333333
22,chaco,22036,12 de octubre,2017,206,23179,888.7354933344837,0.8887354933344838,Noreste,27.47,26.77,7.86512216770463,12.0,18.85,chaco,15.91336217664827,112.16188333333334
22,chaco,22036,12 de octubre,2018,166,23179,716.1654946287588,0.7161654946287588,Noreste,29.71,52.86,2.8043835398188,12.0,73.5,chaco,1.6053048903692746,148.771275
22,chaco,22036,12 de octubre,2019,222,23179,957.763492816774,0.957763492816774,Noreste,40.89,52.82,-4.095869743002778,12.0,58.49,chaco,1.2763434147188055,232.35540833333332
22,chaco,22036,12 de octubre,2020,157,23179,677.3372449199707,0.6773372449199707,Noreste,32.99,39.14,-22.513076245380446,12.0,35.38,chaco,1.74186960909386,339.32620000000003
22,chaco,22036,12 de octubre,2021,151,23179,651.451745114112,0.651451745114112,Noreste,53.36,40.47,10.894768613448491,12.0,51.34,chaco,8.033068948617505,509.50795
22,chaco,22036,12 de octubre,2022,93,23179,401.22524699081066,0.4012252469908106,Noreste,90.36,100.29,16.258768970195426,12.0,94.78,chaco,12.58000497007079,885.369425
22,chaco,22036,12 de octubre,2023,87,23179,375.3397471849519,0.3753397471849519,Noreste,152.68,225.08,6.451770318872274,12.0,276.35,chaco,10.050678109169752,2076.6224666666667
22,chaco,22036,12 de octubre,2024,136,23179,586.7379955994651,0.586737995599465,Noreste,145.47,106.62,-17.002317565429593,12.0,67.1,chaco,2.7109160990036685,6418.266283333333
22,chaco,22039,2 de abril,2017,27,8310,324.9097472924188,0.3249097472924188,Noreste,27.47,26.77,7.86512216770463,12.0,18.85,chaco,15.91336217664827,112.16188333333334
22,chaco,22039,2 de abril,2018,19,8310,228.64019253910948,0.2286401925391095,Noreste,29.71,52.86,2.8043835398188,12.0,73.5,chaco,1.6053048903692746,148.771275
22,chaco,22039,2 de abril,2019,15,8310,180.50541516245488,0.1805054151624548,Noreste,40.89,52.82,-4.095869743002778,12.0,58.49,chaco,1.2763434147188055,232.35540833333332
22,chaco,22039,2 de abril,2020,27,8310,324.9097472924188,0.3249097472924188,Noreste,32.99,39.14,-22.513076245380446,12.0,35.38,chaco,1.74186960909386,339.32620000000003
22,chaco,22039,2 de abril,2021,26,8310,312.8760529482551,0.3128760529482551,Noreste,53.36,40.47,10.894768613448491,12.0,51.34,chaco,8.033068948617505,509.50795
22,chaco,22039,2 de abril,2022,18,8310,216.60649819494583,0.2166064981949458,Noreste,90.36,100.29,16.258768970195426,12.0,94.78,chaco,12.58000497007079,885.369425
22,chaco,22039,2 de abril,2023,18,8310,216.60649819494583,0.2166064981949458,Noreste,152.68,225.08,6.451770318872274,12.0,276.35,chaco,10.050678109169752,2076.6224666666667
22,chaco,22039,2 de abril,2024,38,8310,457.28038507821896,0.457280385078219,Noreste,145.47,106.62,-17.002317565429593,12.0,67.1,chaco,2.7109160990036685,6418.266283333333
22,chaco,22043,fray justo santa maría de oro,2017,83,10643,779.8553039556516,0.7798553039556516,Noreste,27.47,26.77,7.86512216770463,12.0,18.85,chaco,15.91336217664827,112.16188333333334
22,chaco,22043,fray justo santa maría de oro,2018,55,10643,516.7715869585643,0.5167715869585643,Noreste,29.71,52.86,2.8043835398188,12.0,73.5,chaco,1.6053048903692746,148.771275
22,chaco,22043,fray justo santa maría de oro,2019,70,10643,657.7092924927182,0.6577092924927183,Noreste,40.89,52.82,-4.095869743002778,12.0,58.49,chaco,1.2763434147188055,232.35540833333332
22,chaco,22043,fray justo santa maría de oro,2020,75,10643,704.6885276707695,0.7046885276707695,Noreste,32.99,39.14,-22.513076245380446,12.0,35.38,chaco,1.74186960909386,339.32620000000003
22,chaco,22043,fray justo santa maría de oro,2021,49,10643,460.3965047449027,0.4603965047449027,Noreste,53.36,40.47,10.894768613448491,12.0,51.34,chaco,8.033068948617505,509.50795
22,chaco,22043,fray justo santa maría de oro,2022,82,10643,770.4594569200414,0.7704594569200414,Noreste,90.36,100.29,16.258768970195426,12.0,94.78,chaco,12.58000497007079,885.369425
22,chaco,22043,fray justo santa maría de oro,2023,82,10643,770.4594569200414,0.7704594569200414,Noreste,152.68,225.08,6.451770318872274,12.0,276.35,chaco,10.050678109169752,2076.6224666666667
22,chaco,22043,fray justo santa maría de oro,2024,71,10643,667.1051395283286,0.6671051395283285,Noreste,145.47,106.62,-17.002317565429593,12.0,67.1,chaco,2.7109160990036685,6418.266283333333
22,chaco,22049,general belgrano,2017,90,12807,702.7406886858748,0.7027406886858749,Noreste,27.47,26.77,7.86512216770463,12.0,18.85,chaco,15.91336217664827,112.16188333333334
22,chaco,22049,general belgrano,2018,93,12807,726.1653783087374,0.7261653783087374,Noreste,29.71,52.86,2.8043835398188,12.0,73.5,chaco,1.6053048903692746,148.771275
22,chaco,22049,general belgrano,2019,80,12807,624.658389943,0.6246583899429999,Noreste,40.89,52.82,-4.095869743002778,12.0,58.49,chaco,1.2763434147188055,232.35540833333332
22,chaco,22049,general belgrano,2020,62,12807,484.1102522058249,0.4841102522058249,Noreste,32.99,39.14,-22.513076245380446,12.0,35.38,chaco,1.74186960909386,339.32620000000003
22,chaco,22049,general belgrano,2021,69,12807,538.7678613258374,0.5387678613258374,Noreste,53.36,40.47,10.894768613448491,12.0,51.34,chaco,8.033068948617505,509.50795
22,chaco,22049,general belgrano,2022,129,12807,1007.2616537830874,1.0072616537830874,Noreste,90.36,100.29,16.258768970195426,12.0,94.78,chaco,12.58000497007079,885.369425
22,chaco,22049,general belgrano,2023,161,12807,1257.1250097602872,1.2571250097602873,Noreste,152.68,225.08,6.451770318872274,12.0,276.35,chaco,10.050678109169752,2076.6224666666667
22,chaco,22049,general belgrano,2024,221,12807,1725.6188022175372,1.7256188022175372,Noreste,145.47,106.62,-17.002317565429593,12.0,67.1,chaco,2.7109160990036685,6418.266283333333
22,chaco,22056,general donovan,2017,80,15061,531.173228869265,0.531173228869265,Noreste,27.47,26.77,7.86512216770463,12.0,18.85,chaco,15.91336217664827,112.16188333333334
22,chaco,22056,general donovan,2018,102,15061,677.2458668083128,0.6772458668083128,Noreste,29.71,52.86,2.8043835398188,12.0,73.5,chaco,1.6053048903692746,148.771275
22,chaco,22056,general donovan,2019,96,15061,637.407874643118,0.637407874643118,Noreste,40.89,52.82,-4.095869743002778,12.0,58.49,chaco,1.2763434147188055,232.35540833333332
22,chaco,22056,general donovan,2020,73,15061,484.6955713432043,0.4846955713432043,Noreste,32.99,39.14,-22.513076245380446,12.0,35.38,chaco,1.74186960909386,339.32620000000003
22,chaco,22056,general donovan,2021,82,15061,544.4525595909965,0.5444525595909966,Noreste,53.36,40.47,10.894768613448491,12.0,51.34,chaco,8.033068948617505,509.50795
22,chaco,22056,general donovan,2022,90,15061,597.5698824779231,0.5975698824779231,Noreste,90.36,100.29,16.258768970195426,12.0,94.78,chaco,12.58000497007079,885.369425
22,chaco,22056,general donovan,2023,80,15061,531.173228869265,0.531173228869265,Noreste,152.68,225.08,6.451770318872274,12.0,276.35,chaco,10.050678109169752,2076.6224666666667
22,chaco,22056,general donovan,2024,94,15061,624.1285439213864,0.6241285439213863,Noreste,145.47,106.62,-17.002317565429593,12.0,67.1,chaco,2.7109160990036685,6418.266283333333
22,chaco,22063,general güemes,2017,981,68429,1433.6027123003405,1.4336027123003403,Noreste,27.47,26.77,7.86512216770463,12.0,18.85,chaco,15.91336217664827,112.16188333333334
22,chaco,22063,general güemes,2018,1196,68429,1747.7969866577034,1.7477969866577034,Noreste,29.71,52.86,2.8043835398188,12.0,73.5,chaco,1.6053048903692746,148.771275
22,chaco,22063,general güemes,2019,966,68429,1411.682181531222,1.4116821815312222,Noreste,40.89,52.82,-4.095869743002778,12.0,58.49,chaco,1.2763434147188055,232.35540833333332
22,chaco,22063,general güemes,2020,654,68429,955.7351415335604,0.9557351415335604,Noreste,32.99,39.14,-22.513076245380446,12.0,35.38,chaco,1.74186960909386,339.32620000000003
22,chaco,22063,general güemes,2021,942,68429,1376.6093323006328,1.3766093323006328,Noreste,53.36,40.47,10.894768613448491,12.0,51.34,chaco,8.033068948617505,509.50795
22,chaco,22063,general güemes,2022,882,68429,1288.9272092241592,1.2889272092241593,Noreste,90.36,100.29,16.258768970195426,12.0,94.78,chaco,12.58000497007079,885.369425
22,chaco,22063,general güemes,2023,928,68429,1356.1501702494556,1.3561501702494556,Noreste,152.68,225.08,6.451770318872274,12.0,276.35,chaco,10.050678109169752,2076.6224666666667
22,chaco,22063,general güemes,2024,855,68429,1249.4702538397464,1.2494702538397464,Noreste,145.47,106.62,-17.002317565429593,12.0,67.1,chaco,2.7109160990036685,6418.266283333333
22,chaco,22070,independencia,2017,150,21948,683.433570256971,0.683433570256971,Noreste,27.47,26.77,7.86512216770463,12.0,18.85,chaco,15.91336217664827,112.16188333333334
22,chaco,22070,independencia,2018,243,21948,1107.162383816293,1.1071623838162932,Noreste,29.71,52.86,2.8043835398188,12.0,73.5,chaco,1.6053048903692746,148.771275
22,chaco,22070,independencia,2019,276,21948,1257.5177692728266,1.2575177692728268,Noreste,40.89,52.82,-4.095869743002778,12.0,58.49,chaco,1.2763434147188055,232.35540833333332
22,chaco,22070,independencia,2020,211,21948,961.3632221614724,0.9613632221614724,Noreste,32.99,39.14,-22.513076245380446,12.0,35.38,chaco,1.74186960909386,339.32620000000003
22,chaco,22070,independencia,2021,289,21948,1316.7486786950976,1.3167486786950977,Noreste,53.36,40.47,10.894768613448491,12.0,51.34,chaco,8.033068948617505,509.50795
22,chaco,22070,independencia,2022,201,21948,915.8009841443412,0.9158009841443412,Noreste,90.36,100.29,16.258768970195426,12.0,94.78,chaco,12.58000497007079,885.369425
22,chaco,22070,independencia,2023,220,21948,1002.3692363768909,1.0023692363768908,Noreste,152.68,225.08,6.451770318872274,12.0,276.35,chaco,10.050678109169752,2076.6224666666667
22,chaco,22070,independencia,2024,185,21948,842.901403316931,0.842901403316931,Noreste,145.47,106.62,-17.002317565429593,12.0,67.1,chaco,2.7109160990036685,6418.266283333333
22,chaco,22077,libertad,2017,194,13775,1408.3484573502724,1.4083484573502725,Noreste,27.47,26.77,7.86512216770463,12.0,18.85,chaco,15.91336217664827,112.16188333333334
22,chaco,22077,libertad,2018,190,13775,1379.3103448275865,1.3793103448275863,Noreste,29.71,52.86,2.8043835398188,12.0,73.5,chaco,1.6053048903692746,148.771275
22,chaco,22077,libertad,2019,171,13775,1241.3793103448274,1.2413793103448276,Noreste,40.89,52.82,-4.095869743002778,12.0,58.49,chaco,1.2763434147188055,232.35540833333332
22,chaco,22077,libertad,2020,104,13775,754.9909255898366,0.7549909255898366,Noreste,32.99,39.14,-22.513076245380446,12.0,35.38,chaco,1.74186960909386,339.32620000000003
22,chaco,22077,libertad,2021,147,13775,1067.1506352087113,1.0671506352087117,Noreste,53.36,40.47,10.894768613448491,12.0,51.34,chaco,8.033068948617505,509.50795
22,chaco,22077,libertad,2022,140,13775,1016.3339382940107,1.0163339382940109,Noreste,90.36,100.29,16.258768970195426,12.0,94.78,chaco,12.58000497007079,885.369425
22,chaco,22077,libertad,2023,207,13775,1502.722323049002,1.502722323049002,Noreste,152.68,225.08,6.451770318872274,12.0,276.35,chaco,10.050678109169752,2076.6224666666667
22,chaco,22077,libertad,2024,262,13775,1901.9963702359344,1.9019963702359344,Noreste,145.47,106.62,-17.002317565429593,12.0,67.1,chaco,2.7109160990036685,6418.266283333333
22,chaco,22084,libertador general san martín,2017,718,65304,1099.4732328800687,1.0994732328800687,Noreste,27.47,26.77,7.86512216770463,12.0,18.85,chaco,15.91336217664827,112.16188333333334
22,chaco,22084,libertador general san martín,2018,963,65304,1474.6416758544651,1.4746416758544652,Noreste,29.71,52.86,2.8043835398188,12.0,73.5,chaco,1.6053048903692746,148.771275
22,chaco,22084,libertador general san martín,2019,1171,65304,1793.152027440892,1.793152027440892,Noreste,40.89,52.82,-4.095869743002778,12.0,58.49,chaco,1.2763434147188055,232.35540833333332
22,chaco,22084,libertador general san martín,2020,680,65304,1041.283841724856,1.041283841724856,Noreste,32.99,39.14,-22.513076245380446,12.0,35.38,chaco,1.74186960909386,339.32620000000003
22,chaco,22084,libertador general san martín,2021,625,65304,957.062354526522,0.957062354526522,Noreste,53.36,40.47,10.894768613448491,12.0,51.34,chaco,8.033068948617505,509.50795
22,chaco,22084,libertador general san martín,2022,460,65304,704.3978929315203,0.7043978929315203,Noreste,90.36,100.29,16.258768970195426,12.0,94.78,chaco,12.58000497007079,885.369425
22,chaco,22084,libertador general san martín,2023,530,65304,811.5888766384907,0.8115888766384907,Noreste,152.68,225.08,6.451770318872274,12.0,276.35,chaco,10.050678109169752,2076.6224666666667
22,chaco,22084,libertador general san martín,2024,787,65304,1205.1329168197967,1.2051329168197966,Noreste,145.47,106.62,-17.002317565429593,12.0,67.1,chaco,2.7109160990036685,6418.266283333333
22,chaco,22091,maipú,2017,307,26354,1164.908552781361,1.1649085527813614,Noreste,27.47,26.77,7.86512216770463,12.0,18.85,chaco,15.91336217664827,112.16188333333334
22,chaco,22091,maipú,2018,298,26354,1130.7581391819078,1.130758139181908,Noreste,29.71,52.86,2.8043835398188,12.0,73.5,chaco,1.6053048903692746,148.771275
22,chaco,22091,maipú,2019,305,26354,1157.3195719814828,1.1573195719814828,Noreste,40.89,52.82,-4.095869743002778,12.0,58.49,chaco,1.2763434147188055,232.35540833333332
22,chaco,22091,maipú,2020,209,26354,793.0484935873111,0.7930484935873111,Noreste,32.99,39.14,-22.513076245380446,12.0,35.38,chaco,1.74186960909386,339.32620000000003
22,chaco,22091,maipú,2021,154,26354,584.3515215906505,0.5843515215906504,Noreste,53.36,40.47,10.894768613448491,12.0,51.34,chaco,8.033068948617505,509.50795
22,chaco,22091,maipú,2022,161,26354,610.9129543902253,0.6109129543902253,Noreste,90.36,100.29,16.258768970195426,12.0,94.78,chaco,12.58000497007079,885.369425
22,chaco,22091,maipú,2023,229,26354,868.938301586097,0.8689383015860971,Noreste,152.68,225.08,6.451770318872274,12.0,276.35,chaco,10.050678109169752,2076.6224666666667
22,chaco,22091,maipú,2024,184,26354,698.186233588829,0.698186233588829,Noreste,145.47,106.62,-17.002317565429593,12.0,67.1,chaco,2.7109160990036685,6418.266283333333
22,chaco,22098,mayor luis j. fontana,2017,729,59798,1219.104317870163,1.2191043178701628,Noreste,27.47,26.77,7.86512216770463,12.0,18.85,chaco,15.91336217664827,112.16188333333334
22,chaco,22098,mayor luis j. fontana,2018,968,59798,1618.783236897555,1.618783236897555,Noreste,29.71,52.86,2.8043835398188,12.0,73.5,chaco,1.6053048903692746,148.771275
22,chaco,22098,mayor luis j. fontana,2019,819,59798,1369.6110237800597,1.3696110237800596,Noreste,40.89,52.82,-4.095869743002778,12.0,58.49,chaco,1.2763434147188055,232.35540833333332
22,chaco,22098,mayor luis j. fontana,2020,801,59798,1339.5096825980802,1.33950968259808,Noreste,32.99,39.14,-22.513076245380446,12.0,35.38,chaco,1.74186960909386,339.32620000000003
22,chaco,22098,mayor luis j. fontana,2021,776,59798,1297.7022642897757,1.2977022642897755,Noreste,53.36,40.47,10.894768613448491,12.0,51.34,chaco,8.033068948617505,509.50795
22,chaco,22098,mayor luis j. fontana,2022,718,59798,1200.709053814509,1.2007090538145089,Noreste,90.36,100.29,16.258768970195426,12.0,94.78,chaco,12.58000497007079,885.369425
22,chaco,22098,mayor luis j. fontana,2023,754,59798,1260.9117361784674,1.2609117361784674,Noreste,152.68,225.08,6.451770318872274,12.0,276.35,chaco,10.050678109169752,2076.6224666666667
22,chaco,22098,mayor luis j. fontana,2024,835,59798,1396.3677714973744,1.3963677714973743,Noreste,145.47,106.62,-17.002317565429593,12.0,67.1,chaco,2.7109160990036685,6418.266283333333
22,chaco,22105,9 de julio,2017,298,30223,986.0040366608212,0.9860040366608211,Noreste,27.47,26.77,7.86512216770463,12.0,18.85,chaco,15.91336217664827,112.16188333333334
22,chaco,22105,9 de julio,2018,288,30223,952.9166528802568,0.9529166528802568,Noreste,29.71,52.86,2.8043835398188,12.0,73.5,chaco,1.6053048903692746,148.771275
22,chaco,22105,9 de julio,2019,182,30223,602.1903848062734,0.6021903848062734,Noreste,40.89,52.82,-4.095869743002778,12.0,58.49,chaco,1.2763434147188055,232.35540833333332
22,chaco,22105,9 de julio,2020,125,30223,413.5922972570559,0.4135922972570559,Noreste,32.99,39.14,-22.513076245380446,12.0,35.38,chaco,1.74186960909386,339.32620000000003
22,chaco,22105,9 de julio,2021,168,30223,555.868047513483,0.5558680475134831,Noreste,53.36,40.47,10.894768613448491,12.0,51.34,chaco,8.033068948617505,509.50795
22,chaco,22105,9 de julio,2022,246,30223,813.949641001886,0.813949641001886,Noreste,90.36,100.29,16.258768970195426,12.0,94.78,chaco,12.58000497007079,885.369425
22,chaco,22105,9 de julio,2023,407,30223,1346.656519868974,1.346656519868974,Noreste,152.68,225.08,6.451770318872274,12.0,276.35,chaco,10.050678109169752,2076.6224666666667
22,chaco,22105,9 de julio,2024,245,30223,810.6409026238294,0.8106409026238295,Noreste,145.47,106.62,-17.002317565429593,12.0,67.1,chaco,2.7109160990036685,6418.266283333333
22,chaco,22112,o' higgins,2017,180,21544,835.4994430003715,0.8354994430003714,Noreste,27.47,26.77,7.86512216770463,12.0,18.85,chaco,15.91336217664827,112.16188333333334
22,chaco,22112,o' higgins,2018,229,21544,1062.9409580393612,1.0629409580393612,Noreste,29.71,52.86,2.8043835398188,12.0,73.5,chaco,1.6053048903692746,148.771275
22,chaco,22112,o' higgins,2019,159,21544,738.0245079836614,0.7380245079836614,Noreste,40.89,52.82,-4.095869743002778,12.0,58.49,chaco,1.2763434147188055,232.35540833333332
22,chaco,22112,o' higgins,2020,145,21544,673.0412179725214,0.6730412179725214,Noreste,32.99,39.14,-22.513076245380446,12.0,35.38,chaco,1.74186960909386,339.32620000000003
22,chaco,22112,o' higgins,2021,226,21544,1049.0159673226883,1.0490159673226884,Noreste,53.36,40.47,10.894768613448491,12.0,51.34,chaco,8.033068948617505,509.50795
22,chaco,22112,o' higgins,2022,155,21544,719.4578536947641,0.7194578536947642,Noreste,90.36,100.29,16.258768970195426,12.0,94.78,chaco,12.58000497007079,885.369425
22,chaco,22112,o' higgins,2023,169,21544,784.4411437059042,0.7844411437059042,Noreste,152.68,225.08,6.451770318872274,12.0,276.35,chaco,10.050678109169752,2076.6224666666667
22,chaco,22112,o' higgins,2024,207,21544,960.8243594504272,0.9608243594504272,Noreste,145.47,106.62,-17.002317565429593,12.0,67.1,chaco,2.7109160990036685,6418.266283333333
22,chaco,22119,presidencia de la plaza,2017,79,13938,566.7958100157842,0.5667958100157842,Noreste,27.47,26.77,7.86512216770463,12.0,18.85,chaco,15.91336217664827,112.16188333333334
22,chaco,22119,presidencia de la plaza,2018,98,13938,703.1137896398336,0.7031137896398335,Noreste,29.71,52.86,2.8043835398188,12.0,73.5,chaco,1.6053048903692746,148.771275
22,chaco,22119,presidencia de la plaza,2019,89,13938,638.5421150810733,0.6385421150810733,Noreste,40.89,52.82,-4.095869743002778,12.0,58.49,chaco,1.2763434147188055,232.35540833333332
22,chaco,22119,presidencia de la plaza,2020,77,13938,552.4465490027263,0.5524465490027264,Noreste,32.99,39.14,-22.513076245380446,12.0,35.38,chaco,1.74186960909386,339.32620000000003
22,chaco,22119,presidencia de la plaza,2021,73,13938,523.7480269766107,0.5237480269766107,Noreste,53.36,40.47,10.894768613448491,12.0,51.34,chaco,8.033068948617505,509.50795
22,chaco,22119,presidencia de la plaza,2022,89,13938,638.5421150810733,0.6385421150810733,Noreste,90.36,100.29,16.258768970195426,12.0,94.78,chaco,12.58000497007079,885.369425
22,chaco,22119,presidencia de la plaza,2023,101,13938,724.6376811594203,0.7246376811594203,Noreste,152.68,225.08,6.451770318872274,12.0,276.35,chaco,10.050678109169752,2076.6224666666667
22,chaco,22119,presidencia de la plaza,2024,130,13938,932.7019658487588,0.9327019658487588,Noreste,145.47,106.62,-17.002317565429593,12.0,67.1,chaco,2.7109160990036685,6418.266283333333
22,chaco,22126,1º de mayo,2017,65,14265,455.6607080266386,0.4556607080266386,Noreste,27.47,26.77,7.86512216770463,12.0,18.85,chaco,15.91336217664827,112.16188333333334
22,chaco,22126,1º de mayo,2018,90,14265,630.9148264984227,0.6309148264984227,Noreste,29.71,52.86,2.8043835398188,12.0,73.5,chaco,1.6053048903692746,148.771275
22,chaco,22126,1º de mayo,2019,143,14265,1002.453557658605,1.0024535576586049,Noreste,40.89,52.82,-4.095869743002778,12.0,58.49,chaco,1.2763434147188055,232.35540833333332
22,chaco,22126,1º de mayo,2020,150,14265,1051.5247108307046,1.0515247108307046,Noreste,32.99,39.14,-22.513076245380446,12.0,35.38,chaco,1.74186960909386,339.32620000000003
22,chaco,22126,1º de mayo,2021,144,14265,1009.4637223974764,1.0094637223974765,Noreste,53.36,40.47,10.894768613448491,12.0,51.34,chaco,8.033068948617505,509.50795
22,chaco,22126,1º de mayo,2022,159,14265,1114.6161934805468,1.1146161934805467,Noreste,90.36,100.29,16.258768970195426,12.0,94.78,chaco,12.58000497007079,885.369425
22,chaco,22126,1º de mayo,2023,122,14265,855.2400981423065,0.8552400981423064,Noreste,152.68,225.08,6.451770318872274,12.0,276.35,chaco,10.050678109169752,2076.6224666666667
22,chaco,22126,1º de mayo,2024,175,14265,1226.7788293024885,1.2267788293024886,Noreste,145.47,106.62,-17.002317565429593,12.0,67.1,chaco,2.7109160990036685,6418.266283333333
22,chaco,22133,quitilipi,2017,165,32430,508.7881591119334,0.5087881591119334,Noreste,27.47,26.77,7.86512216770463,12.0,18.85,chaco,15.91336217664827,112.16188333333334
22,chaco,22133,quitilipi,2018,365,32430,1125.5010792476105,1.1255010792476103,Noreste,29.71,52.86,2.8043835398188,12.0,73.5,chaco,1.6053048903692746,148.771275
22,chaco,22133,quitilipi,2019,323,32430,995.991366019118,0.995991366019118,Noreste,40.89,52.82,-4.095869743002778,12.0,58.49,chaco,1.2763434147188055,232.35540833333332
22,chaco,22133,quitilipi,2020,211,32430,650.6321307431391,0.6506321307431391,Noreste,32.99,39.14,-22.513076245380446,12.0,35.38,chaco,1.74186960909386,339.32620000000003
22,chaco,22133,quitilipi,2021,242,32430,746.2226333641689,0.7462226333641689,Noreste,53.36,40.47,10.894768613448491,12.0,51.34,chaco,8.033068948617505,509.50795
22,chaco,22133,quitilipi,2022,228,32430,703.0527289546717,0.7030527289546716,Noreste,90.36,100.29,16.258768970195426,12.0,94.78,chaco,12.58000497007079,885.369425
22,chaco,22133,quitilipi,2023,351,32430,1082.331174838113,1.0823311748381128,Noreste,152.68,225.08,6.451770318872274,12.0,276.35,chaco,10.050678109169752,2076.6224666666667
22,chaco,22133,quitilipi,2024,205,32430,632.1307431390688,0.6321307431390688,Noreste,145.47,106.62,-17.002317565429593,12.0,67.1,chaco,2.7109160990036685,6418.266283333333
22,chaco,22140,san fernando,2017,8744,413764,2113.2819674983807,2.1132819674983807,Noreste,27.47,26.77,7.86512216770463,12.0,18.85,chaco,15.91336217664827,112.16188333333334
22,chaco,22140,san fernando,2018,8169,413764,1974.3138600748252,1.9743138600748251,Noreste,29.71,52.86,2.8043835398188,12.0,73.5,chaco,1.6053048903692746,148.771275
22,chaco,22140,san fernando,2019,6853,413764,1656.2581568236967,1.6562581568236967,Noreste,40.89,52.82,-4.095869743002778,12.0,58.49,chaco,1.2763434147188055,232.35540833333332
22,chaco,22140,san fernando,2020,5390,413764,1302.6749548051546,1.3026749548051546,Noreste,32.99,39.14,-22.513076245380446,12.0,35.38,chaco,1.74186960909386,339.32620000000003
22,chaco,22140,san fernando,2021,5505,413764,1330.4685762898655,1.3304685762898658,Noreste,53.36,40.47,10.894768613448491,12.0,51.34,chaco,8.033068948617505,509.50795
22,chaco,22140,san fernando,2022,5524,413764,1335.0605659264702,1.3350605659264705,Noreste,90.36,100.29,16.258768970195426,12.0,94.78,chaco,12.58000497007079,885.369425
22,chaco,22140,san fernando,2023,7558,413764,1826.6451407082295,1.8266451407082296,Noreste,152.68,225.08,6.451770318872274,12.0,276.35,chaco,10.050678109169752,2076.6224666666667
22,chaco,22140,san fernando,2024,8017,413764,1937.5779429819895,1.9375779429819897,Noreste,145.47,106.62,-17.002317565429593,12.0,67.1,chaco,2.7109160990036685,6418.266283333333
22,chaco,22147,san lorenzo,2017,78,16045,486.1327516360237,0.4861327516360237,Noreste,27.47,26.77,7.86512216770463,12.0,18.85,chaco,15.91336217664827,112.16188333333334
22,chaco,22147,san lorenzo,2018,96,16045,598.3172327827983,0.5983172327827984,Noreste,29.71,52.86,2.8043835398188,12.0,73.5,chaco,1.6053048903692746,148.771275
22,chaco,22147,san lorenzo,2019,102,16045,635.7120598317233,0.6357120598317233,Noreste,40.89,52.82,-4.095869743002778,12.0,58.49,chaco,1.2763434147188055,232.35540833333332
22,chaco,22147,san lorenzo,2020,66,16045,411.3430975381738,0.4113430975381738,Noreste,32.99,39.14,-22.513076245380446,12.0,35.38,chaco,1.74186960909386,339.32620000000003
22,chaco,22147,san lorenzo,2021,93,16045,579.619819258336,0.5796198192583359,Noreste,53.36,40.47,10.894768613448491,12.0,51.34,chaco,8.033068948617505,509.50795
22,chaco,22147,san lorenzo,2022,85,16045,529.7600498597694,0.5297600498597694,Noreste,90.36,100.29,16.258768970195426,12.0,94.78,chaco,12.58000497007079,885.369425
22,chaco,22147,san lorenzo,2023,95,16045,592.0847616079776,0.5920847616079775,Noreste,152.68,225.08,6.451770318872274,12.0,276.35,chaco,10.050678109169752,2076.6224666666667
22,chaco,22147,san lorenzo,2024,122,16045,760.3614833281396,0.7603614833281396,Noreste,145.47,106.62,-17.002317565429593,12.0,67.1,chaco,2.7109160990036685,6418.266283333333
22,chaco,22154,sargento cabral,2017,116,18696,620.4535729567822,0.6204535729567822,Noreste,27.47,26.77,7.86512216770463,12.0,18.85,chaco,15.91336217664827,112.16188333333334
22,chaco,22154,sargento cabral,2018,101,18696,540.2225074882327,0.5402225074882328,Noreste,29.71,52.86,2.8043835398188,12.0,73.5,chaco,1.6053048903692746,148.771275
22,chaco,22154,sargento cabral,2019,95,18696,508.130081300813,0.5081300813008129,Noreste,40.89,52.82,-4.095869743002778,12.0,58.49,chaco,1.2763434147188055,232.35540833333332
22,chaco,22154,sargento cabral,2020,124,18696,663.2434745400086,0.6632434745400085,Noreste,32.99,39.14,-22.513076245380446,12.0,35.38,chaco,1.74186960909386,339.32620000000003
22,chaco,22154,sargento cabral,2021,112,18696,599.058622165169,0.599058622165169,Noreste,53.36,40.47,10.894768613448491,12.0,51.34,chaco,8.033068948617505,509.50795
22,chaco,22154,sargento cabral,2022,107,18696,572.3149336756526,0.5723149336756526,Noreste,90.36,100.29,16.258768970195426,12.0,94.78,chaco,12.58000497007079,885.369425
22,chaco,22154,sargento cabral,2023,87,18696,465.3401797175867,0.4653401797175867,Noreste,152.68,225.08,6.451770318872274,12.0,276.35,chaco,10.050678109169752,2076.6224666666667
22,chaco,22154,sargento cabral,2024,132,18696,706.0333761232349,0.7060333761232349,Noreste,145.47,106.62,-17.002317565429593,12.0,67.1,chaco,2.7109160990036685,6418.266283333333
22,chaco,22161,tapenagá,2017,37,4051,913.354727227845,0.913354727227845,Noreste,27.47,26.77,7.86512216770463,12.0,18.85,chaco,15.91336217664827,112.16188333333334
22,chaco,22161,tapenagá,2018,29,4051,715.8726240434461,0.715872624043446,Noreste,29.71,52.86,2.8043835398188,12.0,73.5,chaco,1.6053048903692746,148.771275
22,chaco,22161,tapenagá,2019,20,4051,493.7052579609973,0.4937052579609973,Noreste,40.89,52.82,-4.095869743002778,12.0,58.49,chaco,1.2763434147188055,232.35540833333332
22,chaco,22161,tapenagá,2020,29,4051,715.8726240434461,0.715872624043446,Noreste,32.99,39.14,-22.513076245380446,12.0,35.38,chaco,1.74186960909386,339.32620000000003
22,chaco,22161,tapenagá,2021,24,4051,592.4463095531968,0.5924463095531968,Noreste,53.36,40.47,10.894768613448491,12.0,51.34,chaco,8.033068948617505,509.50795
22,chaco,22161,tapenagá,2022,27,4051,666.5020982473463,0.6665020982473463,Noreste,90.36,100.29,16.258768970195426,12.0,94.78,chaco,12.58000497007079,885.369425
22,chaco,22161,tapenagá,2023,16,4051,394.9642063687978,0.3949642063687978,Noreste,152.68,225.08,6.451770318872274,12.0,276.35,chaco,10.050678109169752,2076.6224666666667
22,chaco,22161,tapenagá,2024,23,4051,567.7610466551469,0.5677610466551469,Noreste,145.47,106.62,-17.002317565429593,12.0,67.1,chaco,2.7109160990036685,6418.266283333333
22,chaco,22168,25 de mayo,2017,522,32606,1600.932343740416,1.600932343740416,Noreste,27.47,26.77,7.86512216770463,12.0,18.85,chaco,15.91336217664827,112.16188333333334
22,chaco,22168,25 de mayo,2018,480,32606,1472.121695393486,1.472121695393486,Noreste,29.71,52.86,2.8043835398188,12.0,73.5,chaco,1.6053048903692746,148.771275
22,chaco,22168,25 de mayo,2019,448,32606,1373.9802490339202,1.37398024903392,Noreste,40.89,52.82,-4.095869743002778,12.0,58.49,chaco,1.2763434147188055,232.35540833333332
22,chaco,22168,25 de mayo,2020,310,32606,950.7452616082928,0.9507452616082928,Noreste,32.99,39.14,-22.513076245380446,12.0,35.38,chaco,1.74186960909386,339.32620000000003
22,chaco,22168,25 de mayo,2021,316,32606,969.1467828007114,0.9691467828007114,Noreste,53.36,40.47,10.894768613448491,12.0,51.34,chaco,8.033068948617505,509.50795
22,chaco,22168,25 de mayo,2022,305,32606,935.4106606146108,0.9354106606146108,Noreste,90.36,100.29,16.258768970195426,12.0,94.78,chaco,12.58000497007079,885.369425
22,chaco,22168,25 de mayo,2023,300,32606,920.0760596209288,0.9200760596209288,Noreste,152.68,225.08,6.451770318872274,12.0,276.35,chaco,10.050678109169752,2076.6224666666667
22,chaco,22168,25 de mayo,2024,366,32606,1122.492792737533,1.122492792737533,Noreste,145.47,106.62,-17.002317565429593,12.0,67.1,chaco,2.7109160990036685,6418.266283333333
26,chubut,26007,biedma,2017,2209,102806,2148.7072738945194,2.1487072738945194,Patagonia,27.47,26.77,7.86512216770463,12.0,18.85,chubut,4.175487700340286,112.690775
26,chubut,26007,biedma,2018,1890,102806,1838.4141003443376,1.8384141003443375,Patagonia,29.71,52.86,2.8043835398188,12.0,73.5,chubut,-9.613181833057748,151.49149166666666
26,chubut,26007,biedma,2019,2086,102806,2029.0644514911585,2.029064451491158,Patagonia,40.89,52.82,-4.095869743002778,12.0,58.49,chubut,0.6967409558161775,233.9737583333333
26,chubut,26007,biedma,2020,1944,102806,1890.9402174970328,1.890940217497033,Patagonia,32.99,39.14,-22.513076245380446,12.0,35.38,chubut,2.5125550702279176,329.6104833333333
26,chubut,26007,biedma,2021,2096,102806,2038.7915102231384,2.038791510223138,Patagonia,53.36,40.47,10.894768613448491,12.0,51.34,chubut,6.779176918027519,485.76885833333336
26,chubut,26007,biedma,2022,2247,102806,2185.670097076046,2.1856700970760463,Patagonia,90.36,100.29,16.258768970195426,12.0,94.78,chubut,2.3461155127169957,835.4642916666667
26,chubut,26007,biedma,2023,2474,102806,2406.4743302920065,2.4064743302920064,Patagonia,152.68,225.08,6.451770318872274,12.0,276.35,chubut,1.429663703226769,1928.9852666666663
26,chubut,26007,biedma,2024,2227,102806,2166.215979612085,2.166215979612085,Patagonia,145.47,106.62,-17.002317565429593,12.0,67.1,chubut,2.7576819723712958,6248.453975
26,chubut,26014,cushamen,2017,185,28099,658.3864194455319,0.6583864194455319,Patagonia,27.47,26.77,7.86512216770463,12.0,18.85,chubut,4.175487700340286,112.690775
26,chubut,26014,cushamen,2018,379,28099,1348.8024484857112,1.3488024484857113,Patagonia,29.71,52.86,2.8043835398188,12.0,73.5,chubut,-9.613181833057748,151.49149166666666
26,chubut,26014,cushamen,2019,319,28099,1135.271717854728,1.135271717854728,Patagonia,40.89,52.82,-4.095869743002778,12.0,58.49,chubut,0.6967409558161775,233.9737583333333
26,chubut,26014,cushamen,2020,290,28099,1032.0651980497528,1.0320651980497526,Patagonia,32.99,39.14,-22.513076245380446,12.0,35.38,chubut,2.5125550702279176,329.6104833333333
26,chubut,26014,cushamen,2021,268,28099,953.770596818392,0.953770596818392,Patagonia,53.36,40.47,10.894768613448491,12.0,51.34,chubut,6.779176918027519,485.76885833333336
26,chubut,26014,cushamen,2022,382,28099,1359.4789850172604,1.3594789850172604,Patagonia,90.36,100.29,16.258768970195426,12.0,94.78,chubut,2.3461155127169957,835.4642916666667
26,chubut,26014,cushamen,2023,491,28099,1747.3931456635466,1.7473931456635468,Patagonia,152.68,225.08,6.451770318872274,12.0,276.35,chubut,1.429663703226769,1928.9852666666663
26,chubut,26014,cushamen,2024,556,28099,1978.718103847112,1.978718103847112,Patagonia,145.47,106.62,-17.002317565429593,12.0,67.1,chubut,2.7576819723712958,6248.453975
26,chubut,26021,escalante,2017,3119,214829,1451.8524035395594,1.4518524035395597,Patagonia,27.47,26.77,7.86512216770463,12.0,18.85,chubut,4.175487700340286,112.690775
26,chubut,26021,escalante,2018,3510,214829,1633.8576262981255,1.6338576262981257,Patagonia,29.71,52.86,2.8043835398188,12.0,73.5,chubut,-9.613181833057748,151.49149166666666
26,chubut,26021,escalante,2019,3550,214829,1652.477086426879,1.652477086426879,Patagonia,40.89,52.82,-4.095869743002778,12.0,58.49,chubut,0.6967409558161775,233.9737583333333
26,chubut,26021,escalante,2020,2723,214829,1267.5197482648991,1.2675197482648992,Patagonia,32.99,39.14,-22.513076245380446,12.0,35.38,chubut,2.5125550702279176,329.6104833333333
26,chubut,26021,escalante,2021,3257,214829,1516.0895409837592,1.5160895409837591,Patagonia,53.36,40.47,10.894768613448491,12.0,51.34,chubut,6.779176918027519,485.76885833333336
26,chubut,26021,escalante,2022,3286,214829,1529.5886495771051,1.5295886495771054,Patagonia,90.36,100.29,16.258768970195426,12.0,94.78,chubut,2.3461155127169957,835.4642916666667
26,chubut,26021,escalante,2023,5032,214829,2342.3280841971987,2.3423280841971987,Patagonia,152.68,225.08,6.451770318872274,12.0,276.35,chubut,1.429663703226769,1928.9852666666663
26,chubut,26021,escalante,2024,5095,214829,2371.6537338999856,2.371653733899985,Patagonia,145.47,106.62,-17.002317565429593,12.0,67.1,chubut,2.7576819723712958,6248.453975
26,chubut,26028,florentino ameghino,2017,5,1782,280.58361391694723,0.2805836139169472,Patagonia,27.47,26.77,7.86512216770463,12.0,18.85,chubut,4.175487700340286,112.690775
26,chubut,26028,florentino ameghino,2018,43,1782,2413.0190796857464,2.4130190796857462,Patagonia,29.71,52.86,2.8043835398188,12.0,73.5,chubut,-9.613181833057748,151.49149166666666
26,chubut,26028,florentino ameghino,2019,30,1782,1683.5016835016834,1.6835016835016834,Patagonia,40.89,52.82,-4.095869743002778,12.0,58.49,chubut,0.6967409558161775,233.9737583333333
26,chubut,26028,florentino ameghino,2020,10,1782,561.1672278338945,0.5611672278338945,Patagonia,32.99,39.14,-22.513076245380446,12.0,35.38,chubut,2.5125550702279176,329.6104833333333
26,chubut,26028,florentino ameghino,2021,9,1782,505.0505050505051,0.5050505050505051,Patagonia,53.36,40.47,10.894768613448491,12.0,51.34,chubut,6.779176918027519,485.76885833333336
26,chubut,26028,florentino ameghino,2022,5,1782,280.58361391694723,0.2805836139169472,Patagonia,90.36,100.29,16.258768970195426,12.0,94.78,chubut,2.3461155127169957,835.4642916666667
26,chubut,26028,florentino ameghino,2023,10,1782,561.1672278338945,0.5611672278338945,Patagonia,152.68,225.08,6.451770318872274,12.0,276.35,chubut,1.429663703226769,1928.9852666666663
26,chubut,26028,florentino ameghino,2024,20,1782,1122.334455667789,1.122334455667789,Patagonia,145.47,106.62,-17.002317565429593,12.0,67.1,chubut,2.7576819723712958,6248.453975
26,chubut,26035,futaleufú,2017,865,49965,1731.2118482938056,1.7312118482938057,Patagonia,27.47,26.77,7.86512216770463,12.0,18.85,chubut,4.175487700340286,112.690775
26,chubut,26035,futaleufú,2018,934,49965,1869.3085159611728,1.8693085159611729,Patagonia,29.71,52.86,2.8043835398188,12.0,73.5,chubut,-9.613181833057748,151.49149166666666
26,chubut,26035,futaleufú,2019,881,49965,1763.234263984789,1.763234263984789,Patagonia,40.89,52.82,-4.095869743002778,12.0,58.49,chubut,0.6967409558161775,233.9737583333333
26,chubut,26035,futaleufú,2020,736,49965,1473.0311217852498,1.47303112178525,Patagonia,32.99,39.14,-22.513076245380446,12.0,35.38,chubut,2.5125550702279176,329.6104833333333
26,chubut,26035,futaleufú,2021,957,49965,1915.340738516962,1.9153407385169616,Patagonia,53.36,40.47,10.894768613448491,12.0,51.34,chubut,6.779176918027519,485.76885833333336
26,chubut,26035,futaleufú,2022,707,49965,1414.9904933453415,1.4149904933453417,Patagonia,90.36,100.29,16.258768970195426,12.0,94.78,chubut,2.3461155127169957,835.4642916666667
26,chubut,26035,futaleufú,2023,897,49965,1795.2566796757728,1.795256679675773,Patagonia,152.68,225.08,6.451770318872274,12.0,276.35,chubut,1.429663703226769,1928.9852666666663
26,chubut,26035,futaleufú,2024,891,49965,1783.248273791654,1.783248273791654,Patagonia,145.47,106.62,-17.002317565429593,12.0,67.1,chubut,2.7576819723712958,6248.453975
26,chubut,26042,gaiman,2017,205,12505,1639.344262295082,1.639344262295082,Patagonia,27.47,26.77,7.86512216770463,12.0,18.85,chubut,4.175487700340286,112.690775
26,chubut,26042,gaiman,2018,202,12505,1615.3538584566174,1.6153538584566176,Patagonia,29.71,52.86,2.8043835398188,12.0,73.5,chubut,-9.613181833057748,151.49149166666666
26,chubut,26042,gaiman,2019,205,12505,1639.344262295082,1.639344262295082,Patagonia,40.89,52.82,-4.095869743002778,12.0,58.49,chubut,0.6967409558161775,233.9737583333333
26,chubut,26042,gaiman,2020,174,12505,1391.4434226309477,1.3914434226309476,Patagonia,32.99,39.14,-22.513076245380446,12.0,35.38,chubut,2.5125550702279176,329.6104833333333
26,chubut,26042,gaiman,2021,187,12505,1495.4018392642945,1.4954018392642945,Patagonia,53.36,40.47,10.894768613448491,12.0,51.34,chubut,6.779176918027519,485.76885833333336
26,chubut,26042,gaiman,2022,256,12505,2047.1811275489804,2.0471811275489804,Patagonia,90.36,100.29,16.258768970195426,12.0,94.78,chubut,2.3461155127169957,835.4642916666667
26,chubut,26042,gaiman,2023,278,12505,2223.1107556977213,2.223110755697721,Patagonia,152.68,225.08,6.451770318872274,12.0,276.35,chubut,1.429663703226769,1928.9852666666663
26,chubut,26042,gaiman,2024,292,12505,2335.065973610556,2.335065973610556,Patagonia,145.47,106.62,-17.002317565429593,12.0,67.1,chubut,2.7576819723712958,6248.453975
26,chubut,26049,gastre,2017,3,1181,254.0220152413209,0.2540220152413209,Patagonia,27.47,26.77,7.86512216770463,12.0,18.85,chubut,4.175487700340286,112.690775
26,chubut,26049,gastre,2018,24,1181,2032.1761219305672,2.032176121930567,Patagonia,29.71,52.86,2.8043835398188,12.0,73.5,chubut,-9.613181833057748,151.49149166666666
26,chubut,26049,gastre,2019,14,1181,1185.4360711261645,1.1854360711261642,Patagonia,40.89,52.82,-4.095869743002778,12.0,58.49,chubut,0.6967409558161775,233.9737583333333
26,chubut,26049,gastre,2020,6,1181,508.0440304826418,0.5080440304826418,Patagonia,32.99,39.14,-22.513076245380446,12.0,35.38,chubut,2.5125550702279176,329.6104833333333
26,chubut,26049,gastre,2021,3,1181,254.0220152413209,0.2540220152413209,Patagonia,53.36,40.47,10.894768613448491,12.0,51.34,chubut,6.779176918027519,485.76885833333336
26,chubut,26049,gastre,2022,0,1181,0.0,0.0,Patagonia,90.36,100.29,16.258768970195426,12.0,94.78,chubut,2.3461155127169957,835.4642916666667
26,chubut,26049,gastre,2023,0,1181,0.0,0.0,Patagonia,152.68,225.08,6.451770318872274,12.0,276.35,chubut,1.429663703226769,1928.9852666666663
26,chubut,26056,languiñeo,2017,11,2862,384.3466107617051,0.384346610761705,Patagonia,27.47,26.77,7.86512216770463,12.0,18.85,chubut,4.175487700340286,112.690775
26,chubut,26056,languiñeo,2018,16,2862,559.0496156533892,0.5590496156533892,Patagonia,29.71,52.86,2.8043835398188,12.0,73.5,chubut,-9.613181833057748,151.49149166666666
26,chubut,26056,languiñeo,2019,30,2862,1048.2180293501049,1.0482180293501049,Patagonia,40.89,52.82,-4.095869743002778,12.0,58.49,chubut,0.6967409558161775,233.9737583333333
26,chubut,26056,languiñeo,2020,12,2862,419.2872117400419,0.4192872117400419,Patagonia,32.99,39.14,-22.513076245380446,12.0,35.38,chubut,2.5125550702279176,329.6104833333333
26,chubut,26056,languiñeo,2021,14,2862,489.1684136967156,0.4891684136967156,Patagonia,53.36,40.47,10.894768613448491,12.0,51.34,chubut,6.779176918027519,485.76885833333336
26,chubut,26056,languiñeo,2022,29,2862,1013.277428371768,1.013277428371768,Patagonia,90.36,100.29,16.258768970195426,12.0,94.78,chubut,2.3461155127169957,835.4642916666667
26,chubut,26056,languiñeo,2023,31,2862,1083.1586303284416,1.0831586303284415,Patagonia,152.68,225.08,6.451770318872274,12.0,276.35,chubut,1.429663703226769,1928.9852666666663
26,chubut,26056,languiñeo,2024,37,2862,1292.8022361984629,1.2928022361984626,Patagonia,145.47,106.62,-17.002317565429593,12.0,67.1,chubut,2.7576819723712958,6248.453975
26,chubut,26063,mártires,2017,1,744,134.40860215053763,0.1344086021505376,Patagonia,27.47,26.77,7.86512216770463,12.0,18.85,chubut,4.175487700340286,112.690775
26,chubut,26063,mártires,2018,5,744,672.0430107526881,0.6720430107526881,Patagonia,29.71,52.86,2.8043835398188,12.0,73.5,chubut,-9.613181833057748,151.49149166666666
26,chubut,26063,mártires,2019,4,744,537.6344086021505,0.5376344086021506,Patagonia,40.89,52.82,-4.095869743002778,12.0,58.49,chubut,0.6967409558161775,233.9737583333333
26,chubut,26063,mártires,2020,11,744,1478.494623655914,1.478494623655914,Patagonia,32.99,39.14,-22.513076245380446,12.0,35.38,chubut,2.5125550702279176,329.6104833333333
26,chubut,26063,mártires,2021,8,744,1075.268817204301,1.0752688172043012,Patagonia,53.36,40.47,10.894768613448491,12.0,51.34,chubut,6.779176918027519,485.76885833333336
26,chubut,26063,mártires,2022,13,744,1747.3118279569892,1.747311827956989,Patagonia,90.36,100.29,16.258768970195426,12.0,94.78,chubut,2.3461155127169957,835.4642916666667
26,chubut,26063,mártires,2023,10,744,1344.0860215053765,1.3440860215053765,Patagonia,152.68,225.08,6.451770318872274,12.0,276.35,chubut,1.429663703226769,1928.9852666666663
26,chubut,26063,mártires,2024,7,744,940.8602150537636,0.9408602150537636,Patagonia,145.47,106.62,-17.002317565429593,12.0,67.1,chubut,2.7576819723712958,6248.453975
26,chubut,26070,paso de indios,2017,6,1882,318.8097768331562,0.3188097768331562,Patagonia,27.47,26.77,7.86512216770463,12.0,18.85,chubut,4.175487700340286,112.690775
26,chubut,26070,paso de indios,2018,14,1882,743.8894792773646,0.7438894792773645,Patagonia,29.71,52.86,2.8043835398188,12.0,73.5,chubut,-9.613181833057748,151.49149166666666
26,chubut,26070,paso de indios,2019,21,1882,1115.834218916047,1.1158342189160468,Patagonia,40.89,52.82,-4.095869743002778,12.0,58.49,chubut,0.6967409558161775,233.9737583333333
26,chubut,26070,paso de indios,2020,15,1882,797.0244420828906,0.7970244420828906,Patagonia,32.99,39.14,-22.513076245380446,12.0,35.38,chubut,2.5125550702279176,329.6104833333333
26,chubut,26070,paso de indios,2021,23,1882,1222.104144527099,1.2221041445270988,Patagonia,53.36,40.47,10.894768613448491,12.0,51.34,chubut,6.779176918027519,485.76885833333336
26,chubut,26070,paso de indios,2022,26,1882,1381.509032943677,1.381509032943677,Patagonia,90.36,100.29,16.258768970195426,12.0,94.78,chubut,2.3461155127169957,835.4642916666667
26,chubut,26070,paso de indios,2023,23,1882,1222.104144527099,1.2221041445270988,Patagonia,152.68,225.08,6.451770318872274,12.0,276.35,chubut,1.429663703226769,1928.9852666666663
26,chubut,26070,paso de indios,2024,30,1882,1594.0488841657811,1.5940488841657812,Patagonia,145.47,106.62,-17.002317565429593,12.0,67.1,chubut,2.7576819723712958,6248.453975
26,chubut,26077,rawson,2017,3898,144420,2699.0721506716523,2.699072150671652,Patagonia,27.47,26.77,7.86512216770463,12.0,18.85,chubut,4.175487700340286,112.690775
26,chubut,26077,rawson,2018,3819,144420,2644.370585791442,2.644370585791442,Patagonia,29.71,52.86,2.8043835398188,12.0,73.5,chubut,-9.613181833057748,151.49149166666666
26,chubut,26077,rawson,2019,4471,144420,3095.8316022711538,3.095831602271154,Patagonia,40.89,52.82,-4.095869743002778,12.0,58.49,chubut,0.6967409558161775,233.9737583333333
26,chubut,26077,rawson,2020,3628,144420,2512.1174352582743,2.5121174352582742,Patagonia,32.99,39.14,-22.513076245380446,12.0,35.38,chubut,2.5125550702279176,329.6104833333333
26,chubut,26077,rawson,2021,4936,144420,3417.809167705304,3.417809167705304,Patagonia,53.36,40.47,10.894768613448491,12.0,51.34,chubut,6.779176918027519,485.76885833333336
26,chubut,26077,rawson,2022,4910,144420,3399.806121035868,3.399806121035868,Patagonia,90.36,100.29,16.258768970195426,12.0,94.78,chubut,2.3461155127169957,835.4642916666667
26,chubut,26077,rawson,2023,6271,144420,4342.196371693672,4.342196371693671,Patagonia,152.68,225.08,6.451770318872274,12.0,276.35,chubut,1.429663703226769,1928.9852666666663
26,chubut,26077,rawson,2024,5664,144420,3921.894474449522,3.9218944744495214,Patagonia,145.47,106.62,-17.002317565429593,12.0,67.1,chubut,2.7576819723712958,6248.453975
26,chubut,26084,río senguer,2017,8,6347,126.04380022057666,0.1260438002205766,Patagonia,27.47,26.77,7.86512216770463,12.0,18.85,chubut,4.175487700340286,112.690775
26,chubut,26084,río senguer,2018,25,6347,393.886875689302,0.393886875689302,Patagonia,29.71,52.86,2.8043835398188,12.0,73.5,chubut,-9.613181833057748,151.49149166666666
26,chubut,26084,río senguer,2019,42,6347,661.7299511580273,0.6617299511580274,Patagonia,40.89,52.82,-4.095869743002778,12.0,58.49,chubut,0.6967409558161775,233.9737583333333
26,chubut,26084,río senguer,2020,29,6347,456.90877579959033,0.4569087757995903,Patagonia,32.99,39.14,-22.513076245380446,12.0,35.38,chubut,2.5125550702279176,329.6104833333333
26,chubut,26084,río senguer,2021,44,6347,693.2409012131716,0.6932409012131715,Patagonia,53.36,40.47,10.894768613448491,12.0,51.34,chubut,6.779176918027519,485.76885833333336
26,chubut,26084,río senguer,2022,28,6347,441.1533007720183,0.4411533007720182,Patagonia,90.36,100.29,16.258768970195426,12.0,94.78,chubut,2.3461155127169957,835.4642916666667
26,chubut,26084,río senguer,2023,34,6347,535.6861509374507,0.5356861509374508,Patagonia,152.68,225.08,6.451770318872274,12.0,276.35,chubut,1.429663703226769,1928.9852666666663
26,chubut,26084,río senguer,2024,40,6347,630.2190011028832,0.6302190011028832,Patagonia,145.47,106.62,-17.002317565429593,12.0,67.1,chubut,2.7576819723712958,6248.453975
26,chubut,26091,sarmiento,2017,201,14477,1388.409200801271,1.388409200801271,Patagonia,27.47,26.77,7.86512216770463,12.0,18.85,chubut,4.175487700340286,112.690775
26,chubut,26091,sarmiento,2018,268,14477,1851.212267735028,1.851212267735028,Patagonia,29.71,52.86,2.8043835398188,12.0,73.5,chubut,-9.613181833057748,151.49149166666666
26,chubut,26091,sarmiento,2019,235,14477,1623.2644884989984,1.6232644884989984,Patagonia,40.89,52.82,-4.095869743002778,12.0,58.49,chubut,0.6967409558161775,233.9737583333333
26,chubut,26091,sarmiento,2020,163,14477,1125.923879256752,1.125923879256752,Patagonia,32.99,39.14,-22.513076245380446,12.0,35.38,chubut,2.5125550702279176,329.6104833333333
26,chubut,26091,sarmiento,2021,213,14477,1471.2993023416454,1.4712993023416454,Patagonia,53.36,40.47,10.894768613448491,12.0,51.34,chubut,6.779176918027519,485.76885833333336
26,chubut,26091,sarmiento,2022,232,14477,1602.541963113905,1.602541963113905,Patagonia,90.36,100.29,16.258768970195426,12.0,94.78,chubut,2.3461155127169957,835.4642916666667
26,chubut,26091,sarmiento,2023,242,14477,1671.617047730883,1.6716170477308834,Patagonia,152.68,225.08,6.451770318872274,12.0,276.35,chubut,1.429663703226769,1928.9852666666663
26,chubut,26091,sarmiento,2024,219,14477,1512.7443531118329,1.5127443531118323,Patagonia,145.47,106.62,-17.002317565429593,12.0,67.1,chubut,2.7576819723712958,6248.453975
26,chubut,26098,tehuelches,2017,15,5947,252.2280141247688,0.2522280141247688,Patagonia,27.47,26.77,7.86512216770463,12.0,18.85,chubut,4.175487700340286,112.690775
26,chubut,26098,tehuelches,2018,44,5947,739.8688414326551,0.7398688414326551,Patagonia,29.71,52.86,2.8043835398188,12.0,73.5,chubut,-9.613181833057748,151.49149166666666
26,chubut,26098,tehuelches,2019,58,5947,975.2816546157726,0.9752816546157724,Patagonia,40.89,52.82,-4.095869743002778,12.0,58.49,chubut,0.6967409558161775,233.9737583333333
26,chubut,26098,tehuelches,2020,52,5947,874.3904489658651,0.874390448965865,Patagonia,32.99,39.14,-22.513076245380446,12.0,35.38,chubut,2.5125550702279176,329.6104833333333
26,chubut,26098,tehuelches,2021,49,5947,823.9448461409114,0.8239448461409113,Patagonia,53.36,40.47,10.894768613448491,12.0,51.34,chubut,6.779176918027519,485.76885833333336
26,chubut,26098,tehuelches,2022,69,5947,1160.2488649739364,1.1602488649739364,Patagonia,90.36,100.29,16.258768970195426,12.0,94.78,chubut,2.3461155127169957,835.4642916666667
26,chubut,26098,tehuelches,2023,103,5947,1731.965696990079,1.7319656969900792,Patagonia,152.68,225.08,6.451770318872274,12.0,276.35,chubut,1.429663703226769,1928.9852666666663
26,chubut,26098,tehuelches,2024,74,5947,1244.324869682193,1.2443248696821927,Patagonia,145.47,106.62,-17.002317565429593,12.0,67.1,chubut,2.7576819723712958,6248.453975
26,chubut,26105,telsen,2017,0,1608,0.0,0.0,Patagonia,27.47,26.77,7.86512216770463,12.0,18.85,chubut,4.175487700340286,112.690775
26,chubut,26105,telsen,2018,18,1608,1119.4029850746267,1.1194029850746268,Patagonia,29.71,52.86,2.8043835398188,12.0,73.5,chubut,-9.613181833057748,151.49149166666666
26,chubut,26105,telsen,2019,8,1608,497.5124378109453,0.4975124378109453,Patagonia,40.89,52.82,-4.095869743002778,12.0,58.49,chubut,0.6967409558161775,233.9737583333333
26,chubut,26105,telsen,2020,4,1608,248.75621890547265,0.2487562189054726,Patagonia,32.99,39.14,-22.513076245380446,12.0,35.38,chubut,2.5125550702279176,329.6104833333333
26,chubut,26105,telsen,2021,2,1608,124.37810945273633,0.1243781094527363,Patagonia,53.36,40.47,10.894768613448491,12.0,51.34,chubut,6.779176918027519,485.76885833333336
26,chubut,26105,telsen,2022,0,1608,0.0,0.0,Patagonia,90.36,100.29,16.258768970195426,12.0,94.78,chubut,2.3461155127169957,835.4642916666667
26,chubut,26105,telsen,2023,3,1608,186.56716417910448,0.1865671641791044,Patagonia,152.68,225.08,6.451770318872274,12.0,276.35,chubut,1.429663703226769,1928.9852666666663
26,chubut,26105,telsen,2024,6,1608,373.13432835820896,0.3731343283582089,Patagonia,145.47,106.62,-17.002317565429593,12.0,67.1,chubut,2.7576819723712958,6248.453975
30,entre ríos,30008,colón,2017,578,74890,771.7986380024035,0.7717986380024036,Pampeana,27.47,26.77,7.86512216770463,12.0,18.85,entre ríos,7.759420566666497,112.74496666666666
30,entre ríos,30008,colón,2018,309,74890,412.6051542261984,0.4126051542261983,Pampeana,29.71,52.86,2.8043835398188,12.0,73.5,entre ríos,0.737252472822969,151.7446
30,entre ríos,30008,colón,2019,390,74890,520.7637868874349,0.520763786887435,Pampeana,40.89,52.82,-4.095869743002778,12.0,58.49,entre ríos,1.1259834644619326,232.9267583333333
30,entre ríos,30008,colón,2020,364,74890,486.0462010949393,0.4860462010949393,Pampeana,32.99,39.14,-22.513076245380446,12.0,35.38,entre ríos,2.304455524878324,333.64571666666666
30,entre ríos,30008,colón,2021,505,74890,674.3223394311657,0.6743223394311657,Pampeana,53.36,40.47,10.894768613448491,12.0,51.34,entre ríos,7.157575323582588,499.07357500000006
30,entre ríos,30008,colón,2022,752,74890,1004.1394044598744,1.0041394044598746,Pampeana,90.36,100.29,16.258768970195426,12.0,94.78,entre ríos,9.473759144777215,855.2844833333334
30,entre ríos,30008,colón,2023,1254,74890,1674.4558686072903,1.6744558686072906,Pampeana,152.68,225.08,6.451770318872274,12.0,276.35,entre ríos,8.974040180971121,1996.2926583333333
30,entre ríos,30008,colón,2024,1610,74890,2149.8197356122314,2.149819735612231,Pampeana,145.47,106.62,-17.002317565429593,12.0,67.1,entre ríos,2.3802441318513834,6356.215883333333
30,entre ríos,30015,concordia,2017,3426,197603,1733.7793454552816,1.7337793454552817,Pampeana,27.47,26.77,7.86512216770463,12.0,18.85,entre ríos,7.759420566666497,112.74496666666666
30,entre ríos,30015,concordia,2018,4694,197603,2375.4700080464363,2.3754700080464364,Pampeana,29.71,52.86,2.8043835398188,12.0,73.5,entre ríos,0.737252472822969,151.7446
30,entre ríos,30015,concordia,2019,4254,197603,2152.8013238665408,2.1528013238665404,Pampeana,40.89,52.82,-4.095869743002778,12.0,58.49,entre ríos,1.1259834644619326,232.9267583333333
30,entre ríos,30015,concordia,2020,3640,197603,1842.077296397322,1.842077296397322,Pampeana,32.99,39.14,-22.513076245380446,12.0,35.38,entre ríos,2.304455524878324,333.64571666666666
30,entre ríos,30015,concordia,2021,3754,197603,1899.768728207568,1.899768728207568,Pampeana,53.36,40.47,10.894768613448491,12.0,51.34,entre ríos,7.157575323582588,499.07357500000006
30,entre ríos,30015,concordia,2022,4187,197603,2118.8949560482383,2.118894956048238,Pampeana,90.36,100.29,16.258768970195426,12.0,94.78,entre ríos,9.473759144777215,855.2844833333334
30,entre ríos,30015,concordia,2023,4981,197603,2520.710717954687,2.520710717954687,Pampeana,152.68,225.08,6.451770318872274,12.0,276.35,entre ríos,8.974040180971121,1996.2926583333333
30,entre ríos,30015,concordia,2024,5017,197603,2538.929064842133,2.538929064842133,Pampeana,145.47,106.62,-17.002317565429593,12.0,67.1,entre ríos,2.3802441318513834,6356.215883333333
30,entre ríos,30021,diamante,2017,513,52312,980.6545343324668,0.9806545343324669,Pampeana,27.47,26.77,7.86512216770463,12.0,18.85,entre ríos,7.759420566666497,112.74496666666666
30,entre ríos,30021,diamante,2018,446,52312,852.5768466126319,0.8525768466126319,Pampeana,29.71,52.86,2.8043835398188,12.0,73.5,entre ríos,0.737252472822969,151.7446
30,entre ríos,30021,diamante,2019,386,52312,737.8804098486007,0.7378804098486007,Pampeana,40.89,52.82,-4.095869743002778,12.0,58.49,entre ríos,1.1259834644619326,232.9267583333333
30,entre ríos,30021,diamante,2020,247,52312,472.1669980119284,0.4721669980119284,Pampeana,32.99,39.14,-22.513076245380446,12.0,35.38,entre ríos,2.304455524878324,333.64571666666666
30,entre ríos,30021,diamante,2021,488,52312,932.8643523474536,0.9328643523474536,Pampeana,53.36,40.47,10.894768613448491,12.0,51.34,entre ríos,7.157575323582588,499.07357500000006
30,entre ríos,30021,diamante,2022,632,52312,1208.1358005811285,1.208135800581129,Pampeana,90.36,100.29,16.258768970195426,12.0,94.78,entre ríos,9.473759144777215,855.2844833333334
30,entre ríos,30021,diamante,2023,700,52312,1338.125095580364,1.338125095580364,Pampeana,152.68,225.08,6.451770318872274,12.0,276.35,entre ríos,8.974040180971121,1996.2926583333333
30,entre ríos,30021,diamante,2024,947,52312,1810.2920935922923,1.8102920935922924,Pampeana,145.47,106.62,-17.002317565429593,12.0,67.1,entre ríos,2.3802441318513834,6356.215883333333
30,entre ríos,30028,federación,2017,1179,78264,1506.4397424103036,1.5064397424103035,Pampeana,27.47,26.77,7.86512216770463,12.0,18.85,entre ríos,7.759420566666497,112.74496666666666
30,entre ríos,30028,federación,2018,769,78264,982.5718082387816,0.9825718082387817,Pampeana,29.71,52.86,2.8043835398188,12.0,73.5,entre ríos,0.737252472822969,151.7446
30,entre ríos,30028,federación,2019,831,78264,1061.7908616988657,1.0617908616988654,Pampeana,40.89,52.82,-4.095869743002778,12.0,58.49,entre ríos,1.1259834644619326,232.9267583333333
30,entre ríos,30028,federación,2020,517,78264,660.5846877236022,0.6605846877236022,Pampeana,32.99,39.14,-22.513076245380446,12.0,35.38,entre ríos,2.304455524878324,333.64571666666666
30,entre ríos,30028,federación,2021,505,78264,645.2519676990698,0.6452519676990698,Pampeana,53.36,40.47,10.894768613448491,12.0,51.34,entre ríos,7.157575323582588,499.07357500000006
30,entre ríos,30028,federación,2022,753,78264,962.1281815394052,0.9621281815394052,Pampeana,90.36,100.29,16.258768970195426,12.0,94.78,entre ríos,9.473759144777215,855.2844833333334
30,entre ríos,30028,federación,2023,1014,78264,1295.6148420729835,1.2956148420729836,Pampeana,152.68,225.08,6.451770318872274,12.0,276.35,entre ríos,8.974040180971121,1996.2926583333333
30,entre ríos,30028,federación,2024,1128,78264,1441.275682306041,1.441275682306041,Pampeana,145.47,106.62,-17.002317565429593,12.0,67.1,entre ríos,2.3802441318513834,6356.215883333333
30,entre ríos,30035,federal,2017,122,29436,414.458486207365,0.4144584862073651,Pampeana,27.47,26.77,7.86512216770463,12.0,18.85,entre ríos,7.759420566666497,112.74496666666666
30,entre ríos,30035,federal,2018,138,29436,468.8136975132491,0.4688136975132491,Pampeana,29.71,52.86,2.8043835398188,12.0,73.5,entre ríos,0.737252472822969,151.7446
30,entre ríos,30035,federal,2019,162,29436,550.346514472075,0.550346514472075,Pampeana,40.89,52.82,-4.095869743002778,12.0,58.49,entre ríos,1.1259834644619326,232.9267583333333
30,entre ríos,30035,federal,2020,54,29436,183.44883815735832,0.1834488381573583,Pampeana,32.99,39.14,-22.513076245380446,12.0,35.38,entre ríos,2.304455524878324,333.64571666666666
30,entre ríos,30035,federal,2021,96,29436,326.13126783530373,0.3261312678353037,Pampeana,53.36,40.47,10.894768613448491,12.0,51.34,entre ríos,7.157575323582588,499.07357500000006
30,entre ríos,30035,federal,2022,182,29436,618.2905286044299,0.6182905286044299,Pampeana,90.36,100.29,16.258768970195426,12.0,94.78,entre ríos,9.473759144777215,855.2844833333334
30,entre ríos,30035,federal,2023,256,29436,869.6833808941432,0.8696833808941432,Pampeana,152.68,225.08,6.451770318872274,12.0,276.35,entre ríos,8.974040180971121,1996.2926583333333
30,entre ríos,30035,federal,2024,252,29436,856.0945780676722,0.8560945780676722,Pampeana,145.47,106.62,-17.002317565429593,12.0,67.1,entre ríos,2.3802441318513834,6356.215883333333
30,entre ríos,30042,feliciano,2017,217,16717,1298.0797990069989,1.2980797990069988,Pampeana,27.47,26.77,7.86512216770463,12.0,18.85,entre ríos,7.759420566666497,112.74496666666666
30,entre ríos,30042,feliciano,2018,207,16717,1238.2604534306397,1.2382604534306394,Pampeana,29.71,52.86,2.8043835398188,12.0,73.5,entre ríos,0.737252472822969,151.7446
30,entre ríos,30042,feliciano,2019,187,16717,1118.6217622779209,1.1186217622779209,Pampeana,40.89,52.82,-4.095869743002778,12.0,58.49,entre ríos,1.1259834644619326,232.9267583333333
30,entre ríos,30042,feliciano,2020,156,16717,933.1817909912064,0.9331817909912064,Pampeana,32.99,39.14,-22.513076245380446,12.0,35.38,entre ríos,2.304455524878324,333.64571666666666
30,entre ríos,30042,feliciano,2021,185,16717,1106.6578931626489,1.1066578931626487,Pampeana,53.36,40.47,10.894768613448491,12.0,51.34,entre ríos,7.157575323582588,499.07357500000006
30,entre ríos,30042,feliciano,2022,166,16717,993.001136567566,0.993001136567566,Pampeana,90.36,100.29,16.258768970195426,12.0,94.78,entre ríos,9.473759144777215,855.2844833333334
30,entre ríos,30042,feliciano,2023,287,16717,1716.8152180415148,1.7168152180415146,Pampeana,152.68,225.08,6.451770318872274,12.0,276.35,entre ríos,8.974040180971121,1996.2926583333333
30,entre ríos,30042,feliciano,2024,312,16717,1866.363581982413,1.866363581982413,Pampeana,145.47,106.62,-17.002317565429593,12.0,67.1,entre ríos,2.3802441318513834,6356.215883333333
30,entre ríos,30049,gualeguay,2017,998,56796,1757.165997605465,1.757165997605465,Pampeana,27.47,26.77,7.86512216770463,12.0,18.85,entre ríos,7.759420566666497,112.74496666666666
30,entre ríos,30049,gualeguay,2018,1051,56796,1850.482428340024,1.850482428340024,Pampeana,29.71,52.86,2.8043835398188,12.0,73.5,entre ríos,0.737252472822969,151.7446
30,entre ríos,30049,gualeguay,2019,1165,56796,2051.2007887879427,2.0512007887879427,Pampeana,40.89,52.82,-4.095869743002778,12.0,58.49,entre ríos,1.1259834644619326,232.9267583333333
30,entre ríos,30049,gualeguay,2020,1031,56796,1815.2686808930205,1.8152686808930203,Pampeana,32.99,39.14,-22.513076245380446,12.0,35.38,entre ríos,2.304455524878324,333.64571666666666
30,entre ríos,30049,gualeguay,2021,1175,56796,2068.8076625114445,2.0688076625114444,Pampeana,53.36,40.47,10.894768613448491,12.0,51.34,entre ríos,7.157575323582588,499.07357500000006
30,entre ríos,30049,gualeguay,2022,1319,56796,2322.3466441298683,2.322346644129868,Pampeana,90.36,100.29,16.258768970195426,12.0,94.78,entre ríos,9.473759144777215,855.2844833333334
30,entre ríos,30049,gualeguay,2023,1406,56796,2475.5264455243328,2.475526445524333,Pampeana,152.68,225.08,6.451770318872274,12.0,276.35,entre ríos,8.974040180971121,1996.2926583333333
30,entre ríos,30049,gualeguay,2024,1397,56796,2459.680259173181,2.459680259173181,Pampeana,145.47,106.62,-17.002317565429593,12.0,67.1,entre ríos,2.3802441318513834,6356.215883333333
30,entre ríos,30056,gualeguaychú,2017,1831,125176,1462.740461430306,1.462740461430306,Pampeana,27.47,26.77,7.86512216770463,12.0,18.85,entre ríos,7.759420566666497,112.74496666666666
30,entre ríos,30056,gualeguaychú,2018,2467,125176,1970.825078289768,1.970825078289768,Pampeana,29.71,52.86,2.8043835398188,12.0,73.5,entre ríos,0.737252472822969,151.7446
30,entre ríos,30056,gualeguaychú,2019,2805,125176,2240.844890394325,2.240844890394325,Pampeana,40.89,52.82,-4.095869743002778,12.0,58.49,entre ríos,1.1259834644619326,232.9267583333333
30,entre ríos,30056,gualeguaychú,2020,1302,125176,1040.1354892311626,1.0401354892311625,Pampeana,32.99,39.14,-22.513076245380446,12.0,35.38,entre ríos,2.304455524878324,333.64571666666666
30,entre ríos,30056,gualeguaychú,2021,1305,125176,1042.5321147823863,1.0425321147823865,Pampeana,53.36,40.47,10.894768613448491,12.0,51.34,entre ríos,7.157575323582588,499.07357500000006
30,entre ríos,30056,gualeguaychú,2022,1231,125176,983.4153511855308,0.9834153511855308,Pampeana,90.36,100.29,16.258768970195426,12.0,94.78,entre ríos,9.473759144777215,855.2844833333334
30,entre ríos,30056,gualeguaychú,2023,994,125176,794.0819326388446,0.7940819326388446,Pampeana,152.68,225.08,6.451770318872274,12.0,276.35,entre ríos,8.974040180971121,1996.2926583333333
30,entre ríos,30056,gualeguaychú,2024,1139,125176,909.918834281332,0.909918834281332,Pampeana,145.47,106.62,-17.002317565429593,12.0,67.1,entre ríos,2.3802441318513834,6356.215883333333
30,entre ríos,30063,islas del ibicuy,2017,137,13984,979.691075514874,0.979691075514874,Pampeana,27.47,26.77,7.86512216770463,12.0,18.85,entre ríos,7.759420566666497,112.74496666666666
30,entre ríos,30063,islas del ibicuy,2018,105,13984,750.8581235697941,0.7508581235697941,Pampeana,29.71,52.86,2.8043835398188,12.0,73.5,entre ríos,0.737252472822969,151.7446
30,entre ríos,30063,islas del ibicuy,2019,137,13984,979.691075514874,0.979691075514874,Pampeana,40.89,52.82,-4.095869743002778,12.0,58.49,entre ríos,1.1259834644619326,232.9267583333333
30,entre ríos,30063,islas del ibicuy,2020,127,13984,908.1807780320366,0.9081807780320368,Pampeana,32.99,39.14,-22.513076245380446,12.0,35.38,entre ríos,2.304455524878324,333.64571666666666
30,entre ríos,30063,islas del ibicuy,2021,156,13984,1115.5606407322657,1.1155606407322656,Pampeana,53.36,40.47,10.894768613448491,12.0,51.34,entre ríos,7.157575323582588,499.07357500000006
30,entre ríos,30063,islas del ibicuy,2022,138,13984,986.8421052631578,0.986842105263158,Pampeana,90.36,100.29,16.258768970195426,12.0,94.78,entre ríos,9.473759144777215,855.2844833333334
30,entre ríos,30063,islas del ibicuy,2023,145,13984,1036.8993135011442,1.0368993135011442,Pampeana,152.68,225.08,6.451770318872274,12.0,276.35,entre ríos,8.974040180971121,1996.2926583333333
30,entre ríos,30063,islas del ibicuy,2024,198,13984,1415.903890160183,1.415903890160183,Pampeana,145.47,106.62,-17.002317565429593,12.0,67.1,entre ríos,2.3802441318513834,6356.215883333333
30,entre ríos,30070,la paz,2017,730,75271,969.8290178156262,0.9698290178156262,Pampeana,27.47,26.77,7.86512216770463,12.0,18.85,entre ríos,7.759420566666497,112.74496666666666
30,entre ríos,30070,la paz,2018,398,75271,528.7560946446839,0.5287560946446839,Pampeana,29.71,52.86,2.8043835398188,12.0,73.5,entre ríos,0.737252472822969,151.7446
30,entre ríos,30070,la paz,2019,275,75271,365.34654780725646,0.3653465478072564,Pampeana,40.89,52.82,-4.095869743002778,12.0,58.49,entre ríos,1.1259834644619326,232.9267583333333
30,entre ríos,30070,la paz,2020,329,75271,437.08732446759046,0.4370873244675904,Pampeana,32.99,39.14,-22.513076245380446,12.0,35.38,entre ríos,2.304455524878324,333.64571666666666
30,entre ríos,30070,la paz,2021,601,75271,798.4482735714951,0.7984482735714951,Pampeana,53.36,40.47,10.894768613448491,12.0,51.34,entre ríos,7.157575323582588,499.07357500000006
30,entre ríos,30070,la paz,2022,685,75271,910.045037265348,0.910045037265348,Pampeana,90.36,100.29,16.258768970195426,12.0,94.78,entre ríos,9.473759144777215,855.2844833333334
30,entre ríos,30070,la paz,2023,796,75271,1057.5121892893678,1.0575121892893675,Pampeana,152.68,225.08,6.451770318872274,12.0,276.35,entre ríos,8.974040180971121,1996.2926583333333
30,entre ríos,30070,la paz,2024,764,75271,1014.9991364536144,1.0149991364536144,Pampeana,145.47,106.62,-17.002317565429593,12.0,67.1,entre ríos,2.3802441318513834,6356.215883333333
30,entre ríos,30077,nogoyá,2017,425,42954,989.4305536154956,0.9894305536154956,Pampeana,27.47,26.77,7.86512216770463,12.0,18.85,entre ríos,7.759420566666497,112.74496666666666
30,entre ríos,30077,nogoyá,2018,448,42954,1042.9762071052755,1.0429762071052755,Pampeana,29.71,52.86,2.8043835398188,12.0,73.5,entre ríos,0.737252472822969,151.7446
30,entre ríos,30077,nogoyá,2019,470,42954,1094.1937887041952,1.0941937887041953,Pampeana,40.89,52.82,-4.095869743002778,12.0,58.49,entre ríos,1.1259834644619326,232.9267583333333
30,entre ríos,30077,nogoyá,2020,450,42954,1047.6323508869957,1.0476323508869954,Pampeana,32.99,39.14,-22.513076245380446,12.0,35.38,entre ríos,2.304455524878324,333.64571666666666
30,entre ríos,30077,nogoyá,2021,501,42954,1166.3640173208548,1.166364017320855,Pampeana,53.36,40.47,10.894768613448491,12.0,51.34,entre ríos,7.157575323582588,499.07357500000006
30,entre ríos,30077,nogoyá,2022,561,42954,1306.0483307724544,1.3060483307724544,Pampeana,90.36,100.29,16.258768970195426,12.0,94.78,entre ríos,9.473759144777215,855.2844833333334
30,entre ríos,30077,nogoyá,2023,654,42954,1522.559016622433,1.5225590166224334,Pampeana,152.68,225.08,6.451770318872274,12.0,276.35,entre ríos,8.974040180971121,1996.2926583333333
30,entre ríos,30077,nogoyá,2024,782,42954,1820.552218652512,1.820552218652512,Pampeana,145.47,106.62,-17.002317565429593,12.0,67.1,entre ríos,2.3802441318513834,6356.215883333333
30,entre ríos,30084,paraná,2017,7834,388716,2015.3531112688956,2.015353111268896,Pampeana,27.47,26.77,7.86512216770463,12.0,18.85,entre ríos,7.759420566666497,112.74496666666666
30,entre ríos,30084,paraná,2018,7634,388716,1963.9016659977976,1.9639016659977977,Pampeana,29.71,52.86,2.8043835398188,12.0,73.5,entre ríos,0.737252472822969,151.7446
30,entre ríos,30084,paraná,2019,8490,388716,2184.113851758096,2.184113851758096,Pampeana,40.89,52.82,-4.095869743002778,12.0,58.49,entre ríos,1.1259834644619326,232.9267583333333
30,entre ríos,30084,paraná,2020,6595,388716,1696.611407814445,1.6966114078144454,Pampeana,32.99,39.14,-22.513076245380446,12.0,35.38,entre ríos,2.304455524878324,333.64571666666666
30,entre ríos,30084,paraná,2021,7196,388716,1851.223000854094,1.851223000854094,Pampeana,53.36,40.47,10.894768613448491,12.0,51.34,entre ríos,7.157575323582588,499.07357500000006
30,entre ríos,30084,paraná,2022,8824,388716,2270.037765360829,2.270037765360829,Pampeana,90.36,100.29,16.258768970195426,12.0,94.78,entre ríos,9.473759144777215,855.2844833333334
30,entre ríos,30084,paraná,2023,11167,388716,2872.791446711738,2.872791446711738,Pampeana,152.68,225.08,6.451770318872274,12.0,276.35,entre ríos,8.974040180971121,1996.2926583333333
30,entre ríos,30084,paraná,2024,12939,388716,3328.6512518136637,3.3286512518136635,Pampeana,145.47,106.62,-17.002317565429593,12.0,67.1,entre ríos,2.3802441318513834,6356.215883333333
30,entre ríos,30088,san salvador,2017,204,20786,981.4298085249686,0.9814298085249686,Pampeana,27.47,26.77,7.86512216770463,12.0,18.85,entre ríos,7.759420566666497,112.74496666666666
30,entre ríos,30088,san salvador,2018,313,20786,1505.8212258250744,1.5058212258250745,Pampeana,29.71,52.86,2.8043835398188,12.0,73.5,entre ríos,0.737252472822969,151.7446
30,entre ríos,30088,san salvador,2019,360,20786,1731.9349562205332,1.7319349562205333,Pampeana,40.89,52.82,-4.095869743002778,12.0,58.49,entre ríos,1.1259834644619326,232.9267583333333
30,entre ríos,30088,san salvador,2020,254,20786,1221.976330222265,1.221976330222265,Pampeana,32.99,39.14,-22.513076245380446,12.0,35.38,entre ríos,2.304455524878324,333.64571666666666
30,entre ríos,30088,san salvador,2021,223,20786,1072.8374867699413,1.0728374867699413,Pampeana,53.36,40.47,10.894768613448491,12.0,51.34,entre ríos,7.157575323582588,499.07357500000006
30,entre ríos,30088,san salvador,2022,202,20786,971.8079476570769,0.9718079476570768,Pampeana,90.36,100.29,16.258768970195426,12.0,94.78,entre ríos,9.473759144777215,855.2844833333334
30,entre ríos,30088,san salvador,2023,270,20786,1298.9512171653998,1.2989512171654,Pampeana,152.68,225.08,6.451770318872274,12.0,276.35,entre ríos,8.974040180971121,1996.2926583333333
30,entre ríos,30088,san salvador,2024,322,20786,1549.119599730588,1.549119599730588,Pampeana,145.47,106.62,-17.002317565429593,12.0,67.1,entre ríos,2.3802441318513834,6356.215883333333
30,entre ríos,30091,tala,2017,225,31091,723.6820944967997,0.7236820944967997,Pampeana,27.47,26.77,7.86512216770463,12.0,18.85,entre ríos,7.759420566666497,112.74496666666666
30,entre ríos,30091,tala,2018,242,31091,778.3602971921134,0.7783602971921134,Pampeana,29.71,52.86,2.8043835398188,12.0,73.5,entre ríos,0.737252472822969,151.7446
30,entre ríos,30091,tala,2019,231,31091,742.9802836833811,0.7429802836833811,Pampeana,40.89,52.82,-4.095869743002778,12.0,58.49,entre ríos,1.1259834644619326,232.9267583333333
30,entre ríos,30091,tala,2020,239,31091,768.7112025988229,0.7687112025988229,Pampeana,32.99,39.14,-22.513076245380446,12.0,35.38,entre ríos,2.304455524878324,333.64571666666666
30,entre ríos,30091,tala,2021,213,31091,685.0857161236371,0.6850857161236371,Pampeana,53.36,40.47,10.894768613448491,12.0,51.34,entre ríos,7.157575323582588,499.07357500000006
30,entre ríos,30091,tala,2022,234,31091,752.6293782766717,0.7526293782766716,Pampeana,90.36,100.29,16.258768970195426,12.0,94.78,entre ríos,9.473759144777215,855.2844833333334
30,entre ríos,30091,tala,2023,325,31091,1045.318580939822,1.045318580939822,Pampeana,152.68,225.08,6.451770318872274,12.0,276.35,entre ríos,8.974040180971121,1996.2926583333333
30,entre ríos,30091,tala,2024,383,31091,1231.8677430767746,1.2318677430767746,Pampeana,145.47,106.62,-17.002317565429593,12.0,67.1,entre ríos,2.3802441318513834,6356.215883333333
30,entre ríos,30098,uruguay,2017,536,115516,464.00498632224105,0.4640049863222411,Pampeana,27.47,26.77,7.86512216770463,12.0,18.85,entre ríos,7.759420566666497,112.74496666666666
30,entre ríos,30098,uruguay,2018,1923,115516,1664.704456525503,1.664704456525503,Pampeana,29.71,52.86,2.8043835398188,12.0,73.5,entre ríos,0.737252472822969,151.7446
30,entre ríos,30098,uruguay,2019,2141,115516,1853.4229024550712,1.8534229024550712,Pampeana,40.89,52.82,-4.095869743002778,12.0,58.49,entre ríos,1.1259834644619326,232.9267583333333
30,entre ríos,30098,uruguay,2020,1907,115516,1650.8535614114062,1.6508535614114064,Pampeana,32.99,39.14,-22.513076245380446,12.0,35.38,entre ríos,2.304455524878324,333.64571666666666
30,entre ríos,30098,uruguay,2021,1940,115516,1679.421032584231,1.679421032584231,Pampeana,53.36,40.47,10.894768613448491,12.0,51.34,entre ríos,7.157575323582588,499.07357500000006
30,entre ríos,30098,uruguay,2022,2120,115516,1835.243602617819,1.8352436026178192,Pampeana,90.36,100.29,16.258768970195426,12.0,94.78,entre ríos,9.473759144777215,855.2844833333334
30,entre ríos,30098,uruguay,2023,2082,115516,1802.3477267218395,1.8023477267218395,Pampeana,152.68,225.08,6.451770318872274,12.0,276.35,entre ríos,8.974040180971121,1996.2926583333333
30,entre ríos,30098,uruguay,2024,2291,115516,1983.2750441497285,1.983275044149728,Pampeana,145.47,106.62,-17.002317565429593,12.0,67.1,entre ríos,2.3802441318513834,6356.215883333333
30,entre ríos,30105,victoria,2017,532,40301,1320.0664995905809,1.3200664995905809,Pampeana,27.47,26.77,7.86512216770463,12.0,18.85,entre ríos,7.759420566666497,112.74496666666666
30,entre ríos,30105,victoria,2018,597,40301,1481.3528200292797,1.4813528200292798,Pampeana,29.71,52.86,2.8043835398188,12.0,73.5,entre ríos,0.737252472822969,151.7446
30,entre ríos,30105,victoria,2019,682,40301,1692.2657006029626,1.6922657006029624,Pampeana,40.89,52.82,-4.095869743002778,12.0,58.49,entre ríos,1.1259834644619326,232.9267583333333
30,entre ríos,30105,victoria,2020,715,40301,1774.1495248256865,1.7741495248256869,Pampeana,32.99,39.14,-22.513076245380446,12.0,35.38,entre ríos,2.304455524878324,333.64571666666666
30,entre ríos,30105,victoria,2021,720,40301,1786.5561648594326,1.7865561648594326,Pampeana,53.36,40.47,10.894768613448491,12.0,51.34,entre ríos,7.157575323582588,499.07357500000006
30,entre ríos,30105,victoria,2022,731,40301,1813.8507729336743,1.813850772933674,Pampeana,90.36,100.29,16.258768970195426,12.0,94.78,entre ríos,9.473759144777215,855.2844833333334
30,entre ríos,30105,victoria,2023,908,40301,2253.0458301282847,2.2530458301282845,Pampeana,152.68,225.08,6.451770318872274,12.0,276.35,entre ríos,8.974040180971121,1996.2926583333333
30,entre ríos,30105,victoria,2024,1077,40301,2672.390263268901,2.672390263268902,Pampeana,145.47,106.62,-17.002317565429593,12.0,67.1,entre ríos,2.3802441318513834,6356.215883333333
30,entre ríos,30113,villaguay,2017,587,55284,1061.7900296650023,1.0617900296650025,Pampeana,27.47,26.77,7.86512216770463,12.0,18.85,entre ríos,7.759420566666497,112.74496666666666
30,entre ríos,30113,villaguay,2018,629,55284,1137.7613776137762,1.1377613776137765,Pampeana,29.71,52.86,2.8043835398188,12.0,73.5,entre ríos,0.737252472822969,151.7446
30,entre ríos,30113,villaguay,2019,676,55284,1222.7769336516894,1.2227769336516896,Pampeana,40.89,52.82,-4.095869743002778,12.0,58.49,entre ríos,1.1259834644619326,232.9267583333333
30,entre ríos,30113,villaguay,2020,661,55284,1195.6443093842704,1.1956443093842704,Pampeana,32.99,39.14,-22.513076245380446,12.0,35.38,entre ríos,2.304455524878324,333.64571666666666
30,entre ríos,30113,villaguay,2021,712,55284,1287.8952318934953,1.2878952318934953,Pampeana,53.36,40.47,10.894768613448491,12.0,51.34,entre ríos,7.157575323582588,499.07357500000006
30,entre ríos,30113,villaguay,2022,774,55284,1400.0434121988278,1.400043412198828,Pampeana,90.36,100.29,16.258768970195426,12.0,94.78,entre ríos,9.473759144777215,855.2844833333334
30,entre ríos,30113,villaguay,2023,1058,55284,1913.7544316619635,1.913754431661964,Pampeana,152.68,225.08,6.451770318872274,12.0,276.35,entre ríos,8.974040180971121,1996.2926583333333
30,entre ríos,30113,villaguay,2024,904,55284,1635.1928225164604,1.6351928225164605,Pampeana,145.47,106.62,-17.002317565429593,12.0,67.1,entre ríos,2.3802441318513834,6356.215883333333
34,formosa,34007,bermejo,2017,52,15600,333.33333333333337,0.3333333333333333,Noreste,27.47,26.77,7.86512216770463,12.0,18.85,formosa,12.394023637508369,112.16188333333334
34,formosa,34007,bermejo,2018,72,15600,461.5384615384616,0.4615384615384615,Noreste,29.71,52.86,2.8043835398188,12.0,73.5,formosa,0.158588866038456,148.771275
34,formosa,34007,bermejo,2019,124,15600,794.8717948717949,0.7948717948717949,Noreste,40.89,52.82,-4.095869743002778,12.0,58.49,formosa,1.1193458096677933,232.35540833333332
34,formosa,34007,bermejo,2020,89,15600,570.5128205128206,0.5705128205128206,Noreste,32.99,39.14,-22.513076245380446,12.0,35.38,formosa,3.830019371083804,339.32620000000003
34,formosa,34007,bermejo,2021,137,15600,878.2051282051283,0.8782051282051282,Noreste,53.36,40.47,10.894768613448491,12.0,51.34,formosa,7.022592163768859,509.50795
34,formosa,34007,bermejo,2022,158,15600,1012.8205128205128,1.0128205128205128,Noreste,90.36,100.29,16.258768970195426,12.0,94.78,formosa,11.566142616640906,885.369425
34,formosa,34007,bermejo,2023,111,15600,711.5384615384615,0.7115384615384616,Noreste,152.68,225.08,6.451770318872274,12.0,276.35,formosa,12.927950139938703,2076.6224666666667
34,formosa,34007,bermejo,2024,176,15600,1128.2051282051284,1.1282051282051282,Noreste,145.47,106.62,-17.002317565429593,12.0,67.1,formosa,3.10364697461214,6418.266283333333
34,formosa,34014,formosa,2017,6273,268572,2335.6865198159157,2.335686519815915,Noreste,27.47,26.77,7.86512216770463,12.0,18.85,formosa,12.394023637508369,112.16188333333334
34,formosa,34014,formosa,2018,6499,268572,2419.835276946219,2.4198352769462192,Noreste,29.71,52.86,2.8043835398188,12.0,73.5,formosa,0.158588866038456,148.771275
34,formosa,34014,formosa,2019,6564,268572,2444.0373531120144,2.4440373531120145,Noreste,40.89,52.82,-4.095869743002778,12.0,58.49,formosa,1.1193458096677933,232.35540833333332
34,formosa,34014,formosa,2020,4628,268572,1723.1878230046318,1.7231878230046318,Noreste,32.99,39.14,-22.513076245380446,12.0,35.38,formosa,3.830019371083804,339.32620000000003
34,formosa,34014,formosa,2021,5247,268572,1953.666056029668,1.953666056029668,Noreste,53.36,40.47,10.894768613448491,12.0,51.34,formosa,7.022592163768859,509.50795
34,formosa,34014,formosa,2022,5986,268572,2228.8250450530954,2.2288250450530955,Noreste,90.36,100.29,16.258768970195426,12.0,94.78,formosa,11.566142616640906,885.369425
34,formosa,34014,formosa,2023,7355,268572,2738.558003068079,2.738558003068079,Noreste,152.68,225.08,6.451770318872274,12.0,276.35,formosa,12.927950139938703,2076.6224666666667
34,formosa,34014,formosa,2024,7869,268572,2929.9405745945223,2.9299405745945224,Noreste,145.47,106.62,-17.002317565429593,12.0,67.1,formosa,3.10364697461214,6418.266283333333
34,formosa,34021,laishi,2017,150,19275,778.2101167315175,0.7782101167315175,Noreste,27.47,26.77,7.86512216770463,12.0,18.85,formosa,12.394023637508369,112.16188333333334
34,formosa,34021,laishi,2018,121,19275,627.7561608300908,0.6277561608300908,Noreste,29.71,52.86,2.8043835398188,12.0,73.5,formosa,0.158588866038456,148.771275
34,formosa,34021,laishi,2019,185,19275,959.792477302205,0.959792477302205,Noreste,40.89,52.82,-4.095869743002778,12.0,58.49,formosa,1.1193458096677933,232.35540833333332
34,formosa,34021,laishi,2020,143,19275,741.89364461738,0.74189364461738,Noreste,32.99,39.14,-22.513076245380446,12.0,35.38,formosa,3.830019371083804,339.32620000000003
34,formosa,34021,laishi,2021,171,19275,887.15953307393,0.88715953307393,Noreste,53.36,40.47,10.894768613448491,12.0,51.34,formosa,7.022592163768859,509.50795
34,formosa,34021,laishi,2022,165,19275,856.0311284046693,0.8560311284046693,Noreste,90.36,100.29,16.258768970195426,12.0,94.78,formosa,11.566142616640906,885.369425
34,formosa,34021,laishi,2023,208,19275,1079.118028534371,1.0791180285343709,Noreste,152.68,225.08,6.451770318872274,12.0,276.35,formosa,12.927950139938703,2076.6224666666667
34,formosa,34021,laishi,2024,270,19275,1400.7782101167315,1.4007782101167316,Noreste,145.47,106.62,-17.002317565429593,12.0,67.1,formosa,3.10364697461214,6418.266283333333
34,formosa,34028,matacos,2017,262,17017,1539.636833754481,1.5396368337544808,Noreste,27.47,26.77,7.86512216770463,12.0,18.85,formosa,12.394023637508369,112.16188333333334
34,formosa,34028,matacos,2018,294,17017,1727.684080625257,1.727684080625257,Noreste,29.71,52.86,2.8043835398188,12.0,73.5,formosa,0.158588866038456,148.771275
34,formosa,34028,matacos,2019,497,17017,2920.608802961744,2.9206088029617443,Noreste,40.89,52.82,-4.095869743002778,12.0,58.49,formosa,1.1193458096677933,232.35540833333332
34,formosa,34028,matacos,2020,335,17017,1968.619615678439,1.968619615678439,Noreste,32.99,39.14,-22.513076245380446,12.0,35.38,formosa,3.830019371083804,339.32620000000003
34,formosa,34028,matacos,2021,310,17017,1821.7077040606453,1.8217077040606453,Noreste,53.36,40.47,10.894768613448491,12.0,51.34,formosa,7.022592163768859,509.50795
34,formosa,34028,matacos,2022,350,17017,2056.766762649116,2.0567667626491155,Noreste,90.36,100.29,16.258768970195426,12.0,94.78,formosa,11.566142616640906,885.369425
34,formosa,34028,matacos,2023,397,17017,2332.961156490568,2.332961156490568,Noreste,152.68,225.08,6.451770318872274,12.0,276.35,formosa,12.927950139938703,2076.6224666666667
34,formosa,34028,matacos,2024,521,17017,3061.6442381148263,3.0616442381148263,Noreste,145.47,106.62,-17.002317565429593,12.0,67.1,formosa,3.10364697461214,6418.266283333333
34,formosa,34035,patiño,2017,761,81600,932.5980392156862,0.9325980392156862,Noreste,27.47,26.77,7.86512216770463,12.0,18.85,formosa,12.394023637508369,112.16188333333334
34,formosa,34035,patiño,2018,796,81600,975.4901960784312,0.9754901960784312,Noreste,29.71,52.86,2.8043835398188,12.0,73.5,formosa,0.158588866038456,148.771275
34,formosa,34035,patiño,2019,834,81600,1022.0588235294118,1.022058823529412,Noreste,40.89,52.82,-4.095869743002778,12.0,58.49,formosa,1.1193458096677933,232.35540833333332
34,formosa,34035,patiño,2020,920,81600,1127.450980392157,1.1274509803921569,Noreste,32.99,39.14,-22.513076245380446,12.0,35.38,formosa,3.830019371083804,339.32620000000003
34,formosa,34035,patiño,2021,964,81600,1181.372549019608,1.181372549019608,Noreste,53.36,40.47,10.894768613448491,12.0,51.34,formosa,7.022592163768859,509.50795
34,formosa,34035,patiño,2022,994,81600,1218.137254901961,1.218137254901961,Noreste,90.36,100.29,16.258768970195426,12.0,94.78,formosa,11.566142616640906,885.369425
34,formosa,34035,patiño,2023,1077,81600,1319.8529411764707,1.3198529411764706,Noreste,152.68,225.08,6.451770318872274,12.0,276.35,formosa,12.927950139938703,2076.6224666666667
34,formosa,34035,patiño,2024,1250,81600,1531.862745098039,1.531862745098039,Noreste,145.47,106.62,-17.002317565429593,12.0,67.1,formosa,3.10364697461214,6418.266283333333
34,formosa,34042,pilagás,2017,122,19089,639.1115302006391,0.6391115302006392,Noreste,27.47,26.77,7.86512216770463,12.0,18.85,formosa,12.394023637508369,112.16188333333334
34,formosa,34042,pilagás,2018,152,19089,796.2701032007963,0.7962701032007963,Noreste,29.71,52.86,2.8043835398188,12.0,73.5,formosa,0.158588866038456,148.771275
34,formosa,34042,pilagás,2019,163,19089,853.8949133008539,0.8538949133008539,Noreste,40.89,52.82,-4.095869743002778,12.0,58.49,formosa,1.1193458096677933,232.35540833333332
34,formosa,34042,pilagás,2020,162,19089,848.6562942008486,0.8486562942008486,Noreste,32.99,39.14,-22.513076245380446,12.0,35.38,formosa,3.830019371083804,339.32620000000003
34,formosa,34042,pilagás,2021,173,19089,906.2811043009062,0.9062811043009062,Noreste,53.36,40.47,10.894768613448491,12.0,51.34,formosa,7.022592163768859,509.50795
34,formosa,34042,pilagás,2022,177,19089,927.2355807009274,0.9272355807009272,Noreste,90.36,100.29,16.258768970195426,12.0,94.78,formosa,11.566142616640906,885.369425
34,formosa,34042,pilagás,2023,148,19089,775.3156268007752,0.7753156268007753,Noreste,152.68,225.08,6.451770318872274,12.0,276.35,formosa,12.927950139938703,2076.6224666666667
34,formosa,34042,pilagás,2024,166,19089,869.6107706008696,0.8696107706008696,Noreste,145.47,106.62,-17.002317565429593,12.0,67.1,formosa,3.10364697461214,6418.266283333333
34,formosa,34049,pilcomayo,2017,867,94116,921.2036210633686,0.9212036210633686,Noreste,27.47,26.77,7.86512216770463,12.0,18.85,formosa,12.394023637508369,112.16188333333334
34,formosa,34049,pilcomayo,2018,1290,94116,1370.6489863572613,1.3706489863572613,Noreste,29.71,52.86,2.8043835398188,12.0,73.5,formosa,0.158588866038456,148.771275
34,formosa,34049,pilcomayo,2019,1307,94116,1388.711802456543,1.388711802456543,Noreste,40.89,52.82,-4.095869743002778,12.0,58.49,formosa,1.1193458096677933,232.35540833333332
34,formosa,34049,pilcomayo,2020,1270,94116,1349.3986144757534,1.3493986144757533,Noreste,32.99,39.14,-22.513076245380446,12.0,35.38,formosa,3.830019371083804,339.32620000000003
34,formosa,34049,pilcomayo,2021,1438,94116,1527.90173828042,1.52790173828042,Noreste,53.36,40.47,10.894768613448491,12.0,51.34,formosa,7.022592163768859,509.50795
34,formosa,34049,pilcomayo,2022,1718,94116,1825.406944621531,1.8254069446215309,Noreste,90.36,100.29,16.258768970195426,12.0,94.78,formosa,11.566142616640906,885.369425
34,formosa,34049,pilcomayo,2023,1842,94116,1957.15925028688,1.95715925028688,Noreste,152.68,225.08,6.451770318872274,12.0,276.35,formosa,12.927950139938703,2076.6224666666667
34,formosa,34049,pilcomayo,2024,2350,94116,2496.9186960771813,2.496918696077181,Noreste,145.47,106.62,-17.002317565429593,12.0,67.1,formosa,3.10364697461214,6418.266283333333
34,formosa,34056,pirané,2017,780,72560,1074.9724366041896,1.0749724366041895,Noreste,27.47,26.77,7.86512216770463,12.0,18.85,formosa,12.394023637508369,112.16188333333334
34,formosa,34056,pirané,2018,1000,72560,1378.1697905181918,1.3781697905181918,Noreste,29.71,52.86,2.8043835398188,12.0,73.5,formosa,0.158588866038456,148.771275
34,formosa,34056,pirané,2019,1052,72560,1449.8346196251375,1.449834619625138,Noreste,40.89,52.82,-4.095869743002778,12.0,58.49,formosa,1.1193458096677933,232.35540833333332
34,formosa,34056,pirané,2020,841,72560,1159.0407938257993,1.1590407938257992,Noreste,32.99,39.14,-22.513076245380446,12.0,35.38,formosa,3.830019371083804,339.32620000000003
34,formosa,34056,pirané,2021,989,72560,1363.0099228224915,1.3630099228224917,Noreste,53.36,40.47,10.894768613448491,12.0,51.34,formosa,7.022592163768859,509.50795
34,formosa,34056,pirané,2022,977,72560,1346.471885336273,1.3464718853362734,Noreste,90.36,100.29,16.258768970195426,12.0,94.78,formosa,11.566142616640906,885.369425
34,formosa,34056,pirané,2023,1372,72560,1890.848952590959,1.890848952590959,Noreste,152.68,225.08,6.451770318872274,12.0,276.35,formosa,12.927950139938703,2076.6224666666667
34,formosa,34056,pirané,2024,1177,72560,1622.1058434399115,1.6221058434399118,Noreste,145.47,106.62,-17.002317565429593,12.0,67.1,formosa,3.10364697461214,6418.266283333333
34,formosa,34063,ramón lista,2017,36,17678,203.6429460346193,0.2036429460346193,Noreste,27.47,26.77,7.86512216770463,12.0,18.85,formosa,12.394023637508369,112.16188333333334
34,formosa,34063,ramón lista,2018,45,17678,254.5536825432741,0.2545536825432741,Noreste,29.71,52.86,2.8043835398188,12.0,73.5,formosa,0.158588866038456,148.771275
34,formosa,34063,ramón lista,2019,70,17678,395.9723950673153,0.3959723950673153,Noreste,40.89,52.82,-4.095869743002778,12.0,58.49,formosa,1.1193458096677933,232.35540833333332
34,formosa,34063,ramón lista,2020,92,17678,520.4208620884715,0.5204208620884715,Noreste,32.99,39.14,-22.513076245380446,12.0,35.38,formosa,3.830019371083804,339.32620000000003
34,formosa,34063,ramón lista,2021,104,17678,588.3018441000113,0.5883018441000113,Noreste,53.36,40.47,10.894768613448491,12.0,51.34,formosa,7.022592163768859,509.50795
34,formosa,34063,ramón lista,2022,102,17678,576.988347098088,0.576988347098088,Noreste,90.36,100.29,16.258768970195426,12.0,94.78,formosa,11.566142616640906,885.369425
34,formosa,34063,ramón lista,2023,145,17678,820.2285326394389,0.820228532639439,Noreste,152.68,225.08,6.451770318872274,12.0,276.35,formosa,12.927950139938703,2076.6224666666667
34,formosa,34063,ramón lista,2024,153,17678,865.4825206471321,0.865482520647132,Noreste,145.47,106.62,-17.002317565429593,12.0,67.1,formosa,3.10364697461214,6418.266283333333
38,jujuy,38007,cochinoca,2017,158,14998,1053.4737965062009,1.0534737965062009,Noroeste,27.47,26.77,7.86512216770463,12.0,18.85,jujuy,9.557965457455332,113.356175
38,jujuy,38007,cochinoca,2018,199,14998,1326.843579143886,1.326843579143886,Noroeste,29.71,52.86,2.8043835398188,12.0,73.5,jujuy,1.519007566506514,151.62908333333334
38,jujuy,38007,cochinoca,2019,206,14998,1373.516468862515,1.373516468862515,Noroeste,40.89,52.82,-4.095869743002778,12.0,58.49,jujuy,1.1556534838230936,235.28336666666667
38,jujuy,38007,cochinoca,2020,155,14998,1033.4711294839312,1.0334711294839312,Noroeste,32.99,39.14,-22.513076245380446,12.0,35.38,jujuy,1.815733517073781,336.76238333333333
38,jujuy,38007,cochinoca,2021,176,14998,1173.489798639819,1.1734897986398187,Noroeste,53.36,40.47,10.894768613448491,12.0,51.34,jujuy,7.805601287986974,502.7731833333333
38,jujuy,38007,cochinoca,2022,207,14998,1380.184024536605,1.380184024536605,Noroeste,90.36,100.29,16.258768970195426,12.0,94.78,jujuy,9.13909209322279,869.5214
38,jujuy,38007,cochinoca,2023,257,14998,1713.561808241099,1.713561808241099,Noroeste,152.68,225.08,6.451770318872274,12.0,276.35,jujuy,10.668716219238084,2036.0322583333332
38,jujuy,38007,cochinoca,2024,259,14998,1726.8969195892787,1.7268969195892787,Noroeste,145.47,106.62,-17.002317565429593,12.0,67.1,jujuy,2.636813611987132,6363.719033333334
38,jujuy,38014,el carmen,2017,1670,122259,1365.9526088058958,1.3659526088058958,Noroeste,27.47,26.77,7.86512216770463,12.0,18.85,jujuy,9.557965457455332,113.356175
38,jujuy,38014,el carmen,2018,1906,122259,1558.9854325652916,1.5589854325652917,Noroeste,29.71,52.86,2.8043835398188,12.0,73.5,jujuy,1.519007566506514,151.62908333333334
38,jujuy,38014,el carmen,2019,2235,122259,1828.086275856992,1.828086275856992,Noroeste,40.89,52.82,-4.095869743002778,12.0,58.49,jujuy,1.1556534838230936,235.28336666666667
38,jujuy,38014,el carmen,2020,1888,122259,1544.2625900751684,1.5442625900751683,Noroeste,32.99,39.14,-22.513076245380446,12.0,35.38,jujuy,1.815733517073781,336.76238333333333
38,jujuy,38014,el carmen,2021,2311,122259,1890.249388593069,1.890249388593069,Noroeste,53.36,40.47,10.894768613448491,12.0,51.34,jujuy,7.805601287986974,502.7731833333333
38,jujuy,38014,el carmen,2022,2340,122259,1913.9695237160456,1.9139695237160457,Noroeste,90.36,100.29,16.258768970195426,12.0,94.78,jujuy,9.13909209322279,869.5214
38,jujuy,38014,el carmen,2023,2537,122259,2075.1028554135078,2.075102855413508,Noroeste,152.68,225.08,6.451770318872274,12.0,276.35,jujuy,10.668716219238084,2036.0322583333332
38,jujuy,38014,el carmen,2024,2799,122259,2289.402007214193,2.2894020072141927,Noroeste,145.47,106.62,-17.002317565429593,12.0,67.1,jujuy,2.636813611987132,6363.719033333334
38,jujuy,38021,dr. manuel belgrano,2017,7043,319469,2204.5957510744392,2.2045957510744394,Noroeste,27.47,26.77,7.86512216770463,12.0,18.85,jujuy,9.557965457455332,113.356175
38,jujuy,38021,dr. manuel belgrano,2018,6051,319469,1894.080489812783,1.8940804898127832,Noroeste,29.71,52.86,2.8043835398188,12.0,73.5,jujuy,1.519007566506514,151.62908333333334
38,jujuy,38021,dr. manuel belgrano,2019,7405,319469,2317.908779881616,2.317908779881616,Noroeste,40.89,52.82,-4.095869743002778,12.0,58.49,jujuy,1.1556534838230936,235.28336666666667
38,jujuy,38021,dr. manuel belgrano,2020,5834,319469,1826.155276411796,1.826155276411796,Noroeste,32.99,39.14,-22.513076245380446,12.0,35.38,jujuy,1.815733517073781,336.76238333333333
38,jujuy,38021,dr. manuel belgrano,2021,6821,319469,2135.10544059048,2.13510544059048,Noroeste,53.36,40.47,10.894768613448491,12.0,51.34,jujuy,7.805601287986974,502.7731833333333
38,jujuy,38021,dr. manuel belgrano,2022,7649,319469,2394.2855175306527,2.394285517530653,Noroeste,90.36,100.29,16.258768970195426,12.0,94.78,jujuy,9.13909209322279,869.5214
38,jujuy,38021,dr. manuel belgrano,2023,9481,319469,2967.7370887316138,2.9677370887316137,Noroeste,152.68,225.08,6.451770318872274,12.0,276.35,jujuy,10.668716219238084,2036.0322583333332
38,jujuy,38021,dr. manuel belgrano,2024,10214,319469,3197.180321095318,3.197180321095318,Noroeste,145.47,106.62,-17.002317565429593,12.0,67.1,jujuy,2.636813611987132,6363.719033333334
38,jujuy,38028,humahuaca,2017,234,20877,1120.8506969392154,1.1208506969392154,Noroeste,27.47,26.77,7.86512216770463,12.0,18.85,jujuy,9.557965457455332,113.356175
38,jujuy,38028,humahuaca,2018,315,20877,1508.8374766489435,1.508837476648944,Noroeste,29.71,52.86,2.8043835398188,12.0,73.5,jujuy,1.519007566506514,151.62908333333334
38,jujuy,38028,humahuaca,2019,318,20877,1523.2073573789337,1.5232073573789338,Noroeste,40.89,52.82,-4.095869743002778,12.0,58.49,jujuy,1.1556534838230936,235.28336666666667
38,jujuy,38028,humahuaca,2020,284,20877,1360.3487091057143,1.3603487091057145,Noroeste,32.99,39.14,-22.513076245380446,12.0,35.38,jujuy,1.815733517073781,336.76238333333333
38,jujuy,38028,humahuaca,2021,375,20877,1796.2350912487427,1.7962350912487428,Noroeste,53.36,40.47,10.894768613448491,12.0,51.34,jujuy,7.805601287986974,502.7731833333333
38,jujuy,38028,humahuaca,2022,416,20877,1992.623461225272,1.992623461225272,Noroeste,90.36,100.29,16.258768970195426,12.0,94.78,jujuy,9.13909209322279,869.5214
38,jujuy,38028,humahuaca,2023,524,20877,2509.93916750491,2.5099391675049096,Noroeste,152.68,225.08,6.451770318872274,12.0,276.35,jujuy,10.668716219238084,2036.0322583333332
38,jujuy,38028,humahuaca,2024,469,20877,2246.4913541217607,2.246491354121761,Noroeste,145.47,106.62,-17.002317565429593,12.0,67.1,jujuy,2.636813611987132,6363.719033333334
38,jujuy,38035,ledesma,2017,998,94132,1060.213317469086,1.060213317469086,Noroeste,27.47,26.77,7.86512216770463,12.0,18.85,jujuy,9.557965457455332,113.356175
38,jujuy,38035,ledesma,2018,1239,94132,1316.2367738919816,1.3162367738919816,Noroeste,29.71,52.86,2.8043835398188,12.0,73.5,jujuy,1.519007566506514,151.62908333333334
38,jujuy,38035,ledesma,2019,1571,94132,1668.9329877193727,1.6689329877193726,Noroeste,40.89,52.82,-4.095869743002778,12.0,58.49,jujuy,1.1556534838230936,235.28336666666667
38,jujuy,38035,ledesma,2020,1131,94132,1201.5042705987337,1.2015042705987335,Noroeste,32.99,39.14,-22.513076245380446,12.0,35.38,jujuy,1.815733517073781,336.76238333333333
38,jujuy,38035,ledesma,2021,1285,94132,1365.1043215909574,1.3651043215909573,Noroeste,53.36,40.47,10.894768613448491,12.0,51.34,jujuy,7.805601287986974,502.7731833333333
38,jujuy,38035,ledesma,2022,1197,94132,1271.6185781668296,1.2716185781668297,Noroeste,90.36,100.29,16.258768970195426,12.0,94.78,jujuy,9.13909209322279,869.5214
38,jujuy,38035,ledesma,2023,1519,94132,1613.6914120596607,1.6136914120596608,Noroeste,152.68,225.08,6.451770318872274,12.0,276.35,jujuy,10.668716219238084,2036.0322583333332
38,jujuy,38035,ledesma,2024,1799,94132,1911.1460502273403,1.9111460502273403,Noroeste,145.47,106.62,-17.002317565429593,12.0,67.1,jujuy,2.636813611987132,6363.719033333334
38,jujuy,38042,palpalá,2017,1122,65522,1712.401941332682,1.712401941332682,Noroeste,27.47,26.77,7.86512216770463,12.0,18.85,jujuy,9.557965457455332,113.356175
38,jujuy,38042,palpalá,2018,943,65522,1439.2112572876288,1.4392112572876288,Noroeste,29.71,52.86,2.8043835398188,12.0,73.5,jujuy,1.519007566506514,151.62908333333334
38,jujuy,38042,palpalá,2019,1276,65522,1947.437501907756,1.947437501907756,Noroeste,40.89,52.82,-4.095869743002778,12.0,58.49,jujuy,1.1556534838230936,235.28336666666667
38,jujuy,38042,palpalá,2020,1164,65522,1776.5025487622477,1.7765025487622477,Noroeste,32.99,39.14,-22.513076245380446,12.0,35.38,jujuy,1.815733517073781,336.76238333333333
38,jujuy,38042,palpalá,2021,1218,65522,1858.917615457404,1.858917615457404,Noroeste,53.36,40.47,10.894768613448491,12.0,51.34,jujuy,7.805601287986974,502.7731833333333
38,jujuy,38042,palpalá,2022,1246,65522,1901.6513537437809,1.901651353743781,Noroeste,90.36,100.29,16.258768970195426,12.0,94.78,jujuy,9.13909209322279,869.5214
38,jujuy,38042,palpalá,2023,1420,65522,2167.2110130948386,2.1672110130948385,Noroeste,152.68,225.08,6.451770318872274,12.0,276.35,jujuy,10.668716219238084,2036.0322583333332
38,jujuy,38042,palpalá,2024,1948,65522,2973.047220780806,2.9730472207808063,Noroeste,145.47,106.62,-17.002317565429593,12.0,67.1,jujuy,2.636813611987132,6363.719033333334
38,jujuy,38049,rinconada,2017,3,1797,166.9449081803005,0.1669449081803005,Noroeste,27.47,26.77,7.86512216770463,12.0,18.85,jujuy,9.557965457455332,113.356175
38,jujuy,38049,rinconada,2018,6,1797,333.889816360601,0.333889816360601,Noroeste,29.71,52.86,2.8043835398188,12.0,73.5,jujuy,1.519007566506514,151.62908333333334
38,jujuy,38049,rinconada,2019,3,1797,166.9449081803005,0.1669449081803005,Noroeste,40.89,52.82,-4.095869743002778,12.0,58.49,jujuy,1.1556534838230936,235.28336666666667
38,jujuy,38049,rinconada,2020,8,1797,445.1864218141347,0.4451864218141347,Noroeste,32.99,39.14,-22.513076245380446,12.0,35.38,jujuy,1.815733517073781,336.76238333333333
38,jujuy,38049,rinconada,2021,16,1797,890.3728436282694,0.8903728436282694,Noroeste,53.36,40.47,10.894768613448491,12.0,51.34,jujuy,7.805601287986974,502.7731833333333
38,jujuy,38049,rinconada,2022,8,1797,445.1864218141347,0.4451864218141347,Noroeste,90.36,100.29,16.258768970195426,12.0,94.78,jujuy,9.13909209322279,869.5214
38,jujuy,38049,rinconada,2023,2,1797,111.29660545353369,0.1112966054535336,Noroeste,152.68,225.08,6.451770318872274,12.0,276.35,jujuy,10.668716219238084,2036.0322583333332
38,jujuy,38049,rinconada,2024,27,1797,1502.504173622705,1.5025041736227045,Noroeste,145.47,106.62,-17.002317565429593,12.0,67.1,jujuy,2.636813611987132,6363.719033333334
38,jujuy,38056,san antonio,2017,60,6729,891.6629514043692,0.8916629514043692,Noroeste,27.47,26.77,7.86512216770463,12.0,18.85,jujuy,9.557965457455332,113.356175
38,jujuy,38056,san antonio,2018,56,6729,832.2187546440778,0.8322187546440778,Noroeste,29.71,52.86,2.8043835398188,12.0,73.5,jujuy,1.519007566506514,151.62908333333334
38,jujuy,38056,san antonio,2019,52,6729,772.7745578837865,0.7727745578837866,Noroeste,40.89,52.82,-4.095869743002778,12.0,58.49,jujuy,1.1556534838230936,235.28336666666667
38,jujuy,38056,san antonio,2020,47,6729,698.4693119334225,0.6984693119334225,Noroeste,32.99,39.14,-22.513076245380446,12.0,35.38,jujuy,1.815733517073781,336.76238333333333
38,jujuy,38056,san antonio,2021,51,6729,757.9135086937138,0.7579135086937138,Noroeste,53.36,40.47,10.894768613448491,12.0,51.34,jujuy,7.805601287986974,502.7731833333333
38,jujuy,38056,san antonio,2022,44,6729,653.886164363204,0.653886164363204,Noroeste,90.36,100.29,16.258768970195426,12.0,94.78,jujuy,9.13909209322279,869.5214
38,jujuy,38056,san antonio,2023,50,6729,743.052459503641,0.743052459503641,Noroeste,152.68,225.08,6.451770318872274,12.0,276.35,jujuy,10.668716219238084,2036.0322583333332
38,jujuy,38056,san antonio,2024,67,6729,995.6902957348788,0.9956902957348788,Noroeste,145.47,106.62,-17.002317565429593,12.0,67.1,jujuy,2.636813611987132,6363.719033333334
38,jujuy,38063,san pedro,2017,1899,88237,2152.1583916044287,2.152158391604429,Noroeste,27.47,26.77,7.86512216770463,12.0,18.85,jujuy,9.557965457455332,113.356175
38,jujuy,38063,san pedro,2018,1680,88237,1903.9631900449924,1.9039631900449925,Noroeste,29.71,52.86,2.8043835398188,12.0,73.5,jujuy,1.519007566506514,151.62908333333334
38,jujuy,38063,san pedro,2019,1577,88237,1787.232113512472,1.787232113512472,Noroeste,40.89,52.82,-4.095869743002778,12.0,58.49,jujuy,1.1556534838230936,235.28336666666667
38,jujuy,38063,san pedro,2020,1464,88237,1659.1679227534933,1.6591679227534932,Noroeste,32.99,39.14,-22.513076245380446,12.0,35.38,jujuy,1.815733517073781,336.76238333333333
38,jujuy,38063,san pedro,2021,1540,88237,1745.2995908745766,1.7452995908745763,Noroeste,53.36,40.47,10.894768613448491,12.0,51.34,jujuy,7.805601287986974,502.7731833333333
38,jujuy,38063,san pedro,2022,1677,88237,1900.563255777055,1.900563255777055,Noroeste,90.36,100.29,16.258768970195426,12.0,94.78,jujuy,9.13909209322279,869.5214
38,jujuy,38063,san pedro,2023,1781,88237,2018.427643732221,2.0184276437322213,Noroeste,152.68,225.08,6.451770318872274,12.0,276.35,jujuy,10.668716219238084,2036.0322583333332
38,jujuy,38063,san pedro,2024,2041,88237,2313.0886136201366,2.3130886136201365,Noroeste,145.47,106.62,-17.002317565429593,12.0,67.1,jujuy,2.636813611987132,6363.719033333334
38,jujuy,38070,santa bárbara,2017,155,20497,756.2082255939894,0.7562082255939894,Noroeste,27.47,26.77,7.86512216770463,12.0,18.85,jujuy,9.557965457455332,113.356175
38,jujuy,38070,santa bárbara,2018,174,20497,848.9047177635751,0.8489047177635751,Noroeste,29.71,52.86,2.8043835398188,12.0,73.5,jujuy,1.519007566506514,151.62908333333334
38,jujuy,38070,santa bárbara,2019,185,20497,902.5711079670197,0.9025711079670196,Noroeste,40.89,52.82,-4.095869743002778,12.0,58.49,jujuy,1.1556534838230936,235.28336666666667
38,jujuy,38070,santa bárbara,2020,190,20497,926.964921695858,0.926964921695858,Noroeste,32.99,39.14,-22.513076245380446,12.0,35.38,jujuy,1.815733517073781,336.76238333333333
38,jujuy,38070,santa bárbara,2021,209,20497,1019.6614138654436,1.0196614138654436,Noroeste,53.36,40.47,10.894768613448491,12.0,51.34,jujuy,7.805601287986974,502.7731833333333
38,jujuy,38070,santa bárbara,2022,241,20497,1175.7818217300094,1.1757818217300091,Noroeste,90.36,100.29,16.258768970195426,12.0,94.78,jujuy,9.13909209322279,869.5214
38,jujuy,38070,santa bárbara,2023,175,20497,853.7834805093429,0.8537834805093428,Noroeste,152.68,225.08,6.451770318872274,12.0,276.35,jujuy,10.668716219238084,2036.0322583333332
38,jujuy,38070,santa bárbara,2024,212,20497,1034.2977021027468,1.0342977021027469,Noroeste,145.47,106.62,-17.002317565429593,12.0,67.1,jujuy,2.636813611987132,6363.719033333334
38,jujuy,38077,santa catalina,2017,8,2641,302.9155622870125,0.3029155622870125,Noroeste,27.47,26.77,7.86512216770463,12.0,18.85,jujuy,9.557965457455332,113.356175
38,jujuy,38077,santa catalina,2018,5,2641,189.3222264293828,0.1893222264293828,Noroeste,29.71,52.86,2.8043835398188,12.0,73.5,jujuy,1.519007566506514,151.62908333333334
38,jujuy,38077,santa catalina,2019,8,2641,302.9155622870125,0.3029155622870125,Noroeste,40.89,52.82,-4.095869743002778,12.0,58.49,jujuy,1.1556534838230936,235.28336666666667
38,jujuy,38077,santa catalina,2020,12,2641,454.3733434305188,0.4543733434305188,Noroeste,32.99,39.14,-22.513076245380446,12.0,35.38,jujuy,1.815733517073781,336.76238333333333
38,jujuy,38077,santa catalina,2021,11,2641,416.50889814464216,0.4165088981446421,Noroeste,53.36,40.47,10.894768613448491,12.0,51.34,jujuy,7.805601287986974,502.7731833333333
38,jujuy,38077,santa catalina,2022,5,2641,189.3222264293828,0.1893222264293828,Noroeste,90.36,100.29,16.258768970195426,12.0,94.78,jujuy,9.13909209322279,869.5214
38,jujuy,38077,santa catalina,2023,5,2641,189.3222264293828,0.1893222264293828,Noroeste,152.68,225.08,6.451770318872274,12.0,276.35,jujuy,10.668716219238084,2036.0322583333332
38,jujuy,38077,santa catalina,2024,17,2641,643.6955698599015,0.6436955698599016,Noroeste,145.47,106.62,-17.002317565429593,12.0,67.1,jujuy,2.636813611987132,6363.719033333334
38,jujuy,38084,susques,2017,11,3966,277.3575390821987,0.2773575390821987,Noroeste,27.47,26.77,7.86512216770463,12.0,18.85,jujuy,9.557965457455332,113.356175
38,jujuy,38084,susques,2018,28,3966,706.0010085728693,0.7060010085728694,Noroeste,29.71,52.86,2.8043835398188,12.0,73.5,jujuy,1.519007566506514,151.62908333333334
38,jujuy,38084,susques,2019,18,3966,453.85779122541607,0.453857791225416,Noroeste,40.89,52.82,-4.095869743002778,12.0,58.49,jujuy,1.1556534838230936,235.28336666666667
38,jujuy,38084,susques,2020,18,3966,453.85779122541607,0.453857791225416,Noroeste,32.99,39.14,-22.513076245380446,12.0,35.38,jujuy,1.815733517073781,336.76238333333333
38,jujuy,38084,susques,2021,16,3966,403.4291477559254,0.4034291477559254,Noroeste,53.36,40.47,10.894768613448491,12.0,51.34,jujuy,7.805601287986974,502.7731833333333
38,jujuy,38084,susques,2022,12,3966,302.571860816944,0.302571860816944,Noroeste,90.36,100.29,16.258768970195426,12.0,94.78,jujuy,9.13909209322279,869.5214
38,jujuy,38084,susques,2023,14,3966,353.00050428643465,0.3530005042864347,Noroeste,152.68,225.08,6.451770318872274,12.0,276.35,jujuy,10.668716219238084,2036.0322583333332
38,jujuy,38084,susques,2024,25,3966,630.3580433686334,0.6303580433686334,Noroeste,145.47,106.62,-17.002317565429593,12.0,67.1,jujuy,2.636813611987132,6363.719033333334
38,jujuy,38094,tilcara,2017,172,14621,1176.390123794542,1.176390123794542,Noroeste,27.47,26.77,7.86512216770463,12.0,18.85,jujuy,9.557965457455332,113.356175
38,jujuy,38094,tilcara,2018,286,14621,1956.0905546816225,1.9560905546816223,Noroeste,29.71,52.86,2.8043835398188,12.0,73.5,jujuy,1.519007566506514,151.62908333333334
38,jujuy,38094,tilcara,2019,263,14621,1798.7825730114218,1.7987825730114215,Noroeste,40.89,52.82,-4.095869743002778,12.0,58.49,jujuy,1.1556534838230936,235.28336666666667
38,jujuy,38094,tilcara,2020,202,14621,1381.5744477121948,1.3815744477121947,Noroeste,32.99,39.14,-22.513076245380446,12.0,35.38,jujuy,1.815733517073781,336.76238333333333
38,jujuy,38094,tilcara,2021,236,14621,1614.1166814855344,1.6141166814855346,Noroeste,53.36,40.47,10.894768613448491,12.0,51.34,jujuy,7.805601287986974,502.7731833333333
38,jujuy,38094,tilcara,2022,337,14621,2304.9039053416323,2.3049039053416323,Noroeste,90.36,100.29,16.258768970195426,12.0,94.78,jujuy,9.13909209322279,869.5214
38,jujuy,38094,tilcara,2023,412,14621,2817.864715135764,2.817864715135764,Noroeste,152.68,225.08,6.451770318872274,12.0,276.35,jujuy,10.668716219238084,2036.0322583333332
38,jujuy,38094,tilcara,2024,418,14621,2858.9015799192944,2.8589015799192943,Noroeste,145.47,106.62,-17.002317565429593,12.0,67.1,jujuy,2.636813611987132,6363.719033333334
38,jujuy,38098,tumbaya,2017,54,5298,1019.2525481313704,1.0192525481313703,Noroeste,27.47,26.77,7.86512216770463,12.0,18.85,jujuy,9.557965457455332,113.356175
38,jujuy,38098,tumbaya,2018,86,5298,1623.2540581351452,1.6232540581351451,Noroeste,29.71,52.86,2.8043835398188,12.0,73.5,jujuy,1.519007566506514,151.62908333333334
38,jujuy,38098,tumbaya,2019,106,5298,2000.7550018875047,2.0007550018875047,Noroeste,40.89,52.82,-4.095869743002778,12.0,58.49,jujuy,1.1556534838230936,235.28336666666667
38,jujuy,38098,tumbaya,2020,72,5298,1359.003397508494,1.359003397508494,Noroeste,32.99,39.14,-22.513076245380446,12.0,35.38,jujuy,1.815733517073781,336.76238333333333
38,jujuy,38098,tumbaya,2021,65,5298,1226.878067195168,1.226878067195168,Noroeste,53.36,40.47,10.894768613448491,12.0,51.34,jujuy,7.805601287986974,502.7731833333333
38,jujuy,38098,tumbaya,2022,82,5298,1547.7538693846734,1.5477538693846735,Noroeste,90.36,100.29,16.258768970195426,12.0,94.78,jujuy,9.13909209322279,869.5214
38,jujuy,38098,tumbaya,2023,92,5298,1736.5043412608532,1.7365043412608532,Noroeste,152.68,225.08,6.451770318872274,12.0,276.35,jujuy,10.668716219238084,2036.0322583333332
38,jujuy,38098,tumbaya,2024,60,5298,1132.502831257078,1.1325028312570782,Noroeste,145.47,106.62,-17.002317565429593,12.0,67.1,jujuy,2.636813611987132,6363.719033333334
38,jujuy,38105,valle grande,2017,2,2490,80.32128514056225,0.0803212851405622,Noroeste,27.47,26.77,7.86512216770463,12.0,18.85,jujuy,9.557965457455332,113.356175
38,jujuy,38105,valle grande,2018,1,2490,40.16064257028113,0.0401606425702811,Noroeste,29.71,52.86,2.8043835398188,12.0,73.5,jujuy,1.519007566506514,151.62908333333334
38,jujuy,38105,valle grande,2019,2,2490,80.32128514056225,0.0803212851405622,Noroeste,40.89,52.82,-4.095869743002778,12.0,58.49,jujuy,1.1556534838230936,235.28336666666667
38,jujuy,38105,valle grande,2020,0,2490,0.0,0.0,Noroeste,32.99,39.14,-22.513076245380446,12.0,35.38,jujuy,1.815733517073781,336.76238333333333
38,jujuy,38105,valle grande,2021,0,2490,0.0,0.0,Noroeste,53.36,40.47,10.894768613448491,12.0,51.34,jujuy,7.805601287986974,502.7731833333333
38,jujuy,38105,valle grande,2022,0,2490,0.0,0.0,Noroeste,90.36,100.29,16.258768970195426,12.0,94.78,jujuy,9.13909209322279,869.5214
38,jujuy,38105,valle grande,2023,8,2490,321.285140562249,0.321285140562249,Noroeste,152.68,225.08,6.451770318872274,12.0,276.35,jujuy,10.668716219238084,2036.0322583333332
38,jujuy,38105,valle grande,2024,7,2490,281.12449799196787,0.2811244979919678,Noroeste,145.47,106.62,-17.002317565429593,12.0,67.1,jujuy,2.636813611987132,6363.719033333334
38,jujuy,38112,yavi,2017,231,25831,894.274321551624,0.894274321551624,Noroeste,27.47,26.77,7.86512216770463,12.0,18.85,jujuy,9.557965457455332,113.356175
38,jujuy,38112,yavi,2018,283,25831,1095.582826835972,1.0955828268359722,Noroeste,29.71,52.86,2.8043835398188,12.0,73.5,jujuy,1.519007566506514,151.62908333333334
38,jujuy,38112,yavi,2019,374,25831,1447.872711083582,1.4478727110835818,Noroeste,40.89,52.82,-4.095869743002778,12.0,58.49,jujuy,1.1556534838230936,235.28336666666667
38,jujuy,38112,yavi,2020,235,25831,909.7595911888816,0.9097595911888816,Noroeste,32.99,39.14,-22.513076245380446,12.0,35.38,jujuy,1.815733517073781,336.76238333333333
38,jujuy,38112,yavi,2021,363,25831,1405.2882195811237,1.4052882195811234,Noroeste,53.36,40.47,10.894768613448491,12.0,51.34,jujuy,7.805601287986974,502.7731833333333
38,jujuy,38112,yavi,2022,531,25831,2055.6695443459407,2.0556695443459407,Noroeste,90.36,100.29,16.258768970195426,12.0,94.78,jujuy,9.13909209322279,869.5214
38,jujuy,38112,yavi,2023,492,25831,1904.68816538268,1.90468816538268,Noroeste,152.68,225.08,6.451770318872274,12.0,276.35,jujuy,10.668716219238084,2036.0322583333332
38,jujuy,38112,yavi,2024,442,25831,1711.1222949169603,1.7111222949169602,Noroeste,145.47,106.62,-17.002317565429593,12.0,67.1,jujuy,2.636813611987132,6363.719033333334
42,la pampa,42007,atreucó,2022,39,11053,352.84538134443136,0.3528453813444314,Pampeana,90.36,100.29,16.258768970195426,12.0,94.78,la pampa,6.152194267709299,855.2844833333334
42,la pampa,42007,atreucó,2023,79,11053,714.7380801592328,0.7147380801592328,Pampeana,152.68,225.08,6.451770318872274,12.0,276.35,la pampa,6.396251965072297,1996.2926583333333
42,la pampa,42007,atreucó,2024,128,11053,1158.0566362073646,1.1580566362073643,Pampeana,145.47,106.62,-17.002317565429593,12.0,67.1,la pampa,2.9366672323293708,6356.215883333333
42,la pampa,42014,caleu caleu,2022,16,2611,612.7920337035619,0.6127920337035618,Pampeana,90.36,100.29,16.258768970195426,12.0,94.78,la pampa,6.152194267709299,855.2844833333334
42,la pampa,42014,caleu caleu,2023,32,2611,1225.5840674071237,1.2255840674071237,Pampeana,152.68,225.08,6.451770318872274,12.0,276.35,la pampa,6.396251965072297,1996.2926583333333
42,la pampa,42014,caleu caleu,2024,50,2611,1914.9751053236307,1.9149751053236308,Pampeana,145.47,106.62,-17.002317565429593,12.0,67.1,la pampa,2.9366672323293708,6356.215883333333
42,la pampa,42021,capital,2022,2202,118504,1858.1651252278405,1.8581651252278404,Pampeana,90.36,100.29,16.258768970195426,12.0,94.78,la pampa,6.152194267709299,855.2844833333334
42,la pampa,42021,capital,2023,2641,118504,2228.616755552556,2.228616755552556,Pampeana,152.68,225.08,6.451770318872274,12.0,276.35,la pampa,6.396251965072297,1996.2926583333333
42,la pampa,42021,capital,2024,3639,118504,3070.782420846554,3.070782420846554,Pampeana,145.47,106.62,-17.002317565429593,12.0,67.1,la pampa,2.9366672323293708,6356.215883333333
42,la pampa,42028,catriló,2022,49,8225,595.7446808510639,0.5957446808510638,Pampeana,90.36,100.29,16.258768970195426,12.0,94.78,la pampa,6.152194267709299,855.2844833333334
42,la pampa,42028,catriló,2023,69,8225,838.9057750759878,0.8389057750759878,Pampeana,152.68,225.08,6.451770318872274,12.0,276.35,la pampa,6.396251965072297,1996.2926583333333
42,la pampa,42028,catriló,2024,102,8225,1240.1215805471124,1.2401215805471124,Pampeana,145.47,106.62,-17.002317565429593,12.0,67.1,la pampa,2.9366672323293708,6356.215883333333
42,la pampa,42035,conhelo,2022,72,15094,477.01073274148666,0.4770107327414867,Pampeana,90.36,100.29,16.258768970195426,12.0,94.78,la pampa,6.152194267709299,855.2844833333334
42,la pampa,42035,conhelo,2023,61,15094,404.1340930170929,0.4041340930170929,Pampeana,152.68,225.08,6.451770318872274,12.0,276.35,la pampa,6.396251965072297,1996.2926583333333
42,la pampa,42035,conhelo,2024,96,15094,636.0143103219823,0.6360143103219823,Pampeana,145.47,106.62,-17.002317565429593,12.0,67.1,la pampa,2.9366672323293708,6356.215883333333
42,la pampa,42042,curacó,2022,0,1103,0.0,0.0,Pampeana,90.36,100.29,16.258768970195426,12.0,94.78,la pampa,6.152194267709299,855.2844833333334
42,la pampa,42042,curacó,2023,0,1103,0.0,0.0,Pampeana,152.68,225.08,6.451770318872274,12.0,276.35,la pampa,6.396251965072297,1996.2926583333333
42,la pampa,42042,curacó,2024,3,1103,271.985494106981,0.271985494106981,Pampeana,145.47,106.62,-17.002317565429593,12.0,67.1,la pampa,2.9366672323293708,6356.215883333333
42,la pampa,42049,chalileo,2022,10,2868,348.6750348675035,0.3486750348675035,Pampeana,90.36,100.29,16.258768970195426,12.0,94.78,la pampa,6.152194267709299,855.2844833333334
42,la pampa,42049,chalileo,2023,25,2868,871.6875871687587,0.8716875871687587,Pampeana,152.68,225.08,6.451770318872274,12.0,276.35,la pampa,6.396251965072297,1996.2926583333333
42,la pampa,42049,chalileo,2024,55,2868,1917.7126917712692,1.9177126917712688,Pampeana,145.47,106.62,-17.002317565429593,12.0,67.1,la pampa,2.9366672323293708,6356.215883333333
42,la pampa,42056,chapaleufú,2022,131,12277,1067.0359208275638,1.0670359208275637,Pampeana,90.36,100.29,16.258768970195426,12.0,94.78,la pampa,6.152194267709299,855.2844833333334
42,la pampa,42056,chapaleufú,2023,204,12277,1661.6437240368168,1.6616437240368167,Pampeana,152.68,225.08,6.451770318872274,12.0,276.35,la pampa,6.396251965072297,1996.2926583333333
42,la pampa,42056,chapaleufú,2024,186,12277,1515.0281013276858,1.5150281013276858,Pampeana,145.47,106.62,-17.002317565429593,12.0,67.1,la pampa,2.9366672323293708,6356.215883333333
42,la pampa,42063,chicalcó,2023,1,1461,68.44626967830253,0.0684462696783025,Pampeana,152.68,225.08,6.451770318872274,12.0,276.35,la pampa,6.396251965072297,1996.2926583333333
42,la pampa,42063,chicalcó,2024,4,1461,273.7850787132101,0.2737850787132101,Pampeana,145.47,106.62,-17.002317565429593,12.0,67.1,la pampa,2.9366672323293708,6356.215883333333
42,la pampa,42070,guatraché,2022,78,9397,830.0521443013728,0.8300521443013729,Pampeana,90.36,100.29,16.258768970195426,12.0,94.78,la pampa,6.152194267709299,855.2844833333334
42,la pampa,42070,guatraché,2023,70,9397,744.9185910396935,0.7449185910396936,Pampeana,152.68,225.08,6.451770318872274,12.0,276.35,la pampa,6.396251965072297,1996.2926583333333
42,la pampa,42070,guatraché,2024,54,9397,574.651484516335,0.5746514845163351,Pampeana,145.47,106.62,-17.002317565429593,12.0,67.1,la pampa,2.9366672323293708,6356.215883333333
42,la pampa,42077,hucal,2022,46,7713,596.3956955788927,0.5963956955788927,Pampeana,90.36,100.29,16.258768970195426,12.0,94.78,la pampa,6.152194267709299,855.2844833333334
42,la pampa,42077,hucal,2023,79,7713,1024.2447815376636,1.0242447815376636,Pampeana,152.68,225.08,6.451770318872274,12.0,276.35,la pampa,6.396251965072297,1996.2926583333333
42,la pampa,42077,hucal,2024,61,7713,790.8725528328796,0.7908725528328796,Pampeana,145.47,106.62,-17.002317565429593,12.0,67.1,la pampa,2.9366672323293708,6356.215883333333
42,la pampa,42084,lihuel calel,2022,4,428,934.5794392523364,0.9345794392523364,Pampeana,90.36,100.29,16.258768970195426,12.0,94.78,la pampa,6.152194267709299,855.2844833333334
42,la pampa,42084,lihuel calel,2023,5,428,1168.2242990654206,1.1682242990654206,Pampeana,152.68,225.08,6.451770318872274,12.0,276.35,la pampa,6.396251965072297,1996.2926583333333
42,la pampa,42084,lihuel calel,2024,4,428,934.5794392523364,0.9345794392523364,Pampeana,145.47,106.62,-17.002317565429593,12.0,67.1,la pampa,2.9366672323293708,6356.215883333333
42,la pampa,42091,limay mahuida,2022,0,413,0.0,0.0,Pampeana,90.36,100.29,16.258768970195426,12.0,94.78,la pampa,6.152194267709299,855.2844833333334
42,la pampa,42091,limay mahuida,2023,0,413,0.0,0.0,Pampeana,152.68,225.08,6.451770318872274,12.0,276.35,la pampa,6.396251965072297,1996.2926583333333
42,la pampa,42091,limay mahuida,2024,0,413,0.0,0.0,Pampeana,145.47,106.62,-17.002317565429593,12.0,67.1,la pampa,2.9366672323293708,6356.215883333333
42,la pampa,42098,loventué,2022,190,9243,2055.6096505463597,2.0556096505463595,Pampeana,90.36,100.29,16.258768970195426,12.0,94.78,la pampa,6.152194267709299,855.2844833333334
42,la pampa,42098,loventué,2023,148,9243,1601.2117277940065,1.6012117277940063,Pampeana,152.68,225.08,6.451770318872274,12.0,276.35,la pampa,6.396251965072297,1996.2926583333333
42,la pampa,42098,loventué,2024,127,9243,1374.0127664178297,1.3740127664178297,Pampeana,145.47,106.62,-17.002317565429593,12.0,67.1,la pampa,2.9366672323293708,6356.215883333333
42,la pampa,42105,maracó,2022,667,69067,965.728929879682,0.965728929879682,Pampeana,90.36,100.29,16.258768970195426,12.0,94.78,la pampa,6.152194267709299,855.2844833333334
42,la pampa,42105,maracó,2023,929,69067,1345.0707284231255,1.3450707284231254,Pampeana,152.68,225.08,6.451770318872274,12.0,276.35,la pampa,6.396251965072297,1996.2926583333333
42,la pampa,42105,maracó,2024,1163,69067,1683.8721820840633,1.6838721820840632,Pampeana,145.47,106.62,-17.002317565429593,12.0,67.1,la pampa,2.9366672323293708,6356.215883333333
42,la pampa,42112,puelén,2022,201,11636,1727.3977311790995,1.7273977311790996,Pampeana,90.36,100.29,16.258768970195426,12.0,94.78,la pampa,6.152194267709299,855.2844833333334
42,la pampa,42112,puelén,2023,244,11636,2096.940529391544,2.0969405293915435,Pampeana,152.68,225.08,6.451770318872274,12.0,276.35,la pampa,6.396251965072297,1996.2926583333333
42,la pampa,42112,puelén,2024,371,11636,3188.380886902716,3.188380886902716,Pampeana,145.47,106.62,-17.002317565429593,12.0,67.1,la pampa,2.9366672323293708,6356.215883333333
42,la pampa,42119,quemú ouemú,2022,3,8404,35.69728700618753,0.0356972870061875,Pampeana,90.36,100.29,16.258768970195426,12.0,94.78,la pampa,6.152194267709299,855.2844833333334
42,la pampa,42119,quemú ouemú,2023,31,8404,368.8719657306045,0.3688719657306045,Pampeana,152.68,225.08,6.451770318872274,12.0,276.35,la pampa,6.396251965072297,1996.2926583333333
42,la pampa,42119,quemú ouemú,2024,66,8404,785.3403141361256,0.7853403141361256,Pampeana,145.47,106.62,-17.002317565429593,12.0,67.1,la pampa,2.9366672323293708,6356.215883333333
42,la pampa,42126,rancul,2022,70,11090,631.1992786293958,0.6311992786293958,Pampeana,90.36,100.29,16.258768970195426,12.0,94.78,la pampa,6.152194267709299,855.2844833333334
42,la pampa,42126,rancul,2023,103,11090,928.7646528403968,0.9287646528403968,Pampeana,152.68,225.08,6.451770318872274,12.0,276.35,la pampa,6.396251965072297,1996.2926583333333
42,la pampa,42126,rancul,2024,109,11090,982.867448151488,0.982867448151488,Pampeana,145.47,106.62,-17.002317565429593,12.0,67.1,la pampa,2.9366672323293708,6356.215883333333
42,la pampa,42133,realicó,2022,159,17356,916.1097026964736,0.9161097026964736,Pampeana,90.36,100.29,16.258768970195426,12.0,94.78,la pampa,6.152194267709299,855.2844833333334
42,la pampa,42133,realicó,2023,159,17356,916.1097026964736,0.9161097026964736,Pampeana,152.68,225.08,6.451770318872274,12.0,276.35,la pampa,6.396251965072297,1996.2926583333333
42,la pampa,42133,realicó,2024,134,17356,772.0672966121226,0.7720672966121226,Pampeana,145.47,106.62,-17.002317565429593,12.0,67.1,la pampa,2.9366672323293708,6356.215883333333
42,la pampa,42140,toay,2022,281,17927,1567.468064929994,1.567468064929994,Pampeana,90.36,100.29,16.258768970195426,12.0,94.78,la pampa,6.152194267709299,855.2844833333334
42,la pampa,42140,toay,2023,226,17927,1260.668265744408,1.260668265744408,Pampeana,152.68,225.08,6.451770318872274,12.0,276.35,la pampa,6.396251965072297,1996.2926583333333
42,la pampa,42140,toay,2024,265,17927,1478.2172142578231,1.4782172142578234,Pampeana,145.47,106.62,-17.002317565429593,12.0,67.1,la pampa,2.9366672323293708,6356.215883333333
42,la pampa,42147,trenel,2022,16,5637,283.8389214120986,0.2838389214120986,Pampeana,90.36,100.29,16.258768970195426,12.0,94.78,la pampa,6.152194267709299,855.2844833333334
42,la pampa,42147,trenel,2023,27,5637,478.9781798829165,0.4789781798829164,Pampeana,152.68,225.08,6.451770318872274,12.0,276.35,la pampa,6.396251965072297,1996.2926583333333
42,la pampa,42147,trenel,2024,33,5637,585.4177754124534,0.5854177754124534,Pampeana,145.47,106.62,-17.002317565429593,12.0,67.1,la pampa,2.9366672323293708,6356.215883333333
42,la pampa,42154,utracán,2022,179,17686,1012.0999660748614,1.0120999660748615,Pampeana,90.36,100.29,16.258768970195426,12.0,94.78,la pampa,6.152194267709299,855.2844833333334
42,la pampa,42154,utracán,2023,181,17686,1023.4083455840778,1.023408345584078,Pampeana,152.68,225.08,6.451770318872274,12.0,276.35,la pampa,6.396251965072297,1996.2926583333333
42,la pampa,42154,utracán,2024,156,17686,882.0536017188737,0.8820536017188737,Pampeana,145.47,106.62,-17.002317565429593,12.0,67.1,la pampa,2.9366672323293708,6356.215883333333
46,la rioja,46007,arauco,2017,138,16251,849.1785120915636,0.8491785120915635,Noroeste,27.47,26.77,7.86512216770463,12.0,18.85,la rioja,8.26083662237651,113.356175
46,la rioja,46007,arauco,2018,94,16251,578.4259430188912,0.5784259430188912,Noroeste,29.71,52.86,2.8043835398188,12.0,73.5,la rioja,1.2648563357340992,151.62908333333334
46,la rioja,46007,arauco,2019,78,16251,479.9704633561012,0.4799704633561012,Noroeste,40.89,52.82,-4.095869743002778,12.0,58.49,la rioja,2.657702940437301,235.28336666666667
46,la rioja,46007,arauco,2020,116,16251,713.8022275552273,0.7138022275552274,Noroeste,32.99,39.14,-22.513076245380446,12.0,35.38,la rioja,5.2188016402472615,336.76238333333333
46,la rioja,46007,arauco,2021,180,16251,1107.6241462063874,1.1076241462063874,Noroeste,53.36,40.47,10.894768613448491,12.0,51.34,la rioja,9.152672510571968,502.7731833333333
46,la rioja,46007,arauco,2022,146,16251,898.4062519229585,0.8984062519229585,Noroeste,90.36,100.29,16.258768970195426,12.0,94.78,la rioja,11.441109521874871,869.5214
46,la rioja,46007,arauco,2023,133,16251,818.4111746969418,0.8184111746969418,Noroeste,152.68,225.08,6.451770318872274,12.0,276.35,la rioja,10.663335949580311,2036.0322583333332
46,la rioja,46007,arauco,2024,182,16251,1119.931081164236,1.119931081164236,Noroeste,145.47,106.62,-17.002317565429593,12.0,67.1,la rioja,2.3334393666277986,6363.719033333334
46,la rioja,46014,capital,2017,3709,210507,1761.9366576883426,1.7619366576883428,Noroeste,27.47,26.77,7.86512216770463,12.0,18.85,la rioja,8.26083662237651,113.356175
46,la rioja,46014,capital,2018,4711,210507,2237.9303301077875,2.2379303301077877,Noroeste,29.71,52.86,2.8043835398188,12.0,73.5,la rioja,1.2648563357340992,151.62908333333334
46,la rioja,46014,capital,2019,5011,210507,2380.443405682472,2.3804434056824717,Noroeste,40.89,52.82,-4.095869743002778,12.0,58.49,la rioja,2.657702940437301,235.28336666666667
46,la rioja,46014,capital,2020,4154,210507,1973.3310531241243,1.973331053124124,Noroeste,32.99,39.14,-22.513076245380446,12.0,35.38,la rioja,5.2188016402472615,336.76238333333333
46,la rioja,46014,capital,2021,3709,210507,1761.9366576883426,1.7619366576883428,Noroeste,53.36,40.47,10.894768613448491,12.0,51.34,la rioja,9.152672510571968,502.7731833333333
46,la rioja,46014,capital,2022,3844,210507,1826.067541696951,1.8260675416969507,Noroeste,90.36,100.29,16.258768970195426,12.0,94.78,la rioja,11.441109521874871,869.5214
46,la rioja,46014,capital,2023,4331,210507,2057.413767713188,2.057413767713188,Noroeste,152.68,225.08,6.451770318872274,12.0,276.35,la rioja,10.663335949580311,2036.0322583333332
46,la rioja,46014,capital,2024,4936,210507,2344.8151367888004,2.3448151367888004,Noroeste,145.47,106.62,-17.002317565429593,12.0,67.1,la rioja,2.3334393666277986,6363.719033333334
46,la rioja,46021,castro barros,2017,9,5810,154.9053356282272,0.1549053356282272,Noroeste,27.47,26.77,7.86512216770463,12.0,18.85,la rioja,8.26083662237651,113.356175
46,la rioja,46021,castro barros,2018,16,5810,275.3872633390706,0.2753872633390706,Noroeste,29.71,52.86,2.8043835398188,12.0,73.5,la rioja,1.2648563357340992,151.62908333333334
46,la rioja,46021,castro barros,2019,17,5810,292.5989672977625,0.2925989672977624,Noroeste,40.89,52.82,-4.095869743002778,12.0,58.49,la rioja,2.657702940437301,235.28336666666667
46,la rioja,46021,castro barros,2020,18,5810,309.8106712564544,0.3098106712564544,Noroeste,32.99,39.14,-22.513076245380446,12.0,35.38,la rioja,5.2188016402472615,336.76238333333333
46,la rioja,46021,castro barros,2021,24,5810,413.0808950086058,0.4130808950086058,Noroeste,53.36,40.47,10.894768613448491,12.0,51.34,la rioja,9.152672510571968,502.7731833333333
46,la rioja,46021,castro barros,2022,15,5810,258.1755593803787,0.2581755593803786,Noroeste,90.36,100.29,16.258768970195426,12.0,94.78,la rioja,11.441109521874871,869.5214
46,la rioja,46021,castro barros,2023,23,5810,395.8691910499139,0.3958691910499139,Noroeste,152.68,225.08,6.451770318872274,12.0,276.35,la rioja,10.663335949580311,2036.0322583333332
46,la rioja,46021,castro barros,2024,33,5810,567.986230636833,0.5679862306368331,Noroeste,145.47,106.62,-17.002317565429593,12.0,67.1,la rioja,2.3334393666277986,6363.719033333334
46,la rioja,46028,coronel felipe varela,2017,45,11371,395.743558174303,0.395743558174303,Noroeste,27.47,26.77,7.86512216770463,12.0,18.85,la rioja,8.26083662237651,113.356175
46,la rioja,46028,coronel felipe varela,2018,41,11371,360.5663530032539,0.3605663530032539,Noroeste,29.71,52.86,2.8043835398188,12.0,73.5,la rioja,1.2648563357340992,151.62908333333334
46,la rioja,46028,coronel felipe varela,2019,46,11371,404.53785946706535,0.4045378594670653,Noroeste,40.89,52.82,-4.095869743002778,12.0,58.49,la rioja,2.657702940437301,235.28336666666667
46,la rioja,46028,coronel felipe varela,2020,52,11371,457.3036672236391,0.4573036672236391,Noroeste,32.99,39.14,-22.513076245380446,12.0,35.38,la rioja,5.2188016402472615,336.76238333333333
46,la rioja,46028,coronel felipe varela,2021,31,11371,272.623340075631,0.272623340075631,Noroeste,53.36,40.47,10.894768613448491,12.0,51.34,la rioja,9.152672510571968,502.7731833333333
46,la rioja,46028,coronel felipe varela,2022,38,11371,334.183449124967,0.334183449124967,Noroeste,90.36,100.29,16.258768970195426,12.0,94.78,la rioja,11.441109521874871,869.5214
46,la rioja,46028,coronel felipe varela,2023,32,11371,281.4176413683933,0.2814176413683933,Noroeste,152.68,225.08,6.451770318872274,12.0,276.35,la rioja,10.663335949580311,2036.0322583333332
46,la rioja,46028,coronel felipe varela,2024,38,11371,334.183449124967,0.334183449124967,Noroeste,145.47,106.62,-17.002317565429593,12.0,67.1,la rioja,2.3334393666277986,6363.719033333334
46,la rioja,46035,chamical,2017,135,15630,863.7236084452975,0.8637236084452975,Noroeste,27.47,26.77,7.86512216770463,12.0,18.85,la rioja,8.26083662237651,113.356175
46,la rioja,46035,chamical,2018,171,15630,1094.0499040307102,1.0940499040307103,Noroeste,29.71,52.86,2.8043835398188,12.0,73.5,la rioja,1.2648563357340992,151.62908333333334
46,la rioja,46035,chamical,2019,167,15630,1068.4580934101086,1.0684580934101089,Noroeste,40.89,52.82,-4.095869743002778,12.0,58.49,la rioja,2.657702940437301,235.28336666666667
46,la rioja,46035,chamical,2020,177,15630,1132.4376199616122,1.1324376199616122,Noroeste,32.99,39.14,-22.513076245380446,12.0,35.38,la rioja,5.2188016402472615,336.76238333333333
46,la rioja,46035,chamical,2021,135,15630,863.7236084452975,0.8637236084452975,Noroeste,53.36,40.47,10.894768613448491,12.0,51.34,la rioja,9.152672510571968,502.7731833333333
46,la rioja,46035,chamical,2022,144,15630,921.3051823416508,0.9213051823416508,Noroeste,90.36,100.29,16.258768970195426,12.0,94.78,la rioja,11.441109521874871,869.5214
46,la rioja,46035,chamical,2023,152,15630,972.4888035828536,0.9724888035828536,Noroeste,152.68,225.08,6.451770318872274,12.0,276.35,la rioja,10.663335949580311,2036.0322583333332
46,la rioja,46035,chamical,2024,271,15630,1733.8451695457454,1.7338451695457453,Noroeste,145.47,106.62,-17.002317565429593,12.0,67.1,la rioja,2.3334393666277986,6363.719033333334
46,la rioja,46042,chilecito,2017,355,58681,604.9658322114484,0.6049658322114484,Noroeste,27.47,26.77,7.86512216770463,12.0,18.85,la rioja,8.26083662237651,113.356175
46,la rioja,46042,chilecito,2018,468,58681,797.5324210562192,0.7975324210562191,Noroeste,29.71,52.86,2.8043835398188,12.0,73.5,la rioja,1.2648563357340992,151.62908333333334
46,la rioja,46042,chilecito,2019,603,58681,1027.5898502070518,1.0275898502070515,Noroeste,40.89,52.82,-4.095869743002778,12.0,58.49,la rioja,2.657702940437301,235.28336666666667
46,la rioja,46042,chilecito,2020,513,58681,874.2182307731633,0.8742182307731633,Noroeste,32.99,39.14,-22.513076245380446,12.0,35.38,la rioja,5.2188016402472615,336.76238333333333
46,la rioja,46042,chilecito,2021,512,58681,872.5141016683424,0.8725141016683424,Noroeste,53.36,40.47,10.894768613448491,12.0,51.34,la rioja,9.152672510571968,502.7731833333333
46,la rioja,46042,chilecito,2022,466,58681,794.1241628465773,0.7941241628465773,Noroeste,90.36,100.29,16.258768970195426,12.0,94.78,la rioja,11.441109521874871,869.5214
46,la rioja,46042,chilecito,2023,375,58681,639.0484143078679,0.639048414307868,Noroeste,152.68,225.08,6.451770318872274,12.0,276.35,la rioja,10.663335949580311,2036.0322583333332
46,la rioja,46042,chilecito,2024,486,58681,828.2067449429969,0.828206744942997,Noroeste,145.47,106.62,-17.002317565429593,12.0,67.1,la rioja,2.3334393666277986,6363.719033333334
46,la rioja,46049,famatina,2017,34,6984,486.8270332187858,0.4868270332187858,Noroeste,27.47,26.77,7.86512216770463,12.0,18.85,la rioja,8.26083662237651,113.356175
46,la rioja,46049,famatina,2018,34,6984,486.8270332187858,0.4868270332187858,Noroeste,29.71,52.86,2.8043835398188,12.0,73.5,la rioja,1.2648563357340992,151.62908333333334
46,la rioja,46049,famatina,2019,34,6984,486.8270332187858,0.4868270332187858,Noroeste,40.89,52.82,-4.095869743002778,12.0,58.49,la rioja,2.657702940437301,235.28336666666667
46,la rioja,46049,famatina,2020,28,6984,400.91638029782354,0.4009163802978235,Noroeste,32.99,39.14,-22.513076245380446,12.0,35.38,la rioja,5.2188016402472615,336.76238333333333
46,la rioja,46049,famatina,2021,40,6984,572.737686139748,0.572737686139748,Noroeste,53.36,40.47,10.894768613448491,12.0,51.34,la rioja,9.152672510571968,502.7731833333333
46,la rioja,46049,famatina,2022,40,6984,572.737686139748,0.572737686139748,Noroeste,90.36,100.29,16.258768970195426,12.0,94.78,la rioja,11.441109521874871,869.5214
46,la rioja,46049,famatina,2023,35,6984,501.1454753722795,0.5011454753722795,Noroeste,152.68,225.08,6.451770318872274,12.0,276.35,la rioja,10.663335949580311,2036.0322583333332
46,la rioja,46049,famatina,2024,40,6984,572.737686139748,0.572737686139748,Noroeste,145.47,106.62,-17.002317565429593,12.0,67.1,la rioja,2.3334393666277986,6363.719033333334
46,la rioja,46063,general belgrano,2017,59,7615,774.7866053841103,0.7747866053841104,Noroeste,27.47,26.77,7.86512216770463,12.0,18.85,la rioja,8.26083662237651,113.356175
46,la rioja,46063,general belgrano,2018,59,7615,774.7866053841103,0.7747866053841104,Noroeste,29.71,52.86,2.8043835398188,12.0,73.5,la rioja,1.2648563357340992,151.62908333333334
46,la rioja,46063,general belgrano,2019,69,7615,906.1063690085358,0.9061063690085358,Noroeste,40.89,52.82,-4.095869743002778,12.0,58.49,la rioja,2.657702940437301,235.28336666666667
46,la rioja,46063,general belgrano,2020,29,7615,380.8273145108339,0.3808273145108339,Noroeste,32.99,39.14,-22.513076245380446,12.0,35.38,la rioja,5.2188016402472615,336.76238333333333
46,la rioja,46063,general belgrano,2021,17,7615,223.24359816152327,0.2232435981615233,Noroeste,53.36,40.47,10.894768613448491,12.0,51.34,la rioja,9.152672510571968,502.7731833333333
46,la rioja,46063,general belgrano,2022,25,7615,328.2994090610637,0.3282994090610637,Noroeste,90.36,100.29,16.258768970195426,12.0,94.78,la rioja,11.441109521874871,869.5214
46,la rioja,46063,general belgrano,2023,60,7615,787.9185817465528,0.7879185817465528,Noroeste,152.68,225.08,6.451770318872274,12.0,276.35,la rioja,10.663335949580311,2036.0322583333332
46,la rioja,46063,general belgrano,2024,56,7615,735.3906762967827,0.7353906762967827,Noroeste,145.47,106.62,-17.002317565429593,12.0,67.1,la rioja,2.3334393666277986,6363.719033333334
46,la rioja,46070,general juan f. quiroga,2017,4,4013,99.676052828308,0.099676052828308,Noroeste,27.47,26.77,7.86512216770463,12.0,18.85,la rioja,8.26083662237651,113.356175
46,la rioja,46070,general juan f. quiroga,2018,9,4013,224.271118863693,0.224271118863693,Noroeste,29.71,52.86,2.8043835398188,12.0,73.5,la rioja,1.2648563357340992,151.62908333333334
46,la rioja,46070,general juan f. quiroga,2019,26,4013,647.894343384002,0.6478943433840021,Noroeste,40.89,52.82,-4.095869743002778,12.0,58.49,la rioja,2.657702940437301,235.28336666666667
46,la rioja,46070,general juan f. quiroga,2020,23,4013,573.137303762771,0.5731373037627709,Noroeste,32.99,39.14,-22.513076245380446,12.0,35.38,la rioja,5.2188016402472615,336.76238333333333
46,la rioja,46070,general juan f. quiroga,2021,16,4013,398.704211313232,0.398704211313232,Noroeste,53.36,40.47,10.894768613448491,12.0,51.34,la rioja,9.152672510571968,502.7731833333333
46,la rioja,46070,general juan f. quiroga,2022,11,4013,274.109145277847,0.2741091452778469,Noroeste,90.36,100.29,16.258768970195426,12.0,94.78,la rioja,11.441109521874871,869.5214
46,la rioja,46070,general juan f. quiroga,2023,15,4013,373.785198106155,0.373785198106155,Noroeste,152.68,225.08,6.451770318872274,12.0,276.35,la rioja,10.663335949580311,2036.0322583333332
46,la rioja,46070,general juan f. quiroga,2024,11,4013,274.109145277847,0.2741091452778469,Noroeste,145.47,106.62,-17.002317565429593,12.0,67.1,la rioja,2.3334393666277986,6363.719033333334
46,la rioja,46077,general lamadrid,2017,11,1885,583.554376657825,0.583554376657825,Noroeste,27.47,26.77,7.86512216770463,12.0,18.85,la rioja,8.26083662237651,113.356175
46,la rioja,46077,general lamadrid,2018,14,1885,742.7055702917772,0.7427055702917772,Noroeste,29.71,52.86,2.8043835398188,12.0,73.5,la rioja,1.2648563357340992,151.62908333333334
46,la rioja,46077,general lamadrid,2019,9,1885,477.4535809018568,0.4774535809018567,Noroeste,40.89,52.82,-4.095869743002778,12.0,58.49,la rioja,2.657702940437301,235.28336666666667
46,la rioja,46077,general lamadrid,2020,19,1885,1007.9575596816976,1.0079575596816976,Noroeste,32.99,39.14,-22.513076245380446,12.0,35.38,la rioja,5.2188016402472615,336.76238333333333
46,la rioja,46077,general lamadrid,2021,0,1885,0.0,0.0,Noroeste,53.36,40.47,10.894768613448491,12.0,51.34,la rioja,9.152672510571968,502.7731833333333
46,la rioja,46077,general lamadrid,2022,5,1885,265.2519893899204,0.2652519893899204,Noroeste,90.36,100.29,16.258768970195426,12.0,94.78,la rioja,11.441109521874871,869.5214
46,la rioja,46077,general lamadrid,2023,4,1885,212.20159151193636,0.2122015915119363,Noroeste,152.68,225.08,6.451770318872274,12.0,276.35,la rioja,10.663335949580311,2036.0322583333332
46,la rioja,46077,general lamadrid,2024,8,1885,424.4031830238727,0.4244031830238726,Noroeste,145.47,106.62,-17.002317565429593,12.0,67.1,la rioja,2.3334393666277986,6363.719033333334
46,la rioja,46091,general san martín,2017,20,5017,398.6446083316724,0.3986446083316723,Noroeste,27.47,26.77,7.86512216770463,12.0,18.85,la rioja,8.26083662237651,113.356175
46,la rioja,46091,general san martín,2018,28,5017,558.1024516643413,0.5581024516643412,Noroeste,29.71,52.86,2.8043835398188,12.0,73.5,la rioja,1.2648563357340992,151.62908333333334
46,la rioja,46091,general san martín,2019,15,5017,298.98345624875424,0.2989834562487542,Noroeste,40.89,52.82,-4.095869743002778,12.0,58.49,la rioja,2.657702940437301,235.28336666666667
46,la rioja,46091,general san martín,2020,13,5017,259.118995415587,0.259118995415587,Noroeste,32.99,39.14,-22.513076245380446,12.0,35.38,la rioja,5.2188016402472615,336.76238333333333
46,la rioja,46091,general san martín,2021,9,5017,179.39007374925254,0.1793900737492525,Noroeste,53.36,40.47,10.894768613448491,12.0,51.34,la rioja,9.152672510571968,502.7731833333333
46,la rioja,46091,general san martín,2022,9,5017,179.39007374925254,0.1793900737492525,Noroeste,90.36,100.29,16.258768970195426,12.0,94.78,la rioja,11.441109521874871,869.5214
46,la rioja,46091,general san martín,2023,0,5017,0.0,0.0,Noroeste,152.68,225.08,6.451770318872274,12.0,276.35,la rioja,10.663335949580311,2036.0322583333332
46,la rioja,46091,general san martín,2024,31,5017,617.8991429140921,0.6178991429140921,Noroeste,145.47,106.62,-17.002317565429593,12.0,67.1,la rioja,2.3334393666277986,6363.719033333334
46,la rioja,46098,vinchina,2017,9,2695,333.9517625231911,0.3339517625231911,Noroeste,27.47,26.77,7.86512216770463,12.0,18.85,la rioja,8.26083662237651,113.356175
46,la rioja,46098,vinchina,2018,9,2695,333.9517625231911,0.3339517625231911,Noroeste,29.71,52.86,2.8043835398188,12.0,73.5,la rioja,1.2648563357340992,151.62908333333334
46,la rioja,46098,vinchina,2019,10,2695,371.0575139146568,0.3710575139146568,Noroeste,40.89,52.82,-4.095869743002778,12.0,58.49,la rioja,2.657702940437301,235.28336666666667
46,la rioja,46098,vinchina,2020,16,2695,593.6920222634508,0.5936920222634509,Noroeste,32.99,39.14,-22.513076245380446,12.0,35.38,la rioja,5.2188016402472615,336.76238333333333
46,la rioja,46098,vinchina,2021,10,2695,371.0575139146568,0.3710575139146568,Noroeste,53.36,40.47,10.894768613448491,12.0,51.34,la rioja,9.152672510571968,502.7731833333333
46,la rioja,46098,vinchina,2022,15,2695,556.5862708719851,0.5565862708719851,Noroeste,90.36,100.29,16.258768970195426,12.0,94.78,la rioja,11.441109521874871,869.5214
46,la rioja,46098,vinchina,2023,10,2695,371.0575139146568,0.3710575139146568,Noroeste,152.68,225.08,6.451770318872274,12.0,276.35,la rioja,10.663335949580311,2036.0322583333332
46,la rioja,46098,vinchina,2024,10,2695,371.0575139146568,0.3710575139146568,Noroeste,145.47,106.62,-17.002317565429593,12.0,67.1,la rioja,2.3334393666277986,6363.719033333334
46,la rioja,46105,independencia,2017,12,2399,500.20842017507294,0.5002084201750729,Noroeste,27.47,26.77,7.86512216770463,12.0,18.85,la rioja,8.26083662237651,113.356175
46,la rioja,46105,independencia,2018,13,2399,541.8924551896623,0.5418924551896623,Noroeste,29.71,52.86,2.8043835398188,12.0,73.5,la rioja,1.2648563357340992,151.62908333333334
46,la rioja,46105,independencia,2019,18,2399,750.3126302626094,0.7503126302626094,Noroeste,40.89,52.82,-4.095869743002778,12.0,58.49,la rioja,2.657702940437301,235.28336666666667
46,la rioja,46105,independencia,2020,11,2399,458.5243851604835,0.4585243851604835,Noroeste,32.99,39.14,-22.513076245380446,12.0,35.38,la rioja,5.2188016402472615,336.76238333333333
46,la rioja,46105,independencia,2021,4,2399,166.73614005835765,0.1667361400583576,Noroeste,53.36,40.47,10.894768613448491,12.0,51.34,la rioja,9.152672510571968,502.7731833333333
46,la rioja,46105,independencia,2022,21,2399,875.3647353063776,0.8753647353063776,Noroeste,90.36,100.29,16.258768970195426,12.0,94.78,la rioja,11.441109521874871,869.5214
46,la rioja,46105,independencia,2023,6,2399,250.10421008753647,0.2501042100875364,Noroeste,152.68,225.08,6.451770318872274,12.0,276.35,la rioja,10.663335949580311,2036.0322583333332
46,la rioja,46105,independencia,2024,6,2399,250.10421008753647,0.2501042100875364,Noroeste,145.47,106.62,-17.002317565429593,12.0,67.1,la rioja,2.3334393666277986,6363.719033333334
46,la rioja,46112,rosario vera peñaloza,2017,115,15764,729.5102765795484,0.7295102765795484,Noroeste,27.47,26.77,7.86512216770463,12.0,18.85,la rioja,8.26083662237651,113.356175
46,la rioja,46112,rosario vera peñaloza,2018,130,15764,824.6637909160111,0.8246637909160112,Noroeste,29.71,52.86,2.8043835398188,12.0,73.5,la rioja,1.2648563357340992,151.62908333333334
46,la rioja,46112,rosario vera peñaloza,2019,128,15764,811.9766556711495,0.8119766556711495,Noroeste,40.89,52.82,-4.095869743002778,12.0,58.49,la rioja,2.657702940437301,235.28336666666667
46,la rioja,46112,rosario vera peñaloza,2020,101,15764,640.7003298655163,0.6407003298655164,Noroeste,32.99,39.14,-22.513076245380446,12.0,35.38,la rioja,5.2188016402472615,336.76238333333333
46,la rioja,46112,rosario vera peñaloza,2021,83,15764,526.516112661761,0.526516112661761,Noroeste,53.36,40.47,10.894768613448491,12.0,51.34,la rioja,9.152672510571968,502.7731833333333
46,la rioja,46112,rosario vera peñaloza,2022,104,15764,659.7310327328089,0.659731032732809,Noroeste,90.36,100.29,16.258768970195426,12.0,94.78,la rioja,11.441109521874871,869.5214
46,la rioja,46112,rosario vera peñaloza,2023,51,15764,323.5219487439736,0.3235219487439736,Noroeste,152.68,225.08,6.451770318872274,12.0,276.35,la rioja,10.663335949580311,2036.0322583333332
46,la rioja,46112,rosario vera peñaloza,2024,79,15764,501.1418421720376,0.5011418421720376,Noroeste,145.47,106.62,-17.002317565429593,12.0,67.1,la rioja,2.3334393666277986,6363.719033333334
46,la rioja,46119,san blas de los sauces,2017,4,4306,92.89363678588016,0.0928936367858801,Noroeste,27.47,26.77,7.86512216770463,12.0,18.85,la rioja,8.26083662237651,113.356175
46,la rioja,46119,san blas de los sauces,2018,15,4306,348.35113794705063,0.3483511379470506,Noroeste,29.71,52.86,2.8043835398188,12.0,73.5,la rioja,1.2648563357340992,151.62908333333334
46,la rioja,46119,san blas de los sauces,2019,20,4306,464.4681839294009,0.4644681839294008,Noroeste,40.89,52.82,-4.095869743002778,12.0,58.49,la rioja,2.657702940437301,235.28336666666667
46,la rioja,46119,san blas de los sauces,2020,13,4306,301.90431955411054,0.3019043195541105,Noroeste,32.99,39.14,-22.513076245380446,12.0,35.38,la rioja,5.2188016402472615,336.76238333333333
46,la rioja,46119,san blas de los sauces,2021,11,4306,255.45750116117048,0.2554575011611704,Noroeste,53.36,40.47,10.894768613448491,12.0,51.34,la rioja,9.152672510571968,502.7731833333333
46,la rioja,46119,san blas de los sauces,2022,15,4306,348.35113794705063,0.3483511379470506,Noroeste,90.36,100.29,16.258768970195426,12.0,94.78,la rioja,11.441109521874871,869.5214
46,la rioja,46119,san blas de los sauces,2023,14,4306,325.1277287505806,0.3251277287505806,Noroeste,152.68,225.08,6.451770318872274,12.0,276.35,la rioja,10.663335949580311,2036.0322583333332
46,la rioja,46119,san blas de los sauces,2024,8,4306,185.78727357176032,0.1857872735717603,Noroeste,145.47,106.62,-17.002317565429593,12.0,67.1,la rioja,2.3334393666277986,6363.719033333334
46,la rioja,46126,sanagasta,2017,33,2994,1102.204408817635,1.1022044088176353,Noroeste,27.47,26.77,7.86512216770463,12.0,18.85,la rioja,8.26083662237651,113.356175
46,la rioja,46126,sanagasta,2018,19,2994,634.6025384101536,0.6346025384101536,Noroeste,29.71,52.86,2.8043835398188,12.0,73.5,la rioja,1.2648563357340992,151.62908333333334
46,la rioja,46126,sanagasta,2019,17,2994,567.8022712090849,0.5678022712090849,Noroeste,40.89,52.82,-4.095869743002778,12.0,58.49,la rioja,2.657702940437301,235.28336666666667
46,la rioja,46126,sanagasta,2020,10,2994,334.00133600534406,0.334001336005344,Noroeste,32.99,39.14,-22.513076245380446,12.0,35.38,la rioja,5.2188016402472615,336.76238333333333
46,la rioja,46126,sanagasta,2021,25,2994,835.0033400133601,0.8350033400133602,Noroeste,53.36,40.47,10.894768613448491,12.0,51.34,la rioja,9.152672510571968,502.7731833333333
46,la rioja,46126,sanagasta,2022,15,2994,501.002004008016,0.501002004008016,Noroeste,90.36,100.29,16.258768970195426,12.0,94.78,la rioja,11.441109521874871,869.5214
46,la rioja,46126,sanagasta,2023,32,2994,1068.804275217101,1.068804275217101,Noroeste,152.68,225.08,6.451770318872274,12.0,276.35,la rioja,10.663335949580311,2036.0322583333332
46,la rioja,46126,sanagasta,2024,46,2994,1536.4061456245825,1.5364061456245823,Noroeste,145.47,106.62,-17.002317565429593,12.0,67.1,la rioja,2.3334393666277986,6363.719033333334
50,mendoza,50007,capital,2017,8893,123715,7188.2956795861455,7.188295679586146,Cuyo,27.47,26.77,7.86512216770463,12.0,18.85,mendoza,2.6383173133550653,113.15353333333331
50,mendoza,50007,capital,2018,7555,123715,6106.777674493796,6.106777674493796,Cuyo,29.71,52.86,2.8043835398188,12.0,73.5,mendoza,-4.557891354514565,153.10280833333334
50,mendoza,50007,capital,2019,7814,123715,6316.129814492988,6.316129814492988,Cuyo,40.89,52.82,-4.095869743002778,12.0,58.49,mendoza,-0.984565832045936,237.5965833333333
50,mendoza,50007,capital,2020,5769,123715,4663.137048862304,4.663137048862304,Cuyo,32.99,39.14,-22.513076245380446,12.0,35.38,mendoza,8.475171276353821,340.498
50,mendoza,50007,capital,2021,9025,123715,7294.992523137857,7.294992523137857,Cuyo,53.36,40.47,10.894768613448491,12.0,51.34,mendoza,5.750420475369533,510.8424583333333
50,mendoza,50007,capital,2022,10924,123715,8829.97211332498,8.829972113324981,Cuyo,90.36,100.29,16.258768970195426,12.0,94.78,mendoza,6.373997330324044,878.7833999999999
50,mendoza,50007,capital,2023,11984,123715,9686.780099422058,9.68678009942206,Cuyo,152.68,225.08,6.451770318872274,12.0,276.35,mendoza,6.737922752789394,2019.1807333333331
50,mendoza,50007,capital,2024,10863,123715,8780.665238653357,8.780665238653357,Cuyo,145.47,106.62,-17.002317565429593,12.0,67.1,mendoza,3.9748879413885607,6449.676708333333
50,mendoza,50014,general alvear,2017,490,52379,935.4894136963288,0.9354894136963288,Cuyo,27.47,26.77,7.86512216770463,12.0,18.85,mendoza,2.6383173133550653,113.15353333333331
50,mendoza,50014,general alvear,2018,1386,52379,2646.0986273124727,2.6460986273124725,Cuyo,29.71,52.86,2.8043835398188,12.0,73.5,mendoza,-4.557891354514565,153.10280833333334
50,mendoza,50014,general alvear,2019,1371,52379,2617.461196280952,2.6174611962809524,Cuyo,40.89,52.82,-4.095869743002778,12.0,58.49,mendoza,-0.984565832045936,237.5965833333333
50,mendoza,50014,general alvear,2020,1088,52379,2077.1683308196034,2.077168330819603,Cuyo,32.99,39.14,-22.513076245380446,12.0,35.38,mendoza,8.475171276353821,340.498
50,mendoza,50014,general alvear,2021,1490,52379,2844.6514824643464,2.8446514824643465,Cuyo,53.36,40.47,10.894768613448491,12.0,51.34,mendoza,5.750420475369533,510.8424583333333
50,mendoza,50014,general alvear,2022,1402,52379,2676.645220412761,2.6766452204127607,Cuyo,90.36,100.29,16.258768970195426,12.0,94.78,mendoza,6.373997330324044,878.7833999999999
50,mendoza,50014,general alvear,2023,1558,52379,2974.4745031405714,2.9744745031405717,Cuyo,152.68,225.08,6.451770318872274,12.0,276.35,mendoza,6.737922752789394,2019.1807333333331
50,mendoza,50014,general alvear,2024,1578,52379,3012.657744515932,3.012657744515932,Cuyo,145.47,106.62,-17.002317565429593,12.0,67.1,mendoza,3.9748879413885607,6449.676708333333
50,mendoza,50021,godoy cruz,2017,5198,194557,2671.710604090318,2.6717106040903182,Cuyo,27.47,26.77,7.86512216770463,12.0,18.85,mendoza,2.6383173133550653,113.15353333333331
50,mendoza,50021,godoy cruz,2018,5130,194557,2636.759407268821,2.636759407268821,Cuyo,29.71,52.86,2.8043835398188,12.0,73.5,mendoza,-4.557891354514565,153.10280833333334
50,mendoza,50021,godoy cruz,2019,5052,194557,2596.6683285618096,2.596668328561809,Cuyo,40.89,52.82,-4.095869743002778,12.0,58.49,mendoza,-0.984565832045936,237.5965833333333
50,mendoza,50021,godoy cruz,2020,4145,194557,2130.481041545665,2.130481041545665,Cuyo,32.99,39.14,-22.513076245380446,12.0,35.38,mendoza,8.475171276353821,340.498
50,mendoza,50021,godoy cruz,2021,6208,194557,3190.838674527259,3.1908386745272592,Cuyo,53.36,40.47,10.894768613448491,12.0,51.34,mendoza,5.750420475369533,510.8424583333333
50,mendoza,50021,godoy cruz,2022,7248,194557,3725.386390620744,3.725386390620743,Cuyo,90.36,100.29,16.258768970195426,12.0,94.78,mendoza,6.373997330324044,878.7833999999999
50,mendoza,50021,godoy cruz,2023,7874,194557,4047.1429966539367,4.047142996653936,Cuyo,152.68,225.08,6.451770318872274,12.0,276.35,mendoza,6.737922752789394,2019.1807333333331
50,mendoza,50021,godoy cruz,2024,8239,194557,4234.748685475208,4.234748685475208,Cuyo,145.47,106.62,-17.002317565429593,12.0,67.1,mendoza,3.9748879413885607,6449.676708333333
50,mendoza,50028,guaymallén,2017,10560,320871,3291.0421945267726,3.291042194526773,Cuyo,27.47,26.77,7.86512216770463,12.0,18.85,mendoza,2.6383173133550653,113.15353333333331
50,mendoza,50028,guaymallén,2018,8560,320871,2667.7387485936715,2.6677387485936714,Cuyo,29.71,52.86,2.8043835398188,12.0,73.5,mendoza,-4.557891354514565,153.10280833333334
50,mendoza,50028,guaymallén,2019,9104,320871,2837.277285887475,2.837277285887475,Cuyo,40.89,52.82,-4.095869743002778,12.0,58.49,mendoza,-0.984565832045936,237.5965833333333
50,mendoza,50028,guaymallén,2020,6435,320871,2005.478837289752,2.005478837289752,Cuyo,32.99,39.14,-22.513076245380446,12.0,35.38,mendoza,8.475171276353821,340.498
50,mendoza,50028,guaymallén,2021,10242,320871,3191.9369466234098,3.191936946623409,Cuyo,53.36,40.47,10.894768613448491,12.0,51.34,mendoza,5.750420475369533,510.8424583333333
50,mendoza,50028,guaymallén,2022,10297,320871,3209.07779138657,3.20907779138657,Cuyo,90.36,100.29,16.258768970195426,12.0,94.78,mendoza,6.373997330324044,878.7833999999999
50,mendoza,50028,guaymallén,2023,11158,320871,3477.409924860769,3.477409924860769,Cuyo,152.68,225.08,6.451770318872274,12.0,276.35,mendoza,6.737922752789394,2019.1807333333331
50,mendoza,50028,guaymallén,2024,11541,320871,3596.7725347569585,3.5967725347569584,Cuyo,145.47,106.62,-17.002317565429593,12.0,67.1,mendoza,3.9748879413885607,6449.676708333333
50,mendoza,50035,junín,2017,988,46472,2126.011361680152,2.1260113616801517,Cuyo,27.47,26.77,7.86512216770463,12.0,18.85,mendoza,2.6383173133550653,113.15353333333331
50,mendoza,50035,junín,2018,915,46472,1968.9275262523668,1.9689275262523669,Cuyo,29.71,52.86,2.8043835398188,12.0,73.5,mendoza,-4.557891354514565,153.10280833333334
50,mendoza,50035,junín,2019,973,46472,2093.7338612497847,2.0937338612497847,Cuyo,40.89,52.82,-4.095869743002778,12.0,58.49,mendoza,-0.984565832045936,237.5965833333333
50,mendoza,50035,junín,2020,695,46472,1495.5241866069891,1.4955241866069893,Cuyo,32.99,39.14,-22.513076245380446,12.0,35.38,mendoza,8.475171276353821,340.498
50,mendoza,50035,junín,2021,1065,46472,2291.7025305560337,2.2917025305560337,Cuyo,53.36,40.47,10.894768613448491,12.0,51.34,mendoza,5.750420475369533,510.8424583333333
50,mendoza,50035,junín,2022,1164,46472,2504.734033396454,2.5047340333964536,Cuyo,90.36,100.29,16.258768970195426,12.0,94.78,mendoza,6.373997330324044,878.7833999999999
50,mendoza,50035,junín,2023,1261,46472,2713.461869512825,2.713461869512825,Cuyo,152.68,225.08,6.451770318872274,12.0,276.35,mendoza,6.737922752789394,2019.1807333333331
50,mendoza,50035,junín,2024,1228,46472,2642.451368566018,2.642451368566018,Cuyo,145.47,106.62,-17.002317565429593,12.0,67.1,mendoza,3.9748879413885607,6449.676708333333
50,mendoza,50042,la paz,2017,286,12018,2379.763687801631,2.379763687801631,Cuyo,27.47,26.77,7.86512216770463,12.0,18.85,mendoza,2.6383173133550653,113.15353333333331
50,mendoza,50042,la paz,2018,271,12018,2254.950906972874,2.2549509069728737,Cuyo,29.71,52.86,2.8043835398188,12.0,73.5,mendoza,-4.557891354514565,153.10280833333334
50,mendoza,50042,la paz,2019,241,12018,2005.32534531536,2.0053253453153603,Cuyo,40.89,52.82,-4.095869743002778,12.0,58.49,mendoza,-0.984565832045936,237.5965833333333
50,mendoza,50042,la paz,2020,237,12018,1972.0419370943584,1.9720419370943585,Cuyo,32.99,39.14,-22.513076245380446,12.0,35.38,mendoza,8.475171276353821,340.498
50,mendoza,50042,la paz,2021,321,12018,2670.993509735397,2.6709935097353967,Cuyo,53.36,40.47,10.894768613448491,12.0,51.34,mendoza,5.750420475369533,510.8424583333333
50,mendoza,50042,la paz,2022,357,12018,2970.5441837244134,2.9705441837244133,Cuyo,90.36,100.29,16.258768970195426,12.0,94.78,mendoza,6.373997330324044,878.7833999999999
50,mendoza,50042,la paz,2023,245,12018,2038.6087535363624,2.038608753536362,Cuyo,152.68,225.08,6.451770318872274,12.0,276.35,mendoza,6.737922752789394,2019.1807333333331
50,mendoza,50042,la paz,2024,311,12018,2587.7849891828923,2.587784989182893,Cuyo,145.47,106.62,-17.002317565429593,12.0,67.1,mendoza,3.9748879413885607,6449.676708333333
50,mendoza,50049,las heras,2017,5685,233839,2431.1599006153806,2.431159900615381,Cuyo,27.47,26.77,7.86512216770463,12.0,18.85,mendoza,2.6383173133550653,113.15353333333331
50,mendoza,50049,las heras,2018,5251,233839,2245.562117525306,2.245562117525305,Cuyo,29.71,52.86,2.8043835398188,12.0,73.5,mendoza,-4.557891354514565,153.10280833333334
50,mendoza,50049,las heras,2019,5509,233839,2355.894440191756,2.355894440191756,Cuyo,40.89,52.82,-4.095869743002778,12.0,58.49,mendoza,-0.984565832045936,237.5965833333333
50,mendoza,50049,las heras,2020,3886,233839,1661.8271545807156,1.6618271545807155,Cuyo,32.99,39.14,-22.513076245380446,12.0,35.38,mendoza,8.475171276353821,340.498
50,mendoza,50049,las heras,2021,5935,233839,2538.071065989848,2.538071065989848,Cuyo,53.36,40.47,10.894768613448491,12.0,51.34,mendoza,5.750420475369533,510.8424583333333
50,mendoza,50049,las heras,2022,6478,233839,2770.28211718319,2.77028211718319,Cuyo,90.36,100.29,16.258768970195426,12.0,94.78,mendoza,6.373997330324044,878.7833999999999
50,mendoza,50049,las heras,2023,7021,233839,3002.4931683765326,3.002493168376533,Cuyo,152.68,225.08,6.451770318872274,12.0,276.35,mendoza,6.737922752789394,2019.1807333333331
50,mendoza,50049,las heras,2024,7655,233839,3273.619883766181,3.2736198837661807,Cuyo,145.47,106.62,-17.002317565429593,12.0,67.1,mendoza,3.9748879413885607,6449.676708333333
50,mendoza,50056,lavalle,2017,1176,47086,2497.5576604510898,2.4975576604510894,Cuyo,27.47,26.77,7.86512216770463,12.0,18.85,mendoza,2.6383173133550653,113.15353333333331
50,mendoza,50056,lavalle,2018,1061,47086,2253.323705560039,2.253323705560039,Cuyo,29.71,52.86,2.8043835398188,12.0,73.5,mendoza,-4.557891354514565,153.10280833333334
50,mendoza,50056,lavalle,2019,1069,47086,2270.313893726373,2.270313893726373,Cuyo,40.89,52.82,-4.095869743002778,12.0,58.49,mendoza,-0.984565832045936,237.5965833333333
50,mendoza,50056,lavalle,2020,784,47086,1665.0384403007265,1.6650384403007263,Cuyo,32.99,39.14,-22.513076245380446,12.0,35.38,mendoza,8.475171276353821,340.498
50,mendoza,50056,lavalle,2021,1100,47086,2336.150872870917,2.336150872870917,Cuyo,53.36,40.47,10.894768613448491,12.0,51.34,mendoza,5.750420475369533,510.8424583333333
50,mendoza,50056,lavalle,2022,967,47086,2053.688994605616,2.0536889946056154,Cuyo,90.36,100.29,16.258768970195426,12.0,94.78,mendoza,6.373997330324044,878.7833999999999
50,mendoza,50056,lavalle,2023,1001,47086,2125.8972943125345,2.1258972943125345,Cuyo,152.68,225.08,6.451770318872274,12.0,276.35,mendoza,6.737922752789394,2019.1807333333331
50,mendoza,50056,lavalle,2024,1045,47086,2219.343329227371,2.219343329227371,Cuyo,145.47,106.62,-17.002317565429593,12.0,67.1,mendoza,3.9748879413885607,6449.676708333333
50,mendoza,50063,luján de cuyo,2017,3675,171883,2138.082300169301,2.138082300169301,Cuyo,27.47,26.77,7.86512216770463,12.0,18.85,mendoza,2.6383173133550653,113.15353333333331
50,mendoza,50063,luján de cuyo,2018,3992,171883,2322.5100795308435,2.3225100795308435,Cuyo,29.71,52.86,2.8043835398188,12.0,73.5,mendoza,-4.557891354514565,153.10280833333334
50,mendoza,50063,luján de cuyo,2019,4558,171883,2651.8038433120205,2.6518038433120203,Cuyo,40.89,52.82,-4.095869743002778,12.0,58.49,mendoza,-0.984565832045936,237.5965833333333
50,mendoza,50063,luján de cuyo,2020,3631,171883,2112.4834916774785,2.1124834916774784,Cuyo,32.99,39.14,-22.513076245380446,12.0,35.38,mendoza,8.475171276353821,340.498
50,mendoza,50063,luján de cuyo,2021,6020,171883,3502.382434563045,3.502382434563046,Cuyo,53.36,40.47,10.894768613448491,12.0,51.34,mendoza,5.750420475369533,510.8424583333333
50,mendoza,50063,luján de cuyo,2022,6471,171883,3764.770221604231,3.764770221604231,Cuyo,90.36,100.29,16.258768970195426,12.0,94.78,mendoza,6.373997330324044,878.7833999999999
50,mendoza,50063,luján de cuyo,2023,5925,171883,3447.112279864792,3.447112279864792,Cuyo,152.68,225.08,6.451770318872274,12.0,276.35,mendoza,6.737922752789394,2019.1807333333331
50,mendoza,50063,luján de cuyo,2024,6651,171883,3869.49261997987,3.8694926199798703,Cuyo,145.47,106.62,-17.002317565429593,12.0,67.1,mendoza,3.9748879413885607,6449.676708333333
50,mendoza,50070,maipú,2017,5464,218887,2496.2651961971246,2.4962651961971245,Cuyo,27.47,26.77,7.86512216770463,12.0,18.85,mendoza,2.6383173133550653,113.15353333333331
50,mendoza,50070,maipú,2018,5591,218887,2554.286001452804,2.5542860014528044,Cuyo,29.71,52.86,2.8043835398188,12.0,73.5,mendoza,-4.557891354514565,153.10280833333334
50,mendoza,50070,maipú,2019,6087,218887,2780.886941663964,2.7808869416639634,Cuyo,40.89,52.82,-4.095869743002778,12.0,58.49,mendoza,-0.984565832045936,237.5965833333333
50,mendoza,50070,maipú,2020,4427,218887,2022.504762731455,2.022504762731455,Cuyo,32.99,39.14,-22.513076245380446,12.0,35.38,mendoza,8.475171276353821,340.498
50,mendoza,50070,maipú,2021,5691,218887,2599.971674882474,2.599971674882474,Cuyo,53.36,40.47,10.894768613448491,12.0,51.34,mendoza,5.750420475369533,510.8424583333333
50,mendoza,50070,maipú,2022,5714,218887,2610.4793797712978,2.6104793797712977,Cuyo,90.36,100.29,16.258768970195426,12.0,94.78,mendoza,6.373997330324044,878.7833999999999
50,mendoza,50070,maipú,2023,6578,218887,3005.20359820364,3.00520359820364,Cuyo,152.68,225.08,6.451770318872274,12.0,276.35,mendoza,6.737922752789394,2019.1807333333331
50,mendoza,50070,maipú,2024,6777,218887,3096.118088328681,3.096118088328681,Cuyo,145.47,106.62,-17.002317565429593,12.0,67.1,mendoza,3.9748879413885607,6449.676708333333
50,mendoza,50077,malargüe,2017,434,32596,1331.451711866487,1.3314517118664868,Cuyo,27.47,26.77,7.86512216770463,12.0,18.85,mendoza,2.6383173133550653,113.15353333333331
50,mendoza,50077,malargüe,2018,794,32596,2435.881703276476,2.435881703276476,Cuyo,29.71,52.86,2.8043835398188,12.0,73.5,mendoza,-4.557891354514565,153.10280833333334
50,mendoza,50077,malargüe,2019,953,32596,2923.671616149221,2.9236716161492207,Cuyo,40.89,52.82,-4.095869743002778,12.0,58.49,mendoza,-0.984565832045936,237.5965833333333
50,mendoza,50077,malargüe,2020,704,32596,2159.7742054239784,2.1597742054239784,Cuyo,32.99,39.14,-22.513076245380446,12.0,35.38,mendoza,8.475171276353821,340.498
50,mendoza,50077,malargüe,2021,960,32596,2945.14664375997,2.9451466437599705,Cuyo,53.36,40.47,10.894768613448491,12.0,51.34,mendoza,5.750420475369533,510.8424583333333
50,mendoza,50077,malargüe,2022,1075,32596,3297.9506687937173,3.297950668793717,Cuyo,90.36,100.29,16.258768970195426,12.0,94.78,mendoza,6.373997330324044,878.7833999999999
50,mendoza,50077,malargüe,2023,1048,32596,3215.118419437968,3.215118419437968,Cuyo,152.68,225.08,6.451770318872274,12.0,276.35,mendoza,6.737922752789394,2019.1807333333331
50,mendoza,50077,malargüe,2024,1020,32596,3129.218308994969,3.129218308994969,Cuyo,145.47,106.62,-17.002317565429593,12.0,67.1,mendoza,3.9748879413885607,6449.676708333333
50,mendoza,50084,rivadavia,2017,2115,63589,3326.0469578071684,3.326046957807168,Cuyo,27.47,26.77,7.86512216770463,12.0,18.85,mendoza,2.6383173133550653,113.15353333333331
50,mendoza,50084,rivadavia,2018,2184,63589,3434.556291182437,3.434556291182437,Cuyo,29.71,52.86,2.8043835398188,12.0,73.5,mendoza,-4.557891354514565,153.10280833333334
50,mendoza,50084,rivadavia,2019,2167,63589,3407.822107597226,3.407822107597226,Cuyo,40.89,52.82,-4.095869743002778,12.0,58.49,mendoza,-0.984565832045936,237.5965833333333
50,mendoza,50084,rivadavia,2020,1628,63589,2560.191228042586,2.5601912280425863,Cuyo,32.99,39.14,-22.513076245380446,12.0,35.38,mendoza,8.475171276353821,340.498
50,mendoza,50084,rivadavia,2021,2145,63589,3373.224928839893,3.373224928839893,Cuyo,53.36,40.47,10.894768613448491,12.0,51.34,mendoza,5.750420475369533,510.8424583333333
50,mendoza,50084,rivadavia,2022,2203,63589,3464.4356728364965,3.4644356728364967,Cuyo,90.36,100.29,16.258768970195426,12.0,94.78,mendoza,6.373997330324044,878.7833999999999
50,mendoza,50084,rivadavia,2023,2523,63589,3967.6673638522384,3.967667363852238,Cuyo,152.68,225.08,6.451770318872274,12.0,276.35,mendoza,6.737922752789394,2019.1807333333331
50,mendoza,50084,rivadavia,2024,1997,63589,3140.480271745113,3.140480271745113,Cuyo,145.47,106.62,-17.002317565429593,12.0,67.1,mendoza,3.9748879413885607,6449.676708333333
50,mendoza,50091,san carlos,2017,522,39752,1313.141477158382,1.313141477158382,Cuyo,27.47,26.77,7.86512216770463,12.0,18.85,mendoza,2.6383173133550653,113.15353333333331
50,mendoza,50091,san carlos,2018,851,39752,2140.772791306098,2.140772791306098,Cuyo,29.71,52.86,2.8043835398188,12.0,73.5,mendoza,-4.557891354514565,153.10280833333334
50,mendoza,50091,san carlos,2019,934,39752,2349.56731736768,2.34956731736768,Cuyo,40.89,52.82,-4.095869743002778,12.0,58.49,mendoza,-0.984565832045936,237.5965833333333
50,mendoza,50091,san carlos,2020,834,39752,2098.0076474139664,2.0980076474139664,Cuyo,32.99,39.14,-22.513076245380446,12.0,35.38,mendoza,8.475171276353821,340.498
50,mendoza,50091,san carlos,2021,912,39752,2294.224189977863,2.294224189977863,Cuyo,53.36,40.47,10.894768613448491,12.0,51.34,mendoza,5.750420475369533,510.8424583333333
50,mendoza,50091,san carlos,2022,839,39752,2110.5856309116525,2.110585630911652,Cuyo,90.36,100.29,16.258768970195426,12.0,94.78,mendoza,6.373997330324044,878.7833999999999
50,mendoza,50091,san carlos,2023,913,39752,2296.7397866774,2.2967397866774,Cuyo,152.68,225.08,6.451770318872274,12.0,276.35,mendoza,6.737922752789394,2019.1807333333331
50,mendoza,50091,san carlos,2024,984,39752,2475.3471523445364,2.4753471523445363,Cuyo,145.47,106.62,-17.002317565429593,12.0,67.1,mendoza,3.9748879413885607,6449.676708333333
50,mendoza,50098,san martín,2017,4073,139406,2921.681993601423,2.9216819936014238,Cuyo,27.47,26.77,7.86512216770463,12.0,18.85,mendoza,2.6383173133550653,113.15353333333331
50,mendoza,50098,san martín,2018,4001,139406,2870.034288337661,2.8700342883376613,Cuyo,29.71,52.86,2.8043835398188,12.0,73.5,mendoza,-4.557891354514565,153.10280833333334
50,mendoza,50098,san martín,2019,4237,139406,3039.3239889244364,3.039323988924437,Cuyo,40.89,52.82,-4.095869743002778,12.0,58.49,mendoza,-0.984565832045936,237.5965833333333
50,mendoza,50098,san martín,2020,2857,139406,2049.409638035665,2.049409638035665,Cuyo,32.99,39.14,-22.513076245380446,12.0,35.38,mendoza,8.475171276353821,340.498
50,mendoza,50098,san martín,2021,4123,139406,2957.5484555901467,2.9575484555901466,Cuyo,53.36,40.47,10.894768613448491,12.0,51.34,mendoza,5.750420475369533,510.8424583333333
50,mendoza,50098,san martín,2022,4346,139406,3117.512876059854,3.117512876059854,Cuyo,90.36,100.29,16.258768970195426,12.0,94.78,mendoza,6.373997330324044,878.7833999999999
50,mendoza,50098,san martín,2023,5215,139406,3740.8719854238702,3.74087198542387,Cuyo,152.68,225.08,6.451770318872274,12.0,276.35,mendoza,6.737922752789394,2019.1807333333331
50,mendoza,50098,san martín,2024,4694,139406,3367.14345150137,3.36714345150137,Cuyo,145.47,106.62,-17.002317565429593,12.0,67.1,mendoza,3.9748879413885607,6449.676708333333
50,mendoza,50105,san rafael,2017,880,213204,412.7502298268325,0.4127502298268325,Cuyo,27.47,26.77,7.86512216770463,12.0,18.85,mendoza,2.6383173133550653,113.15353333333331
50,mendoza,50105,san rafael,2018,1716,213204,804.8629481623234,0.8048629481623234,Cuyo,29.71,52.86,2.8043835398188,12.0,73.5,mendoza,-4.557891354514565,153.10280833333334
50,mendoza,50105,san rafael,2019,5385,213204,2525.7499859289696,2.5257499859289694,Cuyo,40.89,52.82,-4.095869743002778,12.0,58.49,mendoza,-0.984565832045936,237.5965833333333
50,mendoza,50105,san rafael,2020,5088,213204,2386.446783362413,2.386446783362413,Cuyo,32.99,39.14,-22.513076245380446,12.0,35.38,mendoza,8.475171276353821,340.498
50,mendoza,50105,san rafael,2021,6689,213204,3137.370781036003,3.1373707810360028,Cuyo,53.36,40.47,10.894768613448491,12.0,51.34,mendoza,5.750420475369533,510.8424583333333
50,mendoza,50105,san rafael,2022,6963,213204,3265.886193504812,3.265886193504812,Cuyo,90.36,100.29,16.258768970195426,12.0,94.78,mendoza,6.373997330324044,878.7833999999999
50,mendoza,50105,san rafael,2023,8096,213204,3797.3021144068593,3.7973021144068593,Cuyo,152.68,225.08,6.451770318872274,12.0,276.35,mendoza,6.737922752789394,2019.1807333333331
50,mendoza,50105,san rafael,2024,8779,213204,4117.65257687473,4.11765257687473,Cuyo,145.47,106.62,-17.002317565429593,12.0,67.1,mendoza,3.9748879413885607,6449.676708333333
50,mendoza,50112,santa rosa,2017,586,19379,3023.8918416842976,3.0238918416842973,Cuyo,27.47,26.77,7.86512216770463,12.0,18.85,mendoza,2.6383173133550653,113.15353333333331
50,mendoza,50112,santa rosa,2018,487,19379,2513.0295680891686,2.513029568089169,Cuyo,29.71,52.86,2.8043835398188,12.0,73.5,mendoza,-4.557891354514565,153.10280833333334
50,mendoza,50112,santa rosa,2019,497,19379,2564.6318179472623,2.5646318179472627,Cuyo,40.89,52.82,-4.095869743002778,12.0,58.49,mendoza,-0.984565832045936,237.5965833333333
50,mendoza,50112,santa rosa,2020,399,19379,2058.929769337943,2.058929769337943,Cuyo,32.99,39.14,-22.513076245380446,12.0,35.38,mendoza,8.475171276353821,340.498
50,mendoza,50112,santa rosa,2021,643,19379,3318.024665875432,3.318024665875432,Cuyo,53.36,40.47,10.894768613448491,12.0,51.34,mendoza,5.750420475369533,510.8424583333333
50,mendoza,50112,santa rosa,2022,602,19379,3106.455441457248,3.106455441457248,Cuyo,90.36,100.29,16.258768970195426,12.0,94.78,mendoza,6.373997330324044,878.7833999999999
50,mendoza,50112,santa rosa,2023,486,19379,2507.86934310336,2.5078693431033594,Cuyo,152.68,225.08,6.451770318872274,12.0,276.35,mendoza,6.737922752789394,2019.1807333333331
50,mendoza,50112,santa rosa,2024,510,19379,2631.7147427627847,2.6317147427627847,Cuyo,145.47,106.62,-17.002317565429593,12.0,67.1,mendoza,3.9748879413885607,6449.676708333333
50,mendoza,50119,tunuyán,2017,872,59972,1454.01187220703,1.45401187220703,Cuyo,27.47,26.77,7.86512216770463,12.0,18.85,mendoza,2.6383173133550653,113.15353333333331
50,mendoza,50119,tunuyán,2018,1477,59972,2462.815980791036,2.4628159807910355,Cuyo,29.71,52.86,2.8043835398188,12.0,73.5,mendoza,-4.557891354514565,153.10280833333334
50,mendoza,50119,tunuyán,2019,1824,59972,3041.4193290202093,3.0414193290202096,Cuyo,40.89,52.82,-4.095869743002778,12.0,58.49,mendoza,-0.984565832045936,237.5965833333333
50,mendoza,50119,tunuyán,2020,1303,59972,2172.680584272661,2.1726805842726606,Cuyo,32.99,39.14,-22.513076245380446,12.0,35.38,mendoza,8.475171276353821,340.498
50,mendoza,50119,tunuyán,2021,1768,59972,2948.0424197959046,2.9480424197959048,Cuyo,53.36,40.47,10.894768613448491,12.0,51.34,mendoza,5.750420475369533,510.8424583333333
50,mendoza,50119,tunuyán,2022,1973,59972,3289.8686053491638,3.289868605349163,Cuyo,90.36,100.29,16.258768970195426,12.0,94.78,mendoza,6.373997330324044,878.7833999999999
50,mendoza,50119,tunuyán,2023,1929,59972,3216.501033815781,3.216501033815781,Cuyo,152.68,225.08,6.451770318872274,12.0,276.35,mendoza,6.737922752789394,2019.1807333333331
50,mendoza,50119,tunuyán,2024,2226,59972,3711.732141666111,3.711732141666111,Cuyo,145.47,106.62,-17.002317565429593,12.0,67.1,mendoza,3.9748879413885607,6449.676708333333
50,mendoza,50126,tupungato,2017,517,41168,1255.829770695686,1.2558297706956858,Cuyo,27.47,26.77,7.86512216770463,12.0,18.85,mendoza,2.6383173133550653,113.15353333333331
50,mendoza,50126,tupungato,2018,903,41168,2193.451224251846,2.193451224251846,Cuyo,29.71,52.86,2.8043835398188,12.0,73.5,mendoza,-4.557891354514565,153.10280833333334
50,mendoza,50126,tupungato,2019,1000,41168,2429.071123202488,2.4290711232024877,Cuyo,40.89,52.82,-4.095869743002778,12.0,58.49,mendoza,-0.984565832045936,237.5965833333333
50,mendoza,50126,tupungato,2020,875,41168,2125.4372328021764,2.1254372328021764,Cuyo,32.99,39.14,-22.513076245380446,12.0,35.38,mendoza,8.475171276353821,340.498
50,mendoza,50126,tupungato,2021,1190,41168,2890.59463661096,2.89059463661096,Cuyo,53.36,40.47,10.894768613448491,12.0,51.34,mendoza,5.750420475369533,510.8424583333333
50,mendoza,50126,tupungato,2022,1041,41168,2528.663039253789,2.528663039253789,Cuyo,90.36,100.29,16.258768970195426,12.0,94.78,mendoza,6.373997330324044,878.7833999999999
50,mendoza,50126,tupungato,2023,1058,41168,2569.957248348232,2.569957248348232,Cuyo,152.68,225.08,6.451770318872274,12.0,276.35,mendoza,6.737922752789394,2019.1807333333331
50,mendoza,50126,tupungato,2024,1296,41168,3148.076175670424,3.148076175670424,Cuyo,145.47,106.62,-17.002317565429593,12.0,67.1,mendoza,3.9748879413885607,6449.676708333333
54,misiones,54007,apóstoles,2017,438,50503,867.2752113735818,0.8672752113735818,Noreste,27.47,26.77,7.86512216770463,12.0,18.85,misiones,13.83244838562363,112.16188333333334
54,misiones,54007,apóstoles,2018,444,50503,879.1556937211651,0.8791556937211651,Noreste,29.71,52.86,2.8043835398188,12.0,73.5,misiones,0.8184088092115793,148.771275
54,misiones,54007,apóstoles,2019,522,50503,1033.601964239748,1.033601964239748,Noreste,40.89,52.82,-4.095869743002778,12.0,58.49,misiones,2.257714680074918,232.35540833333332
54,misiones,54007,apóstoles,2020,489,50503,968.25931132804,0.96825931132804,Noreste,32.99,39.14,-22.513076245380446,12.0,35.38,misiones,2.9578011235067425,339.32620000000003
54,misiones,54007,apóstoles,2021,616,50503,1219.7295210185534,1.2197295210185537,Noreste,53.36,40.47,10.894768613448491,12.0,51.34,misiones,10.702902614011125,509.50795
54,misiones,54007,apóstoles,2022,529,50503,1047.4625269785954,1.047462526978595,Noreste,90.36,100.29,16.258768970195426,12.0,94.78,misiones,13.32931796386594,885.369425
54,misiones,54007,apóstoles,2023,428,50503,847.4744074609429,0.8474744074609429,Noreste,152.68,225.08,6.451770318872274,12.0,276.35,misiones,10.832028546777227,2076.6224666666667
54,misiones,54007,apóstoles,2024,534,50503,1057.3629289349149,1.057362928934915,Noreste,145.47,106.62,-17.002317565429593,12.0,67.1,misiones,1.7019801341589202,6418.266283333333
54,misiones,54014,cainguás,2017,712,59875,1189.1440501043842,1.1891440501043842,Noreste,27.47,26.77,7.86512216770463,12.0,18.85,misiones,13.83244838562363,112.16188333333334
54,misiones,54014,cainguás,2018,652,59875,1088.9352818371608,1.0889352818371607,Noreste,29.71,52.86,2.8043835398188,12.0,73.5,misiones,0.8184088092115793,148.771275
54,misiones,54014,cainguás,2019,743,59875,1240.918580375783,1.240918580375783,Noreste,40.89,52.82,-4.095869743002778,12.0,58.49,misiones,2.257714680074918,232.35540833333332
54,misiones,54014,cainguás,2020,852,59875,1422.964509394572,1.422964509394572,Noreste,32.99,39.14,-22.513076245380446,12.0,35.38,misiones,2.9578011235067425,339.32620000000003
54,misiones,54014,cainguás,2021,707,59875,1180.7933194154489,1.180793319415449,Noreste,53.36,40.47,10.894768613448491,12.0,51.34,misiones,10.702902614011125,509.50795
54,misiones,54014,cainguás,2022,668,59875,1115.6576200417535,1.1156576200417536,Noreste,90.36,100.29,16.258768970195426,12.0,94.78,misiones,13.32931796386594,885.369425
54,misiones,54014,cainguás,2023,725,59875,1210.8559498956158,1.210855949895616,Noreste,152.68,225.08,6.451770318872274,12.0,276.35,misiones,10.832028546777227,2076.6224666666667
54,misiones,54014,cainguás,2024,702,59875,1172.4425887265136,1.1724425887265135,Noreste,145.47,106.62,-17.002317565429593,12.0,67.1,misiones,1.7019801341589202,6418.266283333333
54,misiones,54021,candelaria,2017,577,34945,1651.1661181857205,1.6511661181857202,Noreste,27.47,26.77,7.86512216770463,12.0,18.85,misiones,13.83244838562363,112.16188333333334
54,misiones,54021,candelaria,2018,521,34945,1490.9142938903992,1.4909142938903992,Noreste,29.71,52.86,2.8043835398188,12.0,73.5,misiones,0.8184088092115793,148.771275
54,misiones,54021,candelaria,2019,567,34945,1622.5497209901273,1.6225497209901272,Noreste,40.89,52.82,-4.095869743002778,12.0,58.49,misiones,2.257714680074918,232.35540833333332
54,misiones,54021,candelaria,2020,570,34945,1631.1346401488051,1.6311346401488052,Noreste,32.99,39.14,-22.513076245380446,12.0,35.38,misiones,2.9578011235067425,339.32620000000003
54,misiones,54021,candelaria,2021,472,34945,1350.693947631993,1.350693947631993,Noreste,53.36,40.47,10.894768613448491,12.0,51.34,misiones,10.702902614011125,509.50795
54,misiones,54021,candelaria,2022,462,34945,1322.0775504364,1.3220775504364002,Noreste,90.36,100.29,16.258768970195426,12.0,94.78,misiones,13.32931796386594,885.369425
54,misiones,54021,candelaria,2023,568,34945,1625.4113607096867,1.6254113607096867,Noreste,152.68,225.08,6.451770318872274,12.0,276.35,misiones,10.832028546777227,2076.6224666666667
54,misiones,54021,candelaria,2024,642,34945,1837.1726999570756,1.8371726999570757,Noreste,145.47,106.62,-17.002317565429593,12.0,67.1,misiones,1.7019801341589202,6418.266283333333
54,misiones,54028,capital,2017,7471,391498,1908.311153569112,1.9083111535691115,Noreste,27.47,26.77,7.86512216770463,12.0,18.85,misiones,13.83244838562363,112.16188333333334
54,misiones,54028,capital,2018,7910,391498,2020.4445488865845,2.0204445488865845,Noreste,29.71,52.86,2.8043835398188,12.0,73.5,misiones,0.8184088092115793,148.771275
54,misiones,54028,capital,2019,9051,391498,2311.8892050534105,2.31188920505341,Noreste,40.89,52.82,-4.095869743002778,12.0,58.49,misiones,2.257714680074918,232.35540833333332
54,misiones,54028,capital,2020,6977,391498,1782.1291551936408,1.782129155193641,Noreste,32.99,39.14,-22.513076245380446,12.0,35.38,misiones,2.9578011235067425,339.32620000000003
54,misiones,54028,capital,2021,7161,391498,1829.128118151306,1.8291281181513064,Noreste,53.36,40.47,10.894768613448491,12.0,51.34,misiones,10.702902614011125,509.50795
54,misiones,54028,capital,2022,6512,391498,1663.3546020669326,1.6633546020669328,Noreste,90.36,100.29,16.258768970195426,12.0,94.78,misiones,13.32931796386594,885.369425
54,misiones,54028,capital,2023,7192,391498,1837.0464216930864,1.8370464216930864,Noreste,152.68,225.08,6.451770318872274,12.0,276.35,misiones,10.832028546777227,2076.6224666666667
54,misiones,54028,capital,2024,7284,391498,1860.545903171919,1.8605459031719191,Noreste,145.47,106.62,-17.002317565429593,12.0,67.1,misiones,1.7019801341589202,6418.266283333333
54,misiones,54035,concepción,2017,79,10303,766.7669610792973,0.7667669610792973,Noreste,27.47,26.77,7.86512216770463,12.0,18.85,misiones,13.83244838562363,112.16188333333334
54,misiones,54035,concepción,2018,68,10303,660.00194118218,0.6600019411821799,Noreste,29.71,52.86,2.8043835398188,12.0,73.5,misiones,0.8184088092115793,148.771275
54,misiones,54035,concepción,2019,103,10303,999.7088226730078,0.999708822673008,Noreste,40.89,52.82,-4.095869743002778,12.0,58.49,misiones,2.257714680074918,232.35540833333332
54,misiones,54035,concepción,2020,83,10303,805.5906046782491,0.8055906046782491,Noreste,32.99,39.14,-22.513076245380446,12.0,35.38,misiones,2.9578011235067425,339.32620000000003
54,misiones,54035,concepción,2021,128,10303,1242.3565951664564,1.2423565951664564,Noreste,53.36,40.47,10.894768613448491,12.0,51.34,misiones,10.702902614011125,509.50795
54,misiones,54035,concepción,2022,113,10303,1096.7679316703873,1.096767931670387,Noreste,90.36,100.29,16.258768970195426,12.0,94.78,misiones,13.32931796386594,885.369425
54,misiones,54035,concepción,2023,105,10303,1019.1206444724838,1.0191206444724838,Noreste,152.68,225.08,6.451770318872274,12.0,276.35,misiones,10.832028546777227,2076.6224666666667
54,misiones,54035,concepción,2024,125,10303,1213.2388624672426,1.2132388624672426,Noreste,145.47,106.62,-17.002317565429593,12.0,67.1,misiones,1.7019801341589202,6418.266283333333
54,misiones,54042,eldorado,2017,1233,91133,1352.9676407009536,1.3529676407009537,Noreste,27.47,26.77,7.86512216770463,12.0,18.85,misiones,13.83244838562363,112.16188333333334
54,misiones,54042,eldorado,2018,1555,91133,1706.2973895295884,1.7062973895295883,Noreste,29.71,52.86,2.8043835398188,12.0,73.5,misiones,0.8184088092115793,148.771275
54,misiones,54042,eldorado,2019,1521,91133,1668.989279404826,1.668989279404826,Noreste,40.89,52.82,-4.095869743002778,12.0,58.49,misiones,2.257714680074918,232.35540833333332
54,misiones,54042,eldorado,2020,1280,91133,1404.540616461655,1.404540616461655,Noreste,32.99,39.14,-22.513076245380446,12.0,35.38,misiones,2.9578011235067425,339.32620000000003
54,misiones,54042,eldorado,2021,1420,91133,1558.1622463871483,1.5581622463871485,Noreste,53.36,40.47,10.894768613448491,12.0,51.34,misiones,10.702902614011125,509.50795
54,misiones,54042,eldorado,2022,1414,91133,1551.5784622474844,1.5515784622474844,Noreste,90.36,100.29,16.258768970195426,12.0,94.78,misiones,13.32931796386594,885.369425
54,misiones,54042,eldorado,2023,1607,91133,1763.3568520733434,1.7633568520733434,Noreste,152.68,225.08,6.451770318872274,12.0,276.35,misiones,10.832028546777227,2076.6224666666667
54,misiones,54042,eldorado,2024,1568,91133,1720.5622551655274,1.7205622551655273,Noreste,145.47,106.62,-17.002317565429593,12.0,67.1,misiones,1.7019801341589202,6418.266283333333
54,misiones,54049,general manuel belgrano,2017,401,45456,882.171770503344,0.8821717705033439,Noreste,27.47,26.77,7.86512216770463,12.0,18.85,misiones,13.83244838562363,112.16188333333334
54,misiones,54049,general manuel belgrano,2018,414,45456,910.7708553326294,0.9107708553326294,Noreste,29.71,52.86,2.8043835398188,12.0,73.5,misiones,0.8184088092115793,148.771275
54,misiones,54049,general manuel belgrano,2019,567,45456,1247.3600844772966,1.2473600844772967,Noreste,40.89,52.82,-4.095869743002778,12.0,58.49,misiones,2.257714680074918,232.35540833333332
54,misiones,54049,general manuel belgrano,2020,453,45456,996.5681098204858,0.9965681098204858,Noreste,32.99,39.14,-22.513076245380446,12.0,35.38,misiones,2.9578011235067425,339.32620000000003
54,misiones,54049,general manuel belgrano,2021,501,45456,1102.1647307286166,1.1021647307286166,Noreste,53.36,40.47,10.894768613448491,12.0,51.34,misiones,10.702902614011125,509.50795
54,misiones,54049,general manuel belgrano,2022,629,45456,1383.755719816966,1.383755719816966,Noreste,90.36,100.29,16.258768970195426,12.0,94.78,misiones,13.32931796386594,885.369425
54,misiones,54049,general manuel belgrano,2023,458,45456,1007.5677578317494,1.0075677578317497,Noreste,152.68,225.08,6.451770318872274,12.0,276.35,misiones,10.832028546777227,2076.6224666666667
54,misiones,54049,general manuel belgrano,2024,589,45456,1295.7585357268567,1.2957585357268568,Noreste,145.47,106.62,-17.002317565429593,12.0,67.1,misiones,1.7019801341589202,6418.266283333333
54,misiones,54056,guaraní,2017,704,77075,913.3960428154396,0.9133960428154396,Noreste,27.47,26.77,7.86512216770463,12.0,18.85,misiones,13.83244838562363,112.16188333333334
54,misiones,54056,guaraní,2018,659,77075,855.0113525786572,0.8550113525786572,Noreste,29.71,52.86,2.8043835398188,12.0,73.5,misiones,0.8184088092115793,148.771275
54,misiones,54056,guaraní,2019,722,77075,936.7499189101524,0.9367499189101524,Noreste,40.89,52.82,-4.095869743002778,12.0,58.49,misiones,2.257714680074918,232.35540833333332
54,misiones,54056,guaraní,2020,836,77075,1084.6578008433344,1.0846578008433343,Noreste,32.99,39.14,-22.513076245380446,12.0,35.38,misiones,2.9578011235067425,339.32620000000003
54,misiones,54056,guaraní,2021,693,77075,899.1242296464483,0.8991242296464483,Noreste,53.36,40.47,10.894768613448491,12.0,51.34,misiones,10.702902614011125,509.50795
54,misiones,54056,guaraní,2022,596,77075,773.2727862471619,0.7732727862471619,Noreste,90.36,100.29,16.258768970195426,12.0,94.78,misiones,13.32931796386594,885.369425
54,misiones,54056,guaraní,2023,644,77075,835.5497891663963,0.8355497891663963,Noreste,152.68,225.08,6.451770318872274,12.0,276.35,misiones,10.832028546777227,2076.6224666666667
54,misiones,54056,guaraní,2024,746,77075,967.8884203697696,0.9678884203697696,Noreste,145.47,106.62,-17.002317565429593,12.0,67.1,misiones,1.7019801341589202,6418.266283333333
54,misiones,54063,iguazú,2017,1111,99838,1112.802740439512,1.112802740439512,Noreste,27.47,26.77,7.86512216770463,12.0,18.85,misiones,13.83244838562363,112.16188333333334
54,misiones,54063,iguazú,2018,1487,99838,1489.4128488150805,1.4894128488150804,Noreste,29.71,52.86,2.8043835398188,12.0,73.5,misiones,0.8184088092115793,148.771275
54,misiones,54063,iguazú,2019,1497,99838,1499.4290751016647,1.4994290751016648,Noreste,40.89,52.82,-4.095869743002778,12.0,58.49,misiones,2.257714680074918,232.35540833333332
54,misiones,54063,iguazú,2020,1233,99838,1235.00070113584,1.23500070113584,Noreste,32.99,39.14,-22.513076245380446,12.0,35.38,misiones,2.9578011235067425,339.32620000000003
54,misiones,54063,iguazú,2021,1123,99838,1124.8222119834131,1.124822211983413,Noreste,53.36,40.47,10.894768613448491,12.0,51.34,misiones,10.702902614011125,509.50795
54,misiones,54063,iguazú,2022,1036,99838,1037.68104329013,1.03768104329013,Noreste,90.36,100.29,16.258768970195426,12.0,94.78,misiones,13.32931796386594,885.369425
54,misiones,54063,iguazú,2023,1167,99838,1168.893607644384,1.168893607644384,Noreste,152.68,225.08,6.451770318872274,12.0,276.35,misiones,10.832028546777227,2076.6224666666667
54,misiones,54063,iguazú,2024,1371,99838,1373.224623890703,1.3732246238907029,Noreste,145.47,106.62,-17.002317565429593,12.0,67.1,misiones,1.7019801341589202,6418.266283333333
54,misiones,54070,leandro n. alem,2017,376,49391,761.27229657225,0.76127229657225,Noreste,27.47,26.77,7.86512216770463,12.0,18.85,misiones,13.83244838562363,112.16188333333334
54,misiones,54070,leandro n. alem,2018,371,49391,751.1489947561297,0.7511489947561296,Noreste,29.71,52.86,2.8043835398188,12.0,73.5,misiones,0.8184088092115793,148.771275
54,misiones,54070,leandro n. alem,2019,474,49391,959.6890121682088,0.9596890121682088,Noreste,40.89,52.82,-4.095869743002778,12.0,58.49,misiones,2.257714680074918,232.35540833333332
54,misiones,54070,leandro n. alem,2020,481,49391,973.8616347107774,0.9738616347107774,Noreste,32.99,39.14,-22.513076245380446,12.0,35.38,misiones,2.9578011235067425,339.32620000000003
54,misiones,54070,leandro n. alem,2021,452,49391,915.1464841772791,0.9151464841772792,Noreste,53.36,40.47,10.894768613448491,12.0,51.34,misiones,10.702902614011125,509.50795
54,misiones,54070,leandro n. alem,2022,374,49391,757.2229758458018,0.7572229758458018,Noreste,90.36,100.29,16.258768970195426,12.0,94.78,misiones,13.32931796386594,885.369425
54,misiones,54070,leandro n. alem,2023,404,49391,817.9627867425239,0.817962786742524,Noreste,152.68,225.08,6.451770318872274,12.0,276.35,misiones,10.832028546777227,2076.6224666666667
54,misiones,54070,leandro n. alem,2024,485,49391,981.9602761636736,0.9819602761636734,Noreste,145.47,106.62,-17.002317565429593,12.0,67.1,misiones,1.7019801341589202,6418.266283333333
54,misiones,54077,libertador grl. san martín,2017,481,52166,922.0565119043056,0.9220565119043056,Noreste,27.47,26.77,7.86512216770463,12.0,18.85,misiones,13.83244838562363,112.16188333333334
54,misiones,54077,libertador grl. san martín,2018,522,52166,1000.6517655177702,1.0006517655177702,Noreste,29.71,52.86,2.8043835398188,12.0,73.5,misiones,0.8184088092115793,148.771275
54,misiones,54077,libertador grl. san martín,2019,557,52166,1067.7452746999963,1.0677452746999962,Noreste,40.89,52.82,-4.095869743002778,12.0,58.49,misiones,2.257714680074918,232.35540833333332
54,misiones,54077,libertador grl. san martín,2020,539,52166,1033.24004140628,1.03324004140628,Noreste,32.99,39.14,-22.513076245380446,12.0,35.38,misiones,2.9578011235067425,339.32620000000003
54,misiones,54077,libertador grl. san martín,2021,436,52166,835.7934286700149,0.8357934286700149,Noreste,53.36,40.47,10.894768613448491,12.0,51.34,misiones,10.702902614011125,509.50795
54,misiones,54077,libertador grl. san martín,2022,510,52166,977.6482766552926,0.9776482766552926,Noreste,90.36,100.29,16.258768970195426,12.0,94.78,misiones,13.32931796386594,885.369425
54,misiones,54077,libertador grl. san martín,2023,597,52166,1144.4235709082543,1.1444235709082544,Noreste,152.68,225.08,6.451770318872274,12.0,276.35,misiones,10.832028546777227,2076.6224666666667
54,misiones,54077,libertador grl. san martín,2024,553,52166,1060.0774450791705,1.0600774450791703,Noreste,145.47,106.62,-17.002317565429593,12.0,67.1,misiones,1.7019801341589202,6418.266283333333
54,misiones,54084,montecarlo,2017,357,38620,924.3915069911964,0.9243915069911964,Noreste,27.47,26.77,7.86512216770463,12.0,18.85,misiones,13.83244838562363,112.16188333333334
54,misiones,54084,montecarlo,2018,390,38620,1009.839461418954,1.009839461418954,Noreste,29.71,52.86,2.8043835398188,12.0,73.5,misiones,0.8184088092115793,148.771275
54,misiones,54084,montecarlo,2019,521,38620,1349.041947177628,1.349041947177628,Noreste,40.89,52.82,-4.095869743002778,12.0,58.49,misiones,2.257714680074918,232.35540833333332
54,misiones,54084,montecarlo,2020,477,38620,1235.1113412739512,1.2351113412739514,Noreste,32.99,39.14,-22.513076245380446,12.0,35.38,misiones,2.9578011235067425,339.32620000000003
54,misiones,54084,montecarlo,2021,647,38620,1675.297773174521,1.6752977731745209,Noreste,53.36,40.47,10.894768613448491,12.0,51.34,misiones,10.702902614011125,509.50795
54,misiones,54084,montecarlo,2022,657,38620,1701.1910926980838,1.7011910926980838,Noreste,90.36,100.29,16.258768970195426,12.0,94.78,misiones,13.32931796386594,885.369425
54,misiones,54084,montecarlo,2023,590,38620,1527.7058518902124,1.5277058518902125,Noreste,152.68,225.08,6.451770318872274,12.0,276.35,misiones,10.832028546777227,2076.6224666666667
54,misiones,54084,montecarlo,2024,490,38620,1268.772656654583,1.2687726566545832,Noreste,145.47,106.62,-17.002317565429593,12.0,67.1,misiones,1.7019801341589202,6418.266283333333
54,misiones,54091,oberá,2017,2137,120703,1770.4613804130802,1.7704613804130802,Noreste,27.47,26.77,7.86512216770463,12.0,18.85,misiones,13.83244838562363,112.16188333333334
54,misiones,54091,oberá,2018,2188,120703,1812.7138513541504,1.8127138513541503,Noreste,29.71,52.86,2.8043835398188,12.0,73.5,misiones,0.8184088092115793,148.771275
54,misiones,54091,oberá,2019,2152,120703,1782.888577748689,1.782888577748689,Noreste,40.89,52.82,-4.095869743002778,12.0,58.49,misiones,2.257714680074918,232.35540833333332
54,misiones,54091,oberá,2020,1775,120703,1470.551684713719,1.4705516847137188,Noreste,32.99,39.14,-22.513076245380446,12.0,35.38,misiones,2.9578011235067425,339.32620000000003
54,misiones,54091,oberá,2021,1969,120703,1631.2767702542606,1.6312767702542603,Noreste,53.36,40.47,10.894768613448491,12.0,51.34,misiones,10.702902614011125,509.50795
54,misiones,54091,oberá,2022,1870,120703,1549.257267839242,1.5492572678392418,Noreste,90.36,100.29,16.258768970195426,12.0,94.78,misiones,13.32931796386594,885.369425
54,misiones,54091,oberá,2023,2082,120703,1724.8949901825142,1.724894990182514,Noreste,152.68,225.08,6.451770318872274,12.0,276.35,misiones,10.832028546777227,2076.6224666666667
54,misiones,54091,oberá,2024,1959,120703,1622.9919720305213,1.6229919720305213,Noreste,145.47,106.62,-17.002317565429593,12.0,67.1,misiones,1.7019801341589202,6418.266283333333
54,misiones,54098,san ignacio,2017,699,63194,1106.1176693989937,1.1061176693989936,Noreste,27.47,26.77,7.86512216770463,12.0,18.85,misiones,13.83244838562363,112.16188333333334
54,misiones,54098,san ignacio,2018,665,63194,1052.3150932050512,1.0523150932050511,Noreste,29.71,52.86,2.8043835398188,12.0,73.5,misiones,0.8184088092115793,148.771275
54,misiones,54098,san ignacio,2019,791,63194,1251.7011108649556,1.2517011108649556,Noreste,40.89,52.82,-4.095869743002778,12.0,58.49,misiones,2.257714680074918,232.35540833333332
54,misiones,54098,san ignacio,2020,628,63194,993.765230876349,0.993765230876349,Noreste,32.99,39.14,-22.513076245380446,12.0,35.38,misiones,2.9578011235067425,339.32620000000003
54,misiones,54098,san ignacio,2021,700,63194,1107.70009811058,1.10770009811058,Noreste,53.36,40.47,10.894768613448491,12.0,51.34,misiones,10.702902614011125,509.50795
54,misiones,54098,san ignacio,2022,618,63194,977.9409437604836,0.9779409437604836,Noreste,90.36,100.29,16.258768970195426,12.0,94.78,misiones,13.32931796386594,885.369425
54,misiones,54098,san ignacio,2023,782,63194,1237.459252460677,1.237459252460677,Noreste,152.68,225.08,6.451770318872274,12.0,276.35,misiones,10.832028546777227,2076.6224666666667
54,misiones,54098,san ignacio,2024,785,63194,1242.2065385954363,1.2422065385954364,Noreste,145.47,106.62,-17.002317565429593,12.0,67.1,misiones,1.7019801341589202,6418.266283333333
54,misiones,54105,san javier,2017,179,23080,775.5632582322357,0.7755632582322357,Noreste,27.47,26.77,7.86512216770463,12.0,18.85,misiones,13.83244838562363,112.16188333333334
54,misiones,54105,san javier,2018,191,23080,827.5563258232236,0.8275563258232236,Noreste,29.71,52.86,2.8043835398188,12.0,73.5,misiones,0.8184088092115793,148.771275
54,misiones,54105,san javier,2019,201,23080,870.8838821490467,0.8708838821490468,Noreste,40.89,52.82,-4.095869743002778,12.0,58.49,misiones,2.257714680074918,232.35540833333332
54,misiones,54105,san javier,2020,208,23080,901.213171577123,0.901213171577123,Noreste,32.99,39.14,-22.513076245380446,12.0,35.38,misiones,2.9578011235067425,339.32620000000003
54,misiones,54105,san javier,2021,195,23080,844.8873483535529,0.8448873483535528,Noreste,53.36,40.47,10.894768613448491,12.0,51.34,misiones,10.702902614011125,509.50795
54,misiones,54105,san javier,2022,183,23080,792.894280762565,0.792894280762565,Noreste,90.36,100.29,16.258768970195426,12.0,94.78,misiones,13.32931796386594,885.369425
54,misiones,54105,san javier,2023,164,23080,710.5719237435009,0.7105719237435009,Noreste,152.68,225.08,6.451770318872274,12.0,276.35,misiones,10.832028546777227,2076.6224666666667
54,misiones,54105,san javier,2024,153,23080,662.9116117850953,0.6629116117850953,Noreste,145.47,106.62,-17.002317565429593,12.0,67.1,misiones,1.7019801341589202,6418.266283333333
54,misiones,54112,san pedro,2017,338,34690,974.344191409628,0.974344191409628,Noreste,27.47,26.77,7.86512216770463,12.0,18.85,misiones,13.83244838562363,112.16188333333334
54,misiones,54112,san pedro,2018,275,34690,792.7356586912656,0.7927356586912656,Noreste,29.71,52.86,2.8043835398188,12.0,73.5,misiones,0.8184088092115793,148.771275
54,misiones,54112,san pedro,2019,365,34690,1052.176419717498,1.052176419717498,Noreste,40.89,52.82,-4.095869743002778,12.0,58.49,misiones,2.257714680074918,232.35540833333332
54,misiones,54112,san pedro,2020,448,34690,1291.4384548861342,1.2914384548861342,Noreste,32.99,39.14,-22.513076245380446,12.0,35.38,misiones,2.9578011235067425,339.32620000000003
54,misiones,54112,san pedro,2021,298,34690,859.0371865090804,0.8590371865090805,Noreste,53.36,40.47,10.894768613448491,12.0,51.34,misiones,10.702902614011125,509.50795
54,misiones,54112,san pedro,2022,328,34690,945.5174401844912,0.9455174401844912,Noreste,90.36,100.29,16.258768970195426,12.0,94.78,misiones,13.32931796386594,885.369425
54,misiones,54112,san pedro,2023,332,34690,957.048140674546,0.957048140674546,Noreste,152.68,225.08,6.451770318872274,12.0,276.35,misiones,10.832028546777227,2076.6224666666667
54,misiones,54112,san pedro,2024,447,34690,1288.5557797636206,1.288555779763621,Noreste,145.47,106.62,-17.002317565429593,12.0,67.1,misiones,1.7019801341589202,6418.266283333333
54,misiones,54119,25 de mayo,2017,238,30877,770.8002720471549,0.7708002720471548,Noreste,27.47,26.77,7.86512216770463,12.0,18.85,misiones,13.83244838562363,112.16188333333334
54,misiones,54119,25 de mayo,2018,263,30877,851.7666871781585,0.8517666871781584,Noreste,29.71,52.86,2.8043835398188,12.0,73.5,misiones,0.8184088092115793,148.771275
54,misiones,54119,25 de mayo,2019,299,30877,968.3583249668036,0.9683583249668036,Noreste,40.89,52.82,-4.095869743002778,12.0,58.49,misiones,2.257714680074918,232.35540833333332
54,misiones,54119,25 de mayo,2020,210,30877,680.1178871004307,0.6801178871004308,Noreste,32.99,39.14,-22.513076245380446,12.0,35.38,misiones,2.9578011235067425,339.32620000000003
54,misiones,54119,25 de mayo,2021,245,30877,793.4708682838359,0.793470868283836,Noreste,53.36,40.47,10.894768613448491,12.0,51.34,misiones,10.702902614011125,509.50795
54,misiones,54119,25 de mayo,2022,234,30877,757.8456456261943,0.7578456456261942,Noreste,90.36,100.29,16.258768970195426,12.0,94.78,misiones,13.32931796386594,885.369425
54,misiones,54119,25 de mayo,2023,207,30877,670.4019172847103,0.6704019172847103,Noreste,152.68,225.08,6.451770318872274,12.0,276.35,misiones,10.832028546777227,2076.6224666666667
54,misiones,54119,25 de mayo,2024,239,30877,774.0389286523949,0.774038928652395,Noreste,145.47,106.62,-17.002317565429593,12.0,67.1,misiones,1.7019801341589202,6418.266283333333
58,neuquén,58007,aluminé,2017,141,10173,1386.0218224712476,1.3860218224712475,Patagonia,27.47,26.77,7.86512216770463,12.0,18.85,neuquén,1.3202786113418077,112.690775
58,neuquén,58007,aluminé,2018,127,10173,1248.402634424457,1.248402634424457,Patagonia,29.71,52.86,2.8043835398188,12.0,73.5,neuquén,-3.360146915390849,151.49149166666666
58,neuquén,58007,aluminé,2019,147,10173,1445.0014744913003,1.4450014744913005,Patagonia,40.89,52.82,-4.095869743002778,12.0,58.49,neuquén,3.698039267839648,233.9737583333333
58,neuquén,58007,aluminé,2020,93,10173,914.1846063108228,0.9141846063108228,Patagonia,32.99,39.14,-22.513076245380446,12.0,35.38,neuquén,6.674475570812377,329.6104833333333
58,neuquén,58007,aluminé,2021,99,10173,973.1642583308758,0.9731642583308756,Patagonia,53.36,40.47,10.894768613448491,12.0,51.34,neuquén,5.578398134121998,485.76885833333336
58,neuquén,58007,aluminé,2022,110,10173,1081.29362036764,1.08129362036764,Patagonia,90.36,100.29,16.258768970195426,12.0,94.78,neuquén,6.599008799019535,835.4642916666667
58,neuquén,58007,aluminé,2023,78,10173,766.7354762606901,0.76673547626069,Patagonia,152.68,225.08,6.451770318872274,12.0,276.35,neuquén,6.837490662998791,1928.9852666666663
58,neuquén,58007,aluminé,2024,41,10173,403.02762213702937,0.4030276221370293,Patagonia,145.47,106.62,-17.002317565429593,12.0,67.1,neuquén,3.898929440162102,6248.453975
58,neuquén,58014,añelo,2017,299,18150,1647.3829201101928,1.6473829201101928,Patagonia,27.47,26.77,7.86512216770463,12.0,18.85,neuquén,1.3202786113418077,112.690775
58,neuquén,58014,añelo,2018,343,18150,1889.807162534435,1.8898071625344357,Patagonia,29.71,52.86,2.8043835398188,12.0,73.5,neuquén,-3.360146915390849,151.49149166666666
58,neuquén,58014,añelo,2019,576,18150,3173.5537190082646,3.173553719008265,Patagonia,40.89,52.82,-4.095869743002778,12.0,58.49,neuquén,3.698039267839648,233.9737583333333
58,neuquén,58014,añelo,2020,472,18150,2600.550964187328,2.600550964187328,Patagonia,32.99,39.14,-22.513076245380446,12.0,35.38,neuquén,6.674475570812377,329.6104833333333
58,neuquén,58014,añelo,2021,640,18150,3526.170798898071,3.5261707988980717,Patagonia,53.36,40.47,10.894768613448491,12.0,51.34,neuquén,5.578398134121998,485.76885833333336
58,neuquén,58014,añelo,2022,527,18150,2903.5812672176307,2.903581267217631,Patagonia,90.36,100.29,16.258768970195426,12.0,94.78,neuquén,6.599008799019535,835.4642916666667
58,neuquén,58014,añelo,2023,570,18150,3140.4958677685954,3.1404958677685952,Patagonia,152.68,225.08,6.451770318872274,12.0,276.35,neuquén,6.837490662998791,1928.9852666666663
58,neuquén,58014,añelo,2024,818,18150,4506.887052341598,4.506887052341599,Patagonia,145.47,106.62,-17.002317565429593,12.0,67.1,neuquén,3.898929440162102,6248.453975
58,neuquén,58021,catán lil,2017,39,2641,1476.713366149186,1.476713366149186,Patagonia,27.47,26.77,7.86512216770463,12.0,18.85,neuquén,1.3202786113418077,112.690775
58,neuquén,58021,catán lil,2018,24,2641,908.7466868610376,0.9087466868610375,Patagonia,29.71,52.86,2.8043835398188,12.0,73.5,neuquén,-3.360146915390849,151.49149166666666
58,neuquén,58021,catán lil,2019,33,2641,1249.5266944339269,1.2495266944339267,Patagonia,40.89,52.82,-4.095869743002778,12.0,58.49,neuquén,3.698039267839648,233.9737583333333
58,neuquén,58021,catán lil,2020,10,2641,378.6444528587657,0.3786444528587656,Patagonia,32.99,39.14,-22.513076245380446,12.0,35.38,neuquén,6.674475570812377,329.6104833333333
58,neuquén,58021,catán lil,2021,14,2641,530.1022340022719,0.5301022340022719,Patagonia,53.36,40.47,10.894768613448491,12.0,51.34,neuquén,5.578398134121998,485.76885833333336
58,neuquén,58021,catán lil,2022,2,2641,75.72889057175313,0.0757288905717531,Patagonia,90.36,100.29,16.258768970195426,12.0,94.78,neuquén,6.599008799019535,835.4642916666667
58,neuquén,58021,catán lil,2023,2,2641,75.72889057175313,0.0757288905717531,Patagonia,152.68,225.08,6.451770318872274,12.0,276.35,neuquén,6.837490662998791,1928.9852666666663
58,neuquén,58021,catán lil,2024,9,2641,340.7800075728891,0.340780007572889,Patagonia,145.47,106.62,-17.002317565429593,12.0,67.1,neuquén,3.898929440162102,6248.453975
58,neuquén,58028,collón curá,2017,54,4832,1117.549668874172,1.1175496688741722,Patagonia,27.47,26.77,7.86512216770463,12.0,18.85,neuquén,1.3202786113418077,112.690775
58,neuquén,58028,collón curá,2018,49,4832,1014.0728476821192,1.0140728476821192,Patagonia,29.71,52.86,2.8043835398188,12.0,73.5,neuquén,-3.360146915390849,151.49149166666666
58,neuquén,58028,collón curá,2019,37,4832,765.7284768211921,0.765728476821192,Patagonia,40.89,52.82,-4.095869743002778,12.0,58.49,neuquén,3.698039267839648,233.9737583333333
58,neuquén,58028,collón curá,2020,54,4832,1117.549668874172,1.1175496688741722,Patagonia,32.99,39.14,-22.513076245380446,12.0,35.38,neuquén,6.674475570812377,329.6104833333333
58,neuquén,58028,collón curá,2021,47,4832,972.682119205298,0.972682119205298,Patagonia,53.36,40.47,10.894768613448491,12.0,51.34,neuquén,5.578398134121998,485.76885833333336
58,neuquén,58028,collón curá,2022,30,4832,620.8609271523178,0.6208609271523179,Patagonia,90.36,100.29,16.258768970195426,12.0,94.78,neuquén,6.599008799019535,835.4642916666667
58,neuquén,58028,collón curá,2023,15,4832,310.4304635761589,0.3104304635761589,Patagonia,152.68,225.08,6.451770318872274,12.0,276.35,neuquén,6.837490662998791,1928.9852666666663
58,neuquén,58028,collón curá,2024,16,4832,331.1258278145696,0.3311258278145695,Patagonia,145.47,106.62,-17.002317565429593,12.0,67.1,neuquén,3.898929440162102,6248.453975
58,neuquén,58035,confluencia,2017,20126,467217,4307.634354058178,4.3076343540581785,Patagonia,27.47,26.77,7.86512216770463,12.0,18.85,neuquén,1.3202786113418077,112.690775
58,neuquén,58035,confluencia,2018,19635,467217,4202.543999897264,4.202543999897264,Patagonia,29.71,52.86,2.8043835398188,12.0,73.5,neuquén,-3.360146915390849,151.49149166666666
58,neuquén,58035,confluencia,2019,21750,467217,4655.224446028291,4.655224446028291,Patagonia,40.89,52.82,-4.095869743002778,12.0,58.49,neuquén,3.698039267839648,233.9737583333333
58,neuquén,58035,confluencia,2020,17032,467217,3645.415299528912,3.6454152995289126,Patagonia,32.99,39.14,-22.513076245380446,12.0,35.38,neuquén,6.674475570812377,329.6104833333333
58,neuquén,58035,confluencia,2021,19306,467217,4132.127041610215,4.132127041610215,Patagonia,53.36,40.47,10.894768613448491,12.0,51.34,neuquén,5.578398134121998,485.76885833333336
58,neuquén,58035,confluencia,2022,20463,467217,4379.763578808134,4.379763578808134,Patagonia,90.36,100.29,16.258768970195426,12.0,94.78,neuquén,6.599008799019535,835.4642916666667
58,neuquén,58035,confluencia,2023,18785,467217,4020.6156882134,4.020615688213399,Patagonia,152.68,225.08,6.451770318872274,12.0,276.35,neuquén,6.837490662998791,1928.9852666666663
58,neuquén,58035,confluencia,2024,17478,467217,3740.874154835976,3.740874154835976,Patagonia,145.47,106.62,-17.002317565429593,12.0,67.1,neuquén,3.898929440162102,6248.453975
58,neuquén,58042,chos malal,2017,221,18289,1208.376619826125,1.208376619826125,Patagonia,27.47,26.77,7.86512216770463,12.0,18.85,neuquén,1.3202786113418077,112.690775
58,neuquén,58042,chos malal,2018,248,18289,1356.0063426103122,1.3560063426103122,Patagonia,29.71,52.86,2.8043835398188,12.0,73.5,neuquén,-3.360146915390849,151.49149166666666
58,neuquén,58042,chos malal,2019,260,18289,1421.6195527366176,1.4216195527366176,Patagonia,40.89,52.82,-4.095869743002778,12.0,58.49,neuquén,3.698039267839648,233.9737583333333
58,neuquén,58042,chos malal,2020,208,18289,1137.295642189294,1.137295642189294,Patagonia,32.99,39.14,-22.513076245380446,12.0,35.38,neuquén,6.674475570812377,329.6104833333333
58,neuquén,58042,chos malal,2021,265,18289,1448.9583902892448,1.448958390289245,Patagonia,53.36,40.47,10.894768613448491,12.0,51.34,neuquén,5.578398134121998,485.76885833333336
58,neuquén,58042,chos malal,2022,235,18289,1284.9253649734812,1.2849253649734813,Patagonia,90.36,100.29,16.258768970195426,12.0,94.78,neuquén,6.599008799019535,835.4642916666667
58,neuquén,58042,chos malal,2023,213,18289,1164.6344797419213,1.1646344797419212,Patagonia,152.68,225.08,6.451770318872274,12.0,276.35,neuquén,6.837490662998791,1928.9852666666663
58,neuquén,58042,chos malal,2024,255,18289,1394.2807151839904,1.3942807151839904,Patagonia,145.47,106.62,-17.002317565429593,12.0,67.1,neuquén,3.898929440162102,6248.453975
58,neuquén,58049,huiliches,2017,334,20853,1601.6880065218436,1.6016880065218435,Patagonia,27.47,26.77,7.86512216770463,12.0,18.85,neuquén,1.3202786113418077,112.690775
58,neuquén,58049,huiliches,2018,358,20853,1716.7793602838922,1.716779360283892,Patagonia,29.71,52.86,2.8043835398188,12.0,73.5,neuquén,-3.360146915390849,151.49149166666666
58,neuquén,58049,huiliches,2019,264,20853,1266.0048913825349,1.2660048913825348,Patagonia,40.89,52.82,-4.095869743002778,12.0,58.49,neuquén,3.698039267839648,233.9737583333333
58,neuquén,58049,huiliches,2020,188,20853,901.5489378027142,0.9015489378027144,Patagonia,32.99,39.14,-22.513076245380446,12.0,35.38,neuquén,6.674475570812377,329.6104833333333
58,neuquén,58049,huiliches,2021,169,20853,810.4349494077592,0.8104349494077592,Patagonia,53.36,40.47,10.894768613448491,12.0,51.34,neuquén,5.578398134121998,485.76885833333336
58,neuquén,58049,huiliches,2022,185,20853,887.1625185824582,0.8871625185824582,Patagonia,90.36,100.29,16.258768970195426,12.0,94.78,neuquén,6.599008799019535,835.4642916666667
58,neuquén,58049,huiliches,2023,115,20853,551.4794034431496,0.5514794034431497,Patagonia,152.68,225.08,6.451770318872274,12.0,276.35,neuquén,6.837490662998791,1928.9852666666663
58,neuquén,58049,huiliches,2024,199,20853,954.29914161032,0.95429914161032,Patagonia,145.47,106.62,-17.002317565429593,12.0,67.1,neuquén,3.898929440162102,6248.453975
58,neuquén,58056,lácar,2017,703,39567,1776.733136199358,1.776733136199358,Patagonia,27.47,26.77,7.86512216770463,12.0,18.85,neuquén,1.3202786113418077,112.690775
58,neuquén,58056,lácar,2018,713,39567,1802.006722774029,1.8020067227740288,Patagonia,29.71,52.86,2.8043835398188,12.0,73.5,neuquén,-3.360146915390849,151.49149166666666
58,neuquén,58056,lácar,2019,1071,39567,2706.801122147244,2.706801122147244,Patagonia,40.89,52.82,-4.095869743002778,12.0,58.49,neuquén,3.698039267839648,233.9737583333333
58,neuquén,58056,lácar,2020,1051,39567,2656.253948997902,2.656253948997902,Patagonia,32.99,39.14,-22.513076245380446,12.0,35.38,neuquén,6.674475570812377,329.6104833333333
58,neuquén,58056,lácar,2021,1024,39567,2588.015265246291,2.588015265246291,Patagonia,53.36,40.47,10.894768613448491,12.0,51.34,neuquén,5.578398134121998,485.76885833333336
58,neuquén,58056,lácar,2022,882,39567,2229.130335885965,2.2291303358859658,Patagonia,90.36,100.29,16.258768970195426,12.0,94.78,neuquén,6.599008799019535,835.4642916666667
58,neuquén,58056,lácar,2023,935,39567,2363.080344731721,2.363080344731721,Patagonia,152.68,225.08,6.451770318872274,12.0,276.35,neuquén,6.837490662998791,1928.9852666666663
58,neuquén,58056,lácar,2024,976,39567,2466.7020496878717,2.4667020496878718,Patagonia,145.47,106.62,-17.002317565429593,12.0,67.1,neuquén,3.898929440162102,6248.453975
58,neuquén,58063,loncopué,2017,85,7696,1104.4698544698545,1.1044698544698546,Patagonia,27.47,26.77,7.86512216770463,12.0,18.85,neuquén,1.3202786113418077,112.690775
58,neuquén,58063,loncopué,2018,49,7696,636.6943866943867,0.6366943866943867,Patagonia,29.71,52.86,2.8043835398188,12.0,73.5,neuquén,-3.360146915390849,151.49149166666666
58,neuquén,58063,loncopué,2019,43,7696,558.7318087318088,0.5587318087318087,Patagonia,40.89,52.82,-4.095869743002778,12.0,58.49,neuquén,3.698039267839648,233.9737583333333
58,neuquén,58063,loncopué,2020,37,7696,480.7692307692308,0.4807692307692308,Patagonia,32.99,39.14,-22.513076245380446,12.0,35.38,neuquén,6.674475570812377,329.6104833333333
58,neuquén,58063,loncopué,2021,108,7696,1403.3264033264034,1.4033264033264037,Patagonia,53.36,40.47,10.894768613448491,12.0,51.34,neuquén,5.578398134121998,485.76885833333336
58,neuquén,58063,loncopué,2022,72,7696,935.5509355509356,0.9355509355509356,Patagonia,90.36,100.29,16.258768970195426,12.0,94.78,neuquén,6.599008799019535,835.4642916666667
58,neuquén,58063,loncopué,2023,100,7696,1299.3762993762994,1.2993762993762994,Patagonia,152.68,225.08,6.451770318872274,12.0,276.35,neuquén,6.837490662998791,1928.9852666666663
58,neuquén,58063,loncopué,2024,112,7696,1455.3014553014557,1.4553014553014554,Patagonia,145.47,106.62,-17.002317565429593,12.0,67.1,neuquén,3.898929440162102,6248.453975
58,neuquén,58070,los lagos,2017,231,15502,1490.1303057669977,1.4901303057669977,Patagonia,27.47,26.77,7.86512216770463,12.0,18.85,neuquén,1.3202786113418077,112.690775
58,neuquén,58070,los lagos,2018,246,15502,1586.892013933686,1.586892013933686,Patagonia,29.71,52.86,2.8043835398188,12.0,73.5,neuquén,-3.360146915390849,151.49149166666666
58,neuquén,58070,los lagos,2019,345,15502,2225.519287833828,2.225519287833828,Patagonia,40.89,52.82,-4.095869743002778,12.0,58.49,neuquén,3.698039267839648,233.9737583333333
58,neuquén,58070,los lagos,2020,187,15502,1206.2959618113794,1.206295961811379,Patagonia,32.99,39.14,-22.513076245380446,12.0,35.38,neuquén,6.674475570812377,329.6104833333333
58,neuquén,58070,los lagos,2021,339,15502,2186.814604567153,2.186814604567153,Patagonia,53.36,40.47,10.894768613448491,12.0,51.34,neuquén,5.578398134121998,485.76885833333336
58,neuquén,58070,los lagos,2022,305,15502,1967.488066055993,1.9674880660559928,Patagonia,90.36,100.29,16.258768970195426,12.0,94.78,neuquén,6.599008799019535,835.4642916666667
58,neuquén,58070,los lagos,2023,275,15502,1773.9646497226163,1.7739646497226165,Patagonia,152.68,225.08,6.451770318872274,12.0,276.35,neuquén,6.837490662998791,1928.9852666666663
58,neuquén,58070,los lagos,2024,372,15502,2399.690362533867,2.3996903625338666,Patagonia,145.47,106.62,-17.002317565429593,12.0,67.1,neuquén,3.898929440162102,6248.453975
58,neuquén,58077,minas,2017,121,9267,1305.7084277543977,1.305708427754397,Patagonia,27.47,26.77,7.86512216770463,12.0,18.85,neuquén,1.3202786113418077,112.690775
58,neuquén,58077,minas,2018,119,9267,1284.1264702708536,1.2841264702708537,Patagonia,29.71,52.86,2.8043835398188,12.0,73.5,neuquén,-3.360146915390849,151.49149166666666
58,neuquén,58077,minas,2019,72,9267,776.9504694075753,0.7769504694075753,Patagonia,40.89,52.82,-4.095869743002778,12.0,58.49,neuquén,3.698039267839648,233.9737583333333
58,neuquén,58077,minas,2020,110,9267,1187.0076615949067,1.1870076615949066,Patagonia,32.99,39.14,-22.513076245380446,12.0,35.38,neuquén,6.674475570812377,329.6104833333333
58,neuquén,58077,minas,2021,110,9267,1187.0076615949067,1.1870076615949066,Patagonia,53.36,40.47,10.894768613448491,12.0,51.34,neuquén,5.578398134121998,485.76885833333336
58,neuquén,58077,minas,2022,107,9267,1154.634725369591,1.154634725369591,Patagonia,90.36,100.29,16.258768970195426,12.0,94.78,neuquén,6.599008799019535,835.4642916666667
58,neuquén,58077,minas,2023,77,9267,830.9053631164347,0.8309053631164347,Patagonia,152.68,225.08,6.451770318872274,12.0,276.35,neuquén,6.837490662998791,1928.9852666666663
58,neuquén,58077,minas,2024,45,9267,485.59404337973456,0.4855940433797345,Patagonia,145.47,106.62,-17.002317565429593,12.0,67.1,neuquén,3.898929440162102,6248.453975
58,neuquén,58084,ñorquín,2017,54,5572,969.1313711414214,0.9691313711414214,Patagonia,27.47,26.77,7.86512216770463,12.0,18.85,neuquén,1.3202786113418077,112.690775
58,neuquén,58084,ñorquín,2018,80,5572,1435.7501794687723,1.4357501794687724,Patagonia,29.71,52.86,2.8043835398188,12.0,73.5,neuquén,-3.360146915390849,151.49149166666666
58,neuquén,58084,ñorquín,2019,74,5572,1328.068916008615,1.3280689160086143,Patagonia,40.89,52.82,-4.095869743002778,12.0,58.49,neuquén,3.698039267839648,233.9737583333333
58,neuquén,58084,ñorquín,2020,38,5572,681.981335247667,0.6819813352476669,Patagonia,32.99,39.14,-22.513076245380446,12.0,35.38,neuquén,6.674475570812377,329.6104833333333
58,neuquén,58084,ñorquín,2021,61,5572,1094.759511844939,1.094759511844939,Patagonia,53.36,40.47,10.894768613448491,12.0,51.34,neuquén,5.578398134121998,485.76885833333336
58,neuquén,58084,ñorquín,2022,72,5572,1292.1751615218952,1.2921751615218953,Patagonia,90.36,100.29,16.258768970195426,12.0,94.78,neuquén,6.599008799019535,835.4642916666667
58,neuquén,58084,ñorquín,2023,75,5572,1346.0157932519742,1.3460157932519743,Patagonia,152.68,225.08,6.451770318872274,12.0,276.35,neuquén,6.837490662998791,1928.9852666666663
58,neuquén,58084,ñorquín,2024,79,5572,1417.8033022254126,1.4178033022254126,Patagonia,145.47,106.62,-17.002317565429593,12.0,67.1,neuquén,3.898929440162102,6248.453975
58,neuquén,58091,pehuenches,2017,593,29721,1995.2222334376363,1.9952222334376368,Patagonia,27.47,26.77,7.86512216770463,12.0,18.85,neuquén,1.3202786113418077,112.690775
58,neuquén,58091,pehuenches,2018,585,29721,1968.305238720097,1.9683052387200968,Patagonia,29.71,52.86,2.8043835398188,12.0,73.5,neuquén,-3.360146915390849,151.49149166666666
58,neuquén,58091,pehuenches,2019,751,29721,2526.832879109048,2.5268328791090475,Patagonia,40.89,52.82,-4.095869743002778,12.0,58.49,neuquén,3.698039267839648,233.9737583333333
58,neuquén,58091,pehuenches,2020,661,29721,2224.0166885367253,2.224016688536725,Patagonia,32.99,39.14,-22.513076245380446,12.0,35.38,neuquén,6.674475570812377,329.6104833333333
58,neuquén,58091,pehuenches,2021,516,29721,1736.1461592813162,1.736146159281316,Patagonia,53.36,40.47,10.894768613448491,12.0,51.34,neuquén,5.578398134121998,485.76885833333336
58,neuquén,58091,pehuenches,2022,487,29721,1638.5720534302343,1.6385720534302344,Patagonia,90.36,100.29,16.258768970195426,12.0,94.78,neuquén,6.599008799019535,835.4642916666667
58,neuquén,58091,pehuenches,2023,621,29721,2089.431714949026,2.089431714949026,Patagonia,152.68,225.08,6.451770318872274,12.0,276.35,neuquén,6.837490662998791,1928.9852666666663
58,neuquén,58091,pehuenches,2024,596,29721,2005.316106456714,2.0053161064567138,Patagonia,145.47,106.62,-17.002317565429593,12.0,67.1,neuquén,3.898929440162102,6248.453975
58,neuquén,58098,picún leufú,2017,173,5087,3400.82563396894,3.40082563396894,Patagonia,27.47,26.77,7.86512216770463,12.0,18.85,neuquén,1.3202786113418077,112.690775
58,neuquén,58098,picún leufú,2018,163,5087,3204.246117554551,3.204246117554551,Patagonia,29.71,52.86,2.8043835398188,12.0,73.5,neuquén,-3.360146915390849,151.49149166666666
58,neuquén,58098,picún leufú,2019,115,5087,2260.664438765481,2.2606644387654806,Patagonia,40.89,52.82,-4.095869743002778,12.0,58.49,neuquén,3.698039267839648,233.9737583333333
58,neuquén,58098,picún leufú,2020,109,5087,2142.716728916847,2.142716728916847,Patagonia,32.99,39.14,-22.513076245380446,12.0,35.38,neuquén,6.674475570812377,329.6104833333333
58,neuquén,58098,picún leufú,2021,108,5087,2123.058777275408,2.123058777275408,Patagonia,53.36,40.47,10.894768613448491,12.0,51.34,neuquén,5.578398134121998,485.76885833333336
58,neuquén,58098,picún leufú,2022,100,5087,1965.795164143896,1.965795164143896,Patagonia,90.36,100.29,16.258768970195426,12.0,94.78,neuquén,6.599008799019535,835.4642916666667
58,neuquén,58098,picún leufú,2023,137,5087,2693.139374877138,2.693139374877138,Patagonia,152.68,225.08,6.451770318872274,12.0,276.35,neuquén,6.837490662998791,1928.9852666666663
58,neuquén,58098,picún leufú,2024,134,5087,2634.165519952821,2.6341655199528207,Patagonia,145.47,106.62,-17.002317565429593,12.0,67.1,neuquén,3.898929440162102,6248.453975
58,neuquén,58105,picunches,2017,70,8471,826.3487191594853,0.8263487191594853,Patagonia,27.47,26.77,7.86512216770463,12.0,18.85,neuquén,1.3202786113418077,112.690775
58,neuquén,58105,picunches,2018,97,8471,1145.083225121001,1.145083225121001,Patagonia,29.71,52.86,2.8043835398188,12.0,73.5,neuquén,-3.360146915390849,151.49149166666666
58,neuquén,58105,picunches,2019,98,8471,1156.8882068232797,1.1568882068232793,Patagonia,40.89,52.82,-4.095869743002778,12.0,58.49,neuquén,3.698039267839648,233.9737583333333
58,neuquén,58105,picunches,2020,116,8471,1369.37787746429,1.36937787746429,Patagonia,32.99,39.14,-22.513076245380446,12.0,35.38,neuquén,6.674475570812377,329.6104833333333
58,neuquén,58105,picunches,2021,114,8471,1345.7679140597334,1.3457679140597332,Patagonia,53.36,40.47,10.894768613448491,12.0,51.34,neuquén,5.578398134121998,485.76885833333336
58,neuquén,58105,picunches,2022,131,8471,1546.4526029984652,1.546452602998465,Patagonia,90.36,100.29,16.258768970195426,12.0,94.78,neuquén,6.599008799019535,835.4642916666667
58,neuquén,58105,picunches,2023,103,8471,1215.9131153346711,1.2159131153346712,Patagonia,152.68,225.08,6.451770318872274,12.0,276.35,neuquén,6.837490662998791,1928.9852666666663
58,neuquén,58105,picunches,2024,71,8471,838.1537008617636,0.8381537008617636,Patagonia,145.47,106.62,-17.002317565429593,12.0,67.1,neuquén,3.898929440162102,6248.453975
58,neuquén,58112,zapala,2017,935,45540,2053.140096618358,2.0531400966183577,Patagonia,27.47,26.77,7.86512216770463,12.0,18.85,neuquén,1.3202786113418077,112.690775
58,neuquén,58112,zapala,2018,810,45540,1778.6561264822135,1.7786561264822136,Patagonia,29.71,52.86,2.8043835398188,12.0,73.5,neuquén,-3.360146915390849,151.49149166666666
58,neuquén,58112,zapala,2019,918,45540,2015.810276679842,2.0158102766798423,Patagonia,40.89,52.82,-4.095869743002778,12.0,58.49,neuquén,3.698039267839648,233.9737583333333
58,neuquén,58112,zapala,2020,809,45540,1776.4602547211243,1.7764602547211243,Patagonia,32.99,39.14,-22.513076245380446,12.0,35.38,neuquén,6.674475570812377,329.6104833333333
58,neuquén,58112,zapala,2021,973,45540,2136.583223539745,2.1365832235397453,Patagonia,53.36,40.47,10.894768613448491,12.0,51.34,neuquén,5.578398134121998,485.76885833333336
58,neuquén,58112,zapala,2022,861,45540,1890.64558629776,1.8906455862977605,Patagonia,90.36,100.29,16.258768970195426,12.0,94.78,neuquén,6.599008799019535,835.4642916666667
58,neuquén,58112,zapala,2023,777,45540,1706.1923583662715,1.7061923583662717,Patagonia,152.68,225.08,6.451770318872274,12.0,276.35,neuquén,6.837490662998791,1928.9852666666663
58,neuquén,58112,zapala,2024,911,45540,2000.4391743522176,2.0004391743522176,Patagonia,145.47,106.62,-17.002317565429593,12.0,67.1,neuquén,3.898929440162102,6248.453975
62,río negro,62007,adolfo alsina,2017,2448,63845,3834.286161798105,3.8342861617981048,Patagonia,27.47,26.77,7.86512216770463,12.0,18.85,río negro,0.1974536407316485,112.690775
62,río negro,62007,adolfo alsina,2018,1981,63845,3102.82715952698,3.10282715952698,Patagonia,29.71,52.86,2.8043835398188,12.0,73.5,río negro,-7.710149722293647,151.49149166666666
62,río negro,62007,adolfo alsina,2019,1857,63845,2908.606782050278,2.908606782050278,Patagonia,40.89,52.82,-4.095869743002778,12.0,58.49,río negro,0.0839694359046294,233.9737583333333
62,río negro,62007,adolfo alsina,2020,1425,63845,2231.9680476153185,2.2319680476153185,Patagonia,32.99,39.14,-22.513076245380446,12.0,35.38,río negro,2.2876586732280435,329.6104833333333
62,río negro,62007,adolfo alsina,2021,2062,63845,3229.6969222335347,3.2296969222335346,Patagonia,53.36,40.47,10.894768613448491,12.0,51.34,río negro,4.733141122624729,485.76885833333336
62,río negro,62007,adolfo alsina,2022,2498,63845,3912.600830135484,3.912600830135484,Patagonia,90.36,100.29,16.258768970195426,12.0,94.78,río negro,4.750544945978863,835.4642916666667
62,río negro,62007,adolfo alsina,2023,2652,63845,4153.810008614613,4.153810008614613,Patagonia,152.68,225.08,6.451770318872274,12.0,276.35,río negro,4.3373113832462895,1928.9852666666663
62,río negro,62007,adolfo alsina,2024,2652,63845,4153.810008614613,4.153810008614613,Patagonia,145.47,106.62,-17.002317565429593,12.0,67.1,río negro,4.489823970584439,6248.453975
62,río negro,62014,avellaneda,2017,1077,41160,2616.618075801749,2.616618075801749,Patagonia,27.47,26.77,7.86512216770463,12.0,18.85,río negro,0.1974536407316485,112.690775
62,río negro,62014,avellaneda,2018,917,41160,2227.891156462585,2.227891156462585,Patagonia,29.71,52.86,2.8043835398188,12.0,73.5,río negro,-7.710149722293647,151.49149166666666
62,río negro,62014,avellaneda,2019,734,41160,1783.2847424684155,1.7832847424684155,Patagonia,40.89,52.82,-4.095869743002778,12.0,58.49,río negro,0.0839694359046294,233.9737583333333
62,río negro,62014,avellaneda,2020,581,41160,1411.5646258503402,1.4115646258503405,Patagonia,32.99,39.14,-22.513076245380446,12.0,35.38,río negro,2.2876586732280435,329.6104833333333
62,río negro,62014,avellaneda,2021,572,41160,1389.6987366375122,1.389698736637512,Patagonia,53.36,40.47,10.894768613448491,12.0,51.34,río negro,4.733141122624729,485.76885833333336
62,río negro,62014,avellaneda,2022,657,41160,1596.2099125364432,1.596209912536443,Patagonia,90.36,100.29,16.258768970195426,12.0,94.78,río negro,4.750544945978863,835.4642916666667
62,río negro,62014,avellaneda,2023,776,41160,1885.3255587949463,1.885325558794947,Patagonia,152.68,225.08,6.451770318872274,12.0,276.35,río negro,4.3373113832462895,1928.9852666666663
62,río negro,62014,avellaneda,2024,853,41160,2072.400388726919,2.072400388726919,Patagonia,145.47,106.62,-17.002317565429593,12.0,67.1,río negro,4.489823970584439,6248.453975
62,río negro,62021,bariloche,2017,3714,161443,2300.5023444807143,2.3005023444807144,Patagonia,27.47,26.77,7.86512216770463,12.0,18.85,río negro,0.1974536407316485,112.690775
62,río negro,62021,bariloche,2018,4225,161443,2617.0227262872963,2.6170227262872965,Patagonia,29.71,52.86,2.8043835398188,12.0,73.5,río negro,-7.710149722293647,151.49149166666666
62,río negro,62021,bariloche,2019,4115,161443,2548.887223354373,2.548887223354373,Patagonia,40.89,52.82,-4.095869743002778,12.0,58.49,río negro,0.0839694359046294,233.9737583333333
62,río negro,62021,bariloche,2020,3086,161443,1911.510564100023,1.911510564100023,Patagonia,32.99,39.14,-22.513076245380446,12.0,35.38,río negro,2.2876586732280435,329.6104833333333
62,río negro,62021,bariloche,2021,3414,161443,2114.678245572741,2.114678245572741,Patagonia,53.36,40.47,10.894768613448491,12.0,51.34,río negro,4.733141122624729,485.76885833333336
62,río negro,62021,bariloche,2022,3662,161443,2268.2928340033327,2.268292834003333,Patagonia,90.36,100.29,16.258768970195426,12.0,94.78,río negro,4.750544945978863,835.4642916666667
62,río negro,62021,bariloche,2023,3808,161443,2358.727228805213,2.358727228805213,Patagonia,152.68,225.08,6.451770318872274,12.0,276.35,río negro,4.3373113832462895,1928.9852666666663
62,río negro,62021,bariloche,2024,3973,161443,2460.9304832045987,2.4609304832045984,Patagonia,145.47,106.62,-17.002317565429593,12.0,67.1,río negro,4.489823970584439,6248.453975
62,río negro,62028,conesa,2017,147,7398,1987.0235198702355,1.9870235198702355,Patagonia,27.47,26.77,7.86512216770463,12.0,18.85,río negro,0.1974536407316485,112.690775
62,río negro,62028,conesa,2018,139,7398,1878.8861854555284,1.8788861854555283,Patagonia,29.71,52.86,2.8043835398188,12.0,73.5,río negro,-7.710149722293647,151.49149166666666
62,río negro,62028,conesa,2019,184,7398,2487.1586915382536,2.4871586915382533,Patagonia,40.89,52.82,-4.095869743002778,12.0,58.49,río negro,0.0839694359046294,233.9737583333333
62,río negro,62028,conesa,2020,125,7398,1689.645850229792,1.6896458502297915,Patagonia,32.99,39.14,-22.513076245380446,12.0,35.38,río negro,2.2876586732280435,329.6104833333333
62,río negro,62028,conesa,2021,143,7398,1932.9548526628816,1.932954852662882,Patagonia,53.36,40.47,10.894768613448491,12.0,51.34,río negro,4.733141122624729,485.76885833333336
62,río negro,62028,conesa,2022,143,7398,1932.9548526628816,1.932954852662882,Patagonia,90.36,100.29,16.258768970195426,12.0,94.78,río negro,4.750544945978863,835.4642916666667
62,río negro,62028,conesa,2023,163,7398,2203.298188699649,2.203298188699649,Patagonia,152.68,225.08,6.451770318872274,12.0,276.35,río negro,4.3373113832462895,1928.9852666666663
62,río negro,62028,conesa,2024,165,7398,2230.3325223033253,2.230332522303325,Patagonia,145.47,106.62,-17.002317565429593,12.0,67.1,río negro,4.489823970584439,6248.453975
62,río negro,62035,el cuy,2017,151,6960,2169.5402298850577,2.1695402298850577,Patagonia,27.47,26.77,7.86512216770463,12.0,18.85,río negro,0.1974536407316485,112.690775
62,río negro,62035,el cuy,2018,135,6960,1939.6551724137933,1.9396551724137927,Patagonia,29.71,52.86,2.8043835398188,12.0,73.5,río negro,-7.710149722293647,151.49149166666666
62,río negro,62035,el cuy,2019,135,6960,1939.6551724137933,1.9396551724137927,Patagonia,40.89,52.82,-4.095869743002778,12.0,58.49,río negro,0.0839694359046294,233.9737583333333
62,río negro,62035,el cuy,2020,107,6960,1537.3563218390805,1.5373563218390804,Patagonia,32.99,39.14,-22.513076245380446,12.0,35.38,río negro,2.2876586732280435,329.6104833333333
62,río negro,62035,el cuy,2021,129,6960,1853.4482758620688,1.853448275862069,Patagonia,53.36,40.47,10.894768613448491,12.0,51.34,río negro,4.733141122624729,485.76885833333336
62,río negro,62035,el cuy,2022,111,6960,1594.8275862068965,1.5948275862068966,Patagonia,90.36,100.29,16.258768970195426,12.0,94.78,río negro,4.750544945978863,835.4642916666667
62,río negro,62035,el cuy,2023,149,6960,2140.8045977011493,2.140804597701149,Patagonia,152.68,225.08,6.451770318872274,12.0,276.35,río negro,4.3373113832462895,1928.9852666666663
62,río negro,62035,el cuy,2024,125,6960,1795.9770114942528,1.7959770114942528,Patagonia,145.47,106.62,-17.002317565429593,12.0,67.1,río negro,4.489823970584439,6248.453975
62,río negro,62042,general roca,2017,8617,379627,2269.859625369112,2.2698596253691123,Patagonia,27.47,26.77,7.86512216770463,12.0,18.85,río negro,0.1974536407316485,112.690775
62,río negro,62042,general roca,2018,8639,379627,2275.6547874624302,2.27565478746243,Patagonia,29.71,52.86,2.8043835398188,12.0,73.5,río negro,-7.710149722293647,151.49149166666666
62,río negro,62042,general roca,2019,9052,379627,2384.445784941535,2.384445784941535,Patagonia,40.89,52.82,-4.095869743002778,12.0,58.49,río negro,0.0839694359046294,233.9737583333333
62,río negro,62042,general roca,2020,6905,379627,1818.890647925464,1.818890647925464,Patagonia,32.99,39.14,-22.513076245380446,12.0,35.38,río negro,2.2876586732280435,329.6104833333333
62,río negro,62042,general roca,2021,7725,379627,2034.8921441309492,2.034892144130949,Patagonia,53.36,40.47,10.894768613448491,12.0,51.34,río negro,4.733141122624729,485.76885833333336
62,río negro,62042,general roca,2022,7722,379627,2034.101894754588,2.034101894754588,Patagonia,90.36,100.29,16.258768970195426,12.0,94.78,río negro,4.750544945978863,835.4642916666667
62,río negro,62042,general roca,2023,8982,379627,2366.0066328264325,2.366006632826432,Patagonia,152.68,225.08,6.451770318872274,12.0,276.35,río negro,4.3373113832462895,1928.9852666666663
62,río negro,62042,general roca,2024,8480,379627,2233.771570515269,2.233771570515269,Patagonia,145.47,106.62,-17.002317565429593,12.0,67.1,río negro,4.489823970584439,6248.453975
62,río negro,62049,9 de julio,2017,35,3682,950.5703422053232,0.9505703422053232,Patagonia,27.47,26.77,7.86512216770463,12.0,18.85,río negro,0.1974536407316485,112.690775
62,río negro,62049,9 de julio,2018,31,3682,841.9337316675719,0.8419337316675719,Patagonia,29.71,52.86,2.8043835398188,12.0,73.5,río negro,-7.710149722293647,151.49149166666666
62,río negro,62049,9 de julio,2019,24,3682,651.8196632265074,0.6518196632265073,Patagonia,40.89,52.82,-4.095869743002778,12.0,58.49,río negro,0.0839694359046294,233.9737583333333
62,río negro,62049,9 de julio,2020,26,3682,706.1379684953829,0.7061379684953829,Patagonia,32.99,39.14,-22.513076245380446,12.0,35.38,río negro,2.2876586732280435,329.6104833333333
62,río negro,62049,9 de julio,2021,17,3682,461.7055947854427,0.4617055947854427,Patagonia,53.36,40.47,10.894768613448491,12.0,51.34,río negro,4.733141122624729,485.76885833333336
62,río negro,62049,9 de julio,2022,25,3682,678.9788158609451,0.6789788158609452,Patagonia,90.36,100.29,16.258768970195426,12.0,94.78,río negro,4.750544945978863,835.4642916666667
62,río negro,62049,9 de julio,2023,30,3682,814.7745790331342,0.8147745790331342,Patagonia,152.68,225.08,6.451770318872274,12.0,276.35,río negro,4.3373113832462895,1928.9852666666663
62,río negro,62049,9 de julio,2024,34,3682,923.4111895708854,0.9234111895708854,Patagonia,145.47,106.62,-17.002317565429593,12.0,67.1,río negro,4.489823970584439,6248.453975
62,río negro,62056,ñorquincó,2017,42,1452,2892.5619834710747,2.8925619834710745,Patagonia,27.47,26.77,7.86512216770463,12.0,18.85,río negro,0.1974536407316485,112.690775
62,río negro,62056,ñorquincó,2018,37,1452,2548.2093663911846,2.5482093663911844,Patagonia,29.71,52.86,2.8043835398188,12.0,73.5,río negro,-7.710149722293647,151.49149166666666
62,río negro,62056,ñorquincó,2019,36,1452,2479.3388429752067,2.479338842975207,Patagonia,40.89,52.82,-4.095869743002778,12.0,58.49,río negro,0.0839694359046294,233.9737583333333
62,río negro,62056,ñorquincó,2020,12,1452,826.4462809917355,0.8264462809917356,Patagonia,32.99,39.14,-22.513076245380446,12.0,35.38,río negro,2.2876586732280435,329.6104833333333
62,río negro,62056,ñorquincó,2021,28,1452,1928.374655647383,1.9283746556473829,Patagonia,53.36,40.47,10.894768613448491,12.0,51.34,río negro,4.733141122624729,485.76885833333336
62,río negro,62056,ñorquincó,2022,30,1452,2066.115702479339,2.066115702479339,Patagonia,90.36,100.29,16.258768970195426,12.0,94.78,río negro,4.750544945978863,835.4642916666667
62,río negro,62056,ñorquincó,2023,19,1452,1308.5399449035813,1.3085399449035813,Patagonia,152.68,225.08,6.451770318872274,12.0,276.35,río negro,4.3373113832462895,1928.9852666666663
62,río negro,62056,ñorquincó,2024,17,1452,1170.7988980716254,1.1707988980716253,Patagonia,145.47,106.62,-17.002317565429593,12.0,67.1,río negro,4.489823970584439,6248.453975
62,río negro,62063,pichi mahuida,2017,194,16493,1176.2565937064207,1.1762565937064209,Patagonia,27.47,26.77,7.86512216770463,12.0,18.85,río negro,0.1974536407316485,112.690775
62,río negro,62063,pichi mahuida,2018,168,16493,1018.6139574364882,1.0186139574364883,Patagonia,29.71,52.86,2.8043835398188,12.0,73.5,río negro,-7.710149722293647,151.49149166666666
62,río negro,62063,pichi mahuida,2019,211,16493,1279.3306251136846,1.279330625113685,Patagonia,40.89,52.82,-4.095869743002778,12.0,58.49,río negro,0.0839694359046294,233.9737583333333
62,río negro,62063,pichi mahuida,2020,186,16493,1127.751167161826,1.127751167161826,Patagonia,32.99,39.14,-22.513076245380446,12.0,35.38,río negro,2.2876586732280435,329.6104833333333
62,río negro,62063,pichi mahuida,2021,167,16493,1012.5507791184136,1.0125507791184138,Patagonia,53.36,40.47,10.894768613448491,12.0,51.34,río negro,4.733141122624729,485.76885833333336
62,río negro,62063,pichi mahuida,2022,164,16493,994.3612441641908,0.9943612441641908,Patagonia,90.36,100.29,16.258768970195426,12.0,94.78,río negro,4.750544945978863,835.4642916666667
62,río negro,62063,pichi mahuida,2023,140,16493,848.844964530407,0.8488449645304069,Patagonia,152.68,225.08,6.451770318872274,12.0,276.35,río negro,4.3373113832462895,1928.9852666666663
62,río negro,62063,pichi mahuida,2024,146,16493,885.2240344388529,0.8852240344388529,Patagonia,145.47,106.62,-17.002317565429593,12.0,67.1,río negro,4.489823970584439,6248.453975
62,río negro,62070,pilcaniyeu,2017,119,9309,1278.3327962187132,1.278332796218713,Patagonia,27.47,26.77,7.86512216770463,12.0,18.85,río negro,0.1974536407316485,112.690775
62,río negro,62070,pilcaniyeu,2018,114,9309,1224.6213341927169,1.2246213341927168,Patagonia,29.71,52.86,2.8043835398188,12.0,73.5,río negro,-7.710149722293647,151.49149166666666
62,río negro,62070,pilcaniyeu,2019,132,9309,1417.9825974863036,1.4179825974863036,Patagonia,40.89,52.82,-4.095869743002778,12.0,58.49,río negro,0.0839694359046294,233.9737583333333
62,río negro,62070,pilcaniyeu,2020,95,9309,1020.5177784939306,1.0205177784939303,Patagonia,32.99,39.14,-22.513076245380446,12.0,35.38,río negro,2.2876586732280435,329.6104833333333
62,río negro,62070,pilcaniyeu,2021,89,9309,956.064024062735,0.956064024062735,Patagonia,53.36,40.47,10.894768613448491,12.0,51.34,río negro,4.733141122624729,485.76885833333336
62,río negro,62070,pilcaniyeu,2022,123,9309,1321.30196583951,1.3213019658395102,Patagonia,90.36,100.29,16.258768970195426,12.0,94.78,río negro,4.750544945978863,835.4642916666667
62,río negro,62070,pilcaniyeu,2023,125,9309,1342.7865506499086,1.3427865506499086,Patagonia,152.68,225.08,6.451770318872274,12.0,276.35,río negro,4.3373113832462895,1928.9852666666663
62,río negro,62070,pilcaniyeu,2024,161,9309,1729.5090772370822,1.7295090772370822,Patagonia,145.47,106.62,-17.002317565429593,12.0,67.1,río negro,4.489823970584439,6248.453975
62,río negro,62077,san antonio,2017,860,35473,2424.3791052349675,2.4243791052349675,Patagonia,27.47,26.77,7.86512216770463,12.0,18.85,río negro,0.1974536407316485,112.690775
62,río negro,62077,san antonio,2018,919,35473,2590.702788035971,2.590702788035971,Patagonia,29.71,52.86,2.8043835398188,12.0,73.5,río negro,-7.710149722293647,151.49149166666666
62,río negro,62077,san antonio,2019,850,35473,2396.1886505229327,2.396188650522933,Patagonia,40.89,52.82,-4.095869743002778,12.0,58.49,río negro,0.0839694359046294,233.9737583333333
62,río negro,62077,san antonio,2020,772,35473,2176.303103769064,2.176303103769064,Patagonia,32.99,39.14,-22.513076245380446,12.0,35.38,río negro,2.2876586732280435,329.6104833333333
62,río negro,62077,san antonio,2021,743,35473,2094.550785104164,2.094550785104164,Patagonia,53.36,40.47,10.894768613448491,12.0,51.34,río negro,4.733141122624729,485.76885833333336
62,río negro,62077,san antonio,2022,1097,35473,3092.492881910185,3.0924928819101853,Patagonia,90.36,100.29,16.258768970195426,12.0,94.78,río negro,4.750544945978863,835.4642916666667
62,río negro,62077,san antonio,2023,1180,35473,3326.4736560200718,3.326473656020072,Patagonia,152.68,225.08,6.451770318872274,12.0,276.35,río negro,4.3373113832462895,1928.9852666666663
62,río negro,62077,san antonio,2024,1334,35473,3760.6066585854032,3.760606658585403,Patagonia,145.47,106.62,-17.002317565429593,12.0,67.1,río negro,4.489823970584439,6248.453975
62,río negro,62084,valcheta,2017,72,4300,1674.418604651163,1.6744186046511629,Patagonia,27.47,26.77,7.86512216770463,12.0,18.85,río negro,0.1974536407316485,112.690775
62,río negro,62084,valcheta,2018,36,4300,837.2093023255815,0.8372093023255814,Patagonia,29.71,52.86,2.8043835398188,12.0,73.5,río negro,-7.710149722293647,151.49149166666666
62,río negro,62084,valcheta,2019,33,4300,767.4418604651163,0.7674418604651163,Patagonia,40.89,52.82,-4.095869743002778,12.0,58.49,río negro,0.0839694359046294,233.9737583333333
62,río negro,62084,valcheta,2020,23,4300,534.8837209302326,0.5348837209302326,Patagonia,32.99,39.14,-22.513076245380446,12.0,35.38,río negro,2.2876586732280435,329.6104833333333
62,río negro,62084,valcheta,2021,37,4300,860.4651162790698,0.8604651162790697,Patagonia,53.36,40.47,10.894768613448491,12.0,51.34,río negro,4.733141122624729,485.76885833333336
62,río negro,62084,valcheta,2022,20,4300,465.1162790697674,0.4651162790697674,Patagonia,90.36,100.29,16.258768970195426,12.0,94.78,río negro,4.750544945978863,835.4642916666667
62,río negro,62084,valcheta,2023,24,4300,558.1395348837209,0.5581395348837209,Patagonia,152.68,225.08,6.451770318872274,12.0,276.35,río negro,4.3373113832462895,1928.9852666666663
62,río negro,62084,valcheta,2024,36,4300,837.2093023255815,0.8372093023255814,Patagonia,145.47,106.62,-17.002317565429593,12.0,67.1,río negro,4.489823970584439,6248.453975
62,río negro,62091,25 de mayo,2017,116,16555,700.6946541830263,0.7006946541830263,Patagonia,27.47,26.77,7.86512216770463,12.0,18.85,río negro,0.1974536407316485,112.690775
62,río negro,62091,25 de mayo,2018,107,16555,646.3304137722743,0.6463304137722743,Patagonia,29.71,52.86,2.8043835398188,12.0,73.5,río negro,-7.710149722293647,151.49149166666666
62,río negro,62091,25 de mayo,2019,93,16555,561.7638175777711,0.561763817577771,Patagonia,40.89,52.82,-4.095869743002778,12.0,58.49,río negro,0.0839694359046294,233.9737583333333
62,río negro,62091,25 de mayo,2020,63,16555,380.5496828752643,0.3805496828752642,Patagonia,32.99,39.14,-22.513076245380446,12.0,35.38,río negro,2.2876586732280435,329.6104833333333
62,río negro,62091,25 de mayo,2021,107,16555,646.3304137722743,0.6463304137722743,Patagonia,53.36,40.47,10.894768613448491,12.0,51.34,río negro,4.733141122624729,485.76885833333336
62,río negro,62091,25 de mayo,2022,69,16555,416.7925098157656,0.4167925098157656,Patagonia,90.36,100.29,16.258768970195426,12.0,94.78,río negro,4.750544945978863,835.4642916666667
62,río negro,62091,25 de mayo,2023,78,16555,471.15675022651766,0.4711567502265176,Patagonia,152.68,225.08,6.451770318872274,12.0,276.35,río negro,4.3373113832462895,1928.9852666666663
62,río negro,62091,25 de mayo,2024,71,16555,428.87345212926607,0.4288734521292661,Patagonia,145.47,106.62,-17.002317565429593,12.0,67.1,río negro,4.489823970584439,6248.453975
66,salta,66007,anta,2017,1301,69442,1873.505947409349,1.873505947409349,Noroeste,27.47,26.77,7.86512216770463,12.0,18.85,salta,8.383915153619647,113.356175
66,salta,66007,anta,2018,1388,69442,1998.7903574205811,1.9987903574205808,Noroeste,29.71,52.86,2.8043835398188,12.0,73.5,salta,0.0971750285637229,151.62908333333334
66,salta,66007,anta,2019,1715,69442,2469.686932980041,2.469686932980041,Noroeste,40.89,52.82,-4.095869743002778,12.0,58.49,salta,0.6617596405046999,235.28336666666667
66,salta,66007,anta,2020,1669,69442,2403.4446012499643,2.403444601249964,Noroeste,32.99,39.14,-22.513076245380446,12.0,35.38,salta,3.2845189826371968,336.76238333333333
66,salta,66007,anta,2021,2364,69442,3404.2798306500385,3.404279830650039,Noroeste,53.36,40.47,10.894768613448491,12.0,51.34,salta,8.306039338012305,502.7731833333333
66,salta,66007,anta,2022,2927,69442,4215.028368998588,4.215028368998588,Noroeste,90.36,100.29,16.258768970195426,12.0,94.78,salta,12.419775420228651,869.5214
66,salta,66007,anta,2023,3281,69442,4724.806313182224,4.724806313182224,Noroeste,152.68,225.08,6.451770318872274,12.0,276.35,salta,12.158572880872542,2036.0322583333332
66,salta,66007,anta,2024,3069,69442,4419.515566947957,4.419515566947957,Noroeste,145.47,106.62,-17.002317565429593,12.0,67.1,salta,3.541541232809076,6363.719033333334
66,salta,66014,cachi,2017,103,8928,1153.673835125448,1.153673835125448,Noroeste,27.47,26.77,7.86512216770463,12.0,18.85,salta,8.383915153619647,113.356175
66,salta,66014,cachi,2018,118,8928,1321.68458781362,1.32168458781362,Noroeste,29.71,52.86,2.8043835398188,12.0,73.5,salta,0.0971750285637229,151.62908333333334
66,salta,66014,cachi,2019,89,8928,996.8637992831542,0.9968637992831542,Noroeste,40.89,52.82,-4.095869743002778,12.0,58.49,salta,0.6617596405046999,235.28336666666667
66,salta,66014,cachi,2020,140,8928,1568.100358422939,1.568100358422939,Noroeste,32.99,39.14,-22.513076245380446,12.0,35.38,salta,3.2845189826371968,336.76238333333333
66,salta,66014,cachi,2021,117,8928,1310.483870967742,1.310483870967742,Noroeste,53.36,40.47,10.894768613448491,12.0,51.34,salta,8.306039338012305,502.7731833333333
66,salta,66014,cachi,2022,140,8928,1568.100358422939,1.568100358422939,Noroeste,90.36,100.29,16.258768970195426,12.0,94.78,salta,12.419775420228651,869.5214
66,salta,66014,cachi,2023,165,8928,1848.1182795698928,1.8481182795698925,Noroeste,152.68,225.08,6.451770318872274,12.0,276.35,salta,12.158572880872542,2036.0322583333332
66,salta,66014,cachi,2024,203,8928,2273.7455197132617,2.2737455197132617,Noroeste,145.47,106.62,-17.002317565429593,12.0,67.1,salta,3.541541232809076,6363.719033333334
66,salta,66021,cafayate,2017,352,17822,1975.086971159241,1.9750869711592411,Noroeste,27.47,26.77,7.86512216770463,12.0,18.85,salta,8.383915153619647,113.356175
66,salta,66021,cafayate,2018,375,17822,2104.140949388396,2.104140949388396,Noroeste,29.71,52.86,2.8043835398188,12.0,73.5,salta,0.0971750285637229,151.62908333333334
66,salta,66021,cafayate,2019,600,17822,3366.6255190214342,3.3666255190214343,Noroeste,40.89,52.82,-4.095869743002778,12.0,58.49,salta,0.6617596405046999,235.28336666666667
66,salta,66021,cafayate,2020,522,17822,2928.964201548648,2.928964201548648,Noroeste,32.99,39.14,-22.513076245380446,12.0,35.38,salta,3.2845189826371968,336.76238333333333
66,salta,66021,cafayate,2021,459,17822,2575.468522051397,2.575468522051397,Noroeste,53.36,40.47,10.894768613448491,12.0,51.34,salta,8.306039338012305,502.7731833333333
66,salta,66021,cafayate,2022,629,17822,3529.345752440804,3.529345752440804,Noroeste,90.36,100.29,16.258768970195426,12.0,94.78,salta,12.419775420228651,869.5214
66,salta,66021,cafayate,2023,704,17822,3950.173942318482,3.9501739423184823,Noroeste,152.68,225.08,6.451770318872274,12.0,276.35,salta,12.158572880872542,2036.0322583333332
66,salta,66021,cafayate,2024,761,17822,4270.003366625519,4.270003366625518,Noroeste,145.47,106.62,-17.002317565429593,12.0,67.1,salta,3.541541232809076,6363.719033333334
66,salta,66028,capital,2017,26606,624003,4263.761552428434,4.263761552428433,Noroeste,27.47,26.77,7.86512216770463,12.0,18.85,salta,8.383915153619647,113.356175
66,salta,66028,capital,2018,26738,624003,4284.915296881585,4.284915296881586,Noroeste,29.71,52.86,2.8043835398188,12.0,73.5,salta,0.0971750285637229,151.62908333333334
66,salta,66028,capital,2019,27606,624003,4424.017192225037,4.424017192225038,Noroeste,40.89,52.82,-4.095869743002778,12.0,58.49,salta,0.6617596405046999,235.28336666666667
66,salta,66028,capital,2020,23669,624003,3793.090738345809,3.793090738345809,Noroeste,32.99,39.14,-22.513076245380446,12.0,35.38,salta,3.2845189826371968,336.76238333333333
66,salta,66028,capital,2021,27567,624003,4417.76722227297,4.417767222272969,Noroeste,53.36,40.47,10.894768613448491,12.0,51.34,salta,8.306039338012305,502.7731833333333
66,salta,66028,capital,2022,30262,624003,4849.656171524816,4.849656171524817,Noroeste,90.36,100.29,16.258768970195426,12.0,94.78,salta,12.419775420228651,869.5214
66,salta,66028,capital,2023,32466,624003,5202.859601636531,5.202859601636531,Noroeste,152.68,225.08,6.451770318872274,12.0,276.35,salta,12.158572880872542,2036.0322583333332
66,salta,66028,capital,2024,31615,624003,5066.482052169621,5.06648205216962,Noroeste,145.47,106.62,-17.002317565429593,12.0,67.1,salta,3.541541232809076,6363.719033333334
66,salta,66035,cerrillos,2017,949,55713,1703.3726419327627,1.7033726419327628,Noroeste,27.47,26.77,7.86512216770463,12.0,18.85,salta,8.383915153619647,113.356175
66,salta,66035,cerrillos,2018,981,55713,1760.8098648430346,1.7608098648430346,Noroeste,29.71,52.86,2.8043835398188,12.0,73.5,salta,0.0971750285637229,151.62908333333334
66,salta,66035,cerrillos,2019,1273,55713,2284.9245238992694,2.284924523899269,Noroeste,40.89,52.82,-4.095869743002778,12.0,58.49,salta,0.6617596405046999,235.28336666666667
66,salta,66035,cerrillos,2020,1088,55713,1952.8655789492575,1.9528655789492575,Noroeste,32.99,39.14,-22.513076245380446,12.0,35.38,salta,3.2845189826371968,336.76238333333333
66,salta,66035,cerrillos,2021,1280,55713,2297.488916410892,2.297488916410892,Noroeste,53.36,40.47,10.894768613448491,12.0,51.34,salta,8.306039338012305,502.7731833333333
66,salta,66035,cerrillos,2022,1407,55713,2525.4428948360346,2.5254428948360346,Noroeste,90.36,100.29,16.258768970195426,12.0,94.78,salta,12.419775420228651,869.5214
66,salta,66035,cerrillos,2023,1919,55713,3444.438461400391,3.444438461400391,Noroeste,152.68,225.08,6.451770318872274,12.0,276.35,salta,12.158572880872542,2036.0322583333332
66,salta,66035,cerrillos,2024,1804,55713,3238.0234415666005,3.2380234415666003,Noroeste,145.47,106.62,-17.002317565429593,12.0,67.1,salta,3.541541232809076,6363.719033333334
66,salta,66042,chicoana,2017,370,24715,1497.0665587699775,1.4970665587699776,Noroeste,27.47,26.77,7.86512216770463,12.0,18.85,salta,8.383915153619647,113.356175
66,salta,66042,chicoana,2018,362,24715,1464.6975520938702,1.46469755209387,Noroeste,29.71,52.86,2.8043835398188,12.0,73.5,salta,0.0971750285637229,151.62908333333334
66,salta,66042,chicoana,2019,410,24715,1658.9115921505158,1.6589115921505158,Noroeste,40.89,52.82,-4.095869743002778,12.0,58.49,salta,0.6617596405046999,235.28336666666667
66,salta,66042,chicoana,2020,363,24715,1468.7436779283837,1.4687436779283836,Noroeste,32.99,39.14,-22.513076245380446,12.0,35.38,salta,3.2845189826371968,336.76238333333333
66,salta,66042,chicoana,2021,420,24715,1699.3728504956505,1.6993728504956502,Noroeste,53.36,40.47,10.894768613448491,12.0,51.34,salta,8.306039338012305,502.7731833333333
66,salta,66042,chicoana,2022,455,24715,1840.9872547036207,1.8409872547036208,Noroeste,90.36,100.29,16.258768970195426,12.0,94.78,salta,12.419775420228651,869.5214
66,salta,66042,chicoana,2023,482,24715,1950.2326522354845,1.9502326522354845,Noroeste,152.68,225.08,6.451770318872274,12.0,276.35,salta,12.158572880872542,2036.0322583333332
66,salta,66042,chicoana,2024,603,24715,2439.8138782116125,2.4398138782116123,Noroeste,145.47,106.62,-17.002317565429593,12.0,67.1,salta,3.541541232809076,6363.719033333334
66,salta,66049,general güemes,2017,1654,55746,2967.0290245040005,2.9670290245040003,Noroeste,27.47,26.77,7.86512216770463,12.0,18.85,salta,8.383915153619647,113.356175
66,salta,66049,general güemes,2018,1565,55746,2807.3763139956227,2.807376313995623,Noroeste,29.71,52.86,2.8043835398188,12.0,73.5,salta,0.0971750285637229,151.62908333333334
66,salta,66049,general güemes,2019,2031,55746,3643.3107308147664,3.6433107308147674,Noroeste,40.89,52.82,-4.095869743002778,12.0,58.49,salta,0.6617596405046999,235.28336666666667
66,salta,66049,general güemes,2020,1976,55746,3544.6489434219498,3.54464894342195,Noroeste,32.99,39.14,-22.513076245380446,12.0,35.38,salta,3.2845189826371968,336.76238333333333
66,salta,66049,general güemes,2021,1992,55746,3573.3505542998605,3.5733505542998603,Noroeste,53.36,40.47,10.894768613448491,12.0,51.34,salta,8.306039338012305,502.7731833333333
66,salta,66049,general güemes,2022,1894,55746,3397.553187672658,3.397553187672658,Noroeste,90.36,100.29,16.258768970195426,12.0,94.78,salta,12.419775420228651,869.5214
66,salta,66049,general güemes,2023,1888,55746,3386.790083593442,3.386790083593442,Noroeste,152.68,225.08,6.451770318872274,12.0,276.35,salta,12.158572880872542,2036.0322583333332
66,salta,66049,general güemes,2024,2035,55746,3650.486133534245,3.650486133534245,Noroeste,145.47,106.62,-17.002317565429593,12.0,67.1,salta,3.541541232809076,6363.719033333334
66,salta,66056,grl. josé de san martín,2017,4750,177448,2676.8405392002164,2.6768405392002164,Noroeste,27.47,26.77,7.86512216770463,12.0,18.85,salta,8.383915153619647,113.356175
66,salta,66056,grl. josé de san martín,2018,5199,177448,2929.872413326721,2.9298724133267213,Noroeste,29.71,52.86,2.8043835398188,12.0,73.5,salta,0.0971750285637229,151.62908333333334
66,salta,66056,grl. josé de san martín,2019,5838,177448,3289.977909021234,3.289977909021234,Noroeste,40.89,52.82,-4.095869743002778,12.0,58.49,salta,0.6617596405046999,235.28336666666667
66,salta,66056,grl. josé de san martín,2020,5412,177448,3049.9075785582254,3.049907578558225,Noroeste,32.99,39.14,-22.513076245380446,12.0,35.38,salta,3.2845189826371968,336.76238333333333
66,salta,66056,grl. josé de san martín,2021,5495,177448,3096.6818448221447,3.096681844822145,Noroeste,53.36,40.47,10.894768613448491,12.0,51.34,salta,8.306039338012305,502.7731833333333
66,salta,66056,grl. josé de san martín,2022,5549,177448,3127.1132951625264,3.1271132951625265,Noroeste,90.36,100.29,16.258768970195426,12.0,94.78,salta,12.419775420228651,869.5214
66,salta,66056,grl. josé de san martín,2023,6467,177448,3644.44795094901,3.64444795094901,Noroeste,152.68,225.08,6.451770318872274,12.0,276.35,salta,12.158572880872542,2036.0322583333332
66,salta,66056,grl. josé de san martín,2024,6478,177448,3650.646950092421,3.650646950092421,Noroeste,145.47,106.62,-17.002317565429593,12.0,67.1,salta,3.541541232809076,6363.719033333334
66,salta,66063,guachipas,2017,43,3491,1231.7387568032082,1.2317387568032083,Noroeste,27.47,26.77,7.86512216770463,12.0,18.85,salta,8.383915153619647,113.356175
66,salta,66063,guachipas,2018,24,3491,687.4820968203953,0.6874820968203953,Noroeste,29.71,52.86,2.8043835398188,12.0,73.5,salta,0.0971750285637229,151.62908333333334
66,salta,66063,guachipas,2019,39,3491,1117.1584073331423,1.1171584073331424,Noroeste,40.89,52.82,-4.095869743002778,12.0,58.49,salta,0.6617596405046999,235.28336666666667
66,salta,66063,guachipas,2020,23,3491,658.8370094528788,0.6588370094528788,Noroeste,32.99,39.14,-22.513076245380446,12.0,35.38,salta,3.2845189826371968,336.76238333333333
66,salta,66063,guachipas,2021,29,3491,830.7075336579777,0.8307075336579777,Noroeste,53.36,40.47,10.894768613448491,12.0,51.34,salta,8.306039338012305,502.7731833333333
66,salta,66063,guachipas,2022,29,3491,830.7075336579777,0.8307075336579777,Noroeste,90.36,100.29,16.258768970195426,12.0,94.78,salta,12.419775420228651,869.5214
66,salta,66063,guachipas,2023,45,3491,1289.0289315382413,1.2890289315382413,Noroeste,152.68,225.08,6.451770318872274,12.0,276.35,salta,12.158572880872542,2036.0322583333332
66,salta,66063,guachipas,2024,40,3491,1145.8034947006588,1.1458034947006588,Noroeste,145.47,106.62,-17.002317565429593,12.0,67.1,salta,3.541541232809076,6363.719033333334
66,salta,66070,iruya,2017,33,6116,539.568345323741,0.539568345323741,Noroeste,27.47,26.77,7.86512216770463,12.0,18.85,salta,8.383915153619647,113.356175
66,salta,66070,iruya,2018,27,6116,441.4650098103335,0.4414650098103335,Noroeste,29.71,52.86,2.8043835398188,12.0,73.5,salta,0.0971750285637229,151.62908333333334
66,salta,66070,iruya,2019,29,6116,474.166121648136,0.474166121648136,Noroeste,40.89,52.82,-4.095869743002778,12.0,58.49,salta,0.6617596405046999,235.28336666666667
66,salta,66070,iruya,2020,22,6116,359.71223021582733,0.3597122302158274,Noroeste,32.99,39.14,-22.513076245380446,12.0,35.38,salta,3.2845189826371968,336.76238333333333
66,salta,66070,iruya,2021,34,6116,555.9189012426423,0.5559189012426423,Noroeste,53.36,40.47,10.894768613448491,12.0,51.34,salta,8.306039338012305,502.7731833333333
66,salta,66070,iruya,2022,34,6116,555.9189012426423,0.5559189012426423,Noroeste,90.36,100.29,16.258768970195426,12.0,94.78,salta,12.419775420228651,869.5214
66,salta,66070,iruya,2023,35,6116,572.2694571615435,0.5722694571615435,Noroeste,152.68,225.08,6.451770318872274,12.0,276.35,salta,12.158572880872542,2036.0322583333332
66,salta,66070,iruya,2024,45,6116,735.7750163505559,0.735775016350556,Noroeste,145.47,106.62,-17.002317565429593,12.0,67.1,salta,3.541541232809076,6363.719033333334
66,salta,66077,la caldera,2017,317,12246,2588.6003593009964,2.588600359300996,Noroeste,27.47,26.77,7.86512216770463,12.0,18.85,salta,8.383915153619647,113.356175
66,salta,66077,la caldera,2018,294,12246,2400.7839294463497,2.4007839294463498,Noroeste,29.71,52.86,2.8043835398188,12.0,73.5,salta,0.0971750285637229,151.62908333333334
66,salta,66077,la caldera,2019,363,12246,2964.2332190102893,2.964233219010289,Noroeste,40.89,52.82,-4.095869743002778,12.0,58.49,salta,0.6617596405046999,235.28336666666667
66,salta,66077,la caldera,2020,356,12246,2907.071696880614,2.907071696880614,Noroeste,32.99,39.14,-22.513076245380446,12.0,35.38,salta,3.2845189826371968,336.76238333333333
66,salta,66077,la caldera,2021,472,12246,3854.319777886657,3.854319777886657,Noroeste,53.36,40.47,10.894768613448491,12.0,51.34,salta,8.306039338012305,502.7731833333333
66,salta,66077,la caldera,2022,499,12246,4074.799934672546,4.074799934672546,Noroeste,90.36,100.29,16.258768970195426,12.0,94.78,salta,12.419775420228651,869.5214
66,salta,66077,la caldera,2023,496,12246,4050.3021394741145,4.050302139474114,Noroeste,152.68,225.08,6.451770318872274,12.0,276.35,salta,12.158572880872542,2036.0322583333332
66,salta,66077,la caldera,2024,602,12246,4915.89090315205,4.915890903152049,Noroeste,145.47,106.62,-17.002317565429593,12.0,67.1,salta,3.541541232809076,6363.719033333334
66,salta,66084,la candelaria,2017,67,7182,932.887774993038,0.932887774993038,Noroeste,27.47,26.77,7.86512216770463,12.0,18.85,salta,8.383915153619647,113.356175
66,salta,66084,la candelaria,2018,65,7182,905.0403787245892,0.9050403787245892,Noroeste,29.71,52.86,2.8043835398188,12.0,73.5,salta,0.0971750285637229,151.62908333333334
66,salta,66084,la candelaria,2019,53,7182,737.9560011138958,0.7379560011138958,Noroeste,40.89,52.82,-4.095869743002778,12.0,58.49,salta,0.6617596405046999,235.28336666666667
66,salta,66084,la candelaria,2020,109,7182,1517.683096630465,1.5176830966304649,Noroeste,32.99,39.14,-22.513076245380446,12.0,35.38,salta,3.2845189826371968,336.76238333333333
66,salta,66084,la candelaria,2021,79,7182,1099.9721526037315,1.0999721526037316,Noroeste,53.36,40.47,10.894768613448491,12.0,51.34,salta,8.306039338012305,502.7731833333333
66,salta,66084,la candelaria,2022,71,7182,988.582567529936,0.988582567529936,Noroeste,90.36,100.29,16.258768970195426,12.0,94.78,salta,12.419775420228651,869.5214
66,salta,66084,la candelaria,2023,82,7182,1141.7432470064048,1.1417432470064048,Noroeste,152.68,225.08,6.451770318872274,12.0,276.35,salta,12.158572880872542,2036.0322583333332
66,salta,66084,la candelaria,2024,103,7182,1434.1409078251183,1.4341409078251184,Noroeste,145.47,106.62,-17.002317565429593,12.0,67.1,salta,3.541541232809076,6363.719033333334
66,salta,66091,la poma,2017,20,1789,1117.9429849077696,1.1179429849077696,Noroeste,27.47,26.77,7.86512216770463,12.0,18.85,salta,8.383915153619647,113.356175
66,salta,66091,la poma,2018,15,1789,838.4572386808272,0.8384572386808273,Noroeste,29.71,52.86,2.8043835398188,12.0,73.5,salta,0.0971750285637229,151.62908333333334
66,salta,66091,la poma,2019,7,1789,391.28004471771936,0.3912800447177194,Noroeste,40.89,52.82,-4.095869743002778,12.0,58.49,salta,0.6617596405046999,235.28336666666667
66,salta,66091,la poma,2020,10,1789,558.9714924538848,0.5589714924538848,Noroeste,32.99,39.14,-22.513076245380446,12.0,35.38,salta,3.2845189826371968,336.76238333333333
66,salta,66091,la poma,2021,13,1789,726.6629401900503,0.7266629401900504,Noroeste,53.36,40.47,10.894768613448491,12.0,51.34,salta,8.306039338012305,502.7731833333333
66,salta,66091,la poma,2022,15,1789,838.4572386808272,0.8384572386808273,Noroeste,90.36,100.29,16.258768970195426,12.0,94.78,salta,12.419775420228651,869.5214
66,salta,66091,la poma,2023,9,1789,503.0743432084964,0.5030743432084964,Noroeste,152.68,225.08,6.451770318872274,12.0,276.35,salta,12.158572880872542,2036.0322583333332
66,salta,66091,la poma,2024,7,1789,391.28004471771936,0.3912800447177194,Noroeste,145.47,106.62,-17.002317565429593,12.0,67.1,salta,3.541541232809076,6363.719033333334
66,salta,66098,la viña,2017,214,8888,2407.7407740774074,2.4077407740774075,Noroeste,27.47,26.77,7.86512216770463,12.0,18.85,salta,8.383915153619647,113.356175
66,salta,66098,la viña,2018,196,8888,2205.220522052205,2.205220522052205,Noroeste,29.71,52.86,2.8043835398188,12.0,73.5,salta,0.0971750285637229,151.62908333333334
66,salta,66098,la viña,2019,226,8888,2542.754275427543,2.542754275427543,Noroeste,40.89,52.82,-4.095869743002778,12.0,58.49,salta,0.6617596405046999,235.28336666666667
66,salta,66098,la viña,2020,210,8888,2362.7362736273626,2.362736273627363,Noroeste,32.99,39.14,-22.513076245380446,12.0,35.38,salta,3.2845189826371968,336.76238333333333
66,salta,66098,la viña,2021,237,8888,2666.5166516651666,2.666516651665167,Noroeste,53.36,40.47,10.894768613448491,12.0,51.34,salta,8.306039338012305,502.7731833333333
66,salta,66098,la viña,2022,218,8888,2452.7452745274527,2.452745274527453,Noroeste,90.36,100.29,16.258768970195426,12.0,94.78,salta,12.419775420228651,869.5214
66,salta,66098,la viña,2023,251,8888,2824.032403240324,2.824032403240324,Noroeste,152.68,225.08,6.451770318872274,12.0,276.35,salta,12.158572880872542,2036.0322583333332
66,salta,66098,la viña,2024,206,8888,2317.731773177318,2.317731773177317,Noroeste,145.47,106.62,-17.002317565429593,12.0,67.1,salta,3.541541232809076,6363.719033333334
66,salta,66105,los andes,2017,34,7182,473.4057365636313,0.4734057365636313,Noroeste,27.47,26.77,7.86512216770463,12.0,18.85,salta,8.383915153619647,113.356175
66,salta,66105,los andes,2018,29,7182,403.787245892509,0.403787245892509,Noroeste,29.71,52.86,2.8043835398188,12.0,73.5,salta,0.0971750285637229,151.62908333333334
66,salta,66105,los andes,2019,60,7182,835.421888053467,0.835421888053467,Noroeste,40.89,52.82,-4.095869743002778,12.0,58.49,salta,0.6617596405046999,235.28336666666667
66,salta,66105,los andes,2020,53,7182,737.9560011138958,0.7379560011138958,Noroeste,32.99,39.14,-22.513076245380446,12.0,35.38,salta,3.2845189826371968,336.76238333333333
66,salta,66105,los andes,2021,52,7182,724.0323029796714,0.7240323029796714,Noroeste,53.36,40.47,10.894768613448491,12.0,51.34,salta,8.306039338012305,502.7731833333333
66,salta,66105,los andes,2022,60,7182,835.421888053467,0.835421888053467,Noroeste,90.36,100.29,16.258768970195426,12.0,94.78,salta,12.419775420228651,869.5214
66,salta,66105,los andes,2023,82,7182,1141.7432470064048,1.1417432470064048,Noroeste,152.68,225.08,6.451770318872274,12.0,276.35,salta,12.158572880872542,2036.0322583333332
66,salta,66105,los andes,2024,74,7182,1030.3536619326092,1.0303536619326092,Noroeste,145.47,106.62,-17.002317565429593,12.0,67.1,salta,3.541541232809076,6363.719033333334
66,salta,66112,metán,2017,1029,48028,2142.5002082118767,2.1425002082118767,Noroeste,27.47,26.77,7.86512216770463,12.0,18.85,salta,8.383915153619647,113.356175
66,salta,66112,metán,2018,1169,48028,2433.9968351794787,2.433996835179479,Noroeste,29.71,52.86,2.8043835398188,12.0,73.5,salta,0.0971750285637229,151.62908333333334
66,salta,66112,metán,2019,1328,48028,2765.0537186641127,2.7650537186641126,Noroeste,40.89,52.82,-4.095869743002778,12.0,58.49,salta,0.6617596405046999,235.28336666666667
66,salta,66112,metán,2020,1132,48028,2356.958440909469,2.356958440909469,Noroeste,32.99,39.14,-22.513076245380446,12.0,35.38,salta,3.2845189826371968,336.76238333333333
66,salta,66112,metán,2021,1397,48028,2908.7199133838594,2.9087199133838597,Noroeste,53.36,40.47,10.894768613448491,12.0,51.34,salta,8.306039338012305,502.7731833333333
66,salta,66112,metán,2022,1606,48028,3343.882735071208,3.343882735071208,Noroeste,90.36,100.29,16.258768970195426,12.0,94.78,salta,12.419775420228651,869.5214
66,salta,66112,metán,2023,1834,48028,3818.605813275589,3.818605813275589,Noroeste,152.68,225.08,6.451770318872274,12.0,276.35,salta,12.158572880872542,2036.0322583333332
66,salta,66112,metán,2024,1736,48028,3614.558174398268,3.614558174398268,Noroeste,145.47,106.62,-17.002317565429593,12.0,67.1,salta,3.541541232809076,6363.719033333334
66,salta,66119,molinos,2017,20,5808,344.3526170798898,0.3443526170798898,Noroeste,27.47,26.77,7.86512216770463,12.0,18.85,salta,8.383915153619647,113.356175
66,salta,66119,molinos,2018,31,5808,533.7465564738292,0.5337465564738292,Noroeste,29.71,52.86,2.8043835398188,12.0,73.5,salta,0.0971750285637229,151.62908333333334
66,salta,66119,molinos,2019,30,5808,516.5289256198347,0.5165289256198348,Noroeste,40.89,52.82,-4.095869743002778,12.0,58.49,salta,0.6617596405046999,235.28336666666667
66,salta,66119,molinos,2020,26,5808,447.6584022038568,0.4476584022038568,Noroeste,32.99,39.14,-22.513076245380446,12.0,35.38,salta,3.2845189826371968,336.76238333333333
66,salta,66119,molinos,2021,27,5808,464.87603305785126,0.4648760330578512,Noroeste,53.36,40.47,10.894768613448491,12.0,51.34,salta,8.306039338012305,502.7731833333333
66,salta,66119,molinos,2022,32,5808,550.9641873278237,0.5509641873278237,Noroeste,90.36,100.29,16.258768970195426,12.0,94.78,salta,12.419775420228651,869.5214
66,salta,66119,molinos,2023,37,5808,637.0523415977962,0.6370523415977961,Noroeste,152.68,225.08,6.451770318872274,12.0,276.35,salta,12.158572880872542,2036.0322583333332
66,salta,66119,molinos,2024,31,5808,533.7465564738292,0.5337465564738292,Noroeste,145.47,106.62,-17.002317565429593,12.0,67.1,salta,3.541541232809076,6363.719033333334
66,salta,66126,orán,2017,3948,159715,2471.9030773565414,2.4719030773565414,Noroeste,27.47,26.77,7.86512216770463,12.0,18.85,salta,8.383915153619647,113.356175
66,salta,66126,orán,2018,4127,159715,2583.9777102964654,2.5839777102964656,Noroeste,29.71,52.86,2.8043835398188,12.0,73.5,salta,0.0971750285637229,151.62908333333334
66,salta,66126,orán,2019,4997,159715,3128.6979933005664,3.1286979933005665,Noroeste,40.89,52.82,-4.095869743002778,12.0,58.49,salta,0.6617596405046999,235.28336666666667
66,salta,66126,orán,2020,4335,159715,2714.2096860031934,2.714209686003193,Noroeste,32.99,39.14,-22.513076245380446,12.0,35.38,salta,3.2845189826371968,336.76238333333333
66,salta,66126,orán,2021,4645,159715,2908.305419027643,2.908305419027643,Noroeste,53.36,40.47,10.894768613448491,12.0,51.34,salta,8.306039338012305,502.7731833333333
66,salta,66126,orán,2022,5465,159715,3421.719938640704,3.421719938640704,Noroeste,90.36,100.29,16.258768970195426,12.0,94.78,salta,12.419775420228651,869.5214
66,salta,66126,orán,2023,6200,159715,3881.914660488996,3.881914660488997,Noroeste,152.68,225.08,6.451770318872274,12.0,276.35,salta,12.158572880872542,2036.0322583333332
66,salta,66126,orán,2024,6148,159715,3849.356666562314,3.849356666562314,Noroeste,145.47,106.62,-17.002317565429593,12.0,67.1,salta,3.541541232809076,6363.719033333334
66,salta,66133,rivadavia,2017,165,38062,433.5032315695445,0.4335032315695444,Noroeste,27.47,26.77,7.86512216770463,12.0,18.85,salta,8.383915153619647,113.356175
66,salta,66133,rivadavia,2018,164,38062,430.8759392570017,0.4308759392570017,Noroeste,29.71,52.86,2.8043835398188,12.0,73.5,salta,0.0971750285637229,151.62908333333334
66,salta,66133,rivadavia,2019,266,38062,698.8597551363565,0.6988597551363565,Noroeste,40.89,52.82,-4.095869743002778,12.0,58.49,salta,0.6617596405046999,235.28336666666667
66,salta,66133,rivadavia,2020,262,38062,688.3505858861857,0.6883505858861857,Noroeste,32.99,39.14,-22.513076245380446,12.0,35.38,salta,3.2845189826371968,336.76238333333333
66,salta,66133,rivadavia,2021,327,38062,859.1245862014608,0.8591245862014608,Noroeste,53.36,40.47,10.894768613448491,12.0,51.34,salta,8.306039338012305,502.7731833333333
66,salta,66133,rivadavia,2022,375,38062,985.23461720351,0.98523461720351,Noroeste,90.36,100.29,16.258768970195426,12.0,94.78,salta,12.419775420228651,869.5214
66,salta,66133,rivadavia,2023,393,38062,1032.5258788292786,1.0325258788292786,Noroeste,152.68,225.08,6.451770318872274,12.0,276.35,salta,12.158572880872542,2036.0322583333332
66,salta,66133,rivadavia,2024,415,38062,1090.326309705218,1.0903263097052178,Noroeste,145.47,106.62,-17.002317565429593,12.0,67.1,salta,3.541541232809076,6363.719033333334
66,salta,66140,rosario de la frontera,2017,821,33750,2432.5925925925926,2.4325925925925924,Noroeste,27.47,26.77,7.86512216770463,12.0,18.85,salta,8.383915153619647,113.356175
66,salta,66140,rosario de la frontera,2018,923,33750,2734.814814814815,2.734814814814815,Noroeste,29.71,52.86,2.8043835398188,12.0,73.5,salta,0.0971750285637229,151.62908333333334
66,salta,66140,rosario de la frontera,2019,1055,33750,3125.9259259259256,3.1259259259259258,Noroeste,40.89,52.82,-4.095869743002778,12.0,58.49,salta,0.6617596405046999,235.28336666666667
66,salta,66140,rosario de la frontera,2020,876,33750,2595.555555555556,2.5955555555555554,Noroeste,32.99,39.14,-22.513076245380446,12.0,35.38,salta,3.2845189826371968,336.76238333333333
66,salta,66140,rosario de la frontera,2021,925,33750,2740.740740740741,2.740740740740741,Noroeste,53.36,40.47,10.894768613448491,12.0,51.34,salta,8.306039338012305,502.7731833333333
66,salta,66140,rosario de la frontera,2022,936,33750,2773.333333333333,2.773333333333333,Noroeste,90.36,100.29,16.258768970195426,12.0,94.78,salta,12.419775420228651,869.5214
66,salta,66140,rosario de la frontera,2023,969,33750,2871.1111111111118,2.871111111111111,Noroeste,152.68,225.08,6.451770318872274,12.0,276.35,salta,12.158572880872542,2036.0322583333332
66,salta,66140,rosario de la frontera,2024,1041,33750,3084.4444444444443,3.0844444444444443,Noroeste,145.47,106.62,-17.002317565429593,12.0,67.1,salta,3.541541232809076,6363.719033333334
66,salta,66147,rosario de lerma,2017,738,50961,1448.1662447754163,1.4481662447754164,Noroeste,27.47,26.77,7.86512216770463,12.0,18.85,salta,8.383915153619647,113.356175
66,salta,66147,rosario de lerma,2018,882,50961,1730.7352681462294,1.7307352681462294,Noroeste,29.71,52.86,2.8043835398188,12.0,73.5,salta,0.0971750285637229,151.62908333333334
66,salta,66147,rosario de lerma,2019,976,50961,1915.1900472910656,1.915190047291066,Noroeste,40.89,52.82,-4.095869743002778,12.0,58.49,salta,0.6617596405046999,235.28336666666667
66,salta,66147,rosario de lerma,2020,786,50961,1542.3559192323542,1.5423559192323542,Noroeste,32.99,39.14,-22.513076245380446,12.0,35.38,salta,3.2845189826371968,336.76238333333333
66,salta,66147,rosario de lerma,2021,968,50961,1899.4917682149091,1.8994917682149093,Noroeste,53.36,40.47,10.894768613448491,12.0,51.34,salta,8.306039338012305,502.7731833333333
66,salta,66147,rosario de lerma,2022,1096,50961,2150.6642334334097,2.15066423343341,Noroeste,90.36,100.29,16.258768970195426,12.0,94.78,salta,12.419775420228651,869.5214
66,salta,66147,rosario de lerma,2023,1287,50961,2525.460646376641,2.525460646376641,Noroeste,152.68,225.08,6.451770318872274,12.0,276.35,salta,12.158572880872542,2036.0322583333332
66,salta,66147,rosario de lerma,2024,1522,50961,2986.597594238732,2.986597594238732,Noroeste,145.47,106.62,-17.002317565429593,12.0,67.1,salta,3.541541232809076,6363.719033333334
66,salta,66154,san carlos,2017,58,7779,745.5971204525003,0.7455971204525004,Noroeste,27.47,26.77,7.86512216770463,12.0,18.85,salta,8.383915153619647,113.356175
66,salta,66154,san carlos,2018,60,7779,771.3073659853451,0.7713073659853451,Noroeste,29.71,52.86,2.8043835398188,12.0,73.5,salta,0.0971750285637229,151.62908333333334
66,salta,66154,san carlos,2019,88,7779,1131.2508034451728,1.131250803445173,Noroeste,40.89,52.82,-4.095869743002778,12.0,58.49,salta,0.6617596405046999,235.28336666666667
66,salta,66154,san carlos,2020,76,7779,976.989330248104,0.976989330248104,Noroeste,32.99,39.14,-22.513076245380446,12.0,35.38,salta,3.2845189826371968,336.76238333333333
66,salta,66154,san carlos,2021,79,7779,1015.5546985473712,1.0155546985473711,Noroeste,53.36,40.47,10.894768613448491,12.0,51.34,salta,8.306039338012305,502.7731833333333
66,salta,66154,san carlos,2022,96,7779,1234.0917855765522,1.2340917855765523,Noroeste,90.36,100.29,16.258768970195426,12.0,94.78,salta,12.419775420228651,869.5214
66,salta,66154,san carlos,2023,115,7779,1478.3391181385782,1.4783391181385783,Noroeste,152.68,225.08,6.451770318872274,12.0,276.35,salta,12.158572880872542,2036.0322583333332
66,salta,66154,san carlos,2024,113,7779,1452.6288726057337,1.4526288726057337,Noroeste,145.47,106.62,-17.002317565429593,12.0,67.1,salta,3.541541232809076,6363.719033333334
66,salta,66161,santa victoria,2017,62,9411,658.8035277866327,0.6588035277866328,Noroeste,27.47,26.77,7.86512216770463,12.0,18.85,salta,8.383915153619647,113.356175
66,salta,66161,santa victoria,2018,45,9411,478.16385081287854,0.4781638508128785,Noroeste,29.71,52.86,2.8043835398188,12.0,73.5,salta,0.0971750285637229,151.62908333333334
66,salta,66161,santa victoria,2019,44,9411,467.5379874614813,0.4675379874614812,Noroeste,40.89,52.82,-4.095869743002778,12.0,58.49,salta,0.6617596405046999,235.28336666666667
66,salta,66161,santa victoria,2020,81,9411,860.6949314631814,0.8606949314631814,Noroeste,32.99,39.14,-22.513076245380446,12.0,35.38,salta,3.2845189826371968,336.76238333333333
66,salta,66161,santa victoria,2021,100,9411,1062.5863351397302,1.0625863351397302,Noroeste,53.36,40.47,10.894768613448491,12.0,51.34,salta,8.306039338012305,502.7731833333333
66,salta,66161,santa victoria,2022,66,9411,701.3069811922219,0.7013069811922219,Noroeste,90.36,100.29,16.258768970195426,12.0,94.78,salta,12.419775420228651,869.5214
66,salta,66161,santa victoria,2023,91,9411,966.9535649771544,0.9669535649771543,Noroeste,152.68,225.08,6.451770318872274,12.0,276.35,salta,12.158572880872542,2036.0322583333332
66,salta,66161,santa victoria,2024,77,9411,818.1914780575922,0.8181914780575922,Noroeste,145.47,106.62,-17.002317565429593,12.0,67.1,salta,3.541541232809076,6363.719033333334
70,san juan,70007,albardón,2017,584,31281,1866.9479875963043,1.8669479875963044,Cuyo,27.47,26.77,7.86512216770463,12.0,18.85,san juan,2.0878626730272964,113.15353333333331
70,san juan,70007,albardón,2018,531,31281,1697.516064064448,1.6975160640644482,Cuyo,29.71,52.86,2.8043835398188,12.0,73.5,san juan,-6.76096744478214,153.10280833333334
70,san juan,70007,albardón,2019,589,31281,1882.9321313257249,1.882932131325725,Cuyo,40.89,52.82,-4.095869743002778,12.0,58.49,san juan,-2.5280575775999514,237.5965833333333
70,san juan,70007,albardón,2020,468,31281,1496.1158530737507,1.4961158530737508,Cuyo,32.99,39.14,-22.513076245380446,12.0,35.38,san juan,16.740561544880595,340.498
70,san juan,70007,albardón,2021,542,31281,1732.681180269173,1.732681180269173,Cuyo,53.36,40.47,10.894768613448491,12.0,51.34,san juan,7.6831711763750254,510.8424583333333
70,san juan,70007,albardón,2022,573,31281,1831.78287139158,1.83178287139158,Cuyo,90.36,100.29,16.258768970195426,12.0,94.78,san juan,5.894895186170257,878.7833999999999
70,san juan,70007,albardón,2023,636,31281,2033.183082382277,2.0331830823822767,Cuyo,152.68,225.08,6.451770318872274,12.0,276.35,san juan,3.609270097410877,2019.1807333333331
70,san juan,70007,albardón,2024,790,31281,2525.494709248426,2.525494709248425,Cuyo,145.47,106.62,-17.002317565429593,12.0,67.1,san juan,3.2095750190208827,6449.676708333333
70,san juan,70014,angaco,2017,128,10172,1258.3562721195435,1.2583562721195438,Cuyo,27.47,26.77,7.86512216770463,12.0,18.85,san juan,2.0878626730272964,113.15353333333331
70,san juan,70014,angaco,2018,136,10172,1337.0035391270153,1.3370035391270154,Cuyo,29.71,52.86,2.8043835398188,12.0,73.5,san juan,-6.76096744478214,153.10280833333334
70,san juan,70014,angaco,2019,148,10172,1454.9744396382223,1.4549744396382225,Cuyo,40.89,52.82,-4.095869743002778,12.0,58.49,san juan,-2.5280575775999514,237.5965833333333
70,san juan,70014,angaco,2020,151,10172,1484.4671647660243,1.4844671647660244,Cuyo,32.99,39.14,-22.513076245380446,12.0,35.38,san juan,16.740561544880595,340.498
70,san juan,70014,angaco,2021,149,10172,1464.8053480141564,1.4648053480141563,Cuyo,53.36,40.47,10.894768613448491,12.0,51.34,san juan,7.6831711763750254,510.8424583333333
70,san juan,70014,angaco,2022,139,10172,1366.496264254817,1.3664962642548173,Cuyo,90.36,100.29,16.258768970195426,12.0,94.78,san juan,5.894895186170257,878.7833999999999
70,san juan,70014,angaco,2023,188,10172,1848.21077467558,1.84821077467558,Cuyo,152.68,225.08,6.451770318872274,12.0,276.35,san juan,3.609270097410877,2019.1807333333331
70,san juan,70014,angaco,2024,213,10172,2093.9834840739286,2.0939834840739286,Cuyo,145.47,106.62,-17.002317565429593,12.0,67.1,san juan,3.2095750190208827,6449.676708333333
70,san juan,70021,calingasta,2017,90,10667,843.7236336364489,0.8437236336364489,Cuyo,27.47,26.77,7.86512216770463,12.0,18.85,san juan,2.0878626730272964,113.15353333333331
70,san juan,70021,calingasta,2018,137,10667,1284.3348645354831,1.2843348645354833,Cuyo,29.71,52.86,2.8043835398188,12.0,73.5,san juan,-6.76096744478214,153.10280833333334
70,san juan,70021,calingasta,2019,141,10667,1321.8336926971033,1.3218336926971033,Cuyo,40.89,52.82,-4.095869743002778,12.0,58.49,san juan,-2.5280575775999514,237.5965833333333
70,san juan,70021,calingasta,2020,135,10667,1265.5854504546733,1.2655854504546733,Cuyo,32.99,39.14,-22.513076245380446,12.0,35.38,san juan,16.740561544880595,340.498
70,san juan,70021,calingasta,2021,143,10667,1340.5831067779131,1.340583106777913,Cuyo,53.36,40.47,10.894768613448491,12.0,51.34,san juan,7.6831711763750254,510.8424583333333
70,san juan,70021,calingasta,2022,114,10667,1068.7166026061686,1.0687166026061683,Cuyo,90.36,100.29,16.258768970195426,12.0,94.78,san juan,5.894895186170257,878.7833999999999
70,san juan,70021,calingasta,2023,125,10667,1171.8383800506235,1.1718383800506236,Cuyo,152.68,225.08,6.451770318872274,12.0,276.35,san juan,3.609270097410877,2019.1807333333331
70,san juan,70021,calingasta,2024,189,10667,1771.8196306365426,1.7718196306365424,Cuyo,145.47,106.62,-17.002317565429593,12.0,67.1,san juan,3.2095750190208827,6449.676708333333
70,san juan,70028,capital,2017,4221,114849,3675.26055951728,3.67526055951728,Cuyo,27.47,26.77,7.86512216770463,12.0,18.85,san juan,2.0878626730272964,113.15353333333331
70,san juan,70028,capital,2018,3713,114849,3232.9406438018614,3.2329406438018613,Cuyo,29.71,52.86,2.8043835398188,12.0,73.5,san juan,-6.76096744478214,153.10280833333334
70,san juan,70028,capital,2019,3355,114849,2921.2270024118625,2.9212270024118627,Cuyo,40.89,52.82,-4.095869743002778,12.0,58.49,san juan,-2.5280575775999514,237.5965833333333
70,san juan,70028,capital,2020,2502,114849,2178.512655747982,2.178512655747982,Cuyo,32.99,39.14,-22.513076245380446,12.0,35.38,san juan,16.740561544880595,340.498
70,san juan,70028,capital,2021,3240,114849,2821.0955254290416,2.8210955254290413,Cuyo,53.36,40.47,10.894768613448491,12.0,51.34,san juan,7.6831711763750254,510.8424583333333
70,san juan,70028,capital,2022,4154,114849,3616.9230903185926,3.616923090318593,Cuyo,90.36,100.29,16.258768970195426,12.0,94.78,san juan,5.894895186170257,878.7833999999999
70,san juan,70028,capital,2023,5092,114849,4433.64765910021,4.4336476591002105,Cuyo,152.68,225.08,6.451770318872274,12.0,276.35,san juan,3.609270097410877,2019.1807333333331
70,san juan,70028,capital,2024,5561,114849,4842.009943491019,4.842009943491019,Cuyo,145.47,106.62,-17.002317565429593,12.0,67.1,san juan,3.2095750190208827,6449.676708333333
70,san juan,70035,caucete,2017,690,44017,1567.5761637549128,1.5675761637549128,Cuyo,27.47,26.77,7.86512216770463,12.0,18.85,san juan,2.0878626730272964,113.15353333333331
70,san juan,70035,caucete,2018,848,44017,1926.528386759661,1.926528386759661,Cuyo,29.71,52.86,2.8043835398188,12.0,73.5,san juan,-6.76096744478214,153.10280833333334
70,san juan,70035,caucete,2019,1286,44017,2921.598473317128,2.921598473317127,Cuyo,40.89,52.82,-4.095869743002778,12.0,58.49,san juan,-2.5280575775999514,237.5965833333333
70,san juan,70035,caucete,2020,1142,44017,2594.4521434900157,2.5944521434900154,Cuyo,32.99,39.14,-22.513076245380446,12.0,35.38,san juan,16.740561544880595,340.498
70,san juan,70035,caucete,2021,796,44017,1808.392212099871,1.8083922120998703,Cuyo,53.36,40.47,10.894768613448491,12.0,51.34,san juan,7.6831711763750254,510.8424583333333
70,san juan,70035,caucete,2022,817,44017,1856.1010518663245,1.8561010518663243,Cuyo,90.36,100.29,16.258768970195426,12.0,94.78,san juan,5.894895186170257,878.7833999999999
70,san juan,70035,caucete,2023,956,44017,2171.8881341299957,2.171888134129995,Cuyo,152.68,225.08,6.451770318872274,12.0,276.35,san juan,3.609270097410877,2019.1807333333331
70,san juan,70035,caucete,2024,1632,44017,3707.658404707272,3.707658404707273,Cuyo,145.47,106.62,-17.002317565429593,12.0,67.1,san juan,3.2095750190208827,6449.676708333333
70,san juan,70042,chimbas,2017,2061,103772,1986.0848783872336,1.9860848783872336,Cuyo,27.47,26.77,7.86512216770463,12.0,18.85,san juan,2.0878626730272964,113.15353333333331
70,san juan,70042,chimbas,2018,2289,103772,2205.7973249045986,2.205797324904599,Cuyo,29.71,52.86,2.8043835398188,12.0,73.5,san juan,-6.76096744478214,153.10280833333334
70,san juan,70042,chimbas,2019,2028,103772,1954.2843927070885,1.9542843927070883,Cuyo,40.89,52.82,-4.095869743002778,12.0,58.49,san juan,-2.5280575775999514,237.5965833333333
70,san juan,70042,chimbas,2020,1982,103772,1909.956442971129,1.909956442971129,Cuyo,32.99,39.14,-22.513076245380446,12.0,35.38,san juan,16.740561544880595,340.498
70,san juan,70042,chimbas,2021,1856,103772,1788.5364067378482,1.7885364067378482,Cuyo,53.36,40.47,10.894768613448491,12.0,51.34,san juan,7.6831711763750254,510.8424583333333
70,san juan,70042,chimbas,2022,2250,103772,2168.2149327371544,2.1682149327371545,Cuyo,90.36,100.29,16.258768970195426,12.0,94.78,san juan,5.894895186170257,878.7833999999999
70,san juan,70042,chimbas,2023,2582,103772,2488.147091701037,2.488147091701037,Cuyo,152.68,225.08,6.451770318872274,12.0,276.35,san juan,3.609270097410877,2019.1807333333331
70,san juan,70042,chimbas,2024,2934,103772,2827.3522722892494,2.8273522722892497,Cuyo,145.47,106.62,-17.002317565429593,12.0,67.1,san juan,3.2095750190208827,6449.676708333333
70,san juan,70049,iglesia,2017,104,8826,1178.3367323816,1.1783367323816,Cuyo,27.47,26.77,7.86512216770463,12.0,18.85,san juan,2.0878626730272964,113.15353333333331
70,san juan,70049,iglesia,2018,101,8826,1144.346249716746,1.144346249716746,Cuyo,29.71,52.86,2.8043835398188,12.0,73.5,san juan,-6.76096744478214,153.10280833333334
70,san juan,70049,iglesia,2019,136,8826,1540.9018808067076,1.5409018808067074,Cuyo,40.89,52.82,-4.095869743002778,12.0,58.49,san juan,-2.5280575775999514,237.5965833333333
70,san juan,70049,iglesia,2020,127,8826,1438.930432812146,1.438930432812146,Cuyo,32.99,39.14,-22.513076245380446,12.0,35.38,san juan,16.740561544880595,340.498
70,san juan,70049,iglesia,2021,81,8826,917.7430319510536,0.9177430319510536,Cuyo,53.36,40.47,10.894768613448491,12.0,51.34,san juan,7.6831711763750254,510.8424583333333
70,san juan,70049,iglesia,2022,82,8826,929.0731928393384,0.9290731928393384,Cuyo,90.36,100.29,16.258768970195426,12.0,94.78,san juan,5.894895186170257,878.7833999999999
70,san juan,70049,iglesia,2023,157,8826,1778.8352594606845,1.7788352594606844,Cuyo,152.68,225.08,6.451770318872274,12.0,276.35,san juan,3.609270097410877,2019.1807333333331
70,san juan,70049,iglesia,2024,140,8826,1586.2225243598457,1.5862225243598458,Cuyo,145.47,106.62,-17.002317565429593,12.0,67.1,san juan,3.2095750190208827,6449.676708333333
70,san juan,70056,jáchal,2017,334,25269,1321.7776722466265,1.3217776722466263,Cuyo,27.47,26.77,7.86512216770463,12.0,18.85,san juan,2.0878626730272964,113.15353333333331
70,san juan,70056,jáchal,2018,327,25269,1294.0757449839723,1.2940757449839726,Cuyo,29.71,52.86,2.8043835398188,12.0,73.5,san juan,-6.76096744478214,153.10280833333334
70,san juan,70056,jáchal,2019,265,25269,1048.715817800467,1.048715817800467,Cuyo,40.89,52.82,-4.095869743002778,12.0,58.49,san juan,-2.5280575775999514,237.5965833333333
70,san juan,70056,jáchal,2020,230,25269,910.2061814871976,0.9102061814871976,Cuyo,32.99,39.14,-22.513076245380446,12.0,35.38,san juan,16.740561544880595,340.498
70,san juan,70056,jáchal,2021,311,25269,1230.7570540979066,1.2307570540979065,Cuyo,53.36,40.47,10.894768613448491,12.0,51.34,san juan,7.6831711763750254,510.8424583333333
70,san juan,70056,jáchal,2022,309,25269,1222.8422177371483,1.2228422177371483,Cuyo,90.36,100.29,16.258768970195426,12.0,94.78,san juan,5.894895186170257,878.7833999999999
70,san juan,70056,jáchal,2023,379,25269,1499.8614903636867,1.4998614903636869,Cuyo,152.68,225.08,6.451770318872274,12.0,276.35,san juan,3.609270097410877,2019.1807333333331
70,san juan,70056,jáchal,2024,295,25269,1167.4383632118406,1.1674383632118406,Cuyo,145.47,106.62,-17.002317565429593,12.0,67.1,san juan,3.2095750190208827,6449.676708333333
70,san juan,70063,9 de julio,2017,220,12498,1760.28164506321,1.7602816450632102,Cuyo,27.47,26.77,7.86512216770463,12.0,18.85,san juan,2.0878626730272964,113.15353333333331
70,san juan,70063,9 de julio,2018,188,12498,1504.2406785085614,1.5042406785085614,Cuyo,29.71,52.86,2.8043835398188,12.0,73.5,san juan,-6.76096744478214,153.10280833333334
70,san juan,70063,9 de julio,2019,262,12498,2096.3354136661865,2.0963354136661865,Cuyo,40.89,52.82,-4.095869743002778,12.0,58.49,san juan,-2.5280575775999514,237.5965833333333
70,san juan,70063,9 de julio,2020,273,12498,2184.349495919347,2.1843494959193475,Cuyo,32.99,39.14,-22.513076245380446,12.0,35.38,san juan,16.740561544880595,340.498
70,san juan,70063,9 de julio,2021,257,12498,2056.3290126420225,2.056329012642023,Cuyo,53.36,40.47,10.894768613448491,12.0,51.34,san juan,7.6831711763750254,510.8424583333333
70,san juan,70063,9 de julio,2022,266,12498,2128.3405344855178,2.1283405344855177,Cuyo,90.36,100.29,16.258768970195426,12.0,94.78,san juan,5.894895186170257,878.7833999999999
70,san juan,70063,9 de julio,2023,319,12498,2552.4083853416546,2.5524083853416544,Cuyo,152.68,225.08,6.451770318872274,12.0,276.35,san juan,3.609270097410877,2019.1807333333331
70,san juan,70063,9 de julio,2024,302,12498,2416.3866218594976,2.4163866218594974,Cuyo,145.47,106.62,-17.002317565429593,12.0,67.1,san juan,3.2095750190208827,6449.676708333333
70,san juan,70070,pocito,2017,518,72879,710.7671620082602,0.7107671620082603,Cuyo,27.47,26.77,7.86512216770463,12.0,18.85,san juan,2.0878626730272964,113.15353333333331
70,san juan,70070,pocito,2018,570,72879,782.1183056847652,0.7821183056847653,Cuyo,29.71,52.86,2.8043835398188,12.0,73.5,san juan,-6.76096744478214,153.10280833333334
70,san juan,70070,pocito,2019,816,72879,1119.664100769769,1.119664100769769,Cuyo,40.89,52.82,-4.095869743002778,12.0,58.49,san juan,-2.5280575775999514,237.5965833333333
70,san juan,70070,pocito,2020,651,72879,893.2614333347055,0.8932614333347055,Cuyo,32.99,39.14,-22.513076245380446,12.0,35.38,san juan,16.740561544880595,340.498
70,san juan,70070,pocito,2021,804,72879,1103.1984522290372,1.1031984522290372,Cuyo,53.36,40.47,10.894768613448491,12.0,51.34,san juan,7.6831711763750254,510.8424583333333
70,san juan,70070,pocito,2022,799,72879,1096.3377653370655,1.0963377653370656,Cuyo,90.36,100.29,16.258768970195426,12.0,94.78,san juan,5.894895186170257,878.7833999999999
70,san juan,70070,pocito,2023,1203,72879,1650.6812662083728,1.6506812662083727,Cuyo,152.68,225.08,6.451770318872274,12.0,276.35,san juan,3.609270097410877,2019.1807333333331
70,san juan,70070,pocito,2024,1386,72879,1901.7824064545343,1.9017824064545343,Cuyo,145.47,106.62,-17.002317565429593,12.0,67.1,san juan,3.2095750190208827,6449.676708333333
70,san juan,70077,rawson,2017,2991,136582,2189.893250940827,2.189893250940827,Cuyo,27.47,26.77,7.86512216770463,12.0,18.85,san juan,2.0878626730272964,113.15353333333331
70,san juan,70077,rawson,2018,3293,136582,2411.005842643979,2.4110058426439798,Cuyo,29.71,52.86,2.8043835398188,12.0,73.5,san juan,-6.76096744478214,153.10280833333334
70,san juan,70077,rawson,2019,3616,136582,2647.4938132403977,2.6474938132403976,Cuyo,40.89,52.82,-4.095869743002778,12.0,58.49,san juan,-2.5280575775999514,237.5965833333333
70,san juan,70077,rawson,2020,3576,136582,2618.207377253225,2.618207377253225,Cuyo,32.99,39.14,-22.513076245380446,12.0,35.38,san juan,16.740561544880595,340.498
70,san juan,70077,rawson,2021,3471,136582,2541.3304827868974,2.541330482786897,Cuyo,53.36,40.47,10.894768613448491,12.0,51.34,san juan,7.6831711763750254,510.8424583333333
70,san juan,70077,rawson,2022,4431,136582,3244.204946479038,3.244204946479038,Cuyo,90.36,100.29,16.258768970195426,12.0,94.78,san juan,5.894895186170257,878.7833999999999
70,san juan,70077,rawson,2023,5685,136582,4162.334714676897,4.162334714676898,Cuyo,152.68,225.08,6.451770318872274,12.0,276.35,san juan,3.609270097410877,2019.1807333333331
70,san juan,70077,rawson,2024,6132,136582,4489.61063683355,4.48961063683355,Cuyo,145.47,106.62,-17.002317565429593,12.0,67.1,san juan,3.2095750190208827,6449.676708333333
70,san juan,70084,rivadavia,2017,2396,101334,2364.458128564944,2.3644581285649435,Cuyo,27.47,26.77,7.86512216770463,12.0,18.85,san juan,2.0878626730272964,113.15353333333331
70,san juan,70084,rivadavia,2018,2612,101334,2577.6146209564413,2.577614620956441,Cuyo,29.71,52.86,2.8043835398188,12.0,73.5,san juan,-6.76096744478214,153.10280833333334
70,san juan,70084,rivadavia,2019,2772,101334,2735.5083190242167,2.7355083190242167,Cuyo,40.89,52.82,-4.095869743002778,12.0,58.49,san juan,-2.5280575775999514,237.5965833333333
70,san juan,70084,rivadavia,2020,2321,101334,2290.445457595674,2.290445457595674,Cuyo,32.99,39.14,-22.513076245380446,12.0,35.38,san juan,16.740561544880595,340.498
70,san juan,70084,rivadavia,2021,2310,101334,2279.590265853514,2.279590265853514,Cuyo,53.36,40.47,10.894768613448491,12.0,51.34,san juan,7.6831711763750254,510.8424583333333
70,san juan,70084,rivadavia,2022,2961,101334,2922.020249866777,2.922020249866777,Cuyo,90.36,100.29,16.258768970195426,12.0,94.78,san juan,5.894895186170257,878.7833999999999
70,san juan,70084,rivadavia,2023,3673,101334,3624.64720626838,3.62464720626838,Cuyo,152.68,225.08,6.451770318872274,12.0,276.35,san juan,3.609270097410877,2019.1807333333331
70,san juan,70084,rivadavia,2024,3937,101334,3885.17180808021,3.88517180808021,Cuyo,145.47,106.62,-17.002317565429593,12.0,67.1,san juan,3.2095750190208827,6449.676708333333
70,san juan,70091,san martín,2017,195,15037,1296.801223648334,1.2968012236483342,Cuyo,27.47,26.77,7.86512216770463,12.0,18.85,san juan,2.0878626730272964,113.15353333333331
70,san juan,70091,san martín,2018,194,15037,1290.150960962958,1.290150960962958,Cuyo,29.71,52.86,2.8043835398188,12.0,73.5,san juan,-6.76096744478214,153.10280833333334
70,san juan,70091,san martín,2019,185,15037,1230.2985967945735,1.2302985967945734,Cuyo,40.89,52.82,-4.095869743002778,12.0,58.49,san juan,-2.5280575775999514,237.5965833333333
70,san juan,70091,san martín,2020,166,15037,1103.943605772428,1.103943605772428,Cuyo,32.99,39.14,-22.513076245380446,12.0,35.38,san juan,16.740561544880595,340.498
70,san juan,70091,san martín,2021,184,15037,1223.648334109197,1.2236483341091973,Cuyo,53.36,40.47,10.894768613448491,12.0,51.34,san juan,7.6831711763750254,510.8424583333333
70,san juan,70091,san martín,2022,191,15037,1270.2001729068295,1.2702001729068295,Cuyo,90.36,100.29,16.258768970195426,12.0,94.78,san juan,5.894895186170257,878.7833999999999
70,san juan,70091,san martín,2023,187,15037,1243.5991221653255,1.2435991221653255,Cuyo,152.68,225.08,6.451770318872274,12.0,276.35,san juan,3.609270097410877,2019.1807333333331
70,san juan,70091,san martín,2024,294,15037,1955.177229500565,1.9551772295005652,Cuyo,145.47,106.62,-17.002317565429593,12.0,67.1,san juan,3.2095750190208827,6449.676708333333
70,san juan,70098,santa lucía,2017,1484,62697,2366.93940698917,2.36693940698917,Cuyo,27.47,26.77,7.86512216770463,12.0,18.85,san juan,2.0878626730272964,113.15353333333331
70,san juan,70098,santa lucía,2018,1429,62697,2279.2159114471187,2.2792159114471184,Cuyo,29.71,52.86,2.8043835398188,12.0,73.5,san juan,-6.76096744478214,153.10280833333334
70,san juan,70098,santa lucía,2019,1464,62697,2335.039954064788,2.335039954064788,Cuyo,40.89,52.82,-4.095869743002778,12.0,58.49,san juan,-2.5280575775999514,237.5965833333333
70,san juan,70098,santa lucía,2020,1221,62697,1947.4616010335424,1.9474616010335424,Cuyo,32.99,39.14,-22.513076245380446,12.0,35.38,san juan,16.740561544880595,340.498
70,san juan,70098,santa lucía,2021,1215,62697,1937.891765156228,1.9378917651562275,Cuyo,53.36,40.47,10.894768613448491,12.0,51.34,san juan,7.6831711763750254,510.8424583333333
70,san juan,70098,santa lucía,2022,1448,62697,2309.520391725282,2.309520391725282,Cuyo,90.36,100.29,16.258768970195426,12.0,94.78,san juan,5.894895186170257,878.7833999999999
70,san juan,70098,santa lucía,2023,2022,62697,3225.034690655056,3.225034690655056,Cuyo,152.68,225.08,6.451770318872274,12.0,276.35,san juan,3.609270097410877,2019.1807333333331
70,san juan,70098,santa lucía,2024,2503,62697,3992.2165334864503,3.9922165334864506,Cuyo,145.47,106.62,-17.002317565429593,12.0,67.1,san juan,3.2095750190208827,6449.676708333333
70,san juan,70105,sarmiento,2017,330,27188,1213.770781227012,1.2137707812270118,Cuyo,27.47,26.77,7.86512216770463,12.0,18.85,san juan,2.0878626730272964,113.15353333333331
70,san juan,70105,sarmiento,2018,491,27188,1805.943798734736,1.805943798734736,Cuyo,29.71,52.86,2.8043835398188,12.0,73.5,san juan,-6.76096744478214,153.10280833333334
70,san juan,70105,sarmiento,2019,385,27188,1416.065911431514,1.416065911431514,Cuyo,40.89,52.82,-4.095869743002778,12.0,58.49,san juan,-2.5280575775999514,237.5965833333333
70,san juan,70105,sarmiento,2020,402,27188,1478.5934971310874,1.4785934971310872,Cuyo,32.99,39.14,-22.513076245380446,12.0,35.38,san juan,16.740561544880595,340.498
70,san juan,70105,sarmiento,2021,427,27188,1570.5458290422243,1.5705458290422245,Cuyo,53.36,40.47,10.894768613448491,12.0,51.34,san juan,7.6831711763750254,510.8424583333333
70,san juan,70105,sarmiento,2022,530,27188,1949.38943651611,1.94938943651611,Cuyo,90.36,100.29,16.258768970195426,12.0,94.78,san juan,5.894895186170257,878.7833999999999
70,san juan,70105,sarmiento,2023,469,27188,1725.0257466529351,1.725025746652935,Cuyo,152.68,225.08,6.451770318872274,12.0,276.35,san juan,3.609270097410877,2019.1807333333331
70,san juan,70105,sarmiento,2024,441,27188,1622.0391349124616,1.6220391349124614,Cuyo,145.47,106.62,-17.002317565429593,12.0,67.1,san juan,3.2095750190208827,6449.676708333333
70,san juan,70112,ullúm,2017,92,6454,1425.4725751471956,1.4254725751471955,Cuyo,27.47,26.77,7.86512216770463,12.0,18.85,san juan,2.0878626730272964,113.15353333333331
70,san juan,70112,ullúm,2018,122,6454,1890.3005887821505,1.8903005887821505,Cuyo,29.71,52.86,2.8043835398188,12.0,73.5,san juan,-6.76096744478214,153.10280833333334
70,san juan,70112,ullúm,2019,146,6454,2262.1629996901147,2.2621629996901147,Cuyo,40.89,52.82,-4.095869743002778,12.0,58.49,san juan,-2.5280575775999514,237.5965833333333
70,san juan,70112,ullúm,2020,159,6454,2463.5884722652618,2.4635884722652617,Cuyo,32.99,39.14,-22.513076245380446,12.0,35.38,san juan,16.740561544880595,340.498
70,san juan,70112,ullúm,2021,164,6454,2541.059807871088,2.541059807871088,Cuyo,53.36,40.47,10.894768613448491,12.0,51.34,san juan,7.6831711763750254,510.8424583333333
70,san juan,70112,ullúm,2022,149,6454,2308.64580105361,2.30864580105361,Cuyo,90.36,100.29,16.258768970195426,12.0,94.78,san juan,5.894895186170257,878.7833999999999
70,san juan,70112,ullúm,2023,146,6454,2262.1629996901147,2.2621629996901147,Cuyo,152.68,225.08,6.451770318872274,12.0,276.35,san juan,3.609270097410877,2019.1807333333331
70,san juan,70112,ullúm,2024,150,6454,2324.1400681747755,2.3241400681747755,Cuyo,145.47,106.62,-17.002317565429593,12.0,67.1,san juan,3.2095750190208827,6449.676708333333
70,san juan,70119,valle fértil,2017,56,8425,664.6884272997032,0.6646884272997032,Cuyo,27.47,26.77,7.86512216770463,12.0,18.85,san juan,2.0878626730272964,113.15353333333331
70,san juan,70119,valle fértil,2018,100,8425,1186.9436201780416,1.1869436201780417,Cuyo,29.71,52.86,2.8043835398188,12.0,73.5,san juan,-6.76096744478214,153.10280833333334
70,san juan,70119,valle fértil,2019,95,8425,1127.596439169139,1.127596439169139,Cuyo,40.89,52.82,-4.095869743002778,12.0,58.49,san juan,-2.5280575775999514,237.5965833333333
70,san juan,70119,valle fértil,2020,110,8425,1305.6379821958458,1.3056379821958457,Cuyo,32.99,39.14,-22.513076245380446,12.0,35.38,san juan,16.740561544880595,340.498
70,san juan,70119,valle fértil,2021,97,8425,1151.3353115727002,1.1513353115727003,Cuyo,53.36,40.47,10.894768613448491,12.0,51.34,san juan,7.6831711763750254,510.8424583333333
70,san juan,70119,valle fértil,2022,106,8425,1258.160237388724,1.258160237388724,Cuyo,90.36,100.29,16.258768970195426,12.0,94.78,san juan,5.894895186170257,878.7833999999999
70,san juan,70119,valle fértil,2023,153,8425,1816.023738872404,1.8160237388724036,Cuyo,152.68,225.08,6.451770318872274,12.0,276.35,san juan,3.609270097410877,2019.1807333333331
70,san juan,70119,valle fértil,2024,142,8425,1685.4599406528191,1.685459940652819,Cuyo,145.47,106.62,-17.002317565429593,12.0,67.1,san juan,3.2095750190208827,6449.676708333333
70,san juan,70126,25 de mayo,2017,343,20824,1647.1379177871688,1.6471379177871688,Cuyo,27.47,26.77,7.86512216770463,12.0,18.85,san juan,2.0878626730272964,113.15353333333331
70,san juan,70126,25 de mayo,2018,337,20824,1618.3250096043027,1.6183250096043027,Cuyo,29.71,52.86,2.8043835398188,12.0,73.5,san juan,-6.76096744478214,153.10280833333334
70,san juan,70126,25 de mayo,2019,437,20824,2098.540145985401,2.0985401459854014,Cuyo,40.89,52.82,-4.095869743002778,12.0,58.49,san juan,-2.5280575775999514,237.5965833333333
70,san juan,70126,25 de mayo,2020,343,20824,1647.1379177871688,1.6471379177871688,Cuyo,32.99,39.14,-22.513076245380446,12.0,35.38,san juan,16.740561544880595,340.498
70,san juan,70126,25 de mayo,2021,350,20824,1680.7529773338454,1.6807529773338454,Cuyo,53.36,40.47,10.894768613448491,12.0,51.34,san juan,7.6831711763750254,510.8424583333333
70,san juan,70126,25 de mayo,2022,363,20824,1743.1809450633884,1.7431809450633884,Cuyo,90.36,100.29,16.258768970195426,12.0,94.78,san juan,5.894895186170257,878.7833999999999
70,san juan,70126,25 de mayo,2023,434,20824,2084.1336918939683,2.0841336918939684,Cuyo,152.68,225.08,6.451770318872274,12.0,276.35,san juan,3.609270097410877,2019.1807333333331
70,san juan,70126,25 de mayo,2024,504,20824,2420.284287360738,2.420284287360737,Cuyo,145.47,106.62,-17.002317565429593,12.0,67.1,san juan,3.2095750190208827,6449.676708333333
70,san juan,70133,zonda,2017,109,6674,1633.203476176206,1.6332034761762062,Cuyo,27.47,26.77,7.86512216770463,12.0,18.85,san juan,2.0878626730272964,113.15353333333331
70,san juan,70133,zonda,2018,133,6674,1992.807911297573,1.9928079112975727,Cuyo,29.71,52.86,2.8043835398188,12.0,73.5,san juan,-6.76096744478214,153.10280833333334
70,san juan,70133,zonda,2019,138,6674,2067.725501947857,2.0677255019478573,Cuyo,40.89,52.82,-4.095869743002778,12.0,58.49,san juan,-2.5280575775999514,237.5965833333333
70,san juan,70133,zonda,2020,174,6674,2607.132154629907,2.607132154629907,Cuyo,32.99,39.14,-22.513076245380446,12.0,35.38,san juan,16.740561544880595,340.498
70,san juan,70133,zonda,2021,187,6674,2801.9178903206475,2.8019178903206474,Cuyo,53.36,40.47,10.894768613448491,12.0,51.34,san juan,7.6831711763750254,510.8424583333333
70,san juan,70133,zonda,2022,173,6674,2592.14863649985,2.59214863649985,Cuyo,90.36,100.29,16.258768970195426,12.0,94.78,san juan,5.894895186170257,878.7833999999999
70,san juan,70133,zonda,2023,141,6674,2112.676056338028,2.112676056338028,Cuyo,152.68,225.08,6.451770318872274,12.0,276.35,san juan,3.609270097410877,2019.1807333333331
70,san juan,70133,zonda,2024,129,6674,1932.873838777345,1.932873838777345,Cuyo,145.47,106.62,-17.002317565429593,12.0,67.1,san juan,3.2095750190208827,6449.676708333333
74,san luis,74007,ayacucho,2017,159,23653,672.219168815795,0.672219168815795,Cuyo,27.47,26.77,7.86512216770463,12.0,18.85,san luis,4.61239927440551,113.15353333333331
74,san luis,74007,ayacucho,2018,173,23653,731.4082780197015,0.7314082780197015,Cuyo,29.71,52.86,2.8043835398188,12.0,73.5,san luis,-4.393702134185007,153.10280833333334
74,san luis,74007,ayacucho,2019,213,23653,900.5200186022915,0.9005200186022916,Cuyo,40.89,52.82,-4.095869743002778,12.0,58.49,san luis,-1.1505243676742771,237.5965833333333
74,san luis,74007,ayacucho,2020,185,23653,782.1418001944785,0.7821418001944784,Cuyo,32.99,39.14,-22.513076245380446,12.0,35.38,san luis,8.852310668705332,340.498
74,san luis,74007,ayacucho,2021,213,23653,900.5200186022915,0.9005200186022916,Cuyo,53.36,40.47,10.894768613448491,12.0,51.34,san luis,8.247357663563992,510.8424583333333
74,san luis,74007,ayacucho,2022,219,23653,925.88677968968,0.92588677968968,Cuyo,90.36,100.29,16.258768970195426,12.0,94.78,san luis,8.630226036943789,878.7833999999999
74,san luis,74007,ayacucho,2023,216,23653,913.2033991459856,0.9132033991459856,Cuyo,152.68,225.08,6.451770318872274,12.0,276.35,san luis,6.3011127496983566,2019.1807333333331
74,san luis,74007,ayacucho,2024,281,23653,1188.0099775926944,1.1880099775926944,Cuyo,145.47,106.62,-17.002317565429593,12.0,67.1,san luis,2.5503302594843014,6449.676708333333
74,san luis,74014,belgrano,2017,76,5575,1363.2286995515694,1.3632286995515694,Cuyo,27.47,26.77,7.86512216770463,12.0,18.85,san luis,4.61239927440551,113.15353333333331
74,san luis,74014,belgrano,2018,70,5575,1255.6053811659192,1.2556053811659191,Cuyo,29.71,52.86,2.8043835398188,12.0,73.5,san luis,-4.393702134185007,153.10280833333334
74,san luis,74014,belgrano,2019,95,5575,1704.0358744394618,1.7040358744394617,Cuyo,40.89,52.82,-4.095869743002778,12.0,58.49,san luis,-1.1505243676742771,237.5965833333333
74,san luis,74014,belgrano,2020,83,5575,1488.7892376681614,1.4887892376681615,Cuyo,32.99,39.14,-22.513076245380446,12.0,35.38,san luis,8.852310668705332,340.498
74,san luis,74014,belgrano,2021,132,5575,2367.713004484305,2.367713004484305,Cuyo,53.36,40.47,10.894768613448491,12.0,51.34,san luis,8.247357663563992,510.8424583333333
74,san luis,74014,belgrano,2022,143,5575,2565.0224215246635,2.5650224215246635,Cuyo,90.36,100.29,16.258768970195426,12.0,94.78,san luis,8.630226036943789,878.7833999999999
74,san luis,74014,belgrano,2023,126,5575,2260.089686098655,2.260089686098655,Cuyo,152.68,225.08,6.451770318872274,12.0,276.35,san luis,6.3011127496983566,2019.1807333333331
74,san luis,74014,belgrano,2024,81,5575,1452.9147982062782,1.452914798206278,Cuyo,145.47,106.62,-17.002317565429593,12.0,67.1,san luis,2.5503302594843014,6449.676708333333
74,san luis,74021,coronel pringles,2017,105,16044,654.4502617801047,0.6544502617801047,Cuyo,27.47,26.77,7.86512216770463,12.0,18.85,san luis,4.61239927440551,113.15353333333331
74,san luis,74021,coronel pringles,2018,96,16044,598.3545250560957,0.5983545250560958,Cuyo,29.71,52.86,2.8043835398188,12.0,73.5,san luis,-4.393702134185007,153.10280833333334
74,san luis,74021,coronel pringles,2019,177,16044,1103.2161555721766,1.103216155572177,Cuyo,40.89,52.82,-4.095869743002778,12.0,58.49,san luis,-1.1505243676742771,237.5965833333333
74,san luis,74021,coronel pringles,2020,102,16044,635.7516828721017,0.6357516828721017,Cuyo,32.99,39.14,-22.513076245380446,12.0,35.38,san luis,8.852310668705332,340.498
74,san luis,74021,coronel pringles,2021,133,16044,828.9703315881327,0.8289703315881327,Cuyo,53.36,40.47,10.894768613448491,12.0,51.34,san luis,8.247357663563992,510.8424583333333
74,san luis,74021,coronel pringles,2022,199,16044,1240.3390675641986,1.2403390675641983,Cuyo,90.36,100.29,16.258768970195426,12.0,94.78,san luis,8.630226036943789,878.7833999999999
74,san luis,74021,coronel pringles,2023,187,16044,1165.5447519321865,1.1655447519321864,Cuyo,152.68,225.08,6.451770318872274,12.0,276.35,san luis,6.3011127496983566,2019.1807333333331
74,san luis,74021,coronel pringles,2024,228,16044,1421.0919970082273,1.4210919970082274,Cuyo,145.47,106.62,-17.002317565429593,12.0,67.1,san luis,2.5503302594843014,6449.676708333333
74,san luis,74028,chacabuco,2017,160,26522,603.2727546942161,0.6032727546942162,Cuyo,27.47,26.77,7.86512216770463,12.0,18.85,san luis,4.61239927440551,113.15353333333331
74,san luis,74028,chacabuco,2018,174,26522,656.05912072996,0.6560591207299601,Cuyo,29.71,52.86,2.8043835398188,12.0,73.5,san luis,-4.393702134185007,153.10280833333334
74,san luis,74028,chacabuco,2019,168,26522,633.436392428927,0.6334363924289269,Cuyo,40.89,52.82,-4.095869743002778,12.0,58.49,san luis,-1.1505243676742771,237.5965833333333
74,san luis,74028,chacabuco,2020,151,26522,569.3386622426665,0.5693386622426665,Cuyo,32.99,39.14,-22.513076245380446,12.0,35.38,san luis,8.852310668705332,340.498
74,san luis,74028,chacabuco,2021,196,26522,739.0091245004148,0.7390091245004148,Cuyo,53.36,40.47,10.894768613448491,12.0,51.34,san luis,8.247357663563992,510.8424583333333
74,san luis,74028,chacabuco,2022,220,26522,829.5000377045471,0.8295000377045472,Cuyo,90.36,100.29,16.258768970195426,12.0,94.78,san luis,8.630226036943789,878.7833999999999
74,san luis,74028,chacabuco,2023,190,26522,716.3863961993817,0.7163863961993816,Cuyo,152.68,225.08,6.451770318872274,12.0,276.35,san luis,6.3011127496983566,2019.1807333333331
74,san luis,74028,chacabuco,2024,251,26522,946.3841339265516,0.9463841339265516,Cuyo,145.47,106.62,-17.002317565429593,12.0,67.1,san luis,2.5503302594843014,6449.676708333333
74,san luis,74035,general pedernera,2017,1216,148671,817.9133792064357,0.8179133792064357,Cuyo,27.47,26.77,7.86512216770463,12.0,18.85,san luis,4.61239927440551,113.15353333333331
74,san luis,74035,general pedernera,2018,1245,148671,837.4195370986944,0.8374195370986943,Cuyo,29.71,52.86,2.8043835398188,12.0,73.5,san luis,-4.393702134185007,153.10280833333334
74,san luis,74035,general pedernera,2019,1201,148671,807.8239871931984,0.8078239871931984,Cuyo,40.89,52.82,-4.095869743002778,12.0,58.49,san luis,-1.1505243676742771,237.5965833333333
74,san luis,74035,general pedernera,2020,1057,148671,710.9658238661204,0.7109658238661205,Cuyo,32.99,39.14,-22.513076245380446,12.0,35.38,san luis,8.852310668705332,340.498
74,san luis,74035,general pedernera,2021,1110,148671,746.6150089795589,0.7466150089795589,Cuyo,53.36,40.47,10.894768613448491,12.0,51.34,san luis,8.247357663563992,510.8424583333333
74,san luis,74035,general pedernera,2022,1613,148671,1084.9459544901158,1.0849459544901157,Cuyo,90.36,100.29,16.258768970195426,12.0,94.78,san luis,8.630226036943789,878.7833999999999
74,san luis,74035,general pedernera,2023,1853,148671,1246.3762267019124,1.2463762267019125,Cuyo,152.68,225.08,6.451770318872274,12.0,276.35,san luis,6.3011127496983566,2019.1807333333331
74,san luis,74035,general pedernera,2024,2084,148671,1401.7528637057665,1.4017528637057666,Cuyo,145.47,106.62,-17.002317565429593,12.0,67.1,san luis,2.5503302594843014,6449.676708333333
74,san luis,74042,gobernador dupuy,2017,58,14334,404.6323426817357,0.4046323426817357,Cuyo,27.47,26.77,7.86512216770463,12.0,18.85,san luis,4.61239927440551,113.15353333333331
74,san luis,74042,gobernador dupuy,2018,41,14334,286.0332077577787,0.2860332077577787,Cuyo,29.71,52.86,2.8043835398188,12.0,73.5,san luis,-4.393702134185007,153.10280833333334
74,san luis,74042,gobernador dupuy,2019,66,14334,460.44370029300967,0.4604437002930096,Cuyo,40.89,52.82,-4.095869743002778,12.0,58.49,san luis,-1.1505243676742771,237.5965833333333
74,san luis,74042,gobernador dupuy,2020,53,14334,369.7502441746896,0.3697502441746895,Cuyo,32.99,39.14,-22.513076245380446,12.0,35.38,san luis,8.852310668705332,340.498
74,san luis,74042,gobernador dupuy,2021,77,14334,537.1843170085112,0.5371843170085112,Cuyo,53.36,40.47,10.894768613448491,12.0,51.34,san luis,8.247357663563992,510.8424583333333
74,san luis,74042,gobernador dupuy,2022,82,14334,572.0664155155574,0.5720664155155575,Cuyo,90.36,100.29,16.258768970195426,12.0,94.78,san luis,8.630226036943789,878.7833999999999
74,san luis,74042,gobernador dupuy,2023,119,14334,830.1939444676991,0.8301939444676991,Cuyo,152.68,225.08,6.451770318872274,12.0,276.35,san luis,6.3011127496983566,2019.1807333333331
74,san luis,74042,gobernador dupuy,2024,128,14334,892.9817217803824,0.8929817217803824,Cuyo,145.47,106.62,-17.002317565429593,12.0,67.1,san luis,2.5503302594843014,6449.676708333333
74,san luis,74049,junín,2017,229,40289,568.3933579885329,0.5683933579885329,Cuyo,27.47,26.77,7.86512216770463,12.0,18.85,san luis,4.61239927440551,113.15353333333331
74,san luis,74049,junín,2018,243,40289,603.1422969048623,0.6031422969048623,Cuyo,29.71,52.86,2.8043835398188,12.0,73.5,san luis,-4.393702134185007,153.10280833333334
74,san luis,74049,junín,2019,271,40289,672.6401747375214,0.6726401747375214,Cuyo,40.89,52.82,-4.095869743002778,12.0,58.49,san luis,-1.1505243676742771,237.5965833333333
74,san luis,74049,junín,2020,216,40289,536.1264861376554,0.5361264861376555,Cuyo,32.99,39.14,-22.513076245380446,12.0,35.38,san luis,8.852310668705332,340.498
74,san luis,74049,junín,2021,304,40289,754.548387897441,0.754548387897441,Cuyo,53.36,40.47,10.894768613448491,12.0,51.34,san luis,8.247357663563992,510.8424583333333
74,san luis,74049,junín,2022,506,40289,1255.9259351187668,1.2559259351187668,Cuyo,90.36,100.29,16.258768970195426,12.0,94.78,san luis,8.630226036943789,878.7833999999999
74,san luis,74049,junín,2023,420,40289,1042.4681674898854,1.0424681674898857,Cuyo,152.68,225.08,6.451770318872274,12.0,276.35,san luis,6.3011127496983566,2019.1807333333331
74,san luis,74049,junín,2024,385,40289,955.595820199062,0.955595820199062,Cuyo,145.47,106.62,-17.002317565429593,12.0,67.1,san luis,2.5503302594843014,6449.676708333333
74,san luis,74063,libertador general san martín,2017,36,4691,767.4269878490727,0.7674269878490727,Cuyo,27.47,26.77,7.86512216770463,12.0,18.85,san luis,4.61239927440551,113.15353333333331
74,san luis,74063,libertador general san martín,2018,34,4691,724.7921551907909,0.7247921551907909,Cuyo,29.71,52.86,2.8043835398188,12.0,73.5,san luis,-4.393702134185007,153.10280833333334
74,san luis,74063,libertador general san martín,2019,38,4691,810.0618205073546,0.8100618205073545,Cuyo,40.89,52.82,-4.095869743002778,12.0,58.49,san luis,-1.1505243676742771,237.5965833333333
74,san luis,74063,libertador general san martín,2020,26,4691,554.2528245576636,0.5542528245576636,Cuyo,32.99,39.14,-22.513076245380446,12.0,35.38,san luis,8.852310668705332,340.498
74,san luis,74063,libertador general san martín,2021,45,4691,959.283734811341,0.959283734811341,Cuyo,53.36,40.47,10.894768613448491,12.0,51.34,san luis,8.247357663563992,510.8424583333333
74,san luis,74063,libertador general san martín,2022,63,4691,1342.9972287358771,1.3429972287358771,Cuyo,90.36,100.29,16.258768970195426,12.0,94.78,san luis,8.630226036943789,878.7833999999999
74,san luis,74063,libertador general san martín,2023,43,4691,916.648902153059,0.9166489021530588,Cuyo,152.68,225.08,6.451770318872274,12.0,276.35,san luis,6.3011127496983566,2019.1807333333331
74,san luis,74063,libertador general san martín,2024,39,4691,831.3792368364954,0.8313792368364954,Cuyo,145.47,106.62,-17.002317565429593,12.0,67.1,san luis,2.5503302594843014,6449.676708333333
78,santa cruz,78007,corpen aike,2017,215,15035,1429.9966744263386,1.4299966744263386,Patagonia,27.47,26.77,7.86512216770463,12.0,18.85,santa cruz,-1.7251079206742514,112.690775
78,santa cruz,78007,corpen aike,2018,174,15035,1157.2996341868973,1.1572996341868973,Patagonia,29.71,52.86,2.8043835398188,12.0,73.5,santa cruz,-7.007799899817801,151.49149166666666
78,santa cruz,78007,corpen aike,2019,185,15035,1230.4622547389424,1.2304622547389426,Patagonia,40.89,52.82,-4.095869743002778,12.0,58.49,santa cruz,-0.2438764517160185,233.9737583333333
78,santa cruz,78007,corpen aike,2020,237,15035,1576.321915530429,1.5763219155304289,Patagonia,32.99,39.14,-22.513076245380446,12.0,35.38,santa cruz,0.7862288311595744,329.6104833333333
78,santa cruz,78007,corpen aike,2021,208,15035,1383.438643165946,1.383438643165946,Patagonia,53.36,40.47,10.894768613448491,12.0,51.34,santa cruz,-1.8439691258809177,485.76885833333336
78,santa cruz,78007,corpen aike,2022,277,15035,1842.3678084469573,1.8423678084469568,Patagonia,90.36,100.29,16.258768970195426,12.0,94.78,santa cruz,9.615130670700234,835.4642916666667
78,santa cruz,78007,corpen aike,2023,329,15035,2188.2274692384435,2.188227469238444,Patagonia,152.68,225.08,6.451770318872274,12.0,276.35,santa cruz,10.42631024399483,1928.9852666666663
78,santa cruz,78007,corpen aike,2024,313,15035,2081.8091120718323,2.0818091120718325,Patagonia,145.47,106.62,-17.002317565429593,12.0,67.1,santa cruz,2.845855311119694,6248.453975
78,santa cruz,78014,deseado,2017,3127,126266,2476.5178274436507,2.476517827443651,Patagonia,27.47,26.77,7.86512216770463,12.0,18.85,santa cruz,-1.7251079206742514,112.690775
78,santa cruz,78014,deseado,2018,3488,126266,2762.4221880791342,2.7624221880791344,Patagonia,29.71,52.86,2.8043835398188,12.0,73.5,santa cruz,-7.007799899817801,151.49149166666666
78,santa cruz,78014,deseado,2019,3571,126266,2828.1564316601457,2.8281564316601457,Patagonia,40.89,52.82,-4.095869743002778,12.0,58.49,santa cruz,-0.2438764517160185,233.9737583333333
78,santa cruz,78014,deseado,2020,2967,126266,2349.8012133115803,2.34980121331158,Patagonia,32.99,39.14,-22.513076245380446,12.0,35.38,santa cruz,0.7862288311595744,329.6104833333333
78,santa cruz,78014,deseado,2021,3221,126266,2550.963838246242,2.550963838246242,Patagonia,53.36,40.47,10.894768613448491,12.0,51.34,santa cruz,-1.8439691258809177,485.76885833333336
78,santa cruz,78014,deseado,2022,3557,126266,2817.06872792359,2.8170687279235898,Patagonia,90.36,100.29,16.258768970195426,12.0,94.78,santa cruz,9.615130670700234,835.4642916666667
78,santa cruz,78014,deseado,2023,3978,126266,3150.4918188586003,3.1504918188586,Patagonia,152.68,225.08,6.451770318872274,12.0,276.35,santa cruz,10.42631024399483,1928.9852666666663
78,santa cruz,78014,deseado,2024,3933,126266,3114.8527711339552,3.1148527711339558,Patagonia,145.47,106.62,-17.002317565429593,12.0,67.1,santa cruz,2.845855311119694,6248.453975
78,santa cruz,78021,güer aike,2017,2347,137309,1709.2834409980408,1.7092834409980409,Patagonia,27.47,26.77,7.86512216770463,12.0,18.85,santa cruz,-1.7251079206742514,112.690775
78,santa cruz,78021,güer aike,2018,2205,137309,1605.8670589691862,1.605867058969186,Patagonia,29.71,52.86,2.8043835398188,12.0,73.5,santa cruz,-7.007799899817801,151.49149166666666
78,santa cruz,78021,güer aike,2019,2584,137309,1881.88683917296,1.88188683917296,Patagonia,40.89,52.82,-4.095869743002778,12.0,58.49,santa cruz,-0.2438764517160185,233.9737583333333
78,santa cruz,78021,güer aike,2020,2005,137309,1460.210182872208,1.460210182872208,Patagonia,32.99,39.14,-22.513076245380446,12.0,35.38,santa cruz,0.7862288311595744,329.6104833333333
78,santa cruz,78021,güer aike,2021,2178,137309,1586.2033806960944,1.5862033806960945,Patagonia,53.36,40.47,10.894768613448491,12.0,51.34,santa cruz,-1.8439691258809177,485.76885833333336
78,santa cruz,78021,güer aike,2022,2245,137309,1634.998434188582,1.634998434188582,Patagonia,90.36,100.29,16.258768970195426,12.0,94.78,santa cruz,9.615130670700234,835.4642916666667
78,santa cruz,78021,güer aike,2023,2942,137309,2142.6126473865515,2.142612647386552,Patagonia,152.68,225.08,6.451770318872274,12.0,276.35,santa cruz,10.42631024399483,1928.9852666666663
78,santa cruz,78021,güer aike,2024,2770,137309,2017.3477339431504,2.0173477339431503,Patagonia,145.47,106.62,-17.002317565429593,12.0,67.1,santa cruz,2.845855311119694,6248.453975
78,santa cruz,78028,lago argentino,2017,283,25384,1114.8755121336274,1.1148755121336271,Patagonia,27.47,26.77,7.86512216770463,12.0,18.85,santa cruz,-1.7251079206742514,112.690775
78,santa cruz,78028,lago argentino,2018,277,25384,1091.2385754806178,1.0912385754806178,Patagonia,29.71,52.86,2.8043835398188,12.0,73.5,santa cruz,-7.007799899817801,151.49149166666666
78,santa cruz,78028,lago argentino,2019,378,25384,1489.1270091396154,1.4891270091396154,Patagonia,40.89,52.82,-4.095869743002778,12.0,58.49,santa cruz,-0.2438764517160185,233.9737583333333
78,santa cruz,78028,lago argentino,2020,375,25384,1477.3085408131108,1.4773085408131108,Patagonia,32.99,39.14,-22.513076245380446,12.0,35.38,santa cruz,0.7862288311595744,329.6104833333333
78,santa cruz,78028,lago argentino,2021,407,25384,1603.372202962496,1.603372202962496,Patagonia,53.36,40.47,10.894768613448491,12.0,51.34,santa cruz,-1.8439691258809177,485.76885833333336
78,santa cruz,78028,lago argentino,2022,497,25384,1957.9262527576427,1.9579262527576424,Patagonia,90.36,100.29,16.258768970195426,12.0,94.78,santa cruz,9.615130670700234,835.4642916666667
78,santa cruz,78028,lago argentino,2023,426,25384,1678.2225023636938,1.6782225023636936,Patagonia,152.68,225.08,6.451770318872274,12.0,276.35,santa cruz,10.42631024399483,1928.9852666666663
78,santa cruz,78028,lago argentino,2024,534,25384,2103.6873621178697,2.1036873621178698,Patagonia,145.47,106.62,-17.002317565429593,12.0,67.1,santa cruz,2.845855311119694,6248.453975
78,santa cruz,78035,lago buenos aires,2017,131,12584,1041.004450095359,1.0410044500953592,Patagonia,27.47,26.77,7.86512216770463,12.0,18.85,santa cruz,-1.7251079206742514,112.690775
78,santa cruz,78035,lago buenos aires,2018,141,12584,1120.470438652257,1.1204704386522568,Patagonia,29.71,52.86,2.8043835398188,12.0,73.5,santa cruz,-7.007799899817801,151.49149166666666
78,santa cruz,78035,lago buenos aires,2019,137,12584,1088.6840432294978,1.0886840432294975,Patagonia,40.89,52.82,-4.095869743002778,12.0,58.49,santa cruz,-0.2438764517160185,233.9737583333333
78,santa cruz,78035,lago buenos aires,2020,142,12584,1128.4170375079466,1.1284170375079463,Patagonia,32.99,39.14,-22.513076245380446,12.0,35.38,santa cruz,0.7862288311595744,329.6104833333333
78,santa cruz,78035,lago buenos aires,2021,167,12584,1327.0820089001909,1.327082008900191,Patagonia,53.36,40.47,10.894768613448491,12.0,51.34,santa cruz,-1.8439691258809177,485.76885833333336
78,santa cruz,78035,lago buenos aires,2022,237,12584,1883.3439287984745,1.8833439287984743,Patagonia,90.36,100.29,16.258768970195426,12.0,94.78,santa cruz,9.615130670700234,835.4642916666667
78,santa cruz,78035,lago buenos aires,2023,226,12584,1795.9313413858868,1.7959313413858868,Patagonia,152.68,225.08,6.451770318872274,12.0,276.35,santa cruz,10.42631024399483,1928.9852666666663
78,santa cruz,78035,lago buenos aires,2024,303,12584,2407.819453273999,2.4078194532739987,Patagonia,145.47,106.62,-17.002317565429593,12.0,67.1,santa cruz,2.845855311119694,6248.453975
78,santa cruz,78042,magallanes,2017,193,12828,1504.5213595260368,1.504521359526037,Patagonia,27.47,26.77,7.86512216770463,12.0,18.85,santa cruz,-1.7251079206742514,112.690775
78,santa cruz,78042,magallanes,2018,226,12828,1761.771125662613,1.7617711256626132,Patagonia,29.71,52.86,2.8043835398188,12.0,73.5,santa cruz,-7.007799899817801,151.49149166666666
78,santa cruz,78042,magallanes,2019,206,12828,1605.8621764889303,1.6058621764889305,Patagonia,40.89,52.82,-4.095869743002778,12.0,58.49,santa cruz,-0.2438764517160185,233.9737583333333
78,santa cruz,78042,magallanes,2020,204,12828,1590.2712815715622,1.5902712815715625,Patagonia,32.99,39.14,-22.513076245380446,12.0,35.38,santa cruz,0.7862288311595744,329.6104833333333
78,santa cruz,78042,magallanes,2021,252,12828,1964.4527595884003,1.9644527595884005,Patagonia,53.36,40.47,10.894768613448491,12.0,51.34,santa cruz,-1.8439691258809177,485.76885833333336
78,santa cruz,78042,magallanes,2022,270,12828,2104.7708138447147,2.104770813844715,Patagonia,90.36,100.29,16.258768970195426,12.0,94.78,santa cruz,9.615130670700234,835.4642916666667
78,santa cruz,78042,magallanes,2023,293,12828,2284.0661053944496,2.2840661053944498,Patagonia,152.68,225.08,6.451770318872274,12.0,276.35,santa cruz,10.42631024399483,1928.9852666666663
78,santa cruz,78042,magallanes,2024,285,12828,2221.702525724977,2.2217025257249765,Patagonia,145.47,106.62,-17.002317565429593,12.0,67.1,santa cruz,2.845855311119694,6248.453975
78,santa cruz,78049,río chico,2017,58,6271,924.892361664806,0.9248923616648062,Patagonia,27.47,26.77,7.86512216770463,12.0,18.85,santa cruz,-1.7251079206742514,112.690775
78,santa cruz,78049,río chico,2018,103,6271,1642.481262956466,1.642481262956466,Patagonia,29.71,52.86,2.8043835398188,12.0,73.5,santa cruz,-7.007799899817801,151.49149166666666
78,santa cruz,78049,río chico,2019,103,6271,1642.481262956466,1.642481262956466,Patagonia,40.89,52.82,-4.095869743002778,12.0,58.49,santa cruz,-0.2438764517160185,233.9737583333333
78,santa cruz,78049,río chico,2020,81,6271,1291.6600223249882,1.291660022324988,Patagonia,32.99,39.14,-22.513076245380446,12.0,35.38,santa cruz,0.7862288311595744,329.6104833333333
78,santa cruz,78049,río chico,2021,93,6271,1483.0170626694307,1.4830170626694308,Patagonia,53.36,40.47,10.894768613448491,12.0,51.34,santa cruz,-1.8439691258809177,485.76885833333336
78,santa cruz,78049,río chico,2022,78,6271,1243.8207622388777,1.2438207622388775,Patagonia,90.36,100.29,16.258768970195426,12.0,94.78,santa cruz,9.615130670700234,835.4642916666667
78,santa cruz,78049,río chico,2023,88,6271,1403.284962525913,1.403284962525913,Patagonia,152.68,225.08,6.451770318872274,12.0,276.35,santa cruz,10.42631024399483,1928.9852666666663
78,santa cruz,78049,río chico,2024,93,6271,1483.0170626694307,1.4830170626694308,Patagonia,145.47,106.62,-17.002317565429593,12.0,67.1,santa cruz,2.845855311119694,6248.453975
82,santa fe,82007,belgrano,2017,436,48544,898.1542518127885,0.8981542518127885,Pampeana,27.47,26.77,7.86512216770463,12.0,18.85,santa fe,6.398425647111528,112.74496666666666
82,santa fe,82007,belgrano,2018,598,48544,1231.8721160184575,1.2318721160184576,Pampeana,29.71,52.86,2.8043835398188,12.0,73.5,santa fe,0.2906747160516865,151.7446
82,santa fe,82007,belgrano,2019,516,48544,1062.9531970995386,1.0629531970995385,Pampeana,40.89,52.82,-4.095869743002778,12.0,58.49,santa fe,1.6434616234209498,232.9267583333333
82,santa fe,82007,belgrano,2020,463,48544,953.7738958470666,0.9537738958470666,Pampeana,32.99,39.14,-22.513076245380446,12.0,35.38,santa fe,1.9144437306128688,333.64571666666666
82,santa fe,82007,belgrano,2021,560,48544,1153.5926170072512,1.1535926170072512,Pampeana,53.36,40.47,10.894768613448491,12.0,51.34,santa fe,6.003621867265196,499.07357500000006
82,santa fe,82007,belgrano,2022,1096,48544,2257.745550428477,2.2577455504284774,Pampeana,90.36,100.29,16.258768970195426,12.0,94.78,santa fe,6.033789928196942,855.2844833333334
82,santa fe,82007,belgrano,2023,1219,48544,2511.1239288068555,2.5111239288068554,Pampeana,152.68,225.08,6.451770318872274,12.0,276.35,santa fe,4.506262702665853,1996.2926583333333
82,santa fe,82007,belgrano,2024,895,48544,1843.6882003955172,1.8436882003955173,Pampeana,145.47,106.62,-17.002317565429593,12.0,67.1,santa fe,2.431433842680142,6356.215883333333
82,santa fe,82014,caseros,2017,946,86261,1096.6717288229906,1.0966717288229906,Pampeana,27.47,26.77,7.86512216770463,12.0,18.85,santa fe,6.398425647111528,112.74496666666666
82,santa fe,82014,caseros,2018,1154,86261,1337.8003964711747,1.3378003964711749,Pampeana,29.71,52.86,2.8043835398188,12.0,73.5,santa fe,0.2906747160516865,151.7446
82,santa fe,82014,caseros,2019,1028,86261,1191.7320689535247,1.191732068953525,Pampeana,40.89,52.82,-4.095869743002778,12.0,58.49,santa fe,1.6434616234209498,232.9267583333333
82,santa fe,82014,caseros,2020,824,86261,955.2404910678058,0.9552404910678056,Pampeana,32.99,39.14,-22.513076245380446,12.0,35.38,santa fe,1.9144437306128688,333.64571666666666
82,santa fe,82014,caseros,2021,1442,86261,1671.6708593686603,1.6716708593686604,Pampeana,53.36,40.47,10.894768613448491,12.0,51.34,santa fe,6.003621867265196,499.07357500000006
82,santa fe,82014,caseros,2022,1237,86261,1434.020009042325,1.434020009042325,Pampeana,90.36,100.29,16.258768970195426,12.0,94.78,santa fe,6.033789928196942,855.2844833333334
82,santa fe,82014,caseros,2023,1850,86261,2144.654015140098,2.144654015140098,Pampeana,152.68,225.08,6.451770318872274,12.0,276.35,santa fe,4.506262702665853,1996.2926583333333
82,santa fe,82014,caseros,2024,2091,86261,2424.038673328618,2.424038673328619,Pampeana,145.47,106.62,-17.002317565429593,12.0,67.1,santa fe,2.431433842680142,6356.215883333333
82,santa fe,82021,castellanos,2017,3989,189464,2105.4131655617957,2.105413165561796,Pampeana,27.47,26.77,7.86512216770463,12.0,18.85,santa fe,6.398425647111528,112.74496666666666
82,santa fe,82021,castellanos,2018,4206,189464,2219.9467972807497,2.2199467972807496,Pampeana,29.71,52.86,2.8043835398188,12.0,73.5,santa fe,0.2906747160516865,151.7446
82,santa fe,82021,castellanos,2019,4751,189464,2507.600388464299,2.5076003884642994,Pampeana,40.89,52.82,-4.095869743002778,12.0,58.49,santa fe,1.6434616234209498,232.9267583333333
82,santa fe,82021,castellanos,2020,3761,189464,1985.0736815437235,1.9850736815437235,Pampeana,32.99,39.14,-22.513076245380446,12.0,35.38,santa fe,1.9144437306128688,333.64571666666666
82,santa fe,82021,castellanos,2021,3591,189464,1895.3468732846347,1.8953468732846348,Pampeana,53.36,40.47,10.894768613448491,12.0,51.34,santa fe,6.003621867265196,499.07357500000006
82,santa fe,82021,castellanos,2022,3784,189464,1997.2131908964236,1.9972131908964237,Pampeana,90.36,100.29,16.258768970195426,12.0,94.78,santa fe,6.033789928196942,855.2844833333334
82,santa fe,82021,castellanos,2023,5299,189464,2796.8373939112444,2.796837393911244,Pampeana,152.68,225.08,6.451770318872274,12.0,276.35,santa fe,4.506262702665853,1996.2926583333333
82,santa fe,82021,castellanos,2024,5319,189464,2807.393489000549,2.8073934890005487,Pampeana,145.47,106.62,-17.002317565429593,12.0,67.1,santa fe,2.431433842680142,6356.215883333333
82,santa fe,82028,constitución,2017,813,93000,874.1935483870967,0.8741935483870967,Pampeana,27.47,26.77,7.86512216770463,12.0,18.85,santa fe,6.398425647111528,112.74496666666666
82,santa fe,82028,constitución,2018,1125,93000,1209.6774193548388,1.2096774193548387,Pampeana,29.71,52.86,2.8043835398188,12.0,73.5,santa fe,0.2906747160516865,151.7446
82,santa fe,82028,constitución,2019,1128,93000,1212.9032258064517,1.2129032258064516,Pampeana,40.89,52.82,-4.095869743002778,12.0,58.49,santa fe,1.6434616234209498,232.9267583333333
82,santa fe,82028,constitución,2020,973,93000,1046.236559139785,1.0462365591397849,Pampeana,32.99,39.14,-22.513076245380446,12.0,35.38,santa fe,1.9144437306128688,333.64571666666666
82,santa fe,82028,constitución,2021,1279,93000,1375.268817204301,1.375268817204301,Pampeana,53.36,40.47,10.894768613448491,12.0,51.34,santa fe,6.003621867265196,499.07357500000006
82,santa fe,82028,constitución,2022,1584,93000,1703.225806451613,1.703225806451613,Pampeana,90.36,100.29,16.258768970195426,12.0,94.78,santa fe,6.033789928196942,855.2844833333334
82,santa fe,82028,constitución,2023,1786,93000,1920.4301075268816,1.9204301075268813,Pampeana,152.68,225.08,6.451770318872274,12.0,276.35,santa fe,4.506262702665853,1996.2926583333333
82,santa fe,82028,constitución,2024,1853,93000,1992.47311827957,1.99247311827957,Pampeana,145.47,106.62,-17.002317565429593,12.0,67.1,santa fe,2.431433842680142,6356.215883333333
82,santa fe,82035,garay,2017,430,24853,1730.1734197078824,1.7301734197078824,Pampeana,27.47,26.77,7.86512216770463,12.0,18.85,santa fe,6.398425647111528,112.74496666666666
82,santa fe,82035,garay,2018,455,24853,1830.7648975978757,1.830764897597876,Pampeana,29.71,52.86,2.8043835398188,12.0,73.5,santa fe,0.2906747160516865,151.7446
82,santa fe,82035,garay,2019,545,24853,2192.894218001851,2.192894218001851,Pampeana,40.89,52.82,-4.095869743002778,12.0,58.49,santa fe,1.6434616234209498,232.9267583333333
82,santa fe,82035,garay,2020,430,24853,1730.1734197078824,1.7301734197078824,Pampeana,32.99,39.14,-22.513076245380446,12.0,35.38,santa fe,1.9144437306128688,333.64571666666666
82,santa fe,82035,garay,2021,479,24853,1927.3327163722688,1.9273327163722689,Pampeana,53.36,40.47,10.894768613448491,12.0,51.34,santa fe,6.003621867265196,499.07357500000006
82,santa fe,82035,garay,2022,404,24853,1625.5582827022895,1.6255582827022896,Pampeana,90.36,100.29,16.258768970195426,12.0,94.78,santa fe,6.033789928196942,855.2844833333334
82,santa fe,82035,garay,2023,497,24853,1999.7585804530645,1.999758580453064,Pampeana,152.68,225.08,6.451770318872274,12.0,276.35,santa fe,4.506262702665853,1996.2926583333333
82,santa fe,82035,garay,2024,662,24853,2663.662334527019,2.663662334527019,Pampeana,145.47,106.62,-17.002317565429593,12.0,67.1,santa fe,2.431433842680142,6356.215883333333
82,santa fe,82042,general lópez,2017,1491,200455,743.8078371704373,0.7438078371704373,Pampeana,27.47,26.77,7.86512216770463,12.0,18.85,santa fe,6.398425647111528,112.74496666666666
82,santa fe,82042,general lópez,2018,1567,200455,781.72158339777,0.78172158339777,Pampeana,29.71,52.86,2.8043835398188,12.0,73.5,santa fe,0.2906747160516865,151.7446
82,santa fe,82042,general lópez,2019,1268,200455,632.5609238981318,0.6325609238981318,Pampeana,40.89,52.82,-4.095869743002778,12.0,58.49,santa fe,1.6434616234209498,232.9267583333333
82,santa fe,82042,general lópez,2020,847,200455,422.5387244019855,0.4225387244019855,Pampeana,32.99,39.14,-22.513076245380446,12.0,35.38,santa fe,1.9144437306128688,333.64571666666666
82,santa fe,82042,general lópez,2021,572,200455,285.3508268688733,0.2853508268688733,Pampeana,53.36,40.47,10.894768613448491,12.0,51.34,santa fe,6.003621867265196,499.07357500000006
82,santa fe,82042,general lópez,2022,673,200455,335.7362001446709,0.3357362001446708,Pampeana,90.36,100.29,16.258768970195426,12.0,94.78,santa fe,6.033789928196942,855.2844833333334
82,santa fe,82042,general lópez,2023,934,200455,465.9399865306428,0.4659399865306428,Pampeana,152.68,225.08,6.451770318872274,12.0,276.35,santa fe,4.506262702665853,1996.2926583333333
82,santa fe,82042,general lópez,2024,1391,200455,693.9213289765783,0.6939213289765783,Pampeana,145.47,106.62,-17.002317565429593,12.0,67.1,santa fe,2.431433842680142,6356.215883333333
82,santa fe,82049,general obligado,2017,1453,197533,735.5732966137303,0.7355732966137303,Pampeana,27.47,26.77,7.86512216770463,12.0,18.85,santa fe,6.398425647111528,112.74496666666666
82,santa fe,82049,general obligado,2018,1996,197533,1010.464074357196,1.010464074357196,Pampeana,29.71,52.86,2.8043835398188,12.0,73.5,santa fe,0.2906747160516865,151.7446
82,santa fe,82049,general obligado,2019,2168,197533,1097.5381328689384,1.0975381328689384,Pampeana,40.89,52.82,-4.095869743002778,12.0,58.49,santa fe,1.6434616234209498,232.9267583333333
82,santa fe,82049,general obligado,2020,1936,197533,980.0894027833324,0.9800894027833325,Pampeana,32.99,39.14,-22.513076245380446,12.0,35.38,santa fe,1.9144437306128688,333.64571666666666
82,santa fe,82049,general obligado,2021,2297,197533,1162.843676752745,1.162843676752745,Pampeana,53.36,40.47,10.894768613448491,12.0,51.34,santa fe,6.003621867265196,499.07357500000006
82,santa fe,82049,general obligado,2022,2441,197533,1235.7428885300178,1.2357428885300177,Pampeana,90.36,100.29,16.258768970195426,12.0,94.78,santa fe,6.033789928196942,855.2844833333334
82,santa fe,82049,general obligado,2023,2910,197533,1473.171571332385,1.473171571332385,Pampeana,152.68,225.08,6.451770318872274,12.0,276.35,santa fe,4.506262702665853,1996.2926583333333
82,santa fe,82049,general obligado,2024,4201,197533,2126.733254696684,2.1267332546966835,Pampeana,145.47,106.62,-17.002317565429593,12.0,67.1,santa fe,2.431433842680142,6356.215883333333
82,santa fe,82056,iriondo,2017,1600,73636,2172.850236297463,2.1728502362974638,Pampeana,27.47,26.77,7.86512216770463,12.0,18.85,santa fe,6.398425647111528,112.74496666666666
82,santa fe,82056,iriondo,2018,1663,73636,2258.406214351676,2.258406214351676,Pampeana,29.71,52.86,2.8043835398188,12.0,73.5,santa fe,0.2906747160516865,151.7446
82,santa fe,82056,iriondo,2019,1581,73636,2147.047639741431,2.14704763974143,Pampeana,40.89,52.82,-4.095869743002778,12.0,58.49,santa fe,1.6434616234209498,232.9267583333333
82,santa fe,82056,iriondo,2020,1123,73636,1525.069259601282,1.525069259601282,Pampeana,32.99,39.14,-22.513076245380446,12.0,35.38,santa fe,1.9144437306128688,333.64571666666666
82,santa fe,82056,iriondo,2021,1208,73636,1640.5019284045843,1.6405019284045843,Pampeana,53.36,40.47,10.894768613448491,12.0,51.34,santa fe,6.003621867265196,499.07357500000006
82,santa fe,82056,iriondo,2022,1292,73636,1754.5765658102016,1.7545765658102015,Pampeana,90.36,100.29,16.258768970195426,12.0,94.78,santa fe,6.033789928196942,855.2844833333334
82,santa fe,82056,iriondo,2023,1119,73636,1519.6371340105384,1.5196371340105383,Pampeana,152.68,225.08,6.451770318872274,12.0,276.35,santa fe,4.506262702665853,1996.2926583333333
82,santa fe,82056,iriondo,2024,991,73636,1345.8091151067413,1.3458091151067413,Pampeana,145.47,106.62,-17.002317565429593,12.0,67.1,santa fe,2.431433842680142,6356.215883333333
82,santa fe,82063,la capital,2017,10625,568259,1869.746013701499,1.869746013701499,Pampeana,27.47,26.77,7.86512216770463,12.0,18.85,santa fe,6.398425647111528,112.74496666666666
82,santa fe,82063,la capital,2018,13534,568259,2381.6604752410435,2.3816604752410435,Pampeana,29.71,52.86,2.8043835398188,12.0,73.5,santa fe,0.2906747160516865,151.7446
82,santa fe,82063,la capital,2019,14505,568259,2552.5332638814343,2.5525332638814344,Pampeana,40.89,52.82,-4.095869743002778,12.0,58.49,santa fe,1.6434616234209498,232.9267583333333
82,santa fe,82063,la capital,2020,10690,568259,1881.1844599029664,1.8811844599029668,Pampeana,32.99,39.14,-22.513076245380446,12.0,35.38,santa fe,1.9144437306128688,333.64571666666666
82,santa fe,82063,la capital,2021,13163,568259,2316.373343844972,2.316373343844972,Pampeana,53.36,40.47,10.894768613448491,12.0,51.34,santa fe,6.003621867265196,499.07357500000006
82,santa fe,82063,la capital,2022,13547,568259,2383.948164481337,2.3839481644813367,Pampeana,90.36,100.29,16.258768970195426,12.0,94.78,santa fe,6.033789928196942,855.2844833333334
82,santa fe,82063,la capital,2023,17928,568259,3154.89943846028,3.15489943846028,Pampeana,152.68,225.08,6.451770318872274,12.0,276.35,santa fe,4.506262702665853,1996.2926583333333
82,santa fe,82063,la capital,2024,15982,568259,2812.4499567978687,2.8124499567978685,Pampeana,145.47,106.62,-17.002317565429593,12.0,67.1,santa fe,2.431433842680142,6356.215883333333
82,santa fe,82070,las colonias,2017,1288,114730,1122.6357535082366,1.1226357535082367,Pampeana,27.47,26.77,7.86512216770463,12.0,18.85,santa fe,6.398425647111528,112.74496666666666
82,santa fe,82070,las colonias,2018,1485,114730,1294.3432406519655,1.2943432406519657,Pampeana,29.71,52.86,2.8043835398188,12.0,73.5,santa fe,0.2906747160516865,151.7446
82,santa fe,82070,las colonias,2019,1921,114730,1674.3659025538225,1.6743659025538222,Pampeana,40.89,52.82,-4.095869743002778,12.0,58.49,santa fe,1.6434616234209498,232.9267583333333
82,santa fe,82070,las colonias,2020,1292,114730,1126.1221999477032,1.1261221999477034,Pampeana,32.99,39.14,-22.513076245380446,12.0,35.38,santa fe,1.9144437306128688,333.64571666666666
82,santa fe,82070,las colonias,2021,1539,114730,1341.410267584764,1.3414102675847643,Pampeana,53.36,40.47,10.894768613448491,12.0,51.34,santa fe,6.003621867265196,499.07357500000006
82,santa fe,82070,las colonias,2022,1448,114730,1262.0936110868995,1.2620936110868997,Pampeana,90.36,100.29,16.258768970195426,12.0,94.78,santa fe,6.033789928196942,855.2844833333334
82,santa fe,82070,las colonias,2023,1926,114730,1678.723960603155,1.6787239606031554,Pampeana,152.68,225.08,6.451770318872274,12.0,276.35,santa fe,4.506262702665853,1996.2926583333333
82,santa fe,82070,las colonias,2024,2054,114730,1790.2902466660855,1.7902902466660855,Pampeana,145.47,106.62,-17.002317565429593,12.0,67.1,santa fe,2.431433842680142,6356.215883333333
82,santa fe,82077,9 de julio,2017,395,30942,1276.5819921142784,1.2765819921142785,Pampeana,27.47,26.77,7.86512216770463,12.0,18.85,santa fe,6.398425647111528,112.74496666666666
82,santa fe,82077,9 de julio,2018,432,30942,1396.1605584642234,1.3961605584642234,Pampeana,29.71,52.86,2.8043835398188,12.0,73.5,santa fe,0.2906747160516865,151.7446
82,santa fe,82077,9 de julio,2019,527,30942,1703.186607200569,1.703186607200569,Pampeana,40.89,52.82,-4.095869743002778,12.0,58.49,santa fe,1.6434616234209498,232.9267583333333
82,santa fe,82077,9 de julio,2020,525,30942,1696.7229009113826,1.6967229009113824,Pampeana,32.99,39.14,-22.513076245380446,12.0,35.38,santa fe,1.9144437306128688,333.64571666666666
82,santa fe,82077,9 de julio,2021,576,30942,1861.5474112856311,1.8615474112856312,Pampeana,53.36,40.47,10.894768613448491,12.0,51.34,santa fe,6.003621867265196,499.07357500000006
82,santa fe,82077,9 de julio,2022,645,30942,2084.545278262556,2.084545278262556,Pampeana,90.36,100.29,16.258768970195426,12.0,94.78,santa fe,6.033789928196942,855.2844833333334
82,santa fe,82077,9 de julio,2023,1207,30942,3900.846745523883,3.900846745523883,Pampeana,152.68,225.08,6.451770318872274,12.0,276.35,santa fe,4.506262702665853,1996.2926583333333
82,santa fe,82077,9 de julio,2024,1282,30942,4143.235731368367,4.143235731368367,Pampeana,145.47,106.62,-17.002317565429593,12.0,67.1,santa fe,2.431433842680142,6356.215883333333
82,santa fe,82084,rosario,2017,34329,1337958,2565.775607306059,2.565775607306059,Pampeana,27.47,26.77,7.86512216770463,12.0,18.85,santa fe,6.398425647111528,112.74496666666666
82,santa fe,82084,rosario,2018,35428,1337958,2647.91570437936,2.64791570437936,Pampeana,29.71,52.86,2.8043835398188,12.0,73.5,santa fe,0.2906747160516865,151.7446
82,santa fe,82084,rosario,2019,33506,1337958,2504.263960453168,2.504263960453168,Pampeana,40.89,52.82,-4.095869743002778,12.0,58.49,santa fe,1.6434616234209498,232.9267583333333
82,santa fe,82084,rosario,2020,28562,1337958,2134.7456347658144,2.1347456347658147,Pampeana,32.99,39.14,-22.513076245380446,12.0,35.38,santa fe,1.9144437306128688,333.64571666666666
82,santa fe,82084,rosario,2021,30195,1337958,2256.7972985699103,2.2567972985699103,Pampeana,53.36,40.47,10.894768613448491,12.0,51.34,santa fe,6.003621867265196,499.07357500000006
82,santa fe,82084,rosario,2022,31361,1337958,2343.9450266749777,2.343945026674978,Pampeana,90.36,100.29,16.258768970195426,12.0,94.78,santa fe,6.033789928196942,855.2844833333334
82,santa fe,82084,rosario,2023,33733,1337958,2521.230113351839,2.521230113351839,Pampeana,152.68,225.08,6.451770318872274,12.0,276.35,santa fe,4.506262702665853,1996.2926583333333
82,santa fe,82084,rosario,2024,29995,1337958,2241.8491462362795,2.24184914623628,Pampeana,145.47,106.62,-17.002317565429593,12.0,67.1,santa fe,2.431433842680142,6356.215883333333
82,santa fe,82091,san cristóbal,2017,400,72593,551.0173157191465,0.5510173157191465,Pampeana,27.47,26.77,7.86512216770463,12.0,18.85,santa fe,6.398425647111528,112.74496666666666
82,santa fe,82091,san cristóbal,2018,482,72593,663.9758654415715,0.6639758654415715,Pampeana,29.71,52.86,2.8043835398188,12.0,73.5,santa fe,0.2906747160516865,151.7446
82,santa fe,82091,san cristóbal,2019,520,72593,716.3225104348904,0.7163225104348904,Pampeana,40.89,52.82,-4.095869743002778,12.0,58.49,santa fe,1.6434616234209498,232.9267583333333
82,santa fe,82091,san cristóbal,2020,473,72593,651.5779758378907,0.6515779758378907,Pampeana,32.99,39.14,-22.513076245380446,12.0,35.38,santa fe,1.9144437306128688,333.64571666666666
82,santa fe,82091,san cristóbal,2021,566,72593,779.6895017425923,0.7796895017425922,Pampeana,53.36,40.47,10.894768613448491,12.0,51.34,santa fe,6.003621867265196,499.07357500000006
82,santa fe,82091,san cristóbal,2022,529,72593,728.7204000385713,0.7287204000385713,Pampeana,90.36,100.29,16.258768970195426,12.0,94.78,santa fe,6.033789928196942,855.2844833333334
82,santa fe,82091,san cristóbal,2023,1068,72593,1471.2162329701212,1.471216232970121,Pampeana,152.68,225.08,6.451770318872274,12.0,276.35,santa fe,4.506262702665853,1996.2926583333333
82,santa fe,82091,san cristóbal,2024,1208,72593,1664.0722934718224,1.6640722934718224,Pampeana,145.47,106.62,-17.002317565429593,12.0,67.1,santa fe,2.431433842680142,6356.215883333333
82,santa fe,82098,san javier,2017,709,33180,2136.829415310428,2.136829415310428,Pampeana,27.47,26.77,7.86512216770463,12.0,18.85,santa fe,6.398425647111528,112.74496666666666
82,santa fe,82098,san javier,2018,783,33180,2359.8553345388787,2.359855334538879,Pampeana,29.71,52.86,2.8043835398188,12.0,73.5,santa fe,0.2906747160516865,151.7446
82,santa fe,82098,san javier,2019,649,33180,1955.9975889089808,1.9559975889089811,Pampeana,40.89,52.82,-4.095869743002778,12.0,58.49,santa fe,1.6434616234209498,232.9267583333333
82,santa fe,82098,san javier,2020,544,33180,1639.5418927064495,1.6395418927064496,Pampeana,32.99,39.14,-22.513076245380446,12.0,35.38,santa fe,1.9144437306128688,333.64571666666666
82,santa fe,82098,san javier,2021,626,33180,1886.67872212176,1.88667872212176,Pampeana,53.36,40.47,10.894768613448491,12.0,51.34,santa fe,6.003621867265196,499.07357500000006
82,santa fe,82098,san javier,2022,696,33180,2097.6491862567814,2.097649186256781,Pampeana,90.36,100.29,16.258768970195426,12.0,94.78,santa fe,6.033789928196942,855.2844833333334
82,santa fe,82098,san javier,2023,825,33180,2486.437613019892,2.4864376130198917,Pampeana,152.68,225.08,6.451770318872274,12.0,276.35,santa fe,4.506262702665853,1996.2926583333333
82,santa fe,82098,san javier,2024,802,33180,2417.11874623267,2.41711874623267,Pampeana,145.47,106.62,-17.002317565429593,12.0,67.1,santa fe,2.431433842680142,6356.215883333333
82,santa fe,82105,san jerónimo,2017,967,84617,1142.7963647966722,1.142796364796672,Pampeana,27.47,26.77,7.86512216770463,12.0,18.85,santa fe,6.398425647111528,112.74496666666666
82,santa fe,82105,san jerónimo,2018,1441,84617,1702.9674888024863,1.7029674888024864,Pampeana,29.71,52.86,2.8043835398188,12.0,73.5,santa fe,0.2906747160516865,151.7446
82,santa fe,82105,san jerónimo,2019,1396,84617,1649.7866858905422,1.6497866858905423,Pampeana,40.89,52.82,-4.095869743002778,12.0,58.49,santa fe,1.6434616234209498,232.9267583333333
82,santa fe,82105,san jerónimo,2020,1209,84617,1428.7909049009063,1.4287909049009064,Pampeana,32.99,39.14,-22.513076245380446,12.0,35.38,santa fe,1.9144437306128688,333.64571666666666
82,santa fe,82105,san jerónimo,2021,1526,84617,1803.4201165250483,1.8034201165250483,Pampeana,53.36,40.47,10.894768613448491,12.0,51.34,santa fe,6.003621867265196,499.07357500000006
82,santa fe,82105,san jerónimo,2022,1492,84617,1763.239065436023,1.7632390654360235,Pampeana,90.36,100.29,16.258768970195426,12.0,94.78,santa fe,6.033789928196942,855.2844833333334
82,santa fe,82105,san jerónimo,2023,2021,84617,2388.408948556437,2.3884089485564366,Pampeana,152.68,225.08,6.451770318872274,12.0,276.35,santa fe,4.506262702665853,1996.2926583333333
82,santa fe,82105,san jerónimo,2024,2136,84617,2524.3154448869614,2.524315444886961,Pampeana,145.47,106.62,-17.002317565429593,12.0,67.1,santa fe,2.431433842680142,6356.215883333333
82,santa fe,82112,san justo,2017,617,46486,1327.2813320139396,1.3272813320139398,Pampeana,27.47,26.77,7.86512216770463,12.0,18.85,santa fe,6.398425647111528,112.74496666666666
82,santa fe,82112,san justo,2018,647,46486,1391.816891107,1.391816891107,Pampeana,29.71,52.86,2.8043835398188,12.0,73.5,santa fe,0.2906747160516865,151.7446
82,santa fe,82112,san justo,2019,591,46486,1271.350514133287,1.2713505141332877,Pampeana,40.89,52.82,-4.095869743002778,12.0,58.49,santa fe,1.6434616234209498,232.9267583333333
82,santa fe,82112,san justo,2020,529,46486,1137.9770253409629,1.137977025340963,Pampeana,32.99,39.14,-22.513076245380446,12.0,35.38,santa fe,1.9144437306128688,333.64571666666666
82,santa fe,82112,san justo,2021,702,46486,1510.1320827776103,1.5101320827776104,Pampeana,53.36,40.47,10.894768613448491,12.0,51.34,santa fe,6.003621867265196,499.07357500000006
82,santa fe,82112,san justo,2022,724,46486,1557.4581594458548,1.5574581594458548,Pampeana,90.36,100.29,16.258768970195426,12.0,94.78,santa fe,6.033789928196942,855.2844833333334
82,santa fe,82112,san justo,2023,1036,46486,2228.627974013681,2.2286279740136816,Pampeana,152.68,225.08,6.451770318872274,12.0,276.35,santa fe,4.506262702665853,1996.2926583333333
82,santa fe,82112,san justo,2024,1050,46486,2258.7445682571097,2.25874456825711,Pampeana,145.47,106.62,-17.002317565429593,12.0,67.1,santa fe,2.431433842680142,6356.215883333333
82,santa fe,82119,san lorenzo,2017,2661,193786,1373.1642120689833,1.373164212068983,Pampeana,27.47,26.77,7.86512216770463,12.0,18.85,santa fe,6.398425647111528,112.74496666666666
82,santa fe,82119,san lorenzo,2018,3659,193786,1888.1652957385984,1.888165295738598,Pampeana,29.71,52.86,2.8043835398188,12.0,73.5,santa fe,0.2906747160516865,151.7446
82,santa fe,82119,san lorenzo,2019,4577,193786,2361.8837274106486,2.361883727410649,Pampeana,40.89,52.82,-4.095869743002778,12.0,58.49,santa fe,1.6434616234209498,232.9267583333333
82,santa fe,82119,san lorenzo,2020,3759,193786,1939.7686107355532,1.9397686107355532,Pampeana,32.99,39.14,-22.513076245380446,12.0,35.38,santa fe,1.9144437306128688,333.64571666666666
82,santa fe,82119,san lorenzo,2021,4424,193786,2282.930655465307,2.2829306554653077,Pampeana,53.36,40.47,10.894768613448491,12.0,51.34,santa fe,6.003621867265196,499.07357500000006
82,santa fe,82119,san lorenzo,2022,6043,193786,3118.3883252660157,3.1183883252660154,Pampeana,90.36,100.29,16.258768970195426,12.0,94.78,santa fe,6.033789928196942,855.2844833333334
82,santa fe,82119,san lorenzo,2023,6775,193786,3496.1245910437283,3.496124591043728,Pampeana,152.68,225.08,6.451770318872274,12.0,276.35,santa fe,4.506262702665853,1996.2926583333333
82,santa fe,82119,san lorenzo,2024,6069,193786,3131.805187165224,3.131805187165224,Pampeana,145.47,106.62,-17.002317565429593,12.0,67.1,santa fe,2.431433842680142,6356.215883333333
82,santa fe,82126,san martín,2017,647,67299,961.38129838482,0.96138129838482,Pampeana,27.47,26.77,7.86512216770463,12.0,18.85,santa fe,6.398425647111528,112.74496666666666
82,santa fe,82126,san martín,2018,597,67299,887.0859893906298,0.8870859893906298,Pampeana,29.71,52.86,2.8043835398188,12.0,73.5,santa fe,0.2906747160516865,151.7446
82,santa fe,82126,san martín,2019,577,67299,857.3678657929538,0.8573678657929539,Pampeana,40.89,52.82,-4.095869743002778,12.0,58.49,santa fe,1.6434616234209498,232.9267583333333
82,santa fe,82126,san martín,2020,606,67299,900.4591450095841,0.900459145009584,Pampeana,32.99,39.14,-22.513076245380446,12.0,35.38,santa fe,1.9144437306128688,333.64571666666666
82,santa fe,82126,san martín,2021,851,67299,1264.5061590811156,1.2645061590811155,Pampeana,53.36,40.47,10.894768613448491,12.0,51.34,santa fe,6.003621867265196,499.07357500000006
82,santa fe,82126,san martín,2022,883,67299,1312.0551568373971,1.3120551568373973,Pampeana,90.36,100.29,16.258768970195426,12.0,94.78,santa fe,6.033789928196942,855.2844833333334
82,santa fe,82126,san martín,2023,1087,67299,1615.180017533693,1.615180017533693,Pampeana,152.68,225.08,6.451770318872274,12.0,276.35,santa fe,4.506262702665853,1996.2926583333333
82,santa fe,82126,san martín,2024,1141,67299,1695.4189512474184,1.6954189512474185,Pampeana,145.47,106.62,-17.002317565429593,12.0,67.1,santa fe,2.431433842680142,6356.215883333333
82,santa fe,82133,vera,2017,300,55463,540.9011413014081,0.5409011413014081,Pampeana,27.47,26.77,7.86512216770463,12.0,18.85,santa fe,6.398425647111528,112.74496666666666
82,santa fe,82133,vera,2018,349,55463,629.2483277139714,0.6292483277139714,Pampeana,29.71,52.86,2.8043835398188,12.0,73.5,santa fe,0.2906747160516865,151.7446
82,santa fe,82133,vera,2019,485,55463,874.4568451039431,0.8744568451039431,Pampeana,40.89,52.82,-4.095869743002778,12.0,58.49,santa fe,1.6434616234209498,232.9267583333333
82,santa fe,82133,vera,2020,468,55463,843.8057804301967,0.8438057804301967,Pampeana,32.99,39.14,-22.513076245380446,12.0,35.38,santa fe,1.9144437306128688,333.64571666666666
82,santa fe,82133,vera,2021,427,55463,769.8826244523376,0.7698826244523376,Pampeana,53.36,40.47,10.894768613448491,12.0,51.34,santa fe,6.003621867265196,499.07357500000006
82,santa fe,82133,vera,2022,604,55463,1089.0142978201684,1.0890142978201685,Pampeana,90.36,100.29,16.258768970195426,12.0,94.78,santa fe,6.033789928196942,855.2844833333334
82,santa fe,82133,vera,2023,843,55463,1519.932207056957,1.519932207056957,Pampeana,152.68,225.08,6.451770318872274,12.0,276.35,santa fe,4.506262702665853,1996.2926583333333
82,santa fe,82133,vera,2024,1004,55463,1810.2158195553795,1.8102158195553792,Pampeana,145.47,106.62,-17.002317565429593,12.0,67.1,santa fe,2.431433842680142,6356.215883333333
86,santiago del estero,86007,aguirre,2017,100,8959,1116.1960040183058,1.1161960040183057,Noroeste,27.47,26.77,7.86512216770463,12.0,18.85,santiago del estero,11.660920981763525,113.356175
86,santiago del estero,86007,aguirre,2018,135,8959,1506.8646054247126,1.5068646054247126,Noroeste,29.71,52.86,2.8043835398188,12.0,73.5,santiago del estero,0.7445961923900013,151.62908333333334
86,santiago del estero,86007,aguirre,2019,141,8959,1573.8363656658107,1.5738363656658108,Noroeste,40.89,52.82,-4.095869743002778,12.0,58.49,santiago del estero,2.235427718059202,235.28336666666667
86,santiago del estero,86007,aguirre,2020,128,8959,1428.7308851434311,1.4287308851434313,Noroeste,32.99,39.14,-22.513076245380446,12.0,35.38,santiago del estero,3.5681679853925674,336.76238333333333
86,santiago del estero,86007,aguirre,2021,172,8959,1919.8571269114857,1.9198571269114857,Noroeste,53.36,40.47,10.894768613448491,12.0,51.34,santiago del estero,10.392353714178435,502.7731833333333
86,santiago del estero,86007,aguirre,2022,189,8959,2109.6104475945976,2.1096104475945974,Noroeste,90.36,100.29,16.258768970195426,12.0,94.78,santiago del estero,11.438878186186097,869.5214
86,santiago del estero,86007,aguirre,2023,168,8959,1875.2092867507536,1.8752092867507535,Noroeste,152.68,225.08,6.451770318872274,12.0,276.35,santiago del estero,11.978754202600904,2036.0322583333332
86,santiago del estero,86007,aguirre,2024,143,8959,1596.160285746177,1.596160285746177,Noroeste,145.47,106.62,-17.002317565429593,12.0,67.1,santiago del estero,2.4283652961885505,6363.719033333334
86,santiago del estero,86014,alberdi,2017,113,20104,562.0771985674493,0.5620771985674493,Noroeste,27.47,26.77,7.86512216770463,12.0,18.85,santiago del estero,11.660920981763525,113.356175
86,santiago del estero,86014,alberdi,2018,131,20104,651.6116195781934,0.6516116195781934,Noroeste,29.71,52.86,2.8043835398188,12.0,73.5,santiago del estero,0.7445961923900013,151.62908333333334
86,santiago del estero,86014,alberdi,2019,219,20104,1089.3354556307202,1.0893354556307202,Noroeste,40.89,52.82,-4.095869743002778,12.0,58.49,santiago del estero,2.235427718059202,235.28336666666667
86,santiago del estero,86014,alberdi,2020,149,20104,741.1460405889375,0.7411460405889375,Noroeste,32.99,39.14,-22.513076245380446,12.0,35.38,santiago del estero,3.5681679853925674,336.76238333333333
86,santiago del estero,86014,alberdi,2021,178,20104,885.3959411062475,0.8853959411062475,Noroeste,53.36,40.47,10.894768613448491,12.0,51.34,santiago del estero,10.392353714178435,502.7731833333333
86,santiago del estero,86014,alberdi,2022,123,20104,611.8185435734182,0.6118185435734182,Noroeste,90.36,100.29,16.258768970195426,12.0,94.78,santiago del estero,11.438878186186097,869.5214
86,santiago del estero,86014,alberdi,2023,107,20104,532.2323915638678,0.5322323915638679,Noroeste,152.68,225.08,6.451770318872274,12.0,276.35,santiago del estero,11.978754202600904,2036.0322583333332
86,santiago del estero,86014,alberdi,2024,165,20104,820.7321925984879,0.820732192598488,Noroeste,145.47,106.62,-17.002317565429593,12.0,67.1,santiago del estero,2.4283652961885505,6363.719033333334
86,santiago del estero,86021,atamisqui,2017,56,14894,375.9903316771855,0.3759903316771855,Noroeste,27.47,26.77,7.86512216770463,12.0,18.85,santiago del estero,11.660920981763525,113.356175
86,santiago del estero,86021,atamisqui,2018,42,14894,281.99274875788905,0.2819927487578891,Noroeste,29.71,52.86,2.8043835398188,12.0,73.5,santiago del estero,0.7445961923900013,151.62908333333334
86,santiago del estero,86021,atamisqui,2019,64,14894,429.7032362024976,0.4297032362024976,Noroeste,40.89,52.82,-4.095869743002778,12.0,58.49,santiago del estero,2.235427718059202,235.28336666666667
86,santiago del estero,86021,atamisqui,2020,23,14894,154.4246005102726,0.1544246005102726,Noroeste,32.99,39.14,-22.513076245380446,12.0,35.38,santiago del estero,3.5681679853925674,336.76238333333333
86,santiago del estero,86021,atamisqui,2021,48,14894,322.2774271518732,0.3222774271518732,Noroeste,53.36,40.47,10.894768613448491,12.0,51.34,santiago del estero,10.392353714178435,502.7731833333333
86,santiago del estero,86021,atamisqui,2022,90,14894,604.2701759097623,0.6042701759097624,Noroeste,90.36,100.29,16.258768970195426,12.0,94.78,santiago del estero,11.438878186186097,869.5214
86,santiago del estero,86021,atamisqui,2023,78,14894,523.700819121794,0.523700819121794,Noroeste,152.68,225.08,6.451770318872274,12.0,276.35,santiago del estero,11.978754202600904,2036.0322583333332
86,santiago del estero,86021,atamisqui,2024,109,14894,731.8383241573788,0.7318383241573788,Noroeste,145.47,106.62,-17.002317565429593,12.0,67.1,santiago del estero,2.4283652961885505,6363.719033333334
86,santiago del estero,86028,avellaneda,2017,134,25462,526.2744481973136,0.5262744481973136,Noroeste,27.47,26.77,7.86512216770463,12.0,18.85,santiago del estero,11.660920981763525,113.356175
86,santiago del estero,86028,avellaneda,2018,167,25462,655.8793496190401,0.6558793496190402,Noroeste,29.71,52.86,2.8043835398188,12.0,73.5,santiago del estero,0.7445961923900013,151.62908333333334
86,santiago del estero,86028,avellaneda,2019,216,25462,848.3229911240279,0.848322991124028,Noroeste,40.89,52.82,-4.095869743002778,12.0,58.49,santiago del estero,2.235427718059202,235.28336666666667
86,santiago del estero,86028,avellaneda,2020,169,25462,663.7341921294478,0.6637341921294478,Noroeste,32.99,39.14,-22.513076245380446,12.0,35.38,santiago del estero,3.5681679853925674,336.76238333333333
86,santiago del estero,86028,avellaneda,2021,184,25462,722.6455109575053,0.7226455109575053,Noroeste,53.36,40.47,10.894768613448491,12.0,51.34,santiago del estero,10.392353714178435,502.7731833333333
86,santiago del estero,86028,avellaneda,2022,239,25462,938.653679993716,0.938653679993716,Noroeste,90.36,100.29,16.258768970195426,12.0,94.78,santiago del estero,11.438878186186097,869.5214
86,santiago del estero,86028,avellaneda,2023,108,25462,424.161495562014,0.424161495562014,Noroeste,152.68,225.08,6.451770318872274,12.0,276.35,santiago del estero,11.978754202600904,2036.0322583333332
86,santiago del estero,86028,avellaneda,2024,107,25462,420.23407430681016,0.4202340743068101,Noroeste,145.47,106.62,-17.002317565429593,12.0,67.1,santiago del estero,2.4283652961885505,6363.719033333334
86,santiago del estero,86035,banda,2017,3533,170401,2073.344639996244,2.073344639996244,Noroeste,27.47,26.77,7.86512216770463,12.0,18.85,santiago del estero,11.660920981763525,113.356175
86,santiago del estero,86035,banda,2018,4242,170401,2489.4220104342107,2.489422010434211,Noroeste,29.71,52.86,2.8043835398188,12.0,73.5,santiago del estero,0.7445961923900013,151.62908333333334
86,santiago del estero,86035,banda,2019,4405,170401,2585.0787260638144,2.585078726063814,Noroeste,40.89,52.82,-4.095869743002778,12.0,58.49,santiago del estero,2.235427718059202,235.28336666666667
86,santiago del estero,86035,banda,2020,2665,170401,1563.9579579932044,1.5639579579932044,Noroeste,32.99,39.14,-22.513076245380446,12.0,35.38,santiago del estero,3.5681679853925674,336.76238333333333
86,santiago del estero,86035,banda,2021,3336,170401,1957.7349898181349,1.9577349898181349,Noroeste,53.36,40.47,10.894768613448491,12.0,51.34,santiago del estero,10.392353714178435,502.7731833333333
86,santiago del estero,86035,banda,2022,3943,170401,2313.9535566105837,2.313953556610583,Noroeste,90.36,100.29,16.258768970195426,12.0,94.78,santiago del estero,11.438878186186097,869.5214
86,santiago del estero,86035,banda,2023,5104,170401,2995.287586340456,2.995287586340456,Noroeste,152.68,225.08,6.451770318872274,12.0,276.35,santiago del estero,11.978754202600904,2036.0322583333332
86,santiago del estero,86035,banda,2024,6530,170401,3832.13713534545,3.8321371353454494,Noroeste,145.47,106.62,-17.002317565429593,12.0,67.1,santiago del estero,2.4283652961885505,6363.719033333334
86,santiago del estero,86042,belgrano,2017,76,10809,703.1177722268479,0.703117772226848,Noroeste,27.47,26.77,7.86512216770463,12.0,18.85,santiago del estero,11.660920981763525,113.356175
86,santiago del estero,86042,belgrano,2018,143,10809,1322.971597742622,1.322971597742622,Noroeste,29.71,52.86,2.8043835398188,12.0,73.5,santiago del estero,0.7445961923900013,151.62908333333334
86,santiago del estero,86042,belgrano,2019,202,10809,1868.8130261818856,1.8688130261818856,Noroeste,40.89,52.82,-4.095869743002778,12.0,58.49,santiago del estero,2.235427718059202,235.28336666666667
86,santiago del estero,86042,belgrano,2020,99,10809,915.9034138218152,0.9159034138218152,Noroeste,32.99,39.14,-22.513076245380446,12.0,35.38,santiago del estero,3.5681679853925674,336.76238333333333
86,santiago del estero,86042,belgrano,2021,111,10809,1026.9220094365803,1.0269220094365803,Noroeste,53.36,40.47,10.894768613448491,12.0,51.34,santiago del estero,10.392353714178435,502.7731833333333
86,santiago del estero,86042,belgrano,2022,154,10809,1424.7386437228236,1.4247386437228236,Noroeste,90.36,100.29,16.258768970195426,12.0,94.78,santiago del estero,11.438878186186097,869.5214
86,santiago del estero,86042,belgrano,2023,177,10809,1637.5242853177908,1.637524285317791,Noroeste,152.68,225.08,6.451770318872274,12.0,276.35,santiago del estero,11.978754202600904,2036.0322583333332
86,santiago del estero,86042,belgrano,2024,138,10809,1276.713849569803,1.276713849569803,Noroeste,145.47,106.62,-17.002317565429593,12.0,67.1,santiago del estero,2.4283652961885505,6363.719033333334
86,santiago del estero,86049,capital,2017,8275,328824,2516.543804588473,2.5165438045884727,Noroeste,27.47,26.77,7.86512216770463,12.0,18.85,santiago del estero,11.660920981763525,113.356175
86,santiago del estero,86049,capital,2018,9130,328824,2776.561321558037,2.776561321558037,Noroeste,29.71,52.86,2.8043835398188,12.0,73.5,santiago del estero,0.7445961923900013,151.62908333333334
86,santiago del estero,86049,capital,2019,9199,328824,2797.545191348563,2.797545191348563,Noroeste,40.89,52.82,-4.095869743002778,12.0,58.49,santiago del estero,2.235427718059202,235.28336666666667
86,santiago del estero,86049,capital,2020,5890,328824,1791.2317835681094,1.7912317835681095,Noroeste,32.99,39.14,-22.513076245380446,12.0,35.38,santiago del estero,3.5681679853925674,336.76238333333333
86,santiago del estero,86049,capital,2021,6465,328824,1966.097365155828,1.966097365155828,Noroeste,53.36,40.47,10.894768613448491,12.0,51.34,santiago del estero,10.392353714178435,502.7731833333333
86,santiago del estero,86049,capital,2022,8405,328824,2556.078631730044,2.556078631730044,Noroeste,90.36,100.29,16.258768970195426,12.0,94.78,santiago del estero,11.438878186186097,869.5214
86,santiago del estero,86049,capital,2023,10789,328824,3281.086538695473,3.281086538695473,Noroeste,152.68,225.08,6.451770318872274,12.0,276.35,santiago del estero,11.978754202600904,2036.0322583333332
86,santiago del estero,86049,capital,2024,12641,328824,3844.305768435394,3.844305768435394,Noroeste,145.47,106.62,-17.002317565429593,12.0,67.1,santiago del estero,2.4283652961885505,6363.719033333334
86,santiago del estero,86056,copo,2017,432,35653,1211.6792415785487,1.211679241578549,Noroeste,27.47,26.77,7.86512216770463,12.0,18.85,santiago del estero,11.660920981763525,113.356175
86,santiago del estero,86056,copo,2018,560,35653,1570.6953131573782,1.5706953131573782,Noroeste,29.71,52.86,2.8043835398188,12.0,73.5,santiago del estero,0.7445961923900013,151.62908333333334
86,santiago del estero,86056,copo,2019,390,35653,1093.8770930917456,1.0938770930917454,Noroeste,40.89,52.82,-4.095869743002778,12.0,58.49,santiago del estero,2.235427718059202,235.28336666666667
86,santiago del estero,86056,copo,2020,278,35653,779.7380304602699,0.7797380304602699,Noroeste,32.99,39.14,-22.513076245380446,12.0,35.38,santiago del estero,3.5681679853925674,336.76238333333333
86,santiago del estero,86056,copo,2021,475,35653,1332.2862031245618,1.3322862031245617,Noroeste,53.36,40.47,10.894768613448491,12.0,51.34,santiago del estero,10.392353714178435,502.7731833333333
86,santiago del estero,86056,copo,2022,509,35653,1427.6498471376883,1.4276498471376882,Noroeste,90.36,100.29,16.258768970195426,12.0,94.78,santiago del estero,11.438878186186097,869.5214
86,santiago del estero,86056,copo,2023,422,35653,1183.6311109864528,1.1836311109864528,Noroeste,152.68,225.08,6.451770318872274,12.0,276.35,santiago del estero,11.978754202600904,2036.0322583333332
86,santiago del estero,86056,copo,2024,598,35653,1677.278209407343,1.6772782094073428,Noroeste,145.47,106.62,-17.002317565429593,12.0,67.1,santiago del estero,2.4283652961885505,6363.719033333334
86,santiago del estero,86063,choya,2017,1098,43692,2513.045866520187,2.5130458665201867,Noroeste,27.47,26.77,7.86512216770463,12.0,18.85,santiago del estero,11.660920981763525,113.356175
86,santiago del estero,86063,choya,2018,1098,43692,2513.045866520187,2.5130458665201867,Noroeste,29.71,52.86,2.8043835398188,12.0,73.5,santiago del estero,0.7445961923900013,151.62908333333334
86,santiago del estero,86063,choya,2019,1000,43692,2288.748512313467,2.288748512313467,Noroeste,40.89,52.82,-4.095869743002778,12.0,58.49,santiago del estero,2.235427718059202,235.28336666666667
86,santiago del estero,86063,choya,2020,742,43692,1698.2513961365926,1.6982513961365926,Noroeste,32.99,39.14,-22.513076245380446,12.0,35.38,santiago del estero,3.5681679853925674,336.76238333333333
86,santiago del estero,86063,choya,2021,654,43692,1496.8415270530074,1.4968415270530075,Noroeste,53.36,40.47,10.894768613448491,12.0,51.34,santiago del estero,10.392353714178435,502.7731833333333
86,santiago del estero,86063,choya,2022,804,43692,1840.1538039000277,1.8401538039000276,Noroeste,90.36,100.29,16.258768970195426,12.0,94.78,santiago del estero,11.438878186186097,869.5214
86,santiago del estero,86063,choya,2023,949,43692,2172.0223381854803,2.17202233818548,Noroeste,152.68,225.08,6.451770318872274,12.0,276.35,santiago del estero,11.978754202600904,2036.0322583333332
86,santiago del estero,86063,choya,2024,1170,43692,2677.835759406757,2.677835759406757,Noroeste,145.47,106.62,-17.002317565429593,12.0,67.1,santiago del estero,2.4283652961885505,6363.719033333334
86,santiago del estero,86070,figueroa,2017,139,20246,686.5553689617702,0.6865553689617703,Noroeste,27.47,26.77,7.86512216770463,12.0,18.85,santiago del estero,11.660920981763525,113.356175
86,santiago del estero,86070,figueroa,2018,153,20246,755.704830583819,0.755704830583819,Noroeste,29.71,52.86,2.8043835398188,12.0,73.5,santiago del estero,0.7445961923900013,151.62908333333334
86,santiago del estero,86070,figueroa,2019,170,20246,839.6720339820212,0.8396720339820212,Noroeste,40.89,52.82,-4.095869743002778,12.0,58.49,santiago del estero,2.235427718059202,235.28336666666667
86,santiago del estero,86070,figueroa,2020,121,20246,597.6489183048503,0.5976489183048503,Noroeste,32.99,39.14,-22.513076245380446,12.0,35.38,santiago del estero,3.5681679853925674,336.76238333333333
86,santiago del estero,86070,figueroa,2021,125,20246,617.4059073397215,0.6174059073397214,Noroeste,53.36,40.47,10.894768613448491,12.0,51.34,santiago del estero,10.392353714178435,502.7731833333333
86,santiago del estero,86070,figueroa,2022,109,20246,538.3779512002371,0.5383779512002371,Noroeste,90.36,100.29,16.258768970195426,12.0,94.78,santiago del estero,11.438878186186097,869.5214
86,santiago del estero,86070,figueroa,2023,152,20246,750.7655833251013,0.7507655833251012,Noroeste,152.68,225.08,6.451770318872274,12.0,276.35,santiago del estero,11.978754202600904,2036.0322583333332
86,santiago del estero,86070,figueroa,2024,155,20246,765.5833251012546,0.7655833251012546,Noroeste,145.47,106.62,-17.002317565429593,12.0,67.1,santiago del estero,2.4283652961885505,6363.719033333334
86,santiago del estero,86077,general taboada,2017,772,46304,1667.2425708362127,1.6672425708362126,Noroeste,27.47,26.77,7.86512216770463,12.0,18.85,santiago del estero,11.660920981763525,113.356175
86,santiago del estero,86077,general taboada,2018,921,46304,1989.029025570145,1.989029025570145,Noroeste,29.71,52.86,2.8043835398188,12.0,73.5,santiago del estero,0.7445961923900013,151.62908333333334
86,santiago del estero,86077,general taboada,2019,1019,46304,2200.6738078783687,2.2006738078783687,Noroeste,40.89,52.82,-4.095869743002778,12.0,58.49,santiago del estero,2.235427718059202,235.28336666666667
86,santiago del estero,86077,general taboada,2020,596,46304,1287.145818935729,1.287145818935729,Noroeste,32.99,39.14,-22.513076245380446,12.0,35.38,santiago del estero,3.5681679853925674,336.76238333333333
86,santiago del estero,86077,general taboada,2021,444,46304,958.8804422944024,0.9588804422944024,Noroeste,53.36,40.47,10.894768613448491,12.0,51.34,santiago del estero,10.392353714178435,502.7731833333333
86,santiago del estero,86077,general taboada,2022,632,46304,1364.8928818244644,1.3648928818244643,Noroeste,90.36,100.29,16.258768970195426,12.0,94.78,santiago del estero,11.438878186186097,869.5214
86,santiago del estero,86077,general taboada,2023,639,46304,1380.010366275052,1.3800103662750518,Noroeste,152.68,225.08,6.451770318872274,12.0,276.35,santiago del estero,11.978754202600904,2036.0322583333332
86,santiago del estero,86077,general taboada,2024,721,46304,1557.1008984105044,1.5571008984105044,Noroeste,145.47,106.62,-17.002317565429593,12.0,67.1,santiago del estero,2.4283652961885505,6363.719033333334
86,santiago del estero,86084,guasayán,2017,29,9251,313.4796238244514,0.3134796238244514,Noroeste,27.47,26.77,7.86512216770463,12.0,18.85,santiago del estero,11.660920981763525,113.356175
86,santiago del estero,86084,guasayán,2018,63,9251,681.0074586531185,0.6810074586531186,Noroeste,29.71,52.86,2.8043835398188,12.0,73.5,santiago del estero,0.7445961923900013,151.62908333333334
86,santiago del estero,86084,guasayán,2019,106,9251,1145.822073289374,1.145822073289374,Noroeste,40.89,52.82,-4.095869743002778,12.0,58.49,santiago del estero,2.235427718059202,235.28336666666667
86,santiago del estero,86084,guasayán,2020,89,9251,962.0581558750404,0.9620581558750404,Noroeste,32.99,39.14,-22.513076245380446,12.0,35.38,santiago del estero,3.5681679853925674,336.76238333333333
86,santiago del estero,86084,guasayán,2021,119,9251,1286.3474219003351,1.2863474219003352,Noroeste,53.36,40.47,10.894768613448491,12.0,51.34,santiago del estero,10.392353714178435,502.7731833333333
86,santiago del estero,86084,guasayán,2022,120,9251,1297.157064101178,1.2971570641011785,Noroeste,90.36,100.29,16.258768970195426,12.0,94.78,santiago del estero,11.438878186186097,869.5214
86,santiago del estero,86084,guasayán,2023,73,9251,789.1038806615501,0.7891038806615501,Noroeste,152.68,225.08,6.451770318872274,12.0,276.35,santiago del estero,11.978754202600904,2036.0322583333332
86,santiago del estero,86084,guasayán,2024,207,9251,2237.5959355745326,2.2375959355745327,Noroeste,145.47,106.62,-17.002317565429593,12.0,67.1,santiago del estero,2.4283652961885505,6363.719033333334
86,santiago del estero,86091,jiménez,2017,196,18622,1052.518526474063,1.052518526474063,Noroeste,27.47,26.77,7.86512216770463,12.0,18.85,santiago del estero,11.660920981763525,113.356175
86,santiago del estero,86091,jiménez,2018,278,18622,1492.857909998926,1.492857909998926,Noroeste,29.71,52.86,2.8043835398188,12.0,73.5,santiago del estero,0.7445961923900013,151.62908333333334
86,santiago del estero,86091,jiménez,2019,331,18622,1777.4675115454836,1.7774675115454837,Noroeste,40.89,52.82,-4.095869743002778,12.0,58.49,santiago del estero,2.235427718059202,235.28336666666667
86,santiago del estero,86091,jiménez,2020,299,18622,1605.627752121147,1.605627752121147,Noroeste,32.99,39.14,-22.513076245380446,12.0,35.38,santiago del estero,3.5681679853925674,336.76238333333333
86,santiago del estero,86091,jiménez,2021,308,18622,1653.9576844592418,1.6539576844592416,Noroeste,53.36,40.47,10.894768613448491,12.0,51.34,santiago del estero,10.392353714178435,502.7731833333333
86,santiago del estero,86091,jiménez,2022,265,18622,1423.0480077327893,1.4230480077327892,Noroeste,90.36,100.29,16.258768970195426,12.0,94.78,santiago del estero,11.438878186186097,869.5214
86,santiago del estero,86091,jiménez,2023,199,18622,1068.6285039200943,1.0686285039200945,Noroeste,152.68,225.08,6.451770318872274,12.0,276.35,santiago del estero,11.978754202600904,2036.0322583333332
86,santiago del estero,86091,jiménez,2024,277,18622,1487.487917516915,1.4874879175169151,Noroeste,145.47,106.62,-17.002317565429593,12.0,67.1,santiago del estero,2.4283652961885505,6363.719033333334
86,santiago del estero,86098,juan f. ibarra,2017,107,20567,520.2508873438031,0.5202508873438032,Noroeste,27.47,26.77,7.86512216770463,12.0,18.85,santiago del estero,11.660920981763525,113.356175
86,santiago del estero,86098,juan f. ibarra,2018,139,20567,675.8399377643798,0.6758399377643798,Noroeste,29.71,52.86,2.8043835398188,12.0,73.5,santiago del estero,0.7445961923900013,151.62908333333334
86,santiago del estero,86098,juan f. ibarra,2019,178,20567,865.4640929644577,0.8654640929644577,Noroeste,40.89,52.82,-4.095869743002778,12.0,58.49,santiago del estero,2.235427718059202,235.28336666666667
86,santiago del estero,86098,juan f. ibarra,2020,107,20567,520.2508873438031,0.5202508873438032,Noroeste,32.99,39.14,-22.513076245380446,12.0,35.38,santiago del estero,3.5681679853925674,336.76238333333333
86,santiago del estero,86098,juan f. ibarra,2021,143,20567,695.2885690669518,0.6952885690669519,Noroeste,53.36,40.47,10.894768613448491,12.0,51.34,santiago del estero,10.392353714178435,502.7731833333333
86,santiago del estero,86098,juan f. ibarra,2022,200,20567,972.431565128604,0.9724315651286042,Noroeste,90.36,100.29,16.258768970195426,12.0,94.78,santiago del estero,11.438878186186097,869.5214
86,santiago del estero,86098,juan f. ibarra,2023,250,20567,1215.539456410755,1.2155394564107551,Noroeste,152.68,225.08,6.451770318872274,12.0,276.35,santiago del estero,11.978754202600904,2036.0322583333332
86,santiago del estero,86098,juan f. ibarra,2024,261,20567,1269.0231924928282,1.2690231924928284,Noroeste,145.47,106.62,-17.002317565429593,12.0,67.1,santiago del estero,2.4283652961885505,6363.719033333334
86,santiago del estero,86105,loreto,2017,338,24047,1405.5807377219612,1.4055807377219611,Noroeste,27.47,26.77,7.86512216770463,12.0,18.85,santiago del estero,11.660920981763525,113.356175
86,santiago del estero,86105,loreto,2018,373,24047,1551.1290389653595,1.5511290389653594,Noroeste,29.71,52.86,2.8043835398188,12.0,73.5,santiago del estero,0.7445961923900013,151.62908333333334
86,santiago del estero,86105,loreto,2019,453,24047,1883.8108703788416,1.8838108703788417,Noroeste,40.89,52.82,-4.095869743002778,12.0,58.49,santiago del estero,2.235427718059202,235.28336666666667
86,santiago del estero,86105,loreto,2020,198,24047,823.3875327483677,0.8233875327483677,Noroeste,32.99,39.14,-22.513076245380446,12.0,35.38,santiago del estero,3.5681679853925674,336.76238333333333
86,santiago del estero,86105,loreto,2021,317,24047,1318.2517569759225,1.3182517569759222,Noroeste,53.36,40.47,10.894768613448491,12.0,51.34,santiago del estero,10.392353714178435,502.7731833333333
86,santiago del estero,86105,loreto,2022,312,24047,1297.4591425125795,1.2974591425125794,Noroeste,90.36,100.29,16.258768970195426,12.0,94.78,santiago del estero,11.438878186186097,869.5214
86,santiago del estero,86105,loreto,2023,185,24047,769.326735143677,0.769326735143677,Noroeste,152.68,225.08,6.451770318872274,12.0,276.35,santiago del estero,11.978754202600904,2036.0322583333332
86,santiago del estero,86105,loreto,2024,188,24047,781.8023038216826,0.7818023038216826,Noroeste,145.47,106.62,-17.002317565429593,12.0,67.1,santiago del estero,2.4283652961885505,6363.719033333334
86,santiago del estero,86112,mitre,2017,16,1440,1111.111111111111,1.1111111111111112,Noroeste,27.47,26.77,7.86512216770463,12.0,18.85,santiago del estero,11.660920981763525,113.356175
86,santiago del estero,86112,mitre,2018,14,1440,972.2222222222224,0.9722222222222222,Noroeste,29.71,52.86,2.8043835398188,12.0,73.5,santiago del estero,0.7445961923900013,151.62908333333334
86,santiago del estero,86112,mitre,2019,19,1440,1319.4444444444443,1.3194444444444444,Noroeste,40.89,52.82,-4.095869743002778,12.0,58.49,santiago del estero,2.235427718059202,235.28336666666667
86,santiago del estero,86112,mitre,2020,30,1440,2083.333333333333,2.083333333333333,Noroeste,32.99,39.14,-22.513076245380446,12.0,35.38,santiago del estero,3.5681679853925674,336.76238333333333
86,santiago del estero,86112,mitre,2021,17,1440,1180.5555555555554,1.1805555555555556,Noroeste,53.36,40.47,10.894768613448491,12.0,51.34,santiago del estero,10.392353714178435,502.7731833333333
86,santiago del estero,86112,mitre,2022,27,1440,1875.0,1.875,Noroeste,90.36,100.29,16.258768970195426,12.0,94.78,santiago del estero,11.438878186186097,869.5214
86,santiago del estero,86112,mitre,2023,29,1440,2013.888888888889,2.013888888888889,Noroeste,152.68,225.08,6.451770318872274,12.0,276.35,santiago del estero,11.978754202600904,2036.0322583333332
86,santiago del estero,86112,mitre,2024,15,1440,1041.6666666666663,1.0416666666666663,Noroeste,145.47,106.62,-17.002317565429593,12.0,67.1,santiago del estero,2.4283652961885505,6363.719033333334
86,santiago del estero,86119,moreno,2017,476,40352,1179.6193497224424,1.1796193497224423,Noroeste,27.47,26.77,7.86512216770463,12.0,18.85,santiago del estero,11.660920981763525,113.356175
86,santiago del estero,86119,moreno,2018,498,40352,1234.1395717684377,1.2341395717684378,Noroeste,29.71,52.86,2.8043835398188,12.0,73.5,santiago del estero,0.7445961923900013,151.62908333333334
86,santiago del estero,86119,moreno,2019,731,40352,1811.5582870737512,1.8115582870737512,Noroeste,40.89,52.82,-4.095869743002778,12.0,58.49,santiago del estero,2.235427718059202,235.28336666666667
86,santiago del estero,86119,moreno,2020,559,40352,1385.3092783505151,1.3853092783505154,Noroeste,32.99,39.14,-22.513076245380446,12.0,35.38,santiago del estero,3.5681679853925674,336.76238333333333
86,santiago del estero,86119,moreno,2021,582,40352,1442.3076923076924,1.4423076923076923,Noroeste,53.36,40.47,10.894768613448491,12.0,51.34,santiago del estero,10.392353714178435,502.7731833333333
86,santiago del estero,86119,moreno,2022,524,40352,1298.5725614591595,1.2985725614591594,Noroeste,90.36,100.29,16.258768970195426,12.0,94.78,santiago del estero,11.438878186186097,869.5214
86,santiago del estero,86119,moreno,2023,374,40352,926.8437747819193,0.9268437747819191,Noroeste,152.68,225.08,6.451770318872274,12.0,276.35,santiago del estero,11.978754202600904,2036.0322583333332
86,santiago del estero,86119,moreno,2024,504,40352,1249.0087232355274,1.2490087232355274,Noroeste,145.47,106.62,-17.002317565429593,12.0,67.1,santiago del estero,2.4283652961885505,6363.719033333334
86,santiago del estero,86126,ojo de agua,2017,182,15008,1212.6865671641792,1.212686567164179,Noroeste,27.47,26.77,7.86512216770463,12.0,18.85,santiago del estero,11.660920981763525,113.356175
86,santiago del estero,86126,ojo de agua,2018,233,15008,1552.505330490405,1.552505330490405,Noroeste,29.71,52.86,2.8043835398188,12.0,73.5,santiago del estero,0.7445961923900013,151.62908333333334
86,santiago del estero,86126,ojo de agua,2019,330,15008,2198.827292110874,2.1988272921108742,Noroeste,40.89,52.82,-4.095869743002778,12.0,58.49,santiago del estero,2.235427718059202,235.28336666666667
86,santiago del estero,86126,ojo de agua,2020,166,15008,1106.0767590618336,1.1060767590618337,Noroeste,32.99,39.14,-22.513076245380446,12.0,35.38,santiago del estero,3.5681679853925674,336.76238333333333
86,santiago del estero,86126,ojo de agua,2021,240,15008,1599.1471215351812,1.5991471215351811,Noroeste,53.36,40.47,10.894768613448491,12.0,51.34,santiago del estero,10.392353714178435,502.7731833333333
86,santiago del estero,86126,ojo de agua,2022,142,15008,946.1620469083156,0.9461620469083156,Noroeste,90.36,100.29,16.258768970195426,12.0,94.78,santiago del estero,11.438878186186097,869.5214
86,santiago del estero,86126,ojo de agua,2023,141,15008,939.498933901919,0.9394989339019192,Noroeste,152.68,225.08,6.451770318872274,12.0,276.35,santiago del estero,11.978754202600904,2036.0322583333332
86,santiago del estero,86126,ojo de agua,2024,193,15008,1285.9808102345417,1.2859808102345416,Noroeste,145.47,106.62,-17.002317565429593,12.0,67.1,santiago del estero,2.4283652961885505,6363.719033333334
86,santiago del estero,86133,pellegrini,2017,197,26193,752.1093421906616,0.7521093421906616,Noroeste,27.47,26.77,7.86512216770463,12.0,18.85,santiago del estero,11.660920981763525,113.356175
86,santiago del estero,86133,pellegrini,2018,309,26193,1179.7045012026113,1.1797045012026113,Noroeste,29.71,52.86,2.8043835398188,12.0,73.5,santiago del estero,0.7445961923900013,151.62908333333334
86,santiago del estero,86133,pellegrini,2019,443,26193,1691.2915664490513,1.691291566449051,Noroeste,40.89,52.82,-4.095869743002778,12.0,58.49,santiago del estero,2.235427718059202,235.28336666666667
86,santiago del estero,86133,pellegrini,2020,407,26193,1553.8502653380674,1.5538502653380672,Noroeste,32.99,39.14,-22.513076245380446,12.0,35.38,santiago del estero,3.5681679853925674,336.76238333333333
86,santiago del estero,86133,pellegrini,2021,304,26193,1160.6154316038635,1.1606154316038635,Noroeste,53.36,40.47,10.894768613448491,12.0,51.34,santiago del estero,10.392353714178435,502.7731833333333
86,santiago del estero,86133,pellegrini,2022,412,26193,1572.939334936815,1.572939334936815,Noroeste,90.36,100.29,16.258768970195426,12.0,94.78,santiago del estero,11.438878186186097,869.5214
86,santiago del estero,86133,pellegrini,2023,168,26193,641.3927385179246,0.6413927385179246,Noroeste,152.68,225.08,6.451770318872274,12.0,276.35,santiago del estero,11.978754202600904,2036.0322583333332
86,santiago del estero,86133,pellegrini,2024,323,26193,1233.1538960791052,1.233153896079105,Noroeste,145.47,106.62,-17.002317565429593,12.0,67.1,santiago del estero,2.4283652961885505,6363.719033333334
86,santiago del estero,86140,quebrachos,2017,76,12336,616.083009079118,0.6160830090791181,Noroeste,27.47,26.77,7.86512216770463,12.0,18.85,santiago del estero,11.660920981763525,113.356175
86,santiago del estero,86140,quebrachos,2018,94,12336,761.9974059662776,0.7619974059662775,Noroeste,29.71,52.86,2.8043835398188,12.0,73.5,santiago del estero,0.7445961923900013,151.62908333333334
86,santiago del estero,86140,quebrachos,2019,149,12336,1207.846952010376,1.2078469520103765,Noroeste,40.89,52.82,-4.095869743002778,12.0,58.49,santiago del estero,2.235427718059202,235.28336666666667
86,santiago del estero,86140,quebrachos,2020,117,12336,948.4435797665368,0.9484435797665368,Noroeste,32.99,39.14,-22.513076245380446,12.0,35.38,santiago del estero,3.5681679853925674,336.76238333333333
86,santiago del estero,86140,quebrachos,2021,93,12336,753.8910505836576,0.7538910505836576,Noroeste,53.36,40.47,10.894768613448491,12.0,51.34,santiago del estero,10.392353714178435,502.7731833333333
86,santiago del estero,86140,quebrachos,2022,76,12336,616.083009079118,0.6160830090791181,Noroeste,90.36,100.29,16.258768970195426,12.0,94.78,santiago del estero,11.438878186186097,869.5214
86,santiago del estero,86140,quebrachos,2023,106,12336,859.2736705577173,0.8592736705577173,Noroeste,152.68,225.08,6.451770318872274,12.0,276.35,santiago del estero,11.978754202600904,2036.0322583333332
86,santiago del estero,86140,quebrachos,2024,197,12336,1596.9520103761347,1.5969520103761348,Noroeste,145.47,106.62,-17.002317565429593,12.0,67.1,santiago del estero,2.4283652961885505,6363.719033333334
86,santiago del estero,86147,río hondo,2017,2085,66637,3128.892357098909,3.128892357098909,Noroeste,27.47,26.77,7.86512216770463,12.0,18.85,santiago del estero,11.660920981763525,113.356175
86,santiago del estero,86147,río hondo,2018,2290,66637,3436.529255518706,3.4365292555187064,Noroeste,29.71,52.86,2.8043835398188,12.0,73.5,santiago del estero,0.7445961923900013,151.62908333333334
86,santiago del estero,86147,río hondo,2019,2141,66637,3212.9297537404145,3.2129297537404145,Noroeste,40.89,52.82,-4.095869743002778,12.0,58.49,santiago del estero,2.235427718059202,235.28336666666667
86,santiago del estero,86147,río hondo,2020,1447,66637,2171.4663025046143,2.1714663025046144,Noroeste,32.99,39.14,-22.513076245380446,12.0,35.38,santiago del estero,3.5681679853925674,336.76238333333333
86,santiago del estero,86147,río hondo,2021,1593,66637,2390.563800891397,2.3905638008913965,Noroeste,53.36,40.47,10.894768613448491,12.0,51.34,santiago del estero,10.392353714178435,502.7731833333333
86,santiago del estero,86147,río hondo,2022,1585,66637,2378.558458514038,2.3785584585140387,Noroeste,90.36,100.29,16.258768970195426,12.0,94.78,santiago del estero,11.438878186186097,869.5214
86,santiago del estero,86147,río hondo,2023,1893,66637,2840.764140042319,2.8407641400423187,Noroeste,152.68,225.08,6.451770318872274,12.0,276.35,santiago del estero,11.978754202600904,2036.0322583333332
86,santiago del estero,86147,río hondo,2024,1847,66637,2771.7334213725107,2.771733421372511,Noroeste,145.47,106.62,-17.002317565429593,12.0,67.1,santiago del estero,2.4283652961885505,6363.719033333334
86,santiago del estero,86154,rivadavia,2017,20,5314,376.3643206624012,0.3763643206624011,Noroeste,27.47,26.77,7.86512216770463,12.0,18.85,santiago del estero,11.660920981763525,113.356175
86,santiago del estero,86154,rivadavia,2018,39,5314,733.9104252916824,0.7339104252916824,Noroeste,29.71,52.86,2.8043835398188,12.0,73.5,santiago del estero,0.7445961923900013,151.62908333333334
86,santiago del estero,86154,rivadavia,2019,50,5314,940.9108016560032,0.940910801656003,Noroeste,40.89,52.82,-4.095869743002778,12.0,58.49,santiago del estero,2.235427718059202,235.28336666666667
86,santiago del estero,86154,rivadavia,2020,25,5314,470.45540082800153,0.4704554008280015,Noroeste,32.99,39.14,-22.513076245380446,12.0,35.38,santiago del estero,3.5681679853925674,336.76238333333333
86,santiago del estero,86154,rivadavia,2021,37,5314,696.2739932254422,0.6962739932254423,Noroeste,53.36,40.47,10.894768613448491,12.0,51.34,santiago del estero,10.392353714178435,502.7731833333333
86,santiago del estero,86154,rivadavia,2022,48,5314,903.2743695897628,0.9032743695897628,Noroeste,90.36,100.29,16.258768970195426,12.0,94.78,santiago del estero,11.438878186186097,869.5214
86,santiago del estero,86154,rivadavia,2023,67,5314,1260.8204742190442,1.260820474219044,Noroeste,152.68,225.08,6.451770318872274,12.0,276.35,santiago del estero,11.978754202600904,2036.0322583333332
86,santiago del estero,86154,rivadavia,2024,42,5314,790.3650733910425,0.7903650733910426,Noroeste,145.47,106.62,-17.002317565429593,12.0,67.1,santiago del estero,2.4283652961885505,6363.719033333334
86,santiago del estero,86161,robles,2017,505,53879,937.285398763897,0.9372853987638968,Noroeste,27.47,26.77,7.86512216770463,12.0,18.85,santiago del estero,11.660920981763525,113.356175
86,santiago del estero,86161,robles,2018,791,53879,1468.104456281668,1.468104456281668,Noroeste,29.71,52.86,2.8043835398188,12.0,73.5,santiago del estero,0.7445961923900013,151.62908333333334
86,santiago del estero,86161,robles,2019,825,53879,1531.2088197628018,1.5312088197628018,Noroeste,40.89,52.82,-4.095869743002778,12.0,58.49,santiago del estero,2.235427718059202,235.28336666666667
86,santiago del estero,86161,robles,2020,463,53879,859.3329497577906,0.8593329497577906,Noroeste,32.99,39.14,-22.513076245380446,12.0,35.38,santiago del estero,3.5681679853925674,336.76238333333333
86,santiago del estero,86161,robles,2021,558,53879,1035.6539653668406,1.0356539653668406,Noroeste,53.36,40.47,10.894768613448491,12.0,51.34,santiago del estero,10.392353714178435,502.7731833333333
86,santiago del estero,86161,robles,2022,524,53879,972.5496018857068,0.9725496018857068,Noroeste,90.36,100.29,16.258768970195426,12.0,94.78,santiago del estero,11.438878186186097,869.5214
86,santiago del estero,86161,robles,2023,703,53879,1304.7755155069692,1.3047755155069694,Noroeste,152.68,225.08,6.451770318872274,12.0,276.35,santiago del estero,11.978754202600904,2036.0322583333332
86,santiago del estero,86161,robles,2024,863,53879,1601.737226006422,1.6017372260064218,Noroeste,145.47,106.62,-17.002317565429593,12.0,67.1,santiago del estero,2.4283652961885505,6363.719033333334
86,santiago del estero,86168,salavina,2017,33,12775,258.3170254403131,0.2583170254403131,Noroeste,27.47,26.77,7.86512216770463,12.0,18.85,santiago del estero,11.660920981763525,113.356175
86,santiago del estero,86168,salavina,2018,37,12775,289.6281800391389,0.289628180039139,Noroeste,29.71,52.86,2.8043835398188,12.0,73.5,santiago del estero,0.7445961923900013,151.62908333333334
86,santiago del estero,86168,salavina,2019,105,12775,821.917808219178,0.821917808219178,Noroeste,40.89,52.82,-4.095869743002778,12.0,58.49,santiago del estero,2.235427718059202,235.28336666666667
86,santiago del estero,86168,salavina,2020,85,12775,665.3620352250489,0.6653620352250489,Noroeste,32.99,39.14,-22.513076245380446,12.0,35.38,santiago del estero,3.5681679853925674,336.76238333333333
86,santiago del estero,86168,salavina,2021,133,12775,1041.0958904109589,1.0410958904109588,Noroeste,53.36,40.47,10.894768613448491,12.0,51.34,santiago del estero,10.392353714178435,502.7731833333333
86,santiago del estero,86168,salavina,2022,126,12775,986.3013698630136,0.9863013698630136,Noroeste,90.36,100.29,16.258768970195426,12.0,94.78,santiago del estero,11.438878186186097,869.5214
86,santiago del estero,86168,salavina,2023,101,12775,790.6066536203523,0.7906066536203522,Noroeste,152.68,225.08,6.451770318872274,12.0,276.35,santiago del estero,11.978754202600904,2036.0322583333332
86,santiago del estero,86168,salavina,2024,112,12775,876.7123287671233,0.8767123287671232,Noroeste,145.47,106.62,-17.002317565429593,12.0,67.1,santiago del estero,2.4283652961885505,6363.719033333334
86,santiago del estero,86175,san martín,2017,45,11183,402.39649467942417,0.4023964946794242,Noroeste,27.47,26.77,7.86512216770463,12.0,18.85,santiago del estero,11.660920981763525,113.356175
86,santiago del estero,86175,san martín,2018,56,11183,500.7600822677278,0.5007600822677278,Noroeste,29.71,52.86,2.8043835398188,12.0,73.5,santiago del estero,0.7445961923900013,151.62908333333334
86,santiago del estero,86175,san martín,2019,75,11183,670.6608244657069,0.670660824465707,Noroeste,40.89,52.82,-4.095869743002778,12.0,58.49,santiago del estero,2.235427718059202,235.28336666666667
86,santiago del estero,86175,san martín,2020,69,11183,617.0079585084503,0.6170079585084504,Noroeste,32.99,39.14,-22.513076245380446,12.0,35.38,santiago del estero,3.5681679853925674,336.76238333333333
86,santiago del estero,86175,san martín,2021,90,11183,804.7929893588483,0.8047929893588484,Noroeste,53.36,40.47,10.894768613448491,12.0,51.34,santiago del estero,10.392353714178435,502.7731833333333
86,santiago del estero,86175,san martín,2022,95,11183,849.5037109898954,0.8495037109898953,Noroeste,90.36,100.29,16.258768970195426,12.0,94.78,santiago del estero,11.438878186186097,869.5214
86,santiago del estero,86175,san martín,2023,77,11183,688.5451131181258,0.6885451131181257,Noroeste,152.68,225.08,6.451770318872274,12.0,276.35,santiago del estero,11.978754202600904,2036.0322583333332
86,santiago del estero,86175,san martín,2024,76,11183,679.6029687919163,0.6796029687919163,Noroeste,145.47,106.62,-17.002317565429593,12.0,67.1,santiago del estero,2.4283652961885505,6363.719033333334
86,santiago del estero,86182,sarmiento,2017,42,5034,834.3265792610251,0.834326579261025,Noroeste,27.47,26.77,7.86512216770463,12.0,18.85,santiago del estero,11.660920981763525,113.356175
86,santiago del estero,86182,sarmiento,2018,37,5034,735.0019864918554,0.7350019864918553,Noroeste,29.71,52.86,2.8043835398188,12.0,73.5,santiago del estero,0.7445961923900013,151.62908333333334
86,santiago del estero,86182,sarmiento,2019,54,5034,1072.705601907032,1.0727056019070322,Noroeste,40.89,52.82,-4.095869743002778,12.0,58.49,santiago del estero,2.235427718059202,235.28336666666667
86,santiago del estero,86182,sarmiento,2020,69,5034,1370.6793802145412,1.3706793802145412,Noroeste,32.99,39.14,-22.513076245380446,12.0,35.38,santiago del estero,3.5681679853925674,336.76238333333333
86,santiago del estero,86182,sarmiento,2021,61,5034,1211.7600317838696,1.2117600317838697,Noroeste,53.36,40.47,10.894768613448491,12.0,51.34,santiago del estero,10.392353714178435,502.7731833333333
86,santiago del estero,86182,sarmiento,2022,59,5034,1172.0301946762015,1.1720301946762015,Noroeste,90.36,100.29,16.258768970195426,12.0,94.78,santiago del estero,11.438878186186097,869.5214
86,santiago del estero,86182,sarmiento,2023,47,5034,933.6511720301947,0.9336511720301948,Noroeste,152.68,225.08,6.451770318872274,12.0,276.35,santiago del estero,11.978754202600904,2036.0322583333332
86,santiago del estero,86182,sarmiento,2024,73,5034,1450.139054429877,1.450139054429877,Noroeste,145.47,106.62,-17.002317565429593,12.0,67.1,santiago del estero,2.4283652961885505,6363.719033333334
86,santiago del estero,86189,silípica,2017,55,9766,563.1783739504402,0.5631783739504402,Noroeste,27.47,26.77,7.86512216770463,12.0,18.85,santiago del estero,11.660920981763525,113.356175
86,santiago del estero,86189,silípica,2018,72,9766,737.2516895351218,0.7372516895351219,Noroeste,29.71,52.86,2.8043835398188,12.0,73.5,santiago del estero,0.7445961923900013,151.62908333333334
86,santiago del estero,86189,silípica,2019,74,9766,757.7309031333197,0.7577309031333196,Noroeste,40.89,52.82,-4.095869743002778,12.0,58.49,santiago del estero,2.235427718059202,235.28336666666667
86,santiago del estero,86189,silípica,2020,66,9766,675.8140487405284,0.6758140487405284,Noroeste,32.99,39.14,-22.513076245380446,12.0,35.38,santiago del estero,3.5681679853925674,336.76238333333333
86,santiago del estero,86189,silípica,2021,103,9766,1054.6795003071882,1.0546795003071885,Noroeste,53.36,40.47,10.894768613448491,12.0,51.34,santiago del estero,10.392353714178435,502.7731833333333
86,santiago del estero,86189,silípica,2022,73,9766,747.4912963342207,0.7474912963342207,Noroeste,90.36,100.29,16.258768970195426,12.0,94.78,santiago del estero,11.438878186186097,869.5214
86,santiago del estero,86189,silípica,2023,65,9766,665.5744419414295,0.6655744419414295,Noroeste,152.68,225.08,6.451770318872274,12.0,276.35,santiago del estero,11.978754202600904,2036.0322583333332
86,santiago del estero,86189,silípica,2024,58,9766,593.897194347737,0.593897194347737,Noroeste,145.47,106.62,-17.002317565429593,12.0,67.1,santiago del estero,2.4283652961885505,6363.719033333334
90,tucumán,90007,burruyacú,2017,75,45459,164.9838315845047,0.1649838315845047,Noroeste,27.47,26.77,7.86512216770463,12.0,18.85,tucumán,7.043813038363922,113.356175
90,tucumán,90007,burruyacú,2018,221,45459,486.1523570690072,0.4861523570690072,Noroeste,29.71,52.86,2.8043835398188,12.0,73.5,tucumán,0.1780967591872295,151.62908333333334
90,tucumán,90007,burruyacú,2019,209,45459,459.7549440154865,0.4597549440154865,Noroeste,40.89,52.82,-4.095869743002778,12.0,58.49,tucumán,0.5598987884553264,235.28336666666667
90,tucumán,90007,burruyacú,2020,285,45459,626.938560021118,0.6269385600211179,Noroeste,32.99,39.14,-22.513076245380446,12.0,35.38,tucumán,3.927721662132866,336.76238333333333
90,tucumán,90007,burruyacú,2021,274,45459,602.7409313887239,0.6027409313887239,Noroeste,53.36,40.47,10.894768613448491,12.0,51.34,tucumán,6.653421429561512,502.7731833333333
90,tucumán,90007,burruyacú,2022,259,45459,569.744165071823,0.5697441650718229,Noroeste,90.36,100.29,16.258768970195426,12.0,94.78,tucumán,5.440594288433442,869.5214
90,tucumán,90007,burruyacú,2023,508,45459,1117.4904859323788,1.1174904859323789,Noroeste,152.68,225.08,6.451770318872274,12.0,276.35,tucumán,7.211181079487683,2036.0322583333332
90,tucumán,90007,burruyacú,2024,455,45459,1000.901911612662,1.000901911612662,Noroeste,145.47,106.62,-17.002317565429593,12.0,67.1,tucumán,3.241636398775083,6363.719033333334
90,tucumán,90014,cruz alta,2017,2530,227688,1111.1696707775552,1.1111696707775554,Noroeste,27.47,26.77,7.86512216770463,12.0,18.85,tucumán,7.043813038363922,113.356175
90,tucumán,90014,cruz alta,2018,2513,227688,1103.7033133059274,1.1037033133059273,Noroeste,29.71,52.86,2.8043835398188,12.0,73.5,tucumán,0.1780967591872295,151.62908333333334
90,tucumán,90014,cruz alta,2019,2924,227688,1284.2134851199887,1.284213485119989,Noroeste,40.89,52.82,-4.095869743002778,12.0,58.49,tucumán,0.5598987884553264,235.28336666666667
90,tucumán,90014,cruz alta,2020,1936,227688,850.2863567689119,0.850286356768912,Noroeste,32.99,39.14,-22.513076245380446,12.0,35.38,tucumán,3.927721662132866,336.76238333333333
90,tucumán,90014,cruz alta,2021,2057,227688,903.4292540669688,0.9034292540669688,Noroeste,53.36,40.47,10.894768613448491,12.0,51.34,tucumán,6.653421429561512,502.7731833333333
90,tucumán,90014,cruz alta,2022,3889,227688,1708.0390710094516,1.7080390710094515,Noroeste,90.36,100.29,16.258768970195426,12.0,94.78,tucumán,5.440594288433442,869.5214
90,tucumán,90014,cruz alta,2023,4000,227688,1756.789993324198,1.7567899933241982,Noroeste,152.68,225.08,6.451770318872274,12.0,276.35,tucumán,7.211181079487683,2036.0322583333332
90,tucumán,90014,cruz alta,2024,3783,227688,1661.4841361863605,1.6614841361863604,Noroeste,145.47,106.62,-17.002317565429593,12.0,67.1,tucumán,3.241636398775083,6363.719033333334
90,tucumán,90021,chicligasta,2017,1444,92308,1564.3281189062702,1.56432811890627,Noroeste,27.47,26.77,7.86512216770463,12.0,18.85,tucumán,7.043813038363922,113.356175
90,tucumán,90021,chicligasta,2018,1472,92308,1594.6613511288294,1.5946613511288297,Noroeste,29.71,52.86,2.8043835398188,12.0,73.5,tucumán,0.1780967591872295,151.62908333333334
90,tucumán,90021,chicligasta,2019,1612,92308,1746.3275122416258,1.7463275122416255,Noroeste,40.89,52.82,-4.095869743002778,12.0,58.49,tucumán,0.5598987884553264,235.28336666666667
90,tucumán,90021,chicligasta,2020,1609,92308,1743.0775230749232,1.7430775230749231,Noroeste,32.99,39.14,-22.513076245380446,12.0,35.38,tucumán,3.927721662132866,336.76238333333333
90,tucumán,90021,chicligasta,2021,1391,92308,1506.9116436278546,1.5069116436278545,Noroeste,53.36,40.47,10.894768613448491,12.0,51.34,tucumán,6.653421429561512,502.7731833333333
90,tucumán,90021,chicligasta,2022,1425,92308,1543.7448541838194,1.5437448541838197,Noroeste,90.36,100.29,16.258768970195426,12.0,94.78,tucumán,5.440594288433442,869.5214
90,tucumán,90021,chicligasta,2023,1379,92308,1493.9116869610434,1.4939116869610434,Noroeste,152.68,225.08,6.451770318872274,12.0,276.35,tucumán,7.211181079487683,2036.0322583333332
90,tucumán,90021,chicligasta,2024,1439,92308,1558.911470295099,1.558911470295099,Noroeste,145.47,106.62,-17.002317565429593,12.0,67.1,tucumán,3.241636398775083,6363.719033333334
90,tucumán,90028,famaillá,2017,241,42669,564.8128617966205,0.5648128617966205,Noroeste,27.47,26.77,7.86512216770463,12.0,18.85,tucumán,7.043813038363922,113.356175
90,tucumán,90028,famaillá,2018,326,42669,764.0207176170053,0.7640207176170053,Noroeste,29.71,52.86,2.8043835398188,12.0,73.5,tucumán,0.1780967591872295,151.62908333333334
90,tucumán,90028,famaillá,2019,295,42669,691.3684407883943,0.6913684407883943,Noroeste,40.89,52.82,-4.095869743002778,12.0,58.49,tucumán,0.5598987884553264,235.28336666666667
90,tucumán,90028,famaillá,2020,255,42669,597.6235674611545,0.5976235674611544,Noroeste,32.99,39.14,-22.513076245380446,12.0,35.38,tucumán,3.927721662132866,336.76238333333333
90,tucumán,90028,famaillá,2021,548,42669,1284.3047645831869,1.2843047645831869,Noroeste,53.36,40.47,10.894768613448491,12.0,51.34,tucumán,6.653421429561512,502.7731833333333
90,tucumán,90028,famaillá,2022,625,42669,1464.7636457381238,1.4647636457381237,Noroeste,90.36,100.29,16.258768970195426,12.0,94.78,tucumán,5.440594288433442,869.5214
90,tucumán,90028,famaillá,2023,865,42669,2027.2328857015632,2.027232885701564,Noroeste,152.68,225.08,6.451770318872274,12.0,276.35,tucumán,7.211181079487683,2036.0322583333332
90,tucumán,90028,famaillá,2024,769,42669,1802.2451897161875,1.8022451897161875,Noroeste,145.47,106.62,-17.002317565429593,12.0,67.1,tucumán,3.241636398775083,6363.719033333334
90,tucumán,90035,graneros,2017,55,15539,353.9481305103289,0.3539481305103288,Noroeste,27.47,26.77,7.86512216770463,12.0,18.85,tucumán,7.043813038363922,113.356175
90,tucumán,90035,graneros,2018,70,15539,450.4794388313276,0.4504794388313275,Noroeste,29.71,52.86,2.8043835398188,12.0,73.5,tucumán,0.1780967591872295,151.62908333333334
90,tucumán,90035,graneros,2019,88,15539,566.3170088165261,0.5663170088165261,Noroeste,40.89,52.82,-4.095869743002778,12.0,58.49,tucumán,0.5598987884553264,235.28336666666667
90,tucumán,90035,graneros,2020,111,15539,714.3316815753909,0.714331681575391,Noroeste,32.99,39.14,-22.513076245380446,12.0,35.38,tucumán,3.927721662132866,336.76238333333333
90,tucumán,90035,graneros,2021,108,15539,695.0254199111912,0.6950254199111913,Noroeste,53.36,40.47,10.894768613448491,12.0,51.34,tucumán,6.653421429561512,502.7731833333333
90,tucumán,90035,graneros,2022,120,15539,772.2504665679902,0.7722504665679902,Noroeste,90.36,100.29,16.258768970195426,12.0,94.78,tucumán,5.440594288433442,869.5214
90,tucumán,90035,graneros,2023,135,15539,868.7817748889889,0.868781774888989,Noroeste,152.68,225.08,6.451770318872274,12.0,276.35,tucumán,7.211181079487683,2036.0322583333332
90,tucumán,90035,graneros,2024,135,15539,868.7817748889889,0.868781774888989,Noroeste,145.47,106.62,-17.002317565429593,12.0,67.1,tucumán,3.241636398775083,6363.719033333334
90,tucumán,90042,juan bautista alberdi,2017,333,34745,958.4112821988776,0.9584112821988776,Noroeste,27.47,26.77,7.86512216770463,12.0,18.85,tucumán,7.043813038363922,113.356175
90,tucumán,90042,juan bautista alberdi,2018,818,34745,2354.295582098144,2.3542955820981435,Noroeste,29.71,52.86,2.8043835398188,12.0,73.5,tucumán,0.1780967591872295,151.62908333333334
90,tucumán,90042,juan bautista alberdi,2019,539,34745,1551.302345661246,1.5513023456612465,Noroeste,40.89,52.82,-4.095869743002778,12.0,58.49,tucumán,0.5598987884553264,235.28336666666667
90,tucumán,90042,juan bautista alberdi,2020,428,34745,1231.8319182616206,1.2318319182616204,Noroeste,32.99,39.14,-22.513076245380446,12.0,35.38,tucumán,3.927721662132866,336.76238333333333
90,tucumán,90042,juan bautista alberdi,2021,497,34745,1430.4216434019283,1.4304216434019283,Noroeste,53.36,40.47,10.894768613448491,12.0,51.34,tucumán,6.653421429561512,502.7731833333333
90,tucumán,90042,juan bautista alberdi,2022,541,34745,1557.0585695783566,1.5570585695783563,Noroeste,90.36,100.29,16.258768970195426,12.0,94.78,tucumán,5.440594288433442,869.5214
90,tucumán,90042,juan bautista alberdi,2023,471,34745,1355.5907324794937,1.3555907324794936,Noroeste,152.68,225.08,6.451770318872274,12.0,276.35,tucumán,7.211181079487683,2036.0322583333332
90,tucumán,90042,juan bautista alberdi,2024,396,34745,1139.7323355878543,1.1397323355878544,Noroeste,145.47,106.62,-17.002317565429593,12.0,67.1,tucumán,3.241636398775083,6363.719033333334
90,tucumán,90049,la cocha,2017,83,21196,391.5833176070957,0.3915833176070957,Noroeste,27.47,26.77,7.86512216770463,12.0,18.85,tucumán,7.043813038363922,113.356175
90,tucumán,90049,la cocha,2018,91,21196,429.326287978864,0.4293262879788639,Noroeste,29.71,52.86,2.8043835398188,12.0,73.5,tucumán,0.1780967591872295,151.62908333333334
90,tucumán,90049,la cocha,2019,106,21196,500.0943574259295,0.5000943574259294,Noroeste,40.89,52.82,-4.095869743002778,12.0,58.49,tucumán,0.5598987884553264,235.28336666666667
90,tucumán,90049,la cocha,2020,76,21196,358.55821853179845,0.3585582185317984,Noroeste,32.99,39.14,-22.513076245380446,12.0,35.38,tucumán,3.927721662132866,336.76238333333333
90,tucumán,90049,la cocha,2021,69,21196,325.53311945650125,0.3255331194565012,Noroeste,53.36,40.47,10.894768613448491,12.0,51.34,tucumán,6.653421429561512,502.7731833333333
90,tucumán,90049,la cocha,2022,124,21196,585.016040762408,0.5850160407624081,Noroeste,90.36,100.29,16.258768970195426,12.0,94.78,tucumán,5.440594288433442,869.5214
90,tucumán,90049,la cocha,2023,166,21196,783.1666352141914,0.7831666352141914,Noroeste,152.68,225.08,6.451770318872274,12.0,276.35,tucumán,7.211181079487683,2036.0322583333332
90,tucumán,90049,la cocha,2024,185,21196,872.8061898471409,0.8728061898471409,Noroeste,145.47,106.62,-17.002317565429593,12.0,67.1,tucumán,3.241636398775083,6363.719033333334
90,tucumán,90056,leales,2017,196,66352,295.3942609115023,0.2953942609115023,Noroeste,27.47,26.77,7.86512216770463,12.0,18.85,tucumán,7.043813038363922,113.356175
90,tucumán,90056,leales,2018,308,66352,464.19098143236073,0.4641909814323607,Noroeste,29.71,52.86,2.8043835398188,12.0,73.5,tucumán,0.1780967591872295,151.62908333333334
90,tucumán,90056,leales,2019,359,66352,541.0537738123945,0.5410537738123945,Noroeste,40.89,52.82,-4.095869743002778,12.0,58.49,tucumán,0.5598987884553264,235.28336666666667
90,tucumán,90056,leales,2020,399,66352,601.3383168555582,0.6013383168555583,Noroeste,32.99,39.14,-22.513076245380446,12.0,35.38,tucumán,3.927721662132866,336.76238333333333
90,tucumán,90056,leales,2021,517,66352,779.1777188328912,0.7791777188328912,Noroeste,53.36,40.47,10.894768613448491,12.0,51.34,tucumán,6.653421429561512,502.7731833333333
90,tucumán,90056,leales,2022,818,66352,1232.8189052326982,1.2328189052326983,Noroeste,90.36,100.29,16.258768970195426,12.0,94.78,tucumán,5.440594288433442,869.5214
90,tucumán,90056,leales,2023,981,66352,1478.4784181335906,1.4784784181335906,Noroeste,152.68,225.08,6.451770318872274,12.0,276.35,tucumán,7.211181079487683,2036.0322583333332
90,tucumán,90056,leales,2024,954,66352,1437.786351579455,1.4377863515794551,Noroeste,145.47,106.62,-17.002317565429593,12.0,67.1,tucumán,3.241636398775083,6363.719033333334
90,tucumán,90063,lules,2017,752,93464,804.5878627064967,0.8045878627064967,Noroeste,27.47,26.77,7.86512216770463,12.0,18.85,tucumán,7.043813038363922,113.356175
90,tucumán,90063,lules,2018,782,93464,836.685782761277,0.836685782761277,Noroeste,29.71,52.86,2.8043835398188,12.0,73.5,tucumán,0.1780967591872295,151.62908333333334
90,tucumán,90063,lules,2019,938,93464,1003.5949670461354,1.0035949670461353,Noroeste,40.89,52.82,-4.095869743002778,12.0,58.49,tucumán,0.5598987884553264,235.28336666666667
90,tucumán,90063,lules,2020,751,93464,803.517932038004,0.803517932038004,Noroeste,32.99,39.14,-22.513076245380446,12.0,35.38,tucumán,3.927721662132866,336.76238333333333
90,tucumán,90063,lules,2021,888,93464,950.0984336215012,0.9500984336215011,Noroeste,53.36,40.47,10.894768613448491,12.0,51.34,tucumán,6.653421429561512,502.7731833333333
90,tucumán,90063,lules,2022,1532,93464,1639.1337841307884,1.6391337841307885,Noroeste,90.36,100.29,16.258768970195426,12.0,94.78,tucumán,5.440594288433442,869.5214
90,tucumán,90063,lules,2023,1779,93464,1903.4066592484808,1.9034066592484808,Noroeste,152.68,225.08,6.451770318872274,12.0,276.35,tucumán,7.211181079487683,2036.0322583333332
90,tucumán,90063,lules,2024,1575,93464,1685.1408028759736,1.6851408028759736,Noroeste,145.47,106.62,-17.002317565429593,12.0,67.1,tucumán,3.241636398775083,6363.719033333334
90,tucumán,90070,monteros,2017,375,77469,484.0645935793672,0.4840645935793672,Noroeste,27.47,26.77,7.86512216770463,12.0,18.85,tucumán,7.043813038363922,113.356175
90,tucumán,90070,monteros,2018,402,77469,518.9172443170817,0.5189172443170816,Noroeste,29.71,52.86,2.8043835398188,12.0,73.5,tucumán,0.1780967591872295,151.62908333333334
90,tucumán,90070,monteros,2019,466,77469,601.530934954627,0.6015309349546271,Noroeste,40.89,52.82,-4.095869743002778,12.0,58.49,tucumán,0.5598987884553264,235.28336666666667
90,tucumán,90070,monteros,2020,282,77469,364.01657437168416,0.3640165743716841,Noroeste,32.99,39.14,-22.513076245380446,12.0,35.38,tucumán,3.927721662132866,336.76238333333333
90,tucumán,90070,monteros,2021,413,77469,533.1164723954097,0.5331164723954097,Noroeste,53.36,40.47,10.894768613448491,12.0,51.34,tucumán,6.653421429561512,502.7731833333333
90,tucumán,90070,monteros,2022,862,77469,1112.7031457744388,1.1127031457744387,Noroeste,90.36,100.29,16.258768970195426,12.0,94.78,tucumán,5.440594288433442,869.5214
90,tucumán,90070,monteros,2023,929,77469,1199.1893531606192,1.199189353160619,Noroeste,152.68,225.08,6.451770318872274,12.0,276.35,tucumán,7.211181079487683,2036.0322583333332
90,tucumán,90070,monteros,2024,921,77469,1188.862641830926,1.188862641830926,Noroeste,145.47,106.62,-17.002317565429593,12.0,67.1,tucumán,3.241636398775083,6363.719033333334
90,tucumán,90077,río chico,2017,528,64927,813.2210020484544,0.8132210020484544,Noroeste,27.47,26.77,7.86512216770463,12.0,18.85,tucumán,7.043813038363922,113.356175
90,tucumán,90077,río chico,2018,747,64927,1150.5228949435518,1.150522894943552,Noroeste,29.71,52.86,2.8043835398188,12.0,73.5,tucumán,0.1780967591872295,151.62908333333334
90,tucumán,90077,río chico,2019,865,64927,1332.2654673710474,1.3322654673710477,Noroeste,40.89,52.82,-4.095869743002778,12.0,58.49,tucumán,0.5598987884553264,235.28336666666667
90,tucumán,90077,río chico,2020,812,64927,1250.6353289078504,1.2506353289078505,Noroeste,32.99,39.14,-22.513076245380446,12.0,35.38,tucumán,3.927721662132866,336.76238333333333
90,tucumán,90077,río chico,2021,561,64927,864.0473146764829,0.8640473146764829,Noroeste,53.36,40.47,10.894768613448491,12.0,51.34,tucumán,6.653421429561512,502.7731833333333
90,tucumán,90077,río chico,2022,931,64927,1433.9180926271042,1.4339180926271042,Noroeste,90.36,100.29,16.258768970195426,12.0,94.78,tucumán,5.440594288433442,869.5214
90,tucumán,90077,río chico,2023,1049,64927,1615.6606650546,1.6156606650546,Noroeste,152.68,225.08,6.451770318872274,12.0,276.35,tucumán,7.211181079487683,2036.0322583333332
90,tucumán,90077,río chico,2024,962,64927,1481.6640226716158,1.4816640226716158,Noroeste,145.47,106.62,-17.002317565429593,12.0,67.1,tucumán,3.241636398775083,6363.719033333334
90,tucumán,90084,capital,2017,17127,587289,2916.2814219234483,2.9162814219234483,Noroeste,27.47,26.77,7.86512216770463,12.0,18.85,tucumán,7.043813038363922,113.356175
90,tucumán,90084,capital,2018,15251,587289,2596.847548651516,2.596847548651516,Noroeste,29.71,52.86,2.8043835398188,12.0,73.5,tucumán,0.1780967591872295,151.62908333333334
90,tucumán,90084,capital,2019,15908,587289,2708.717513864554,2.7087175138645536,Noroeste,40.89,52.82,-4.095869743002778,12.0,58.49,tucumán,0.5598987884553264,235.28336666666667
90,tucumán,90084,capital,2020,13434,587289,2287.459836639201,2.287459836639201,Noroeste,32.99,39.14,-22.513076245380446,12.0,35.38,tucumán,3.927721662132866,336.76238333333333
90,tucumán,90084,capital,2021,13926,587289,2371.2346051092395,2.3712346051092394,Noroeste,53.36,40.47,10.894768613448491,12.0,51.34,tucumán,6.653421429561512,502.7731833333333
90,tucumán,90084,capital,2022,19540,587289,3327.1523900498737,3.3271523900498736,Noroeste,90.36,100.29,16.258768970195426,12.0,94.78,tucumán,5.440594288433442,869.5214
90,tucumán,90084,capital,2023,21347,587289,3634.837362865642,3.634837362865642,Noroeste,152.68,225.08,6.451770318872274,12.0,276.35,tucumán,7.211181079487683,2036.0322583333332
90,tucumán,90084,capital,2024,18812,587289,3203.192976541362,3.203192976541362,Noroeste,145.47,106.62,-17.002317565429593,12.0,67.1,tucumán,3.241636398775083,6363.719033333334
90,tucumán,90091,simoca,2017,117,36946,316.6783954961295,0.3166783954961295,Noroeste,27.47,26.77,7.86512216770463,12.0,18.85,tucumán,7.043813038363922,113.356175
90,tucumán,90091,simoca,2018,126,36946,341.03827207275486,0.3410382720727548,Noroeste,29.71,52.86,2.8043835398188,12.0,73.5,tucumán,0.1780967591872295,151.62908333333334
90,tucumán,90091,simoca,2019,141,36946,381.6380663671304,0.3816380663671304,Noroeste,40.89,52.82,-4.095869743002778,12.0,58.49,tucumán,0.5598987884553264,235.28336666666667
90,tucumán,90091,simoca,2020,148,36946,400.584637037839,0.400584637037839,Noroeste,32.99,39.14,-22.513076245380446,12.0,35.38,tucumán,3.927721662132866,336.76238333333333
90,tucumán,90091,simoca,2021,193,36946,522.3840199209657,0.5223840199209657,Noroeste,53.36,40.47,10.894768613448491,12.0,51.34,tucumán,6.653421429561512,502.7731833333333
90,tucumán,90091,simoca,2022,318,36946,860.7156390407622,0.8607156390407622,Noroeste,90.36,100.29,16.258768970195426,12.0,94.78,tucumán,5.440594288433442,869.5214
90,tucumán,90091,simoca,2023,377,36946,1020.408163265306,1.020408163265306,Noroeste,152.68,225.08,6.451770318872274,12.0,276.35,tucumán,7.211181079487683,2036.0322583333332
90,tucumán,90091,simoca,2024,377,36946,1020.408163265306,1.020408163265306,Noroeste,145.47,106.62,-17.002317565429593,12.0,67.1,tucumán,3.241636398775083,6363.719033333334
90,tucumán,90098,tafí del valle,2017,135,22382,603.1632561880082,0.6031632561880081,Noroeste,27.47,26.77,7.86512216770463,12.0,18.85,tucumán,7.043813038363922,113.356175
90,tucumán,90098,tafí del valle,2018,262,22382,1170.5835046019122,1.1705835046019122,Noroeste,29.71,52.86,2.8043835398188,12.0,73.5,tucumán,0.1780967591872295,151.62908333333334
90,tucumán,90098,tafí del valle,2019,204,22382,911.4466982396568,0.9114466982396568,Noroeste,40.89,52.82,-4.095869743002778,12.0,58.49,tucumán,0.5598987884553264,235.28336666666667
90,tucumán,90098,tafí del valle,2020,150,22382,670.1813957644536,0.6701813957644536,Noroeste,32.99,39.14,-22.513076245380446,12.0,35.38,tucumán,3.927721662132866,336.76238333333333
90,tucumán,90098,tafí del valle,2021,195,22382,871.2358144937897,0.8712358144937896,Noroeste,53.36,40.47,10.894768613448491,12.0,51.34,tucumán,6.653421429561512,502.7731833333333
90,tucumán,90098,tafí del valle,2022,455,22382,2032.883567152176,2.032883567152176,Noroeste,90.36,100.29,16.258768970195426,12.0,94.78,tucumán,5.440594288433442,869.5214
90,tucumán,90098,tafí del valle,2023,569,22382,2542.2214279331606,2.5422214279331605,Noroeste,152.68,225.08,6.451770318872274,12.0,276.35,tucumán,7.211181079487683,2036.0322583333332
90,tucumán,90098,tafí del valle,2024,474,22382,2117.773210615673,2.117773210615673,Noroeste,145.47,106.62,-17.002317565429593,12.0,67.1,tucumán,3.241636398775083,6363.719033333334
90,tucumán,90105,tafí viejo,2017,2573,172877,1488.3414219358272,1.4883414219358273,Noroeste,27.47,26.77,7.86512216770463,12.0,18.85,tucumán,7.043813038363922,113.356175
90,tucumán,90105,tafí viejo,2018,2527,172877,1461.7329083683776,1.4617329083683774,Noroeste,29.71,52.86,2.8043835398188,12.0,73.5,tucumán,0.1780967591872295,151.62908333333334
90,tucumán,90105,tafí viejo,2019,2909,172877,1682.6992601676336,1.6826992601676336,Noroeste,40.89,52.82,-4.095869743002778,12.0,58.49,tucumán,0.5598987884553264,235.28336666666667
90,tucumán,90105,tafí viejo,2020,2430,172877,1405.6236514978857,1.4056236514978857,Noroeste,32.99,39.14,-22.513076245380446,12.0,35.38,tucumán,3.927721662132866,336.76238333333333
90,tucumán,90105,tafí viejo,2021,2935,172877,1697.7388547927142,1.697738854792714,Noroeste,53.36,40.47,10.894768613448491,12.0,51.34,tucumán,6.653421429561512,502.7731833333333
90,tucumán,90105,tafí viejo,2022,4070,172877,2354.275004772179,2.354275004772179,Noroeste,90.36,100.29,16.258768970195426,12.0,94.78,tucumán,5.440594288433442,869.5214
90,tucumán,90105,tafí viejo,2023,4086,172877,2363.5301399260748,2.363530139926074,Noroeste,152.68,225.08,6.451770318872274,12.0,276.35,tucumán,7.211181079487683,2036.0322583333332
90,tucumán,90105,tafí viejo,2024,3477,172877,2011.2565581309248,2.0112565581309254,Noroeste,145.47,106.62,-17.002317565429593,12.0,67.1,tucumán,3.241636398775083,6363.719033333334
90,tucumán,90112,trancas,2017,280,23438,1194.641180988139,1.194641180988139,Noroeste,27.47,26.77,7.86512216770463,12.0,18.85,tucumán,7.043813038363922,113.356175
90,tucumán,90112,trancas,2018,238,23438,1015.445003839918,1.015445003839918,Noroeste,29.71,52.86,2.8043835398188,12.0,73.5,tucumán,0.1780967591872295,151.62908333333334
90,tucumán,90112,trancas,2019,190,23438,810.64937281338,0.8106493728133799,Noroeste,40.89,52.82,-4.095869743002778,12.0,58.49,tucumán,0.5598987884553264,235.28336666666667
90,tucumán,90112,trancas,2020,163,23438,695.4518303609523,0.6954518303609523,Noroeste,32.99,39.14,-22.513076245380446,12.0,35.38,tucumán,3.927721662132866,336.76238333333333
90,tucumán,90112,trancas,2021,175,23438,746.6507381175868,0.7466507381175869,Noroeste,53.36,40.47,10.894768613448491,12.0,51.34,tucumán,6.653421429561512,502.7731833333333
90,tucumán,90112,trancas,2022,365,23438,1557.3001109309669,1.5573001109309668,Noroeste,90.36,100.29,16.258768970195426,12.0,94.78,tucumán,5.440594288433442,869.5214
90,tucumán,90112,trancas,2023,410,23438,1749.2960150183462,1.749296015018346,Noroeste,152.68,225.08,6.451770318872274,12.0,276.35,tucumán,7.211181079487683,2036.0322583333332
90,tucumán,90112,trancas,2024,393,23438,1676.7642290297806,1.6767642290297806,Noroeste,145.47,106.62,-17.002317565429593,12.0,67.1,tucumán,3.241636398775083,6363.719033333334
90,tucumán,90119,yerba buena,2017,1385,102589,1350.047276023745,1.3500472760237452,Noroeste,27.47,26.77,7.86512216770463,12.0,18.85,tucumán,7.043813038363922,113.356175
90,tucumán,90119,yerba buena,2018,1223,102589,1192.1356090808956,1.1921356090808957,Noroeste,29.71,52.86,2.8043835398188,12.0,73.5,tucumán,0.1780967591872295,151.62908333333334
90,tucumán,90119,yerba buena,2019,1372,102589,1337.3753521332696,1.3373753521332696,Noroeste,40.89,52.82,-4.095869743002778,12.0,58.49,tucumán,0.5598987884553264,235.28336666666667
90,tucumán,90119,yerba buena,2020,1171,102589,1141.4479135189931,1.1414479135189932,Noroeste,32.99,39.14,-22.513076245380446,12.0,35.38,tucumán,3.927721662132866,336.76238333333333
90,tucumán,90119,yerba buena,2021,1474,102589,1436.8012165046937,1.4368012165046935,Noroeste,53.36,40.47,10.894768613448491,12.0,51.34,tucumán,6.653421429561512,502.7731833333333
90,tucumán,90119,yerba buena,2022,2254,102589,2197.116649933229,2.197116649933229,Noroeste,90.36,100.29,16.258768970195426,12.0,94.78,tucumán,5.440594288433442,869.5214
90,tucumán,90119,yerba buena,2023,2414,102589,2353.0787901236977,2.3530787901236976,Noroeste,152.68,225.08,6.451770318872274,12.0,276.35,tucumán,7.211181079487683,2036.0322583333332
90,tucumán,90119,yerba buena,2024,1805,102589,1759.4478940237257,1.7594478940237257,Noroeste,145.47,106.62,-17.002317565429593,12.0,67.1,tucumán,3.241636398775083,6363.719033333334
94,"tierra del fuego, antártida e islas del atlántico sur",94007,río grande,2017,2223,98922,2247.2250864317343,2.2472250864317345,Patagonia,27.47,26.77,7.86512216770463,12.0,18.85,"tierra del fuego, antártida e islas del atlántico sur",-4.63618465755652,112.690775
94,"tierra del fuego, antártida e islas del atlántico sur",94007,río grande,2018,2245,98922,2269.4648308768524,2.269464830876853,Patagonia,29.71,52.86,2.8043835398188,12.0,73.5,"tierra del fuego, antártida e islas del atlántico sur",0.3276372361545876,151.49149166666666
94,"tierra del fuego, antártida e islas del atlántico sur",94007,río grande,2019,2185,98922,2208.810982390166,2.208810982390166,Patagonia,40.89,52.82,-4.095869743002778,12.0,58.49,"tierra del fuego, antártida e islas del atlántico sur",-1.198829699412418,233.9737583333333
94,"tierra del fuego, antártida e islas del atlántico sur",94007,río grande,2020,1657,98922,1675.057115707325,1.6750571157073249,Patagonia,32.99,39.14,-22.513076245380446,12.0,35.38,"tierra del fuego, antártida e islas del atlántico sur",-2.48757441527564,329.6104833333333
94,"tierra del fuego, antártida e islas del atlántico sur",94007,río grande,2021,1838,98922,1858.0295586421623,1.858029558642163,Patagonia,53.36,40.47,10.894768613448491,12.0,51.34,"tierra del fuego, antártida e islas del atlántico sur",6.29662298387097,485.76885833333336
94,"tierra del fuego, antártida e islas del atlántico sur",94007,río grande,2022,2263,98922,2287.660985422858,2.2876609854228582,Patagonia,90.36,100.29,16.258768970195426,12.0,94.78,"tierra del fuego, antártida e islas del atlántico sur",6.987931108534129,835.4642916666667
94,"tierra del fuego, antártida e islas del atlántico sur",94007,río grande,2023,2413,98922,2439.2956066395745,2.4392956066395746,Patagonia,152.68,225.08,6.451770318872274,12.0,276.35,"tierra del fuego, antártida e islas del atlántico sur",3.2045367731319496,1928.9852666666663
94,"tierra del fuego, antártida e islas del atlántico sur",94007,río grande,2024,2573,98922,2601.039202604072,2.601039202604072,Patagonia,145.47,106.62,-17.002317565429593,12.0,67.1,"tierra del fuego, antártida e islas del atlántico sur",2.1461353619788515,6248.453975
94,"tierra del fuego, antártida e islas del atlántico sur",94014,ushuaia,2017,855,80009,1068.6297791498455,1.0686297791498456,Patagonia,27.47,26.77,7.86512216770463,12.0,18.85,"tierra del fuego, antártida e islas del atlántico sur",-4.63618465755652,112.690775
94,"tierra del fuego, antártida e islas del atlántico sur",94014,ushuaia,2018,818,80009,1022.38498168956,1.02238498168956,Patagonia,29.71,52.86,2.8043835398188,12.0,73.5,"tierra del fuego, antártida e islas del atlántico sur",0.3276372361545876,151.49149166666666
94,"tierra del fuego, antártida e islas del atlántico sur",94014,ushuaia,2019,944,80009,1179.8672649326952,1.1798672649326951,Patagonia,40.89,52.82,-4.095869743002778,12.0,58.49,"tierra del fuego, antártida e islas del atlántico sur",-1.198829699412418,233.9737583333333
94,"tierra del fuego, antártida e islas del atlántico sur",94014,ushuaia,2020,735,80009,918.6466522516216,0.9186466522516216,Patagonia,32.99,39.14,-22.513076245380446,12.0,35.38,"tierra del fuego, antártida e islas del atlántico sur",-2.48757441527564,329.6104833333333
94,"tierra del fuego, antártida e islas del atlántico sur",94014,ushuaia,2021,921,80009,1151.1204989438688,1.1511204989438688,Patagonia,53.36,40.47,10.894768613448491,12.0,51.34,"tierra del fuego, antártida e islas del atlántico sur",6.29662298387097,485.76885833333336
94,"tierra del fuego, antártida e islas del atlántico sur",94014,ushuaia,2022,1427,80009,1783.5493506980465,1.7835493506980464,Patagonia,90.36,100.29,16.258768970195426,12.0,94.78,"tierra del fuego, antártida e islas del atlántico sur",6.987931108534129,835.4642916666667
94,"tierra del fuego, antártida e islas del atlántico sur",94014,ushuaia,2023,1508,80009,1884.787961354348,1.884787961354348,Patagonia,152.68,225.08,6.451770318872274,12.0,276.35,"tierra del fuego, antártida e islas del atlántico sur",3.2045367731319496,1928.9852666666663
94,"tierra del fuego, antártida e islas del atlántico sur",94014,ushuaia,2024,1758,80009,2197.252809058981,2.197252809058981,Patagonia,145.47,106.62,-17.002317565429593,12.0,67.1,"tierra del fuego, antártida e islas del atlántico sur",2.1461353619788515,6248.453975
