provincia_id,provincia_nombre,departamento_id,departamento_nombre,anio,delitos_propiedad_hechos,delitos_propiedad_victimas
2,Ciudad Autónoma de Buenos Aires,2001,Comuna 1,2000,0,0.0
2,Ciudad Autónoma de Buenos Aires,2001,Comuna 1,2001,0,0.0
2,Ciudad Autónoma de Buenos Aires,2001,Comuna 1,2002,0,0.0
2,Ciudad Autónoma de Buenos Aires,2001,Comuna 1,2003,0,0.0
2,Ciudad Autónoma de Buenos Aires,2001,Comuna 1,2004,0,0.0
2,Ciudad Autónoma de Buenos Aires,2001,Comuna 1,2005,0,0.0
2,Ciudad Autónoma de Buenos Aires,2001,Comuna 1,2006,0,0.0
2,Ciudad Autónoma de Buenos Aires,2001,Comuna 1,2007,0,0.0
2,Ciudad Autónoma de Buenos Aires,2001,Comuna 1,2008,0,0.0
2,Ciudad Autónoma de Buenos Aires,2001,Comuna 1,2009,0,0.0
2,Ciudad Autónoma de Buenos Aires,2001,Comuna 1,2010,0,0.0
2,Ciudad Autónoma de Buenos Aires,2001,Comuna 1,2011,0,0.0
2,Ciudad Autónoma de Buenos Aires,2001,Comuna 1,2012,0,0.0
2,Ciudad Autónoma de Buenos Aires,2001,Comuna 1,2013,0,0.0
2,Ciudad Autónoma de Buenos Aires,2001,Comuna 1,2014,0,0.0
2,Ciudad Autónoma de Buenos Aires,2001,Comuna 1,2015,0,0.0
2,Ciudad Autónoma de Buenos Aires,2001,Comuna 1,2016,0,0.0
2,Ciudad Autónoma de Buenos Aires,2001,Comuna 1,2017,17609,0.0
2,Ciudad Autónoma de Buenos Aires,2001,Comuna 1,2018,18374,0.0
2,Ciudad Autónoma de Buenos Aires,2001,Comuna 1,2019,21721,0.0
2,Ciudad Autónoma de Buenos Aires,2001,Comuna 1,2020,9773,0.0
2,Ciudad Autónoma de Buenos Aires,2001,Comuna 1,2021,13012,0.0
2,Ciudad Autónoma de Buenos Aires,2001,Comuna 1,2022,20959,0.0
2,Ciudad Autónoma de Buenos Aires,2001,Comuna 1,2023,23541,0.0
2,Ciudad Autónoma de Buenos Aires,2001,Comuna 1,2024,24297,0.0
2,Ciudad Autónoma de Buenos Aires,2002,Comuna 2,2000,0,0.0
2,Ciudad Autónoma de Buenos Aires,2002,Comuna 2,2001,0,0.0
2,Ciudad Autónoma de Buenos Aires,2002,Comuna 2,2002,0,0.0
2,Ciudad Autónoma de Buenos Aires,2002,Comuna 2,2003,0,0.0
2,Ciudad Autónoma de Buenos Aires,2002,Comuna 2,2004,0,0.0
2,Ciudad Autónoma de Buenos Aires,2002,Comuna 2,2005,0,0.0
2,Ciudad Autónoma de Buenos Aires,2002,Comuna 2,2006,0,0.0
2,Ciudad Autónoma de Buenos Aires,2002,Comuna 2,2007,0,0.0
2,Ciudad Autónoma de Buenos Aires,2002,Comuna 2,2008,0,0.0
2,Ciudad Autónoma de Buenos Aires,2002,Comuna 2,2009,0,0.0
2,Ciudad Autónoma de Buenos Aires,2002,Comuna 2,2010,0,0.0
2,Ciudad Autónoma de Buenos Aires,2002,Comuna 2,2011,0,0.0
2,Ciudad Autónoma de Buenos Aires,2002,Comuna 2,2012,0,0.0
2,Ciudad Autónoma de Buenos Aires,2002,Comuna 2,2013,0,0.0
2,Ciudad Autónoma de Buenos Aires,2002,Comuna 2,2014,0,0.0
2,Ciudad Autónoma de Buenos Aires,2002,Comuna 2,2015,0,0.0
2,Ciudad Autónoma de Buenos Aires,2002,Comuna 2,2016,0,0.0
2,Ciudad Autónoma de Buenos Aires,2002,Comuna 2,2017,5747,0.0
2,Ciudad Autónoma de Buenos Aires,2002,Comuna 2,2018,6514,0.0
2,Ciudad Autónoma de Buenos Aires,2002,Comuna 2,2019,7062,0.0
2,Ciudad Autónoma de Buenos Aires,2002,Comuna 2,2020,3801,0.0
2,Ciudad Autónoma de Buenos Aires,2002,Comuna 2,2021,6055,0.0
2,Ciudad Autónoma de Buenos Aires,2002,Comuna 2,2022,7858,0.0
2,Ciudad Autónoma de Buenos Aires,2002,Comuna 2,2023,8690,0.0
2,Ciudad Autónoma de Buenos Aires,2002,Comuna 2,2024,8829,0.0
2,Ciudad Autónoma de Buenos Aires,2003,Comuna 3,2000,0,0.0
2,Ciudad Autónoma de Buenos Aires,2003,Comuna 3,2001,0,0.0
2,Ciudad Autónoma de Buenos Aires,2003,Comuna 3,2002,0,0.0
2,Ciudad Autónoma de Buenos Aires,2003,Comuna 3,2003,0,0.0
2,Ciudad Autónoma de Buenos Aires,2003,Comuna 3,2004,0,0.0
2,Ciudad Autónoma de Buenos Aires,2003,Comuna 3,2005,0,0.0
2,Ciudad Autónoma de Buenos Aires,2003,Comuna 3,2006,0,0.0
2,Ciudad Autónoma de Buenos Aires,2003,Comuna 3,2007,0,0.0
2,Ciudad Autónoma de Buenos Aires,2003,Comuna 3,2008,0,0.0
2,Ciudad Autónoma de Buenos Aires,2003,Comuna 3,2009,0,0.0
2,Ciudad Autónoma de Buenos Aires,2003,Comuna 3,2010,0,0.0
2,Ciudad Autónoma de Buenos Aires,2003,Comuna 3,2011,0,0.0
2,Ciudad Autónoma de Buenos Aires,2003,Comuna 3,2012,0,0.0
2,Ciudad Autónoma de Buenos Aires,2003,Comuna 3,2013,0,0.0
2,Ciudad Autónoma de Buenos Aires,2003,Comuna 3,2014,0,0.0
2,Ciudad Autónoma de Buenos Aires,2003,Comuna 3,2015,0,0.0
2,Ciudad Autónoma de Buenos Aires,2003,Comuna 3,2016,0,0.0
2,Ciudad Autónoma de Buenos Aires,2003,Comuna 3,2017,9591,0.0
2,Ciudad Autónoma de Buenos Aires,2003,Comuna 3,2018,10465,0.0
2,Ciudad Autónoma de Buenos Aires,2003,Comuna 3,2019,11494,0.0
2,Ciudad Autónoma de Buenos Aires,2003,Comuna 3,2020,6744,0.0
2,Ciudad Autónoma de Buenos Aires,2003,Comuna 3,2021,8854,0.0
2,Ciudad Autónoma de Buenos Aires,2003,Comuna 3,2022,11884,0.0
2,Ciudad Autónoma de Buenos Aires,2003,Comuna 3,2023,12945,0.0
2,Ciudad Autónoma de Buenos Aires,2003,Comuna 3,2024,13277,0.0
2,Ciudad Autónoma de Buenos Aires,2004,Comuna 4,2000,0,0.0
2,Ciudad Autónoma de Buenos Aires,2004,Comuna 4,2001,0,0.0
2,Ciudad Autónoma de Buenos Aires,2004,Comuna 4,2002,0,0.0
2,Ciudad Autónoma de Buenos Aires,2004,Comuna 4,2003,0,0.0
2,Ciudad Autónoma de Buenos Aires,2004,Comuna 4,2004,0,0.0
2,Ciudad Autónoma de Buenos Aires,2004,Comuna 4,2005,0,0.0
2,Ciudad Autónoma de Buenos Aires,2004,Comuna 4,2006,0,0.0
2,Ciudad Autónoma de Buenos Aires,2004,Comuna 4,2007,0,0.0
2,Ciudad Autónoma de Buenos Aires,2004,Comuna 4,2008,0,0.0
2,Ciudad Autónoma de Buenos Aires,2004,Comuna 4,2009,0,0.0
2,Ciudad Autónoma de Buenos Aires,2004,Comuna 4,2010,0,0.0
2,Ciudad Autónoma de Buenos Aires,2004,Comuna 4,2011,0,0.0
2,Ciudad Autónoma de Buenos Aires,2004,Comuna 4,2012,0,0.0
2,Ciudad Autónoma de Buenos Aires,2004,Comuna 4,2013,0,0.0
2,Ciudad Autónoma de Buenos Aires,2004,Comuna 4,2014,0,0.0
2,Ciudad Autónoma de Buenos Aires,2004,Comuna 4,2015,0,0.0
2,Ciudad Autónoma de Buenos Aires,2004,Comuna 4,2016,0,0.0
2,Ciudad Autónoma de Buenos Aires,2004,Comuna 4,2017,11007,0.0
2,Ciudad Autónoma de Buenos Aires,2004,Comuna 4,2018,10603,0.0
2,Ciudad Autónoma de Buenos Aires,2004,Comuna 4,2019,10936,0.0
2,Ciudad Autónoma de Buenos Aires,2004,Comuna 4,2020,7668,0.0
2,Ciudad Autónoma de Buenos Aires,2004,Comuna 4,2021,9351,0.0
2,Ciudad Autónoma de Buenos Aires,2004,Comuna 4,2022,11481,0.0
2,Ciudad Autónoma de Buenos Aires,2004,Comuna 4,2023,14017,0.0
2,Ciudad Autónoma de Buenos Aires,2004,Comuna 4,2024,15149,0.0
2,Ciudad Autónoma de Buenos Aires,2005,Comuna 5,2000,0,0.0
2,Ciudad Autónoma de Buenos Aires,2005,Comuna 5,2001,0,0.0
2,Ciudad Autónoma de Buenos Aires,2005,Comuna 5,2002,0,0.0
2,Ciudad Autónoma de Buenos Aires,2005,Comuna 5,2003,0,0.0
2,Ciudad Autónoma de Buenos Aires,2005,Comuna 5,2004,0,0.0
2,Ciudad Autónoma de Buenos Aires,2005,Comuna 5,2005,0,0.0
2,Ciudad Autónoma de Buenos Aires,2005,Comuna 5,2006,0,0.0
2,Ciudad Autónoma de Buenos Aires,2005,Comuna 5,2007,0,0.0
2,Ciudad Autónoma de Buenos Aires,2005,Comuna 5,2008,0,0.0
2,Ciudad Autónoma de Buenos Aires,2005,Comuna 5,2009,0,0.0
2,Ciudad Autónoma de Buenos Aires,2005,Comuna 5,2010,0,0.0
2,Ciudad Autónoma de Buenos Aires,2005,Comuna 5,2011,0,0.0
2,Ciudad Autónoma de Buenos Aires,2005,Comuna 5,2012,0,0.0
2,Ciudad Autónoma de Buenos Aires,2005,Comuna 5,2013,0,0.0
2,Ciudad Autónoma de Buenos Aires,2005,Comuna 5,2014,0,0.0
2,Ciudad Autónoma de Buenos Aires,2005,Comuna 5,2015,0,0.0
2,Ciudad Autónoma de Buenos Aires,2005,Comuna 5,2016,0,0.0
2,Ciudad Autónoma de Buenos Aires,2005,Comuna 5,2017,7029,0.0
2,Ciudad Autónoma de Buenos Aires,2005,Comuna 5,2018,7504,0.0
2,Ciudad Autónoma de Buenos Aires,2005,Comuna 5,2019,7395,0.0
2,Ciudad Autónoma de Buenos Aires,2005,Comuna 5,2020,4406,0.0
2,Ciudad Autónoma de Buenos Aires,2005,Comuna 5,2021,6056,0.0
2,Ciudad Autónoma de Buenos Aires,2005,Comuna 5,2022,7771,0.0
2,Ciudad Autónoma de Buenos Aires,2005,Comuna 5,2023,8375,0.0
2,Ciudad Autónoma de Buenos Aires,2005,Comuna 5,2024,9219,0.0
2,Ciudad Autónoma de Buenos Aires,2006,Comuna 6,2000,0,0.0
2,Ciudad Autónoma de Buenos Aires,2006,Comuna 6,2001,0,0.0
2,Ciudad Autónoma de Buenos Aires,2006,Comuna 6,2002,0,0.0
2,Ciudad Autónoma de Buenos Aires,2006,Comuna 6,2003,0,0.0
2,Ciudad Autónoma de Buenos Aires,2006,Comuna 6,2004,0,0.0
2,Ciudad Autónoma de Buenos Aires,2006,Comuna 6,2005,0,0.0
2,Ciudad Autónoma de Buenos Aires,2006,Comuna 6,2006,0,0.0
2,Ciudad Autónoma de Buenos Aires,2006,Comuna 6,2007,0,0.0
2,Ciudad Autónoma de Buenos Aires,2006,Comuna 6,2008,0,0.0
2,Ciudad Autónoma de Buenos Aires,2006,Comuna 6,2009,0,0.0
2,Ciudad Autónoma de Buenos Aires,2006,Comuna 6,2010,0,0.0
2,Ciudad Autónoma de Buenos Aires,2006,Comuna 6,2011,0,0.0
2,Ciudad Autónoma de Buenos Aires,2006,Comuna 6,2012,0,0.0
2,Ciudad Autónoma de Buenos Aires,2006,Comuna 6,2013,0,0.0
2,Ciudad Autónoma de Buenos Aires,2006,Comuna 6,2014,0,0.0
2,Ciudad Autónoma de Buenos Aires,2006,Comuna 6,2015,0,0.0
2,Ciudad Autónoma de Buenos Aires,2006,Comuna 6,2016,0,0.0
2,Ciudad Autónoma de Buenos Aires,2006,Comuna 6,2017,5782,0.0
2,Ciudad Autónoma de Buenos Aires,2006,Comuna 6,2018,5810,0.0
2,Ciudad Autónoma de Buenos Aires,2006,Comuna 6,2019,5410,0.0
2,Ciudad Autónoma de Buenos Aires,2006,Comuna 6,2020,3536,0.0
2,Ciudad Autónoma de Buenos Aires,2006,Comuna 6,2021,5219,0.0
2,Ciudad Autónoma de Buenos Aires,2006,Comuna 6,2022,6536,0.0
2,Ciudad Autónoma de Buenos Aires,2006,Comuna 6,2023,7076,0.0
2,Ciudad Autónoma de Buenos Aires,2006,Comuna 6,2024,8297,0.0
2,Ciudad Autónoma de Buenos Aires,2007,Comuna 7,2000,0,0.0
2,Ciudad Autónoma de Buenos Aires,2007,Comuna 7,2001,0,0.0
2,Ciudad Autónoma de Buenos Aires,2007,Comuna 7,2002,0,0.0
2,Ciudad Autónoma de Buenos Aires,2007,Comuna 7,2003,0,0.0
2,Ciudad Autónoma de Buenos Aires,2007,Comuna 7,2004,0,0.0
2,Ciudad Autónoma de Buenos Aires,2007,Comuna 7,2005,0,0.0
2,Ciudad Autónoma de Buenos Aires,2007,Comuna 7,2006,0,0.0
2,Ciudad Autónoma de Buenos Aires,2007,Comuna 7,2007,0,0.0
2,Ciudad Autónoma de Buenos Aires,2007,Comuna 7,2008,0,0.0
2,Ciudad Autónoma de Buenos Aires,2007,Comuna 7,2009,0,0.0
2,Ciudad Autónoma de Buenos Aires,2007,Comuna 7,2010,0,0.0
2,Ciudad Autónoma de Buenos Aires,2007,Comuna 7,2011,0,0.0
2,Ciudad Autónoma de Buenos Aires,2007,Comuna 7,2012,0,0.0
2,Ciudad Autónoma de Buenos Aires,2007,Comuna 7,2013,0,0.0
2,Ciudad Autónoma de Buenos Aires,2007,Comuna 7,2014,0,0.0
2,Ciudad Autónoma de Buenos Aires,2007,Comuna 7,2015,0,0.0
2,Ciudad Autónoma de Buenos Aires,2007,Comuna 7,2016,0,0.0
2,Ciudad Autónoma de Buenos Aires,2007,Comuna 7,2017,8877,0.0
2,Ciudad Autónoma de Buenos Aires,2007,Comuna 7,2018,9269,0.0
2,Ciudad Autónoma de Buenos Aires,2007,Comuna 7,2019,8466,0.0
2,Ciudad Autónoma de Buenos Aires,2007,Comuna 7,2020,5665,0.0
2,Ciudad Autónoma de Buenos Aires,2007,Comuna 7,2021,7984,0.0
2,Ciudad Autónoma de Buenos Aires,2007,Comuna 7,2022,10792,0.0
2,Ciudad Autónoma de Buenos Aires,2007,Comuna 7,2023,11701,0.0
2,Ciudad Autónoma de Buenos Aires,2007,Comuna 7,2024,13581,0.0
2,Ciudad Autónoma de Buenos Aires,2008,Comuna 8,2000,0,0.0
2,Ciudad Autónoma de Buenos Aires,2008,Comuna 8,2001,0,0.0
2,Ciudad Autónoma de Buenos Aires,2008,Comuna 8,2002,0,0.0
2,Ciudad Autónoma de Buenos Aires,2008,Comuna 8,2003,0,0.0
2,Ciudad Autónoma de Buenos Aires,2008,Comuna 8,2004,0,0.0
2,Ciudad Autónoma de Buenos Aires,2008,Comuna 8,2005,0,0.0
2,Ciudad Autónoma de Buenos Aires,2008,Comuna 8,2006,0,0.0
2,Ciudad Autónoma de Buenos Aires,2008,Comuna 8,2007,0,0.0
2,Ciudad Autónoma de Buenos Aires,2008,Comuna 8,2008,0,0.0
2,Ciudad Autónoma de Buenos Aires,2008,Comuna 8,2009,0,0.0
2,Ciudad Autónoma de Buenos Aires,2008,Comuna 8,2010,0,0.0
2,Ciudad Autónoma de Buenos Aires,2008,Comuna 8,2011,0,0.0
2,Ciudad Autónoma de Buenos Aires,2008,Comuna 8,2012,0,0.0
2,Ciudad Autónoma de Buenos Aires,2008,Comuna 8,2013,0,0.0
2,Ciudad Autónoma de Buenos Aires,2008,Comuna 8,2014,0,0.0
2,Ciudad Autónoma de Buenos Aires,2008,Comuna 8,2015,0,0.0
2,Ciudad Autónoma de Buenos Aires,2008,Comuna 8,2016,0,0.0
2,Ciudad Autónoma de Buenos Aires,2008,Comuna 8,2017,6001,0.0
2,Ciudad Autónoma de Buenos Aires,2008,Comuna 8,2018,6187,0.0
2,Ciudad Autónoma de Buenos Aires,2008,Comuna 8,2019,6523,0.0
2,Ciudad Autónoma de Buenos Aires,2008,Comuna 8,2020,4920,0.0
2,Ciudad Autónoma de Buenos Aires,2008,Comuna 8,2021,6593,0.0
2,Ciudad Autónoma de Buenos Aires,2008,Comuna 8,2022,7791,0.0
2,Ciudad Autónoma de Buenos Aires,2008,Comuna 8,2023,9398,0.0
2,Ciudad Autónoma de Buenos Aires,2008,Comuna 8,2024,9835,0.0
2,Ciudad Autónoma de Buenos Aires,2009,Comuna 9,2000,0,0.0
2,Ciudad Autónoma de Buenos Aires,2009,Comuna 9,2001,0,0.0
2,Ciudad Autónoma de Buenos Aires,2009,Comuna 9,2002,0,0.0
2,Ciudad Autónoma de Buenos Aires,2009,Comuna 9,2003,0,0.0
2,Ciudad Autónoma de Buenos Aires,2009,Comuna 9,2004,0,0.0
2,Ciudad Autónoma de Buenos Aires,2009,Comuna 9,2005,0,0.0
2,Ciudad Autónoma de Buenos Aires,2009,Comuna 9,2006,0,0.0
2,Ciudad Autónoma de Buenos Aires,2009,Comuna 9,2007,0,0.0
2,Ciudad Autónoma de Buenos Aires,2009,Comuna 9,2008,0,0.0
2,Ciudad Autónoma de Buenos Aires,2009,Comuna 9,2009,0,0.0
2,Ciudad Autónoma de Buenos Aires,2009,Comuna 9,2010,0,0.0
2,Ciudad Autónoma de Buenos Aires,2009,Comuna 9,2011,0,0.0
2,Ciudad Autónoma de Buenos Aires,2009,Comuna 9,2012,0,0.0
2,Ciudad Autónoma de Buenos Aires,2009,Comuna 9,2013,0,0.0
2,Ciudad Autónoma de Buenos Aires,2009,Comuna 9,2014,0,0.0
2,Ciudad Autónoma de Buenos Aires,2009,Comuna 9,2015,0,0.0
2,Ciudad Autónoma de Buenos Aires,2009,Comuna 9,2016,0,0.0
2,Ciudad Autónoma de Buenos Aires,2009,Comuna 9,2017,7239,0.0
2,Ciudad Autónoma de Buenos Aires,2009,Comuna 9,2018,7019,0.0
2,Ciudad Autónoma de Buenos Aires,2009,Comuna 9,2019,6500,0.0
2,Ciudad Autónoma de Buenos Aires,2009,Comuna 9,2020,4138,0.0
2,Ciudad Autónoma de Buenos Aires,2009,Comuna 9,2021,5825,0.0
2,Ciudad Autónoma de Buenos Aires,2009,Comuna 9,2022,7483,0.0
2,Ciudad Autónoma de Buenos Aires,2009,Comuna 9,2023,9373,0.0
2,Ciudad Autónoma de Buenos Aires,2009,Comuna 9,2024,8878,0.0
2,Ciudad Autónoma de Buenos Aires,2010,Comuna 10,2000,0,0.0
2,Ciudad Autónoma de Buenos Aires,2010,Comuna 10,2001,0,0.0
2,Ciudad Autónoma de Buenos Aires,2010,Comuna 10,2002,0,0.0
2,Ciudad Autónoma de Buenos Aires,2010,Comuna 10,2003,0,0.0
2,Ciudad Autónoma de Buenos Aires,2010,Comuna 10,2004,0,0.0
2,Ciudad Autónoma de Buenos Aires,2010,Comuna 10,2005,0,0.0
2,Ciudad Autónoma de Buenos Aires,2010,Comuna 10,2006,0,0.0
2,Ciudad Autónoma de Buenos Aires,2010,Comuna 10,2007,0,0.0
2,Ciudad Autónoma de Buenos Aires,2010,Comuna 10,2008,0,0.0
2,Ciudad Autónoma de Buenos Aires,2010,Comuna 10,2009,0,0.0
2,Ciudad Autónoma de Buenos Aires,2010,Comuna 10,2010,0,0.0
2,Ciudad Autónoma de Buenos Aires,2010,Comuna 10,2011,0,0.0
2,Ciudad Autónoma de Buenos Aires,2010,Comuna 10,2012,0,0.0
2,Ciudad Autónoma de Buenos Aires,2010,Comuna 10,2013,0,0.0
2,Ciudad Autónoma de Buenos Aires,2010,Comuna 10,2014,0,0.0
2,Ciudad Autónoma de Buenos Aires,2010,Comuna 10,2015,0,0.0
2,Ciudad Autónoma de Buenos Aires,2010,Comuna 10,2016,0,0.0
2,Ciudad Autónoma de Buenos Aires,2010,Comuna 10,2017,6267,0.0
2,Ciudad Autónoma de Buenos Aires,2010,Comuna 10,2018,5979,0.0
2,Ciudad Autónoma de Buenos Aires,2010,Comuna 10,2019,5699,0.0
2,Ciudad Autónoma de Buenos Aires,2010,Comuna 10,2020,3119,0.0
2,Ciudad Autónoma de Buenos Aires,2010,Comuna 10,2021,5034,0.0
2,Ciudad Autónoma de Buenos Aires,2010,Comuna 10,2022,6291,0.0
2,Ciudad Autónoma de Buenos Aires,2010,Comuna 10,2023,7372,0.0
2,Ciudad Autónoma de Buenos Aires,2010,Comuna 10,2024,8161,0.0
2,Ciudad Autónoma de Buenos Aires,2011,Comuna 11,2000,0,0.0
2,Ciudad Autónoma de Buenos Aires,2011,Comuna 11,2001,0,0.0
2,Ciudad Autónoma de Buenos Aires,2011,Comuna 11,2002,0,0.0
2,Ciudad Autónoma de Buenos Aires,2011,Comuna 11,2003,0,0.0
2,Ciudad Autónoma de Buenos Aires,2011,Comuna 11,2004,0,0.0
2,Ciudad Autónoma de Buenos Aires,2011,Comuna 11,2005,0,0.0
2,Ciudad Autónoma de Buenos Aires,2011,Comuna 11,2006,0,0.0
2,Ciudad Autónoma de Buenos Aires,2011,Comuna 11,2007,0,0.0
2,Ciudad Autónoma de Buenos Aires,2011,Comuna 11,2008,0,0.0
2,Ciudad Autónoma de Buenos Aires,2011,Comuna 11,2009,0,0.0
2,Ciudad Autónoma de Buenos Aires,2011,Comuna 11,2010,0,0.0
2,Ciudad Autónoma de Buenos Aires,2011,Comuna 11,2011,0,0.0
2,Ciudad Autónoma de Buenos Aires,2011,Comuna 11,2012,0,0.0
2,Ciudad Autónoma de Buenos Aires,2011,Comuna 11,2013,0,0.0
2,Ciudad Autónoma de Buenos Aires,2011,Comuna 11,2014,0,0.0
2,Ciudad Autónoma de Buenos Aires,2011,Comuna 11,2015,0,0.0
2,Ciudad Autónoma de Buenos Aires,2011,Comuna 11,2016,0,0.0
2,Ciudad Autónoma de Buenos Aires,2011,Comuna 11,2017,6470,0.0
2,Ciudad Autónoma de Buenos Aires,2011,Comuna 11,2018,6243,0.0
2,Ciudad Autónoma de Buenos Aires,2011,Comuna 11,2019,5851,0.0
2,Ciudad Autónoma de Buenos Aires,2011,Comuna 11,2020,3445,0.0
2,Ciudad Autónoma de Buenos Aires,2011,Comuna 11,2021,4931,0.0
2,Ciudad Autónoma de Buenos Aires,2011,Comuna 11,2022,6612,0.0
2,Ciudad Autónoma de Buenos Aires,2011,Comuna 11,2023,8168,0.0
2,Ciudad Autónoma de Buenos Aires,2011,Comuna 11,2024,8889,0.0
2,Ciudad Autónoma de Buenos Aires,2012,Comuna 12,2000,0,0.0
2,Ciudad Autónoma de Buenos Aires,2012,Comuna 12,2001,0,0.0
2,Ciudad Autónoma de Buenos Aires,2012,Comuna 12,2002,0,0.0
2,Ciudad Autónoma de Buenos Aires,2012,Comuna 12,2003,0,0.0
2,Ciudad Autónoma de Buenos Aires,2012,Comuna 12,2004,0,0.0
2,Ciudad Autónoma de Buenos Aires,2012,Comuna 12,2005,0,0.0
2,Ciudad Autónoma de Buenos Aires,2012,Comuna 12,2006,0,0.0
2,Ciudad Autónoma de Buenos Aires,2012,Comuna 12,2007,0,0.0
2,Ciudad Autónoma de Buenos Aires,2012,Comuna 12,2008,0,0.0
2,Ciudad Autónoma de Buenos Aires,2012,Comuna 12,2009,0,0.0
2,Ciudad Autónoma de Buenos Aires,2012,Comuna 12,2010,0,0.0
2,Ciudad Autónoma de Buenos Aires,2012,Comuna 12,2011,0,0.0
2,Ciudad Autónoma de Buenos Aires,2012,Comuna 12,2012,0,0.0
2,Ciudad Autónoma de Buenos Aires,2012,Comuna 12,2013,0,0.0
2,Ciudad Autónoma de Buenos Aires,2012,Comuna 12,2014,0,0.0
2,Ciudad Autónoma de Buenos Aires,2012,Comuna 12,2015,0,0.0
2,Ciudad Autónoma de Buenos Aires,2012,Comuna 12,2016,0,0.0
2,Ciudad Autónoma de Buenos Aires,2012,Comuna 12,2017,6798,0.0
2,Ciudad Autónoma de Buenos Aires,2012,Comuna 12,2018,6630,0.0
2,Ciudad Autónoma de Buenos Aires,2012,Comuna 12,2019,6716,0.0
2,Ciudad Autónoma de Buenos Aires,2012,Comuna 12,2020,3876,0.0
2,Ciudad Autónoma de Buenos Aires,2012,Comuna 12,2021,5926,0.0
2,Ciudad Autónoma de Buenos Aires,2012,Comuna 12,2022,7230,0.0
2,Ciudad Autónoma de Buenos Aires,2012,Comuna 12,2023,8034,0.0
2,Ciudad Autónoma de Buenos Aires,2012,Comuna 12,2024,9093,0.0
2,Ciudad Autónoma de Buenos Aires,2013,Comuna 13,2000,0,0.0
2,Ciudad Autónoma de Buenos Aires,2013,Comuna 13,2001,0,0.0
2,Ciudad Autónoma de Buenos Aires,2013,Comuna 13,2002,0,0.0
2,Ciudad Autónoma de Buenos Aires,2013,Comuna 13,2003,0,0.0
2,Ciudad Autónoma de Buenos Aires,2013,Comuna 13,2004,0,0.0
2,Ciudad Autónoma de Buenos Aires,2013,Comuna 13,2005,0,0.0
2,Ciudad Autónoma de Buenos Aires,2013,Comuna 13,2006,0,0.0
2,Ciudad Autónoma de Buenos Aires,2013,Comuna 13,2007,0,0.0
2,Ciudad Autónoma de Buenos Aires,2013,Comuna 13,2008,0,0.0
2,Ciudad Autónoma de Buenos Aires,2013,Comuna 13,2009,0,0.0
2,Ciudad Autónoma de Buenos Aires,2013,Comuna 13,2010,0,0.0
2,Ciudad Autónoma de Buenos Aires,2013,Comuna 13,2011,0,0.0
2,Ciudad Autónoma de Buenos Aires,2013,Comuna 13,2012,0,0.0
2,Ciudad Autónoma de Buenos Aires,2013,Comuna 13,2013,0,0.0
2,Ciudad Autónoma de Buenos Aires,2013,Comuna 13,2014,0,0.0
2,Ciudad Autónoma de Buenos Aires,2013,Comuna 13,2015,0,0.0
2,Ciudad Autónoma de Buenos Aires,2013,Comuna 13,2016,0,0.0
2,Ciudad Autónoma de Buenos Aires,2013,Comuna 13,2017,7402,0.0
2,Ciudad Autónoma de Buenos Aires,2013,Comuna 13,2018,8077,0.0
2,Ciudad Autónoma de Buenos Aires,2013,Comuna 13,2019,8371,0.0
2,Ciudad Autónoma de Buenos Aires,2013,Comuna 13,2020,4751,0.0
2,Ciudad Autónoma de Buenos Aires,2013,Comuna 13,2021,7292,0.0
2,Ciudad Autónoma de Buenos Aires,2013,Comuna 13,2022,9419,0.0
2,Ciudad Autónoma de Buenos Aires,2013,Comuna 13,2023,10164,0.0
2,Ciudad Autónoma de Buenos Aires,2013,Comuna 13,2024,11479,0.0
2,Ciudad Autónoma de Buenos Aires,2014,Comuna 14,2000,0,0.0
2,Ciudad Autónoma de Buenos Aires,2014,Comuna 14,2001,0,0.0
2,Ciudad Autónoma de Buenos Aires,2014,Comuna 14,2002,0,0.0
2,Ciudad Autónoma de Buenos Aires,2014,Comuna 14,2003,0,0.0
2,Ciudad Autónoma de Buenos Aires,2014,Comuna 14,2004,0,0.0
2,Ciudad Autónoma de Buenos Aires,2014,Comuna 14,2005,0,0.0
2,Ciudad Autónoma de Buenos Aires,2014,Comuna 14,2006,0,0.0
2,Ciudad Autónoma de Buenos Aires,2014,Comuna 14,2007,0,0.0
2,Ciudad Autónoma de Buenos Aires,2014,Comuna 14,2008,0,0.0
2,Ciudad Autónoma de Buenos Aires,2014,Comuna 14,2009,0,0.0
2,Ciudad Autónoma de Buenos Aires,2014,Comuna 14,2010,0,0.0
2,Ciudad Autónoma de Buenos Aires,2014,Comuna 14,2011,0,0.0
2,Ciudad Autónoma de Buenos Aires,2014,Comuna 14,2012,0,0.0
2,Ciudad Autónoma de Buenos Aires,2014,Comuna 14,2013,0,0.0
2,Ciudad Autónoma de Buenos Aires,2014,Comuna 14,2014,0,0.0
2,Ciudad Autónoma de Buenos Aires,2014,Comuna 14,2015,0,0.0
2,Ciudad Autónoma de Buenos Aires,2014,Comuna 14,2016,0,0.0
2,Ciudad Autónoma de Buenos Aires,2014,Comuna 14,2017,10492,0.0
2,Ciudad Autónoma de Buenos Aires,2014,Comuna 14,2018,9913,0.0
2,Ciudad Autónoma de Buenos Aires,2014,Comuna 14,2019,10961,0.0
2,Ciudad Autónoma de Buenos Aires,2014,Comuna 14,2020,6511,0.0
2,Ciudad Autónoma de Buenos Aires,2014,Comuna 14,2021,10081,0.0
2,Ciudad Autónoma de Buenos Aires,2014,Comuna 14,2022,13613,0.0
2,Ciudad Autónoma de Buenos Aires,2014,Comuna 14,2023,15534,0.0
2,Ciudad Autónoma de Buenos Aires,2014,Comuna 14,2024,15853,0.0
2,Ciudad Autónoma de Buenos Aires,2015,Comuna 15,2000,0,0.0
2,Ciudad Autónoma de Buenos Aires,2015,Comuna 15,2001,0,0.0
2,Ciudad Autónoma de Buenos Aires,2015,Comuna 15,2002,0,0.0
2,Ciudad Autónoma de Buenos Aires,2015,Comuna 15,2003,0,0.0
2,Ciudad Autónoma de Buenos Aires,2015,Comuna 15,2004,0,0.0
2,Ciudad Autónoma de Buenos Aires,2015,Comuna 15,2005,0,0.0
2,Ciudad Autónoma de Buenos Aires,2015,Comuna 15,2006,0,0.0
2,Ciudad Autónoma de Buenos Aires,2015,Comuna 15,2007,0,0.0
2,Ciudad Autónoma de Buenos Aires,2015,Comuna 15,2008,0,0.0
2,Ciudad Autónoma de Buenos Aires,2015,Comuna 15,2009,0,0.0
2,Ciudad Autónoma de Buenos Aires,2015,Comuna 15,2010,0,0.0
2,Ciudad Autónoma de Buenos Aires,2015,Comuna 15,2011,0,0.0
2,Ciudad Autónoma de Buenos Aires,2015,Comuna 15,2012,0,0.0
2,Ciudad Autónoma de Buenos Aires,2015,Comuna 15,2013,0,0.0
2,Ciudad Autónoma de Buenos Aires,2015,Comuna 15,2014,0,0.0
2,Ciudad Autónoma de Buenos Aires,2015,Comuna 15,2015,0,0.0
2,Ciudad Autónoma de Buenos Aires,2015,Comuna 15,2016,0,0.0
2,Ciudad Autónoma de Buenos Aires,2015,Comuna 15,2017,7134,0.0
2,Ciudad Autónoma de Buenos Aires,2015,Comuna 15,2018,7143,0.0
2,Ciudad Autónoma de Buenos Aires,2015,Comuna 15,2019,7260,0.0
2,Ciudad Autónoma de Buenos Aires,2015,Comuna 15,2020,4559,0.0
2,Ciudad Autónoma de Buenos Aires,2015,Comuna 15,2021,6240,0.0
2,Ciudad Autónoma de Buenos Aires,2015,Comuna 15,2022,8301,0.0
2,Ciudad Autónoma de Buenos Aires,2015,Comuna 15,2023,10370,0.0
2,Ciudad Autónoma de Buenos Aires,2015,Comuna 15,2024,11041,0.0
2,Ciudad Autónoma de Buenos Aires,2999,Departamento sin determinar,2000,143806,0.0
2,Ciudad Autónoma de Buenos Aires,2999,Departamento sin determinar,2001,142611,0.0
2,Ciudad Autónoma de Buenos Aires,2999,Departamento sin determinar,2002,144676,0.0
2,Ciudad Autónoma de Buenos Aires,2999,Departamento sin determinar,2003,135245,0.0
2,Ciudad Autónoma de Buenos Aires,2999,Departamento sin determinar,2004,131454,0.0
2,Ciudad Autónoma de Buenos Aires,2999,Departamento sin determinar,2005,134446,0.0
2,Ciudad Autónoma de Buenos Aires,2999,Departamento sin determinar,2006,146382,0.0
2,Ciudad Autónoma de Buenos Aires,2999,Departamento sin determinar,2007,151027,0.0
2,Ciudad Autónoma de Buenos Aires,2999,Departamento sin determinar,2008,156930,0.0
2,Ciudad Autónoma de Buenos Aires,2999,Departamento sin determinar,2009,153227,0.0
2,Ciudad Autónoma de Buenos Aires,2999,Departamento sin determinar,2010,148926,0.0
2,Ciudad Autónoma de Buenos Aires,2999,Departamento sin determinar,2011,148184,0.0
2,Ciudad Autónoma de Buenos Aires,2999,Departamento sin determinar,2012,146337,0.0
2,Ciudad Autónoma de Buenos Aires,2999,Departamento sin determinar,2013,134068,0.0
2,Ciudad Autónoma de Buenos Aires,2999,Departamento sin determinar,2014,137161,0.0
2,Ciudad Autónoma de Buenos Aires,2999,Departamento sin determinar,2015,116851,0.0
2,Ciudad Autónoma de Buenos Aires,2999,Departamento sin determinar,2016,124609,0.0
2,Ciudad Autónoma de Buenos Aires,2999,Departamento sin determinar,2017,449,0.0
2,Ciudad Autónoma de Buenos Aires,2999,Departamento sin determinar,2018,3975,0.0
2,Ciudad Autónoma de Buenos Aires,2999,Departamento sin determinar,2019,4179,0.0
2,Ciudad Autónoma de Buenos Aires,2999,Departamento sin determinar,2020,1530,0.0
2,Ciudad Autónoma de Buenos Aires,2999,Departamento sin determinar,2021,3507,0.0
2,Ciudad Autónoma de Buenos Aires,2999,Departamento sin determinar,2022,5406,0.0
2,Ciudad Autónoma de Buenos Aires,2999,Departamento sin determinar,2023,1344,0.0
2,Ciudad Autónoma de Buenos Aires,2999,Departamento sin determinar,2024,6835,0.0
6,Buenos Aires,6007,Adolfo Alsina,2000,105,0.0
6,Buenos Aires,6007,Adolfo Alsina,2001,55,0.0
6,Buenos Aires,6007,Adolfo Alsina,2002,101,0.0
6,Buenos Aires,6007,Adolfo Alsina,2003,109,0.0
6,Buenos Aires,6007,Adolfo Alsina,2004,142,0.0
6,Buenos Aires,6007,Adolfo Alsina,2005,60,0.0
6,Buenos Aires,6007,Adolfo Alsina,2006,54,0.0
6,Buenos Aires,6007,Adolfo Alsina,2007,114,0.0
6,Buenos Aires,6007,Adolfo Alsina,2008,111,0.0
6,Buenos Aires,6007,Adolfo Alsina,2009,113,0.0
6,Buenos Aires,6007,Adolfo Alsina,2010,135,0.0
6,Buenos Aires,6007,Adolfo Alsina,2011,153,0.0
6,Buenos Aires,6007,Adolfo Alsina,2012,131,0.0
6,Buenos Aires,6007,Adolfo Alsina,2013,99,0.0
6,Buenos Aires,6007,Adolfo Alsina,2014,66,0.0
6,Buenos Aires,6007,Adolfo Alsina,2015,67,0.0
6,Buenos Aires,6007,Adolfo Alsina,2016,50,0.0
6,Buenos Aires,6007,Adolfo Alsina,2017,29,0.0
6,Buenos Aires,6007,Adolfo Alsina,2018,63,0.0
6,Buenos Aires,6007,Adolfo Alsina,2019,117,0.0
6,Buenos Aires,6007,Adolfo Alsina,2020,95,0.0
6,Buenos Aires,6007,Adolfo Alsina,2021,115,0.0
6,Buenos Aires,6007,Adolfo Alsina,2022,96,0.0
6,Buenos Aires,6007,Adolfo Alsina,2023,120,0.0
6,Buenos Aires,6007,Adolfo Alsina,2024,85,0.0
6,Buenos Aires,6014,Adolfo Gonzales Chaves,2000,185,0.0
6,Buenos Aires,6014,Adolfo Gonzales Chaves,2001,172,0.0
6,Buenos Aires,6014,Adolfo Gonzales Chaves,2002,108,0.0
6,Buenos Aires,6014,Adolfo Gonzales Chaves,2003,65,0.0
6,Buenos Aires,6014,Adolfo Gonzales Chaves,2004,66,0.0
6,Buenos Aires,6014,Adolfo Gonzales Chaves,2005,28,0.0
6,Buenos Aires,6014,Adolfo Gonzales Chaves,2006,68,0.0
6,Buenos Aires,6014,Adolfo Gonzales Chaves,2007,64,0.0
6,Buenos Aires,6014,Adolfo Gonzales Chaves,2008,55,0.0
6,Buenos Aires,6014,Adolfo Gonzales Chaves,2009,288,0.0
6,Buenos Aires,6014,Adolfo Gonzales Chaves,2010,146,0.0
6,Buenos Aires,6014,Adolfo Gonzales Chaves,2011,170,0.0
6,Buenos Aires,6014,Adolfo Gonzales Chaves,2012,165,0.0
6,Buenos Aires,6014,Adolfo Gonzales Chaves,2013,186,0.0
6,Buenos Aires,6014,Adolfo Gonzales Chaves,2014,200,0.0
6,Buenos Aires,6014,Adolfo Gonzales Chaves,2015,160,0.0
6,Buenos Aires,6014,Adolfo Gonzales Chaves,2016,99,0.0
6,Buenos Aires,6014,Adolfo Gonzales Chaves,2017,102,0.0
6,Buenos Aires,6014,Adolfo Gonzales Chaves,2018,167,0.0
6,Buenos Aires,6014,Adolfo Gonzales Chaves,2019,163,0.0
6,Buenos Aires,6014,Adolfo Gonzales Chaves,2020,176,0.0
6,Buenos Aires,6014,Adolfo Gonzales Chaves,2021,212,0.0
6,Buenos Aires,6014,Adolfo Gonzales Chaves,2022,217,0.0
6,Buenos Aires,6014,Adolfo Gonzales Chaves,2023,199,0.0
6,Buenos Aires,6014,Adolfo Gonzales Chaves,2024,216,0.0
6,Buenos Aires,6021,Alberti,2000,38,0.0
6,Buenos Aires,6021,Alberti,2001,33,0.0
6,Buenos Aires,6021,Alberti,2002,49,0.0
6,Buenos Aires,6021,Alberti,2003,37,0.0
6,Buenos Aires,6021,Alberti,2004,63,0.0
6,Buenos Aires,6021,Alberti,2005,29,0.0
6,Buenos Aires,6021,Alberti,2006,62,0.0
6,Buenos Aires,6021,Alberti,2007,36,0.0
6,Buenos Aires,6021,Alberti,2008,61,0.0
6,Buenos Aires,6021,Alberti,2009,129,0.0
6,Buenos Aires,6021,Alberti,2010,49,0.0
6,Buenos Aires,6021,Alberti,2011,21,0.0
6,Buenos Aires,6021,Alberti,2012,57,0.0
6,Buenos Aires,6021,Alberti,2013,52,0.0
6,Buenos Aires,6021,Alberti,2014,37,0.0
6,Buenos Aires,6021,Alberti,2015,39,0.0
6,Buenos Aires,6021,Alberti,2016,29,0.0
6,Buenos Aires,6021,Alberti,2017,28,0.0
6,Buenos Aires,6021,Alberti,2018,51,0.0
6,Buenos Aires,6021,Alberti,2019,53,0.0
6,Buenos Aires,6021,Alberti,2020,65,0.0
6,Buenos Aires,6021,Alberti,2021,85,0.0
6,Buenos Aires,6021,Alberti,2022,66,0.0
6,Buenos Aires,6021,Alberti,2023,95,0.0
6,Buenos Aires,6021,Alberti,2024,87,0.0
6,Buenos Aires,6028,Almirante Brown,2000,5860,0.0
6,Buenos Aires,6028,Almirante Brown,2001,6213,0.0
6,Buenos Aires,6028,Almirante Brown,2002,8992,0.0
6,Buenos Aires,6028,Almirante Brown,2003,6586,0.0
6,Buenos Aires,6028,Almirante Brown,2004,4554,0.0
6,Buenos Aires,6028,Almirante Brown,2005,3638,0.0
6,Buenos Aires,6028,Almirante Brown,2006,3880,0.0
6,Buenos Aires,6028,Almirante Brown,2007,2683,0.0
6,Buenos Aires,6028,Almirante Brown,2008,2043,0.0
6,Buenos Aires,6028,Almirante Brown,2009,1046,0.0
6,Buenos Aires,6028,Almirante Brown,2010,2357,0.0
6,Buenos Aires,6028,Almirante Brown,2011,3975,0.0
6,Buenos Aires,6028,Almirante Brown,2012,4209,0.0
6,Buenos Aires,6028,Almirante Brown,2013,4717,0.0
6,Buenos Aires,6028,Almirante Brown,2014,3922,0.0
6,Buenos Aires,6028,Almirante Brown,2015,4441,0.0
6,Buenos Aires,6028,Almirante Brown,2016,4143,0.0
6,Buenos Aires,6028,Almirante Brown,2017,4586,0.0
6,Buenos Aires,6028,Almirante Brown,2018,4123,0.0
6,Buenos Aires,6028,Almirante Brown,2019,10102,0.0
6,Buenos Aires,6028,Almirante Brown,2020,8812,0.0
6,Buenos Aires,6028,Almirante Brown,2021,8334,0.0
6,Buenos Aires,6028,Almirante Brown,2022,7532,0.0
6,Buenos Aires,6028,Almirante Brown,2023,9513,0.0
6,Buenos Aires,6028,Almirante Brown,2024,8453,0.0
6,Buenos Aires,6035,Avellaneda,2000,5015,0.0
6,Buenos Aires,6035,Avellaneda,2001,5442,0.0
6,Buenos Aires,6035,Avellaneda,2002,7533,0.0
6,Buenos Aires,6035,Avellaneda,2003,6439,0.0
6,Buenos Aires,6035,Avellaneda,2004,5007,0.0
6,Buenos Aires,6035,Avellaneda,2005,2928,0.0
6,Buenos Aires,6035,Avellaneda,2006,3552,0.0
6,Buenos Aires,6035,Avellaneda,2007,3395,0.0
6,Buenos Aires,6035,Avellaneda,2008,4018,0.0
6,Buenos Aires,6035,Avellaneda,2009,1606,0.0
6,Buenos Aires,6035,Avellaneda,2010,3206,0.0
6,Buenos Aires,6035,Avellaneda,2011,4649,0.0
6,Buenos Aires,6035,Avellaneda,2012,4893,0.0
6,Buenos Aires,6035,Avellaneda,2013,3346,0.0
6,Buenos Aires,6035,Avellaneda,2014,3493,0.0
6,Buenos Aires,6035,Avellaneda,2015,3837,0.0
6,Buenos Aires,6035,Avellaneda,2016,5104,0.0
6,Buenos Aires,6035,Avellaneda,2017,5344,0.0
6,Buenos Aires,6035,Avellaneda,2018,6726,0.0
6,Buenos Aires,6035,Avellaneda,2019,7932,0.0
6,Buenos Aires,6035,Avellaneda,2020,5656,0.0
6,Buenos Aires,6035,Avellaneda,2021,7310,0.0
6,Buenos Aires,6035,Avellaneda,2022,6474,0.0
6,Buenos Aires,6035,Avellaneda,2023,7215,0.0
6,Buenos Aires,6035,Avellaneda,2024,6568,0.0
6,Buenos Aires,6042,Ayacucho,2000,180,0.0
6,Buenos Aires,6042,Ayacucho,2001,143,0.0
6,Buenos Aires,6042,Ayacucho,2002,114,0.0
6,Buenos Aires,6042,Ayacucho,2003,58,0.0
6,Buenos Aires,6042,Ayacucho,2004,165,0.0
6,Buenos Aires,6042,Ayacucho,2005,151,0.0
6,Buenos Aires,6042,Ayacucho,2006,119,0.0
6,Buenos Aires,6042,Ayacucho,2007,168,0.0
6,Buenos Aires,6042,Ayacucho,2008,75,0.0
6,Buenos Aires,6042,Ayacucho,2009,500,0.0
6,Buenos Aires,6042,Ayacucho,2010,184,0.0
6,Buenos Aires,6042,Ayacucho,2011,237,0.0
6,Buenos Aires,6042,Ayacucho,2012,98,0.0
6,Buenos Aires,6042,Ayacucho,2013,98,0.0
6,Buenos Aires,6042,Ayacucho,2014,112,0.0
6,Buenos Aires,6042,Ayacucho,2015,46,0.0
6,Buenos Aires,6042,Ayacucho,2016,66,0.0
6,Buenos Aires,6042,Ayacucho,2017,70,0.0
6,Buenos Aires,6042,Ayacucho,2018,74,0.0
6,Buenos Aires,6042,Ayacucho,2019,221,0.0
6,Buenos Aires,6042,Ayacucho,2020,201,0.0
6,Buenos Aires,6042,Ayacucho,2021,172,0.0
6,Buenos Aires,6042,Ayacucho,2022,66,0.0
6,Buenos Aires,6042,Ayacucho,2023,152,0.0
6,Buenos Aires,6042,Ayacucho,2024,269,0.0
6,Buenos Aires,6049,Azul,2000,503,0.0
6,Buenos Aires,6049,Azul,2001,1229,0.0
6,Buenos Aires,6049,Azul,2002,1442,0.0
6,Buenos Aires,6049,Azul,2003,992,0.0
6,Buenos Aires,6049,Azul,2004,770,0.0
6,Buenos Aires,6049,Azul,2005,238,0.0
6,Buenos Aires,6049,Azul,2006,358,0.0
6,Buenos Aires,6049,Azul,2007,451,0.0
6,Buenos Aires,6049,Azul,2008,633,0.0
6,Buenos Aires,6049,Azul,2009,296,0.0
6,Buenos Aires,6049,Azul,2010,736,0.0
6,Buenos Aires,6049,Azul,2011,636,0.0
6,Buenos Aires,6049,Azul,2012,774,0.0
6,Buenos Aires,6049,Azul,2013,634,0.0
6,Buenos Aires,6049,Azul,2014,711,0.0
6,Buenos Aires,6049,Azul,2015,547,0.0
6,Buenos Aires,6049,Azul,2016,473,0.0
6,Buenos Aires,6049,Azul,2017,297,0.0
6,Buenos Aires,6049,Azul,2018,283,0.0
6,Buenos Aires,6049,Azul,2019,609,0.0
6,Buenos Aires,6049,Azul,2020,619,0.0
6,Buenos Aires,6049,Azul,2021,604,0.0
6,Buenos Aires,6049,Azul,2022,497,0.0
6,Buenos Aires,6049,Azul,2023,595,0.0
6,Buenos Aires,6049,Azul,2024,786,0.0
6,Buenos Aires,6056,Bahía Blanca,2000,3494,0.0
6,Buenos Aires,6056,Bahía Blanca,2001,3079,0.0
6,Buenos Aires,6056,Bahía Blanca,2002,3627,0.0
6,Buenos Aires,6056,Bahía Blanca,2003,3556,0.0
6,Buenos Aires,6056,Bahía Blanca,2004,2896,0.0
6,Buenos Aires,6056,Bahía Blanca,2005,1279,0.0
6,Buenos Aires,6056,Bahía Blanca,2006,1741,0.0
6,Buenos Aires,6056,Bahía Blanca,2007,1463,0.0
6,Buenos Aires,6056,Bahía Blanca,2008,2042,0.0
6,Buenos Aires,6056,Bahía Blanca,2009,1723,0.0
6,Buenos Aires,6056,Bahía Blanca,2010,2270,0.0
6,Buenos Aires,6056,Bahía Blanca,2011,2846,0.0
6,Buenos Aires,6056,Bahía Blanca,2012,3049,0.0
6,Buenos Aires,6056,Bahía Blanca,2013,2936,0.0
6,Buenos Aires,6056,Bahía Blanca,2014,2510,0.0
6,Buenos Aires,6056,Bahía Blanca,2015,2265,0.0
6,Buenos Aires,6056,Bahía Blanca,2016,2177,0.0
6,Buenos Aires,6056,Bahía Blanca,2017,2136,0.0
6,Buenos Aires,6056,Bahía Blanca,2018,2175,0.0
6,Buenos Aires,6056,Bahía Blanca,2019,4328,0.0
6,Buenos Aires,6056,Bahía Blanca,2020,3746,0.0
6,Buenos Aires,6056,Bahía Blanca,2021,3968,0.0
6,Buenos Aires,6056,Bahía Blanca,2022,3699,0.0
6,Buenos Aires,6056,Bahía Blanca,2023,4459,0.0
6,Buenos Aires,6056,Bahía Blanca,2024,4782,0.0
6,Buenos Aires,6058,Quilmes,2023,11327,0.0
6,Buenos Aires,6058,Quilmes,2024,10789,0.0
6,Buenos Aires,6063,Balcarce,2000,956,0.0
6,Buenos Aires,6063,Balcarce,2001,571,0.0
6,Buenos Aires,6063,Balcarce,2002,1155,0.0
6,Buenos Aires,6063,Balcarce,2003,615,0.0
6,Buenos Aires,6063,Balcarce,2004,551,0.0
6,Buenos Aires,6063,Balcarce,2005,293,0.0
6,Buenos Aires,6063,Balcarce,2006,340,0.0
6,Buenos Aires,6063,Balcarce,2007,275,0.0
6,Buenos Aires,6063,Balcarce,2008,369,0.0
6,Buenos Aires,6063,Balcarce,2009,649,0.0
6,Buenos Aires,6063,Balcarce,2010,204,0.0
6,Buenos Aires,6063,Balcarce,2011,172,0.0
6,Buenos Aires,6063,Balcarce,2012,274,0.0
6,Buenos Aires,6063,Balcarce,2013,170,0.0
6,Buenos Aires,6063,Balcarce,2014,97,0.0
6,Buenos Aires,6063,Balcarce,2015,279,0.0
6,Buenos Aires,6063,Balcarce,2016,211,0.0
6,Buenos Aires,6063,Balcarce,2017,121,0.0
6,Buenos Aires,6063,Balcarce,2018,134,0.0
6,Buenos Aires,6063,Balcarce,2019,289,0.0
6,Buenos Aires,6063,Balcarce,2020,187,0.0
6,Buenos Aires,6063,Balcarce,2021,547,0.0
6,Buenos Aires,6063,Balcarce,2022,608,0.0
6,Buenos Aires,6063,Balcarce,2023,676,0.0
6,Buenos Aires,6063,Balcarce,2024,677,0.0
6,Buenos Aires,6070,Baradero,2000,408,0.0
6,Buenos Aires,6070,Baradero,2001,411,0.0
6,Buenos Aires,6070,Baradero,2002,669,0.0
6,Buenos Aires,6070,Baradero,2003,923,0.0
6,Buenos Aires,6070,Baradero,2004,430,0.0
6,Buenos Aires,6070,Baradero,2005,211,0.0
6,Buenos Aires,6070,Baradero,2006,268,0.0
6,Buenos Aires,6070,Baradero,2007,151,0.0
6,Buenos Aires,6070,Baradero,2008,228,0.0
6,Buenos Aires,6070,Baradero,2009,1562,0.0
6,Buenos Aires,6070,Baradero,2010,395,0.0
6,Buenos Aires,6070,Baradero,2011,350,0.0
6,Buenos Aires,6070,Baradero,2012,369,0.0
6,Buenos Aires,6070,Baradero,2013,197,0.0
6,Buenos Aires,6070,Baradero,2014,171,0.0
6,Buenos Aires,6070,Baradero,2015,106,0.0
6,Buenos Aires,6070,Baradero,2016,200,0.0
6,Buenos Aires,6070,Baradero,2017,150,0.0
6,Buenos Aires,6070,Baradero,2018,338,0.0
6,Buenos Aires,6070,Baradero,2019,567,0.0
6,Buenos Aires,6070,Baradero,2020,196,0.0
6,Buenos Aires,6070,Baradero,2021,226,0.0
6,Buenos Aires,6070,Baradero,2022,234,0.0
6,Buenos Aires,6070,Baradero,2023,385,0.0
6,Buenos Aires,6070,Baradero,2024,442,0.0
6,Buenos Aires,6077,Arrecifes,2000,249,0.0
6,Buenos Aires,6077,Arrecifes,2001,523,0.0
6,Buenos Aires,6077,Arrecifes,2002,940,0.0
6,Buenos Aires,6077,Arrecifes,2003,822,0.0
6,Buenos Aires,6077,Arrecifes,2004,591,0.0
6,Buenos Aires,6077,Arrecifes,2005,390,0.0
6,Buenos Aires,6077,Arrecifes,2006,299,0.0
6,Buenos Aires,6077,Arrecifes,2007,250,0.0
6,Buenos Aires,6077,Arrecifes,2008,123,0.0
6,Buenos Aires,6077,Arrecifes,2009,234,0.0
6,Buenos Aires,6077,Arrecifes,2010,261,0.0
6,Buenos Aires,6077,Arrecifes,2011,428,0.0
6,Buenos Aires,6077,Arrecifes,2012,410,0.0
6,Buenos Aires,6077,Arrecifes,2013,701,0.0
6,Buenos Aires,6077,Arrecifes,2014,821,0.0
6,Buenos Aires,6077,Arrecifes,2015,516,0.0
6,Buenos Aires,6077,Arrecifes,2016,555,0.0
6,Buenos Aires,6077,Arrecifes,2017,597,0.0
6,Buenos Aires,6077,Arrecifes,2018,378,0.0
6,Buenos Aires,6077,Arrecifes,2019,290,0.0
6,Buenos Aires,6077,Arrecifes,2020,298,0.0
6,Buenos Aires,6077,Arrecifes,2021,266,0.0
6,Buenos Aires,6077,Arrecifes,2022,241,0.0
6,Buenos Aires,6077,Arrecifes,2023,204,0.0
6,Buenos Aires,6077,Arrecifes,2024,473,0.0
6,Buenos Aires,6084,Benito Juárez,2000,220,0.0
6,Buenos Aires,6084,Benito Juárez,2001,179,0.0
6,Buenos Aires,6084,Benito Juárez,2002,185,0.0
6,Buenos Aires,6084,Benito Juárez,2003,521,0.0
6,Buenos Aires,6084,Benito Juárez,2004,357,0.0
6,Buenos Aires,6084,Benito Juárez,2005,174,0.0
6,Buenos Aires,6084,Benito Juárez,2006,211,0.0
6,Buenos Aires,6084,Benito Juárez,2007,95,0.0
6,Buenos Aires,6084,Benito Juárez,2008,139,0.0
6,Buenos Aires,6084,Benito Juárez,2009,354,0.0
6,Buenos Aires,6084,Benito Juárez,2010,283,0.0
6,Buenos Aires,6084,Benito Juárez,2011,347,0.0
6,Buenos Aires,6084,Benito Juárez,2012,248,0.0
6,Buenos Aires,6084,Benito Juárez,2013,145,0.0
6,Buenos Aires,6084,Benito Juárez,2014,139,0.0
6,Buenos Aires,6084,Benito Juárez,2015,111,0.0
6,Buenos Aires,6084,Benito Juárez,2016,90,0.0
6,Buenos Aires,6084,Benito Juárez,2017,88,0.0
6,Buenos Aires,6084,Benito Juárez,2018,130,0.0
6,Buenos Aires,6084,Benito Juárez,2019,230,0.0
6,Buenos Aires,6084,Benito Juárez,2020,151,0.0
6,Buenos Aires,6084,Benito Juárez,2021,123,0.0
6,Buenos Aires,6084,Benito Juárez,2022,188,0.0
6,Buenos Aires,6084,Benito Juárez,2023,259,0.0
6,Buenos Aires,6084,Benito Juárez,2024,294,0.0
6,Buenos Aires,6091,Berazategui,2000,2049,0.0
6,Buenos Aires,6091,Berazategui,2001,2279,0.0
6,Buenos Aires,6091,Berazategui,2002,2746,0.0
6,Buenos Aires,6091,Berazategui,2003,2491,0.0
6,Buenos Aires,6091,Berazategui,2004,2606,0.0
6,Buenos Aires,6091,Berazategui,2005,1655,0.0
6,Buenos Aires,6091,Berazategui,2006,1555,0.0
6,Buenos Aires,6091,Berazategui,2007,2052,0.0
6,Buenos Aires,6091,Berazategui,2008,2515,0.0
6,Buenos Aires,6091,Berazategui,2009,1045,0.0
6,Buenos Aires,6091,Berazategui,2010,2599,0.0
6,Buenos Aires,6091,Berazategui,2011,2743,0.0
6,Buenos Aires,6091,Berazategui,2012,3073,0.0
6,Buenos Aires,6091,Berazategui,2013,3443,0.0
6,Buenos Aires,6091,Berazategui,2014,3348,0.0
6,Buenos Aires,6091,Berazategui,2015,3060,0.0
6,Buenos Aires,6091,Berazategui,2016,2598,0.0
6,Buenos Aires,6091,Berazategui,2017,3093,0.0
6,Buenos Aires,6091,Berazategui,2018,3759,0.0
6,Buenos Aires,6091,Berazategui,2019,4279,0.0
6,Buenos Aires,6091,Berazategui,2020,3772,0.0
6,Buenos Aires,6091,Berazategui,2021,4650,0.0
6,Buenos Aires,6091,Berazategui,2022,4684,0.0
6,Buenos Aires,6091,Berazategui,2023,4689,0.0
6,Buenos Aires,6091,Berazategui,2024,5629,0.0
6,Buenos Aires,6098,Berisso,2000,835,0.0
6,Buenos Aires,6098,Berisso,2001,928,0.0
6,Buenos Aires,6098,Berisso,2002,1224,0.0
6,Buenos Aires,6098,Berisso,2003,900,0.0
6,Buenos Aires,6098,Berisso,2004,958,0.0
6,Buenos Aires,6098,Berisso,2005,628,0.0
6,Buenos Aires,6098,Berisso,2006,576,0.0
6,Buenos Aires,6098,Berisso,2007,648,0.0
6,Buenos Aires,6098,Berisso,2008,607,0.0
6,Buenos Aires,6098,Berisso,2009,2164,0.0
6,Buenos Aires,6098,Berisso,2010,586,0.0
6,Buenos Aires,6098,Berisso,2011,854,0.0
6,Buenos Aires,6098,Berisso,2012,1109,0.0
6,Buenos Aires,6098,Berisso,2013,812,0.0
6,Buenos Aires,6098,Berisso,2014,793,0.0
6,Buenos Aires,6098,Berisso,2015,606,0.0
6,Buenos Aires,6098,Berisso,2016,637,0.0
6,Buenos Aires,6098,Berisso,2017,1097,0.0
6,Buenos Aires,6098,Berisso,2018,1200,0.0
6,Buenos Aires,6098,Berisso,2019,1374,0.0
6,Buenos Aires,6098,Berisso,2020,923,0.0
6,Buenos Aires,6098,Berisso,2021,776,0.0
6,Buenos Aires,6098,Berisso,2022,930,0.0
6,Buenos Aires,6098,Berisso,2023,1108,0.0
6,Buenos Aires,6098,Berisso,2024,1253,0.0
6,Buenos Aires,6105,Bolívar,2000,245,0.0
6,Buenos Aires,6105,Bolívar,2001,183,0.0
6,Buenos Aires,6105,Bolívar,2002,285,0.0
6,Buenos Aires,6105,Bolívar,2003,344,0.0
6,Buenos Aires,6105,Bolívar,2004,264,0.0
6,Buenos Aires,6105,Bolívar,2005,350,0.0
6,Buenos Aires,6105,Bolívar,2006,487,0.0
6,Buenos Aires,6105,Bolívar,2007,244,0.0
6,Buenos Aires,6105,Bolívar,2008,216,0.0
6,Buenos Aires,6105,Bolívar,2009,298,0.0
6,Buenos Aires,6105,Bolívar,2010,228,0.0
6,Buenos Aires,6105,Bolívar,2011,262,0.0
6,Buenos Aires,6105,Bolívar,2012,273,0.0
6,Buenos Aires,6105,Bolívar,2013,209,0.0
6,Buenos Aires,6105,Bolívar,2014,176,0.0
6,Buenos Aires,6105,Bolívar,2015,161,0.0
6,Buenos Aires,6105,Bolívar,2016,154,0.0
6,Buenos Aires,6105,Bolívar,2017,118,0.0
6,Buenos Aires,6105,Bolívar,2018,180,0.0
6,Buenos Aires,6105,Bolívar,2019,404,0.0
6,Buenos Aires,6105,Bolívar,2020,459,0.0
6,Buenos Aires,6105,Bolívar,2021,461,0.0
6,Buenos Aires,6105,Bolívar,2022,485,0.0
6,Buenos Aires,6105,Bolívar,2023,472,0.0
6,Buenos Aires,6105,Bolívar,2024,396,0.0
6,Buenos Aires,6112,Bragado,2000,332,0.0
6,Buenos Aires,6112,Bragado,2001,398,0.0
6,Buenos Aires,6112,Bragado,2002,647,0.0
6,Buenos Aires,6112,Bragado,2003,131,0.0
6,Buenos Aires,6112,Bragado,2004,323,0.0
6,Buenos Aires,6112,Bragado,2005,488,0.0
6,Buenos Aires,6112,Bragado,2006,405,0.0
6,Buenos Aires,6112,Bragado,2007,329,0.0
6,Buenos Aires,6112,Bragado,2008,352,0.0
6,Buenos Aires,6112,Bragado,2009,299,0.0
6,Buenos Aires,6112,Bragado,2010,340,0.0
6,Buenos Aires,6112,Bragado,2011,342,0.0
6,Buenos Aires,6112,Bragado,2012,443,0.0
6,Buenos Aires,6112,Bragado,2013,353,0.0
6,Buenos Aires,6112,Bragado,2014,379,0.0
6,Buenos Aires,6112,Bragado,2015,333,0.0
6,Buenos Aires,6112,Bragado,2016,285,0.0
6,Buenos Aires,6112,Bragado,2017,294,0.0
6,Buenos Aires,6112,Bragado,2018,333,0.0
6,Buenos Aires,6112,Bragado,2019,517,0.0
6,Buenos Aires,6112,Bragado,2020,548,0.0
6,Buenos Aires,6112,Bragado,2021,461,0.0
6,Buenos Aires,6112,Bragado,2022,493,0.0
6,Buenos Aires,6112,Bragado,2023,607,0.0
6,Buenos Aires,6112,Bragado,2024,522,0.0
6,Buenos Aires,6119,Brandsen,2000,222,0.0
6,Buenos Aires,6119,Brandsen,2001,158,0.0
6,Buenos Aires,6119,Brandsen,2002,216,0.0
6,Buenos Aires,6119,Brandsen,2003,273,0.0
6,Buenos Aires,6119,Brandsen,2004,175,0.0
6,Buenos Aires,6119,Brandsen,2005,165,0.0
6,Buenos Aires,6119,Brandsen,2006,231,0.0
6,Buenos Aires,6119,Brandsen,2007,232,0.0
6,Buenos Aires,6119,Brandsen,2008,256,0.0
6,Buenos Aires,6119,Brandsen,2009,351,0.0
6,Buenos Aires,6119,Brandsen,2010,251,0.0
6,Buenos Aires,6119,Brandsen,2011,184,0.0
6,Buenos Aires,6119,Brandsen,2012,129,0.0
6,Buenos Aires,6119,Brandsen,2013,151,0.0
6,Buenos Aires,6119,Brandsen,2014,194,0.0
6,Buenos Aires,6119,Brandsen,2015,164,0.0
6,Buenos Aires,6119,Brandsen,2016,269,0.0
6,Buenos Aires,6119,Brandsen,2017,291,0.0
6,Buenos Aires,6119,Brandsen,2018,300,0.0
6,Buenos Aires,6119,Brandsen,2019,315,0.0
6,Buenos Aires,6119,Brandsen,2020,223,0.0
6,Buenos Aires,6119,Brandsen,2021,278,0.0
6,Buenos Aires,6119,Brandsen,2022,264,0.0
6,Buenos Aires,6119,Brandsen,2023,309,0.0
6,Buenos Aires,6119,Brandsen,2024,402,0.0
6,Buenos Aires,6126,Campana,2000,1191,0.0
6,Buenos Aires,6126,Campana,2001,955,0.0
6,Buenos Aires,6126,Campana,2002,1235,0.0
6,Buenos Aires,6126,Campana,2003,913,0.0
6,Buenos Aires,6126,Campana,2004,609,0.0
6,Buenos Aires,6126,Campana,2005,355,0.0
6,Buenos Aires,6126,Campana,2006,361,0.0
6,Buenos Aires,6126,Campana,2007,697,0.0
6,Buenos Aires,6126,Campana,2008,902,0.0
6,Buenos Aires,6126,Campana,2009,809,0.0
6,Buenos Aires,6126,Campana,2010,863,0.0
6,Buenos Aires,6126,Campana,2011,1439,0.0
6,Buenos Aires,6126,Campana,2012,1598,0.0
6,Buenos Aires,6126,Campana,2013,1637,0.0
6,Buenos Aires,6126,Campana,2014,1396,0.0
6,Buenos Aires,6126,Campana,2015,1412,0.0
6,Buenos Aires,6126,Campana,2016,1432,0.0
6,Buenos Aires,6126,Campana,2017,1338,0.0
6,Buenos Aires,6126,Campana,2018,1281,0.0
6,Buenos Aires,6126,Campana,2019,1509,0.0
6,Buenos Aires,6126,Campana,2020,1294,0.0
6,Buenos Aires,6126,Campana,2021,1956,0.0
6,Buenos Aires,6126,Campana,2022,1958,0.0
6,Buenos Aires,6126,Campana,2023,1940,0.0
6,Buenos Aires,6126,Campana,2024,1936,0.0
6,Buenos Aires,6134,Cañuelas,2000,738,0.0
6,Buenos Aires,6134,Cañuelas,2001,332,0.0
6,Buenos Aires,6134,Cañuelas,2002,334,0.0
6,Buenos Aires,6134,Cañuelas,2003,219,0.0
6,Buenos Aires,6134,Cañuelas,2004,318,0.0
6,Buenos Aires,6134,Cañuelas,2005,342,0.0
6,Buenos Aires,6134,Cañuelas,2006,328,0.0
6,Buenos Aires,6134,Cañuelas,2007,293,0.0
6,Buenos Aires,6134,Cañuelas,2008,348,0.0
6,Buenos Aires,6134,Cañuelas,2009,351,0.0
6,Buenos Aires,6134,Cañuelas,2010,418,0.0
6,Buenos Aires,6134,Cañuelas,2011,397,0.0
6,Buenos Aires,6134,Cañuelas,2012,418,0.0
6,Buenos Aires,6134,Cañuelas,2013,586,0.0
6,Buenos Aires,6134,Cañuelas,2014,689,0.0
6,Buenos Aires,6134,Cañuelas,2015,652,0.0
6,Buenos Aires,6134,Cañuelas,2016,416,0.0
6,Buenos Aires,6134,Cañuelas,2017,301,0.0
6,Buenos Aires,6134,Cañuelas,2018,646,0.0
6,Buenos Aires,6134,Cañuelas,2019,1116,0.0
6,Buenos Aires,6134,Cañuelas,2020,1009,0.0
6,Buenos Aires,6134,Cañuelas,2021,996,0.0
6,Buenos Aires,6134,Cañuelas,2022,1005,0.0
6,Buenos Aires,6134,Cañuelas,2023,1183,0.0
6,Buenos Aires,6134,Cañuelas,2024,1338,0.0
6,Buenos Aires,6140,Capitán Sarmiento,2000,187,0.0
6,Buenos Aires,6140,Capitán Sarmiento,2001,301,0.0
6,Buenos Aires,6140,Capitán Sarmiento,2002,472,0.0
6,Buenos Aires,6140,Capitán Sarmiento,2003,494,0.0
6,Buenos Aires,6140,Capitán Sarmiento,2004,132,0.0
6,Buenos Aires,6140,Capitán Sarmiento,2005,110,0.0
6,Buenos Aires,6140,Capitán Sarmiento,2006,71,0.0
6,Buenos Aires,6140,Capitán Sarmiento,2007,108,0.0
6,Buenos Aires,6140,Capitán Sarmiento,2008,202,0.0
6,Buenos Aires,6140,Capitán Sarmiento,2009,121,0.0
6,Buenos Aires,6140,Capitán Sarmiento,2010,169,0.0
6,Buenos Aires,6140,Capitán Sarmiento,2011,244,0.0
6,Buenos Aires,6140,Capitán Sarmiento,2012,241,0.0
6,Buenos Aires,6140,Capitán Sarmiento,2013,179,0.0
6,Buenos Aires,6140,Capitán Sarmiento,2014,289,0.0
6,Buenos Aires,6140,Capitán Sarmiento,2015,250,0.0
6,Buenos Aires,6140,Capitán Sarmiento,2016,118,0.0
6,Buenos Aires,6140,Capitán Sarmiento,2017,143,0.0
6,Buenos Aires,6140,Capitán Sarmiento,2018,82,0.0
6,Buenos Aires,6140,Capitán Sarmiento,2019,136,0.0
6,Buenos Aires,6140,Capitán Sarmiento,2020,128,0.0
6,Buenos Aires,6140,Capitán Sarmiento,2021,83,0.0
6,Buenos Aires,6140,Capitán Sarmiento,2022,129,0.0
6,Buenos Aires,6140,Capitán Sarmiento,2023,150,0.0
6,Buenos Aires,6140,Capitán Sarmiento,2024,200,0.0
6,Buenos Aires,6147,Carlos Casares,2000,335,0.0
6,Buenos Aires,6147,Carlos Casares,2001,214,0.0
6,Buenos Aires,6147,Carlos Casares,2002,271,0.0
6,Buenos Aires,6147,Carlos Casares,2003,222,0.0
6,Buenos Aires,6147,Carlos Casares,2004,217,0.0
6,Buenos Aires,6147,Carlos Casares,2005,138,0.0
6,Buenos Aires,6147,Carlos Casares,2006,95,0.0
6,Buenos Aires,6147,Carlos Casares,2007,67,0.0
6,Buenos Aires,6147,Carlos Casares,2008,190,0.0
6,Buenos Aires,6147,Carlos Casares,2009,348,0.0
6,Buenos Aires,6147,Carlos Casares,2010,194,0.0
6,Buenos Aires,6147,Carlos Casares,2011,216,0.0
6,Buenos Aires,6147,Carlos Casares,2012,295,0.0
6,Buenos Aires,6147,Carlos Casares,2013,222,0.0
6,Buenos Aires,6147,Carlos Casares,2014,243,0.0
6,Buenos Aires,6147,Carlos Casares,2015,251,0.0
6,Buenos Aires,6147,Carlos Casares,2016,176,0.0
6,Buenos Aires,6147,Carlos Casares,2017,135,0.0
6,Buenos Aires,6147,Carlos Casares,2018,192,0.0
6,Buenos Aires,6147,Carlos Casares,2019,161,0.0
6,Buenos Aires,6147,Carlos Casares,2020,112,0.0
6,Buenos Aires,6147,Carlos Casares,2021,85,0.0
6,Buenos Aires,6147,Carlos Casares,2022,103,0.0
6,Buenos Aires,6147,Carlos Casares,2023,142,0.0
6,Buenos Aires,6147,Carlos Casares,2024,219,0.0
6,Buenos Aires,6154,Carlos Tejedor,2000,114,0.0
6,Buenos Aires,6154,Carlos Tejedor,2001,61,0.0
6,Buenos Aires,6154,Carlos Tejedor,2002,109,0.0
6,Buenos Aires,6154,Carlos Tejedor,2003,113,0.0
6,Buenos Aires,6154,Carlos Tejedor,2004,62,0.0
6,Buenos Aires,6154,Carlos Tejedor,2005,29,0.0
6,Buenos Aires,6154,Carlos Tejedor,2006,56,0.0
6,Buenos Aires,6154,Carlos Tejedor,2007,52,0.0
6,Buenos Aires,6154,Carlos Tejedor,2008,36,0.0
6,Buenos Aires,6154,Carlos Tejedor,2009,40,0.0
6,Buenos Aires,6154,Carlos Tejedor,2010,41,0.0
6,Buenos Aires,6154,Carlos Tejedor,2011,33,0.0
6,Buenos Aires,6154,Carlos Tejedor,2012,62,0.0
6,Buenos Aires,6154,Carlos Tejedor,2013,102,0.0
6,Buenos Aires,6154,Carlos Tejedor,2014,102,0.0
6,Buenos Aires,6154,Carlos Tejedor,2015,65,0.0
6,Buenos Aires,6154,Carlos Tejedor,2016,44,0.0
6,Buenos Aires,6154,Carlos Tejedor,2017,52,0.0
6,Buenos Aires,6154,Carlos Tejedor,2018,42,0.0
6,Buenos Aires,6154,Carlos Tejedor,2019,52,0.0
6,Buenos Aires,6154,Carlos Tejedor,2020,48,0.0
6,Buenos Aires,6154,Carlos Tejedor,2021,52,0.0
6,Buenos Aires,6154,Carlos Tejedor,2022,49,0.0
6,Buenos Aires,6154,Carlos Tejedor,2023,61,0.0
6,Buenos Aires,6154,Carlos Tejedor,2024,61,0.0
6,Buenos Aires,6161,Carmen de Areco,2000,114,0.0
6,Buenos Aires,6161,Carmen de Areco,2001,85,0.0
6,Buenos Aires,6161,Carmen de Areco,2002,142,0.0
6,Buenos Aires,6161,Carmen de Areco,2003,125,0.0
6,Buenos Aires,6161,Carmen de Areco,2004,101,0.0
6,Buenos Aires,6161,Carmen de Areco,2005,99,0.0
6,Buenos Aires,6161,Carmen de Areco,2006,130,0.0
6,Buenos Aires,6161,Carmen de Areco,2007,99,0.0
6,Buenos Aires,6161,Carmen de Areco,2008,269,0.0
6,Buenos Aires,6161,Carmen de Areco,2009,211,0.0
6,Buenos Aires,6161,Carmen de Areco,2010,102,0.0
6,Buenos Aires,6161,Carmen de Areco,2011,102,0.0
6,Buenos Aires,6161,Carmen de Areco,2012,142,0.0
6,Buenos Aires,6161,Carmen de Areco,2013,119,0.0
6,Buenos Aires,6161,Carmen de Areco,2014,136,0.0
6,Buenos Aires,6161,Carmen de Areco,2015,139,0.0
6,Buenos Aires,6161,Carmen de Areco,2016,118,0.0
6,Buenos Aires,6161,Carmen de Areco,2017,109,0.0
6,Buenos Aires,6161,Carmen de Areco,2018,60,0.0
6,Buenos Aires,6161,Carmen de Areco,2019,162,0.0
6,Buenos Aires,6161,Carmen de Areco,2020,148,0.0
6,Buenos Aires,6161,Carmen de Areco,2021,195,0.0
6,Buenos Aires,6161,Carmen de Areco,2022,277,0.0
6,Buenos Aires,6161,Carmen de Areco,2023,363,0.0
6,Buenos Aires,6161,Carmen de Areco,2024,347,0.0
6,Buenos Aires,6168,Castelli,2000,70,0.0
6,Buenos Aires,6168,Castelli,2001,54,0.0
6,Buenos Aires,6168,Castelli,2002,87,0.0
6,Buenos Aires,6168,Castelli,2003,106,0.0
6,Buenos Aires,6168,Castelli,2004,89,0.0
6,Buenos Aires,6168,Castelli,2005,103,0.0
6,Buenos Aires,6168,Castelli,2006,96,0.0
6,Buenos Aires,6168,Castelli,2007,82,0.0
6,Buenos Aires,6168,Castelli,2008,106,0.0
6,Buenos Aires,6168,Castelli,2009,98,0.0
6,Buenos Aires,6168,Castelli,2010,112,0.0
6,Buenos Aires,6168,Castelli,2011,83,0.0
6,Buenos Aires,6168,Castelli,2012,62,0.0
6,Buenos Aires,6168,Castelli,2013,58,0.0
6,Buenos Aires,6168,Castelli,2014,51,0.0
6,Buenos Aires,6168,Castelli,2015,48,0.0
6,Buenos Aires,6168,Castelli,2016,39,0.0
6,Buenos Aires,6168,Castelli,2017,32,0.0
6,Buenos Aires,6168,Castelli,2018,33,0.0
6,Buenos Aires,6168,Castelli,2019,64,0.0
6,Buenos Aires,6168,Castelli,2020,73,0.0
6,Buenos Aires,6168,Castelli,2021,95,0.0
6,Buenos Aires,6168,Castelli,2022,99,0.0
6,Buenos Aires,6168,Castelli,2023,82,0.0
6,Buenos Aires,6168,Castelli,2024,115,0.0
6,Buenos Aires,6175,Colón,2000,0,0.0
6,Buenos Aires,6175,Colón,2001,194,0.0
6,Buenos Aires,6175,Colón,2002,305,0.0
6,Buenos Aires,6175,Colón,2003,292,0.0
6,Buenos Aires,6175,Colón,2004,530,0.0
6,Buenos Aires,6175,Colón,2005,589,0.0
6,Buenos Aires,6175,Colón,2006,414,0.0
6,Buenos Aires,6175,Colón,2007,482,0.0
6,Buenos Aires,6175,Colón,2008,457,0.0
6,Buenos Aires,6175,Colón,2009,415,0.0
6,Buenos Aires,6175,Colón,2010,531,0.0
6,Buenos Aires,6175,Colón,2011,573,0.0
6,Buenos Aires,6175,Colón,2012,557,0.0
6,Buenos Aires,6175,Colón,2013,694,0.0
6,Buenos Aires,6175,Colón,2014,809,0.0
6,Buenos Aires,6175,Colón,2015,746,0.0
6,Buenos Aires,6175,Colón,2016,606,0.0
6,Buenos Aires,6175,Colón,2017,533,0.0
6,Buenos Aires,6175,Colón,2018,517,0.0
6,Buenos Aires,6175,Colón,2019,586,0.0
6,Buenos Aires,6175,Colón,2020,431,0.0
6,Buenos Aires,6175,Colón,2021,366,0.0
6,Buenos Aires,6175,Colón,2022,290,0.0
6,Buenos Aires,6175,Colón,2023,314,0.0
6,Buenos Aires,6175,Colón,2024,410,0.0
6,Buenos Aires,6182,Coronel de Marina L. Rosales,2000,399,0.0
6,Buenos Aires,6182,Coronel de Marina L. Rosales,2001,458,0.0
6,Buenos Aires,6182,Coronel de Marina L. Rosales,2002,652,0.0
6,Buenos Aires,6182,Coronel de Marina L. Rosales,2003,488,0.0
6,Buenos Aires,6182,Coronel de Marina L. Rosales,2004,244,0.0
6,Buenos Aires,6182,Coronel de Marina L. Rosales,2005,166,0.0
6,Buenos Aires,6182,Coronel de Marina L. Rosales,2006,154,0.0
6,Buenos Aires,6182,Coronel de Marina L. Rosales,2007,122,0.0
6,Buenos Aires,6182,Coronel de Marina L. Rosales,2008,301,0.0
6,Buenos Aires,6182,Coronel de Marina L. Rosales,2009,701,0.0
6,Buenos Aires,6182,Coronel de Marina L. Rosales,2010,611,0.0
6,Buenos Aires,6182,Coronel de Marina L. Rosales,2011,841,0.0
6,Buenos Aires,6182,Coronel de Marina L. Rosales,2012,772,0.0
6,Buenos Aires,6182,Coronel de Marina L. Rosales,2013,616,0.0
6,Buenos Aires,6182,Coronel de Marina L. Rosales,2014,442,0.0
6,Buenos Aires,6182,Coronel de Marina L. Rosales,2015,359,0.0
6,Buenos Aires,6182,Coronel de Marina L. Rosales,2016,347,0.0
6,Buenos Aires,6182,Coronel de Marina L. Rosales,2017,259,0.0
6,Buenos Aires,6182,Coronel de Marina L. Rosales,2018,443,0.0
6,Buenos Aires,6182,Coronel de Marina L. Rosales,2019,733,0.0
6,Buenos Aires,6182,Coronel de Marina L. Rosales,2020,716,0.0
6,Buenos Aires,6182,Coronel de Marina L. Rosales,2021,726,0.0
6,Buenos Aires,6182,Coronel de Marina L. Rosales,2022,875,0.0
6,Buenos Aires,6182,Coronel de Marina L. Rosales,2023,1135,0.0
6,Buenos Aires,6182,Coronel de Marina L. Rosales,2024,913,0.0
6,Buenos Aires,6189,Coronel Dorrego,2000,129,0.0
6,Buenos Aires,6189,Coronel Dorrego,2001,186,0.0
6,Buenos Aires,6189,Coronel Dorrego,2002,241,0.0
6,Buenos Aires,6189,Coronel Dorrego,2003,173,0.0
6,Buenos Aires,6189,Coronel Dorrego,2004,163,0.0
6,Buenos Aires,6189,Coronel Dorrego,2005,99,0.0
6,Buenos Aires,6189,Coronel Dorrego,2006,49,0.0
6,Buenos Aires,6189,Coronel Dorrego,2007,44,0.0
6,Buenos Aires,6189,Coronel Dorrego,2008,25,0.0
6,Buenos Aires,6189,Coronel Dorrego,2009,387,0.0
6,Buenos Aires,6189,Coronel Dorrego,2010,125,0.0
6,Buenos Aires,6189,Coronel Dorrego,2011,169,0.0
6,Buenos Aires,6189,Coronel Dorrego,2012,159,0.0
6,Buenos Aires,6189,Coronel Dorrego,2013,160,0.0
6,Buenos Aires,6189,Coronel Dorrego,2014,151,0.0
6,Buenos Aires,6189,Coronel Dorrego,2015,154,0.0
6,Buenos Aires,6189,Coronel Dorrego,2016,78,0.0
6,Buenos Aires,6189,Coronel Dorrego,2017,102,0.0
6,Buenos Aires,6189,Coronel Dorrego,2018,141,0.0
6,Buenos Aires,6189,Coronel Dorrego,2019,140,0.0
6,Buenos Aires,6189,Coronel Dorrego,2020,132,0.0
6,Buenos Aires,6189,Coronel Dorrego,2021,115,0.0
6,Buenos Aires,6189,Coronel Dorrego,2022,132,0.0
6,Buenos Aires,6189,Coronel Dorrego,2023,118,0.0
6,Buenos Aires,6189,Coronel Dorrego,2024,161,0.0
6,Buenos Aires,6196,Coronel Pringles,2000,112,0.0
6,Buenos Aires,6196,Coronel Pringles,2001,162,0.0
6,Buenos Aires,6196,Coronel Pringles,2002,283,0.0
6,Buenos Aires,6196,Coronel Pringles,2003,153,0.0
6,Buenos Aires,6196,Coronel Pringles,2004,110,0.0
6,Buenos Aires,6196,Coronel Pringles,2005,70,0.0
6,Buenos Aires,6196,Coronel Pringles,2006,68,0.0
6,Buenos Aires,6196,Coronel Pringles,2007,84,0.0
6,Buenos Aires,6196,Coronel Pringles,2008,193,0.0
6,Buenos Aires,6196,Coronel Pringles,2009,465,0.0
6,Buenos Aires,6196,Coronel Pringles,2010,166,0.0
6,Buenos Aires,6196,Coronel Pringles,2011,178,0.0
6,Buenos Aires,6196,Coronel Pringles,2012,156,0.0
6,Buenos Aires,6196,Coronel Pringles,2013,221,0.0
6,Buenos Aires,6196,Coronel Pringles,2014,237,0.0
6,Buenos Aires,6196,Coronel Pringles,2015,193,0.0
6,Buenos Aires,6196,Coronel Pringles,2016,167,0.0
6,Buenos Aires,6196,Coronel Pringles,2017,141,0.0
6,Buenos Aires,6196,Coronel Pringles,2018,176,0.0
6,Buenos Aires,6196,Coronel Pringles,2019,242,0.0
6,Buenos Aires,6196,Coronel Pringles,2020,240,0.0
6,Buenos Aires,6196,Coronel Pringles,2021,299,0.0
6,Buenos Aires,6196,Coronel Pringles,2022,365,0.0
6,Buenos Aires,6196,Coronel Pringles,2023,485,0.0
6,Buenos Aires,6196,Coronel Pringles,2024,386,0.0
6,Buenos Aires,6203,Coronel Suárez,2000,278,0.0
6,Buenos Aires,6203,Coronel Suárez,2001,189,0.0
6,Buenos Aires,6203,Coronel Suárez,2002,256,0.0
6,Buenos Aires,6203,Coronel Suárez,2003,292,0.0
6,Buenos Aires,6203,Coronel Suárez,2004,233,0.0
6,Buenos Aires,6203,Coronel Suárez,2005,218,0.0
6,Buenos Aires,6203,Coronel Suárez,2006,230,0.0
6,Buenos Aires,6203,Coronel Suárez,2007,274,0.0
6,Buenos Aires,6203,Coronel Suárez,2008,315,0.0
6,Buenos Aires,6203,Coronel Suárez,2009,214,0.0
6,Buenos Aires,6203,Coronel Suárez,2010,193,0.0
6,Buenos Aires,6203,Coronel Suárez,2011,242,0.0
6,Buenos Aires,6203,Coronel Suárez,2012,238,0.0
6,Buenos Aires,6203,Coronel Suárez,2013,254,0.0
6,Buenos Aires,6203,Coronel Suárez,2014,265,0.0
6,Buenos Aires,6203,Coronel Suárez,2015,167,0.0
6,Buenos Aires,6203,Coronel Suárez,2016,189,0.0
6,Buenos Aires,6203,Coronel Suárez,2017,205,0.0
6,Buenos Aires,6203,Coronel Suárez,2018,224,0.0
6,Buenos Aires,6203,Coronel Suárez,2019,202,0.0
6,Buenos Aires,6203,Coronel Suárez,2020,240,0.0
6,Buenos Aires,6203,Coronel Suárez,2021,302,0.0
6,Buenos Aires,6203,Coronel Suárez,2022,332,0.0
6,Buenos Aires,6203,Coronel Suárez,2023,379,0.0
6,Buenos Aires,6203,Coronel Suárez,2024,344,0.0
6,Buenos Aires,6210,Chacabuco,2000,193,0.0
6,Buenos Aires,6210,Chacabuco,2001,366,0.0
6,Buenos Aires,6210,Chacabuco,2002,327,0.0
6,Buenos Aires,6210,Chacabuco,2003,295,0.0
6,Buenos Aires,6210,Chacabuco,2004,728,0.0
6,Buenos Aires,6210,Chacabuco,2005,469,0.0
6,Buenos Aires,6210,Chacabuco,2006,478,0.0
6,Buenos Aires,6210,Chacabuco,2007,403,0.0
6,Buenos Aires,6210,Chacabuco,2008,489,0.0
6,Buenos Aires,6210,Chacabuco,2009,425,0.0
6,Buenos Aires,6210,Chacabuco,2010,401,0.0
6,Buenos Aires,6210,Chacabuco,2011,304,0.0
6,Buenos Aires,6210,Chacabuco,2012,375,0.0
6,Buenos Aires,6210,Chacabuco,2013,327,0.0
6,Buenos Aires,6210,Chacabuco,2014,392,0.0
6,Buenos Aires,6210,Chacabuco,2015,325,0.0
6,Buenos Aires,6210,Chacabuco,2016,219,0.0
6,Buenos Aires,6210,Chacabuco,2017,244,0.0
6,Buenos Aires,6210,Chacabuco,2018,237,0.0
6,Buenos Aires,6210,Chacabuco,2019,250,0.0
6,Buenos Aires,6210,Chacabuco,2020,206,0.0
6,Buenos Aires,6210,Chacabuco,2021,272,0.0
6,Buenos Aires,6210,Chacabuco,2022,395,0.0
6,Buenos Aires,6210,Chacabuco,2023,604,0.0
6,Buenos Aires,6210,Chacabuco,2024,800,0.0
6,Buenos Aires,6217,Chascomús,2000,247,0.0
6,Buenos Aires,6217,Chascomús,2001,355,0.0
6,Buenos Aires,6217,Chascomús,2002,705,0.0
6,Buenos Aires,6217,Chascomús,2003,595,0.0
6,Buenos Aires,6217,Chascomús,2004,622,0.0
6,Buenos Aires,6217,Chascomús,2005,611,0.0
6,Buenos Aires,6217,Chascomús,2006,546,0.0
6,Buenos Aires,6217,Chascomús,2007,790,0.0
6,Buenos Aires,6217,Chascomús,2008,766,0.0
6,Buenos Aires,6217,Chascomús,2009,230,0.0
6,Buenos Aires,6217,Chascomús,2010,654,0.0
6,Buenos Aires,6217,Chascomús,2011,461,0.0
6,Buenos Aires,6217,Chascomús,2012,492,0.0
6,Buenos Aires,6217,Chascomús,2013,281,0.0
6,Buenos Aires,6217,Chascomús,2014,492,0.0
6,Buenos Aires,6217,Chascomús,2015,471,0.0
6,Buenos Aires,6217,Chascomús,2016,461,0.0
6,Buenos Aires,6217,Chascomús,2017,507,0.0
6,Buenos Aires,6217,Chascomús,2018,470,0.0
6,Buenos Aires,6217,Chascomús,2019,928,0.0
6,Buenos Aires,6217,Chascomús,2020,944,0.0
6,Buenos Aires,6217,Chascomús,2021,760,0.0
6,Buenos Aires,6217,Chascomús,2022,544,0.0
6,Buenos Aires,6217,Chascomús,2023,453,0.0
6,Buenos Aires,6217,Chascomús,2024,805,0.0
6,Buenos Aires,6224,Chivilcoy,2000,606,0.0
6,Buenos Aires,6224,Chivilcoy,2001,467,0.0
6,Buenos Aires,6224,Chivilcoy,2002,635,0.0
6,Buenos Aires,6224,Chivilcoy,2003,502,0.0
6,Buenos Aires,6224,Chivilcoy,2004,467,0.0
6,Buenos Aires,6224,Chivilcoy,2005,344,0.0
6,Buenos Aires,6224,Chivilcoy,2006,210,0.0
6,Buenos Aires,6224,Chivilcoy,2007,257,0.0
6,Buenos Aires,6224,Chivilcoy,2008,310,0.0
6,Buenos Aires,6224,Chivilcoy,2009,339,0.0
6,Buenos Aires,6224,Chivilcoy,2010,551,0.0
6,Buenos Aires,6224,Chivilcoy,2011,440,0.0
6,Buenos Aires,6224,Chivilcoy,2012,467,0.0
6,Buenos Aires,6224,Chivilcoy,2013,502,0.0
6,Buenos Aires,6224,Chivilcoy,2014,505,0.0
6,Buenos Aires,6224,Chivilcoy,2015,393,0.0
6,Buenos Aires,6224,Chivilcoy,2016,296,0.0
6,Buenos Aires,6224,Chivilcoy,2017,220,0.0
6,Buenos Aires,6224,Chivilcoy,2018,260,0.0
6,Buenos Aires,6224,Chivilcoy,2019,652,0.0
6,Buenos Aires,6224,Chivilcoy,2020,507,0.0
6,Buenos Aires,6224,Chivilcoy,2021,529,0.0
6,Buenos Aires,6224,Chivilcoy,2022,624,0.0
6,Buenos Aires,6224,Chivilcoy,2023,850,0.0
6,Buenos Aires,6224,Chivilcoy,2024,725,0.0
6,Buenos Aires,6231,Daireaux,2000,161,0.0
6,Buenos Aires,6231,Daireaux,2001,133,0.0
6,Buenos Aires,6231,Daireaux,2002,201,0.0
6,Buenos Aires,6231,Daireaux,2003,177,0.0
6,Buenos Aires,6231,Daireaux,2004,211,0.0
6,Buenos Aires,6231,Daireaux,2005,149,0.0
6,Buenos Aires,6231,Daireaux,2006,76,0.0
6,Buenos Aires,6231,Daireaux,2007,73,0.0
6,Buenos Aires,6231,Daireaux,2008,86,0.0
6,Buenos Aires,6231,Daireaux,2009,152,0.0
6,Buenos Aires,6231,Daireaux,2010,108,0.0
6,Buenos Aires,6231,Daireaux,2011,107,0.0
6,Buenos Aires,6231,Daireaux,2012,187,0.0
6,Buenos Aires,6231,Daireaux,2013,147,0.0
6,Buenos Aires,6231,Daireaux,2014,113,0.0
6,Buenos Aires,6231,Daireaux,2015,126,0.0
6,Buenos Aires,6231,Daireaux,2016,74,0.0
6,Buenos Aires,6231,Daireaux,2017,65,0.0
6,Buenos Aires,6231,Daireaux,2018,49,0.0
6,Buenos Aires,6231,Daireaux,2019,79,0.0
6,Buenos Aires,6231,Daireaux,2020,103,0.0
6,Buenos Aires,6231,Daireaux,2021,129,0.0
6,Buenos Aires,6231,Daireaux,2022,115,0.0
6,Buenos Aires,6231,Daireaux,2023,130,0.0
6,Buenos Aires,6231,Daireaux,2024,137,0.0
6,Buenos Aires,6238,Dolores,2000,564,0.0
6,Buenos Aires,6238,Dolores,2001,562,0.0
6,Buenos Aires,6238,Dolores,2002,774,0.0
6,Buenos Aires,6238,Dolores,2003,669,0.0
6,Buenos Aires,6238,Dolores,2004,799,0.0
6,Buenos Aires,6238,Dolores,2005,621,0.0
6,Buenos Aires,6238,Dolores,2006,598,0.0
6,Buenos Aires,6238,Dolores,2007,564,0.0
6,Buenos Aires,6238,Dolores,2008,340,0.0
6,Buenos Aires,6238,Dolores,2009,213,0.0
6,Buenos Aires,6238,Dolores,2010,318,0.0
6,Buenos Aires,6238,Dolores,2011,257,0.0
6,Buenos Aires,6238,Dolores,2012,210,0.0
6,Buenos Aires,6238,Dolores,2013,292,0.0
6,Buenos Aires,6238,Dolores,2014,365,0.0
6,Buenos Aires,6238,Dolores,2015,286,0.0
6,Buenos Aires,6238,Dolores,2016,313,0.0
6,Buenos Aires,6238,Dolores,2017,218,0.0
6,Buenos Aires,6238,Dolores,2018,187,0.0
6,Buenos Aires,6238,Dolores,2019,282,0.0
6,Buenos Aires,6238,Dolores,2020,189,0.0
6,Buenos Aires,6238,Dolores,2021,218,0.0
6,Buenos Aires,6238,Dolores,2022,209,0.0
6,Buenos Aires,6238,Dolores,2023,346,0.0
6,Buenos Aires,6238,Dolores,2024,476,0.0
6,Buenos Aires,6245,Ensenada,2000,682,0.0
6,Buenos Aires,6245,Ensenada,2001,596,0.0
6,Buenos Aires,6245,Ensenada,2002,840,0.0
6,Buenos Aires,6245,Ensenada,2003,655,0.0
6,Buenos Aires,6245,Ensenada,2004,652,0.0
6,Buenos Aires,6245,Ensenada,2005,326,0.0
6,Buenos Aires,6245,Ensenada,2006,350,0.0
6,Buenos Aires,6245,Ensenada,2007,312,0.0
6,Buenos Aires,6245,Ensenada,2008,381,0.0
6,Buenos Aires,6245,Ensenada,2009,1022,0.0
6,Buenos Aires,6245,Ensenada,2010,557,0.0
6,Buenos Aires,6245,Ensenada,2011,739,0.0
6,Buenos Aires,6245,Ensenada,2012,766,0.0
6,Buenos Aires,6245,Ensenada,2013,665,0.0
6,Buenos Aires,6245,Ensenada,2014,565,0.0
6,Buenos Aires,6245,Ensenada,2015,604,0.0
6,Buenos Aires,6245,Ensenada,2016,758,0.0
6,Buenos Aires,6245,Ensenada,2017,685,0.0
6,Buenos Aires,6245,Ensenada,2018,716,0.0
6,Buenos Aires,6245,Ensenada,2019,828,0.0
6,Buenos Aires,6245,Ensenada,2020,687,0.0
6,Buenos Aires,6245,Ensenada,2021,413,0.0
6,Buenos Aires,6245,Ensenada,2022,296,0.0
6,Buenos Aires,6245,Ensenada,2023,336,0.0
6,Buenos Aires,6245,Ensenada,2024,400,0.0
6,Buenos Aires,6252,Escobar,2000,1508,0.0
6,Buenos Aires,6252,Escobar,2001,1538,0.0
6,Buenos Aires,6252,Escobar,2002,2244,0.0
6,Buenos Aires,6252,Escobar,2003,2553,0.0
6,Buenos Aires,6252,Escobar,2004,2138,0.0
6,Buenos Aires,6252,Escobar,2005,1202,0.0
6,Buenos Aires,6252,Escobar,2006,1592,0.0
6,Buenos Aires,6252,Escobar,2007,1965,0.0
6,Buenos Aires,6252,Escobar,2008,2250,0.0
6,Buenos Aires,6252,Escobar,2009,849,0.0
6,Buenos Aires,6252,Escobar,2010,2324,0.0
6,Buenos Aires,6252,Escobar,2011,2700,0.0
6,Buenos Aires,6252,Escobar,2012,3503,0.0
6,Buenos Aires,6252,Escobar,2013,3703,0.0
6,Buenos Aires,6252,Escobar,2014,3078,0.0
6,Buenos Aires,6252,Escobar,2015,2982,0.0
6,Buenos Aires,6252,Escobar,2016,3442,0.0
6,Buenos Aires,6252,Escobar,2017,3764,0.0
6,Buenos Aires,6252,Escobar,2018,3522,0.0
6,Buenos Aires,6252,Escobar,2019,4608,0.0
6,Buenos Aires,6252,Escobar,2020,3082,0.0
6,Buenos Aires,6252,Escobar,2021,3613,0.0
6,Buenos Aires,6252,Escobar,2022,3193,0.0
6,Buenos Aires,6252,Escobar,2023,3396,0.0
6,Buenos Aires,6252,Escobar,2024,3539,0.0
6,Buenos Aires,6260,Esteban Echeverría,2000,3886,0.0
6,Buenos Aires,6260,Esteban Echeverría,2001,3744,0.0
6,Buenos Aires,6260,Esteban Echeverría,2002,6132,0.0
6,Buenos Aires,6260,Esteban Echeverría,2003,3996,0.0
6,Buenos Aires,6260,Esteban Echeverría,2004,2904,0.0
6,Buenos Aires,6260,Esteban Echeverría,2005,1827,0.0
6,Buenos Aires,6260,Esteban Echeverría,2006,2502,0.0
6,Buenos Aires,6260,Esteban Echeverría,2007,1554,0.0
6,Buenos Aires,6260,Esteban Echeverría,2008,2051,0.0
6,Buenos Aires,6260,Esteban Echeverría,2009,1170,0.0
6,Buenos Aires,6260,Esteban Echeverría,2010,1845,0.0
6,Buenos Aires,6260,Esteban Echeverría,2011,2603,0.0
6,Buenos Aires,6260,Esteban Echeverría,2012,2672,0.0
6,Buenos Aires,6260,Esteban Echeverría,2013,2955,0.0
6,Buenos Aires,6260,Esteban Echeverría,2014,3295,0.0
6,Buenos Aires,6260,Esteban Echeverría,2015,3583,0.0
6,Buenos Aires,6260,Esteban Echeverría,2016,3579,0.0
6,Buenos Aires,6260,Esteban Echeverría,2017,3401,0.0
6,Buenos Aires,6260,Esteban Echeverría,2018,2878,0.0
6,Buenos Aires,6260,Esteban Echeverría,2019,7478,0.0
6,Buenos Aires,6260,Esteban Echeverría,2020,6181,0.0
6,Buenos Aires,6260,Esteban Echeverría,2021,6359,0.0
6,Buenos Aires,6260,Esteban Echeverría,2022,6324,0.0
6,Buenos Aires,6260,Esteban Echeverría,2023,6250,0.0
6,Buenos Aires,6260,Esteban Echeverría,2024,5931,0.0
6,Buenos Aires,6266,Exaltación de la Cruz,2000,326,0.0
6,Buenos Aires,6266,Exaltación de la Cruz,2001,379,0.0
6,Buenos Aires,6266,Exaltación de la Cruz,2002,523,0.0
6,Buenos Aires,6266,Exaltación de la Cruz,2003,464,0.0
6,Buenos Aires,6266,Exaltación de la Cruz,2004,333,0.0
6,Buenos Aires,6266,Exaltación de la Cruz,2005,422,0.0
6,Buenos Aires,6266,Exaltación de la Cruz,2006,340,0.0
6,Buenos Aires,6266,Exaltación de la Cruz,2007,228,0.0
6,Buenos Aires,6266,Exaltación de la Cruz,2008,475,0.0
6,Buenos Aires,6266,Exaltación de la Cruz,2009,1792,0.0
6,Buenos Aires,6266,Exaltación de la Cruz,2010,331,0.0
6,Buenos Aires,6266,Exaltación de la Cruz,2011,358,0.0
6,Buenos Aires,6266,Exaltación de la Cruz,2012,338,0.0
6,Buenos Aires,6266,Exaltación de la Cruz,2013,353,0.0
6,Buenos Aires,6266,Exaltación de la Cruz,2014,392,0.0
6,Buenos Aires,6266,Exaltación de la Cruz,2015,384,0.0
6,Buenos Aires,6266,Exaltación de la Cruz,2016,491,0.0
6,Buenos Aires,6266,Exaltación de la Cruz,2017,482,0.0
6,Buenos Aires,6266,Exaltación de la Cruz,2018,270,0.0
6,Buenos Aires,6266,Exaltación de la Cruz,2019,473,0.0
6,Buenos Aires,6266,Exaltación de la Cruz,2020,436,0.0
6,Buenos Aires,6266,Exaltación de la Cruz,2021,522,0.0
6,Buenos Aires,6266,Exaltación de la Cruz,2022,611,0.0
6,Buenos Aires,6266,Exaltación de la Cruz,2023,556,0.0
6,Buenos Aires,6266,Exaltación de la Cruz,2024,484,0.0
6,Buenos Aires,6270,Ezeiza,2000,1092,0.0
6,Buenos Aires,6270,Ezeiza,2001,1267,0.0
6,Buenos Aires,6270,Ezeiza,2002,2308,0.0
6,Buenos Aires,6270,Ezeiza,2003,1774,0.0
6,Buenos Aires,6270,Ezeiza,2004,1070,0.0
6,Buenos Aires,6270,Ezeiza,2005,893,0.0
6,Buenos Aires,6270,Ezeiza,2006,681,0.0
6,Buenos Aires,6270,Ezeiza,2007,803,0.0
6,Buenos Aires,6270,Ezeiza,2008,896,0.0
6,Buenos Aires,6270,Ezeiza,2009,832,0.0
6,Buenos Aires,6270,Ezeiza,2010,910,0.0
6,Buenos Aires,6270,Ezeiza,2011,1653,0.0
6,Buenos Aires,6270,Ezeiza,2012,1889,0.0
6,Buenos Aires,6270,Ezeiza,2013,2141,0.0
6,Buenos Aires,6270,Ezeiza,2014,1989,0.0
6,Buenos Aires,6270,Ezeiza,2015,1535,0.0
6,Buenos Aires,6270,Ezeiza,2016,1466,0.0
6,Buenos Aires,6270,Ezeiza,2017,1268,0.0
6,Buenos Aires,6270,Ezeiza,2018,941,0.0
6,Buenos Aires,6270,Ezeiza,2019,2548,0.0
6,Buenos Aires,6270,Ezeiza,2020,1802,0.0
6,Buenos Aires,6270,Ezeiza,2021,1752,0.0
6,Buenos Aires,6270,Ezeiza,2022,1821,0.0
6,Buenos Aires,6270,Ezeiza,2023,2427,0.0
6,Buenos Aires,6270,Ezeiza,2024,2857,0.0
6,Buenos Aires,6274,Florencio Varela,2000,2011,0.0
6,Buenos Aires,6274,Florencio Varela,2001,2373,0.0
6,Buenos Aires,6274,Florencio Varela,2002,3938,0.0
6,Buenos Aires,6274,Florencio Varela,2003,4216,0.0
6,Buenos Aires,6274,Florencio Varela,2004,3718,0.0
6,Buenos Aires,6274,Florencio Varela,2005,2691,0.0
6,Buenos Aires,6274,Florencio Varela,2006,2113,0.0
6,Buenos Aires,6274,Florencio Varela,2007,2229,0.0
6,Buenos Aires,6274,Florencio Varela,2008,2688,0.0
6,Buenos Aires,6274,Florencio Varela,2009,1343,0.0
6,Buenos Aires,6274,Florencio Varela,2010,2253,0.0
6,Buenos Aires,6274,Florencio Varela,2011,2472,0.0
6,Buenos Aires,6274,Florencio Varela,2012,3449,0.0
6,Buenos Aires,6274,Florencio Varela,2013,3671,0.0
6,Buenos Aires,6274,Florencio Varela,2014,3960,0.0
6,Buenos Aires,6274,Florencio Varela,2015,3111,0.0
6,Buenos Aires,6274,Florencio Varela,2016,3106,0.0
6,Buenos Aires,6274,Florencio Varela,2017,3086,0.0
6,Buenos Aires,6274,Florencio Varela,2018,4059,0.0
6,Buenos Aires,6274,Florencio Varela,2019,5242,0.0
6,Buenos Aires,6274,Florencio Varela,2020,4962,0.0
6,Buenos Aires,6274,Florencio Varela,2021,4712,0.0
6,Buenos Aires,6274,Florencio Varela,2022,3882,0.0
6,Buenos Aires,6274,Florencio Varela,2023,4512,0.0
6,Buenos Aires,6274,Florencio Varela,2024,4985,0.0
6,Buenos Aires,6277,Florentino Ameghino,2000,62,0.0
6,Buenos Aires,6277,Florentino Ameghino,2001,50,0.0
6,Buenos Aires,6277,Florentino Ameghino,2002,130,0.0
6,Buenos Aires,6277,Florentino Ameghino,2003,93,0.0
6,Buenos Aires,6277,Florentino Ameghino,2004,54,0.0
6,Buenos Aires,6277,Florentino Ameghino,2005,23,0.0
6,Buenos Aires,6277,Florentino Ameghino,2006,20,0.0
6,Buenos Aires,6277,Florentino Ameghino,2007,23,0.0
6,Buenos Aires,6277,Florentino Ameghino,2008,51,0.0
6,Buenos Aires,6277,Florentino Ameghino,2009,197,0.0
6,Buenos Aires,6277,Florentino Ameghino,2010,28,0.0
6,Buenos Aires,6277,Florentino Ameghino,2011,20,0.0
6,Buenos Aires,6277,Florentino Ameghino,2012,52,0.0
6,Buenos Aires,6277,Florentino Ameghino,2013,128,0.0
6,Buenos Aires,6277,Florentino Ameghino,2014,72,0.0
6,Buenos Aires,6277,Florentino Ameghino,2015,54,0.0
6,Buenos Aires,6277,Florentino Ameghino,2016,52,0.0
6,Buenos Aires,6277,Florentino Ameghino,2017,46,0.0
6,Buenos Aires,6277,Florentino Ameghino,2018,64,0.0
6,Buenos Aires,6277,Florentino Ameghino,2019,70,0.0
6,Buenos Aires,6277,Florentino Ameghino,2020,93,0.0
6,Buenos Aires,6277,Florentino Ameghino,2021,132,0.0
6,Buenos Aires,6277,Florentino Ameghino,2022,127,0.0
6,Buenos Aires,6277,Florentino Ameghino,2023,152,0.0
6,Buenos Aires,6277,Florentino Ameghino,2024,149,0.0
6,Buenos Aires,6280,General Alvarado,2000,443,0.0
6,Buenos Aires,6280,General Alvarado,2001,636,0.0
6,Buenos Aires,6280,General Alvarado,2002,764,0.0
6,Buenos Aires,6280,General Alvarado,2003,844,0.0
6,Buenos Aires,6280,General Alvarado,2004,803,0.0
6,Buenos Aires,6280,General Alvarado,2005,465,0.0
6,Buenos Aires,6280,General Alvarado,2006,407,0.0
6,Buenos Aires,6280,General Alvarado,2007,602,0.0
6,Buenos Aires,6280,General Alvarado,2008,812,0.0
6,Buenos Aires,6280,General Alvarado,2009,1338,0.0
6,Buenos Aires,6280,General Alvarado,2010,388,0.0
6,Buenos Aires,6280,General Alvarado,2011,304,0.0
6,Buenos Aires,6280,General Alvarado,2012,395,0.0
6,Buenos Aires,6280,General Alvarado,2013,446,0.0
6,Buenos Aires,6280,General Alvarado,2014,463,0.0
6,Buenos Aires,6280,General Alvarado,2015,370,0.0
6,Buenos Aires,6280,General Alvarado,2016,320,0.0
6,Buenos Aires,6280,General Alvarado,2017,307,0.0
6,Buenos Aires,6280,General Alvarado,2018,293,0.0
6,Buenos Aires,6280,General Alvarado,2019,921,0.0
6,Buenos Aires,6280,General Alvarado,2020,818,0.0
6,Buenos Aires,6280,General Alvarado,2021,622,0.0
6,Buenos Aires,6280,General Alvarado,2022,816,0.0
6,Buenos Aires,6280,General Alvarado,2023,1187,0.0
6,Buenos Aires,6280,General Alvarado,2024,1488,0.0
6,Buenos Aires,6287,General Alvear,2000,76,0.0
6,Buenos Aires,6287,General Alvear,2001,83,0.0
6,Buenos Aires,6287,General Alvear,2002,157,0.0
6,Buenos Aires,6287,General Alvear,2003,106,0.0
6,Buenos Aires,6287,General Alvear,2004,99,0.0
6,Buenos Aires,6287,General Alvear,2005,57,0.0
6,Buenos Aires,6287,General Alvear,2006,48,0.0
6,Buenos Aires,6287,General Alvear,2007,35,0.0
6,Buenos Aires,6287,General Alvear,2008,36,0.0
6,Buenos Aires,6287,General Alvear,2009,45,0.0
6,Buenos Aires,6287,General Alvear,2010,64,0.0
6,Buenos Aires,6287,General Alvear,2011,63,0.0
6,Buenos Aires,6287,General Alvear,2012,53,0.0
6,Buenos Aires,6287,General Alvear,2013,65,0.0
6,Buenos Aires,6287,General Alvear,2014,54,0.0
6,Buenos Aires,6287,General Alvear,2015,31,0.0
6,Buenos Aires,6287,General Alvear,2016,41,0.0
6,Buenos Aires,6287,General Alvear,2017,43,0.0
6,Buenos Aires,6287,General Alvear,2018,58,0.0
6,Buenos Aires,6287,General Alvear,2019,87,0.0
6,Buenos Aires,6287,General Alvear,2020,68,0.0
6,Buenos Aires,6287,General Alvear,2021,115,0.0
6,Buenos Aires,6287,General Alvear,2022,120,0.0
6,Buenos Aires,6287,General Alvear,2023,144,0.0
6,Buenos Aires,6287,General Alvear,2024,98,0.0
6,Buenos Aires,6294,General Arenales,2000,73,0.0
6,Buenos Aires,6294,General Arenales,2001,159,0.0
6,Buenos Aires,6294,General Arenales,2002,158,0.0
6,Buenos Aires,6294,General Arenales,2003,98,0.0
6,Buenos Aires,6294,General Arenales,2004,123,0.0
6,Buenos Aires,6294,General Arenales,2005,59,0.0
6,Buenos Aires,6294,General Arenales,2006,50,0.0
6,Buenos Aires,6294,General Arenales,2007,51,0.0
6,Buenos Aires,6294,General Arenales,2008,86,0.0
6,Buenos Aires,6294,General Arenales,2009,427,0.0
6,Buenos Aires,6294,General Arenales,2010,65,0.0
6,Buenos Aires,6294,General Arenales,2011,95,0.0
6,Buenos Aires,6294,General Arenales,2012,89,0.0
6,Buenos Aires,6294,General Arenales,2013,50,0.0
6,Buenos Aires,6294,General Arenales,2014,59,0.0
6,Buenos Aires,6294,General Arenales,2015,44,0.0
6,Buenos Aires,6294,General Arenales,2016,35,0.0
6,Buenos Aires,6294,General Arenales,2017,36,0.0
6,Buenos Aires,6294,General Arenales,2018,28,0.0
6,Buenos Aires,6294,General Arenales,2019,55,0.0
6,Buenos Aires,6294,General Arenales,2020,51,0.0
6,Buenos Aires,6294,General Arenales,2021,58,0.0
6,Buenos Aires,6294,General Arenales,2022,64,0.0
6,Buenos Aires,6294,General Arenales,2023,73,0.0
6,Buenos Aires,6294,General Arenales,2024,104,0.0
6,Buenos Aires,6301,General Belgrano,2000,152,0.0
6,Buenos Aires,6301,General Belgrano,2001,117,0.0
6,Buenos Aires,6301,General Belgrano,2002,146,0.0
6,Buenos Aires,6301,General Belgrano,2003,304,0.0
6,Buenos Aires,6301,General Belgrano,2004,171,0.0
6,Buenos Aires,6301,General Belgrano,2005,140,0.0
6,Buenos Aires,6301,General Belgrano,2006,236,0.0
6,Buenos Aires,6301,General Belgrano,2007,253,0.0
6,Buenos Aires,6301,General Belgrano,2008,302,0.0
6,Buenos Aires,6301,General Belgrano,2009,92,0.0
6,Buenos Aires,6301,General Belgrano,2010,232,0.0
6,Buenos Aires,6301,General Belgrano,2011,170,0.0
6,Buenos Aires,6301,General Belgrano,2012,110,0.0
6,Buenos Aires,6301,General Belgrano,2013,101,0.0
6,Buenos Aires,6301,General Belgrano,2014,145,0.0
6,Buenos Aires,6301,General Belgrano,2015,67,0.0
6,Buenos Aires,6301,General Belgrano,2016,226,0.0
6,Buenos Aires,6301,General Belgrano,2017,250,0.0
6,Buenos Aires,6301,General Belgrano,2018,227,0.0
6,Buenos Aires,6301,General Belgrano,2019,277,0.0
6,Buenos Aires,6301,General Belgrano,2020,166,0.0
6,Buenos Aires,6301,General Belgrano,2021,183,0.0
6,Buenos Aires,6301,General Belgrano,2022,189,0.0
6,Buenos Aires,6301,General Belgrano,2023,203,0.0
6,Buenos Aires,6301,General Belgrano,2024,218,0.0
6,Buenos Aires,6308,General Guido,2000,36,0.0
6,Buenos Aires,6308,General Guido,2001,23,0.0
6,Buenos Aires,6308,General Guido,2002,5,0.0
6,Buenos Aires,6308,General Guido,2003,7,0.0
6,Buenos Aires,6308,General Guido,2004,10,0.0
6,Buenos Aires,6308,General Guido,2005,18,0.0
6,Buenos Aires,6308,General Guido,2006,17,0.0
6,Buenos Aires,6308,General Guido,2007,10,0.0
6,Buenos Aires,6308,General Guido,2008,12,0.0
6,Buenos Aires,6308,General Guido,2009,22,0.0
6,Buenos Aires,6308,General Guido,2010,18,0.0
6,Buenos Aires,6308,General Guido,2011,18,0.0
6,Buenos Aires,6308,General Guido,2012,12,0.0
6,Buenos Aires,6308,General Guido,2013,12,0.0
6,Buenos Aires,6308,General Guido,2014,17,0.0
6,Buenos Aires,6308,General Guido,2015,12,0.0
6,Buenos Aires,6308,General Guido,2016,4,0.0
6,Buenos Aires,6308,General Guido,2017,4,0.0
6,Buenos Aires,6308,General Guido,2018,5,0.0
6,Buenos Aires,6308,General Guido,2019,8,0.0
6,Buenos Aires,6308,General Guido,2020,5,0.0
6,Buenos Aires,6308,General Guido,2021,16,0.0
6,Buenos Aires,6308,General Guido,2022,9,0.0
6,Buenos Aires,6308,General Guido,2023,17,0.0
6,Buenos Aires,6308,General Guido,2024,14,0.0
6,Buenos Aires,6315,General Juan Madariaga,2000,243,0.0
6,Buenos Aires,6315,General Juan Madariaga,2001,283,0.0
6,Buenos Aires,6315,General Juan Madariaga,2002,460,0.0
6,Buenos Aires,6315,General Juan Madariaga,2003,613,0.0
6,Buenos Aires,6315,General Juan Madariaga,2004,423,0.0
6,Buenos Aires,6315,General Juan Madariaga,2005,131,0.0
6,Buenos Aires,6315,General Juan Madariaga,2006,181,0.0
6,Buenos Aires,6315,General Juan Madariaga,2007,203,0.0
6,Buenos Aires,6315,General Juan Madariaga,2008,123,0.0
6,Buenos Aires,6315,General Juan Madariaga,2009,211,0.0
6,Buenos Aires,6315,General Juan Madariaga,2010,166,0.0
6,Buenos Aires,6315,General Juan Madariaga,2011,153,0.0
6,Buenos Aires,6315,General Juan Madariaga,2012,207,0.0
6,Buenos Aires,6315,General Juan Madariaga,2013,179,0.0
6,Buenos Aires,6315,General Juan Madariaga,2014,124,0.0
6,Buenos Aires,6315,General Juan Madariaga,2015,115,0.0
6,Buenos Aires,6315,General Juan Madariaga,2016,151,0.0
6,Buenos Aires,6315,General Juan Madariaga,2017,95,0.0
6,Buenos Aires,6315,General Juan Madariaga,2018,75,0.0
6,Buenos Aires,6315,General Juan Madariaga,2019,255,0.0
6,Buenos Aires,6315,General Juan Madariaga,2020,294,0.0
6,Buenos Aires,6315,General Juan Madariaga,2021,147,0.0
6,Buenos Aires,6315,General Juan Madariaga,2022,146,0.0
6,Buenos Aires,6315,General Juan Madariaga,2023,346,0.0
6,Buenos Aires,6315,General Juan Madariaga,2024,395,0.0
6,Buenos Aires,6322,General La Madrid,2000,119,0.0
6,Buenos Aires,6322,General La Madrid,2001,89,0.0
6,Buenos Aires,6322,General La Madrid,2002,227,0.0
6,Buenos Aires,6322,General La Madrid,2003,149,0.0
6,Buenos Aires,6322,General La Madrid,2004,152,0.0
6,Buenos Aires,6322,General La Madrid,2005,106,0.0
6,Buenos Aires,6322,General La Madrid,2006,66,0.0
6,Buenos Aires,6322,General La Madrid,2007,94,0.0
6,Buenos Aires,6322,General La Madrid,2008,133,0.0
6,Buenos Aires,6322,General La Madrid,2009,43,0.0
6,Buenos Aires,6322,General La Madrid,2010,143,0.0
6,Buenos Aires,6322,General La Madrid,2011,138,0.0
6,Buenos Aires,6322,General La Madrid,2012,193,0.0
6,Buenos Aires,6322,General La Madrid,2013,197,0.0
6,Buenos Aires,6322,General La Madrid,2014,160,0.0
6,Buenos Aires,6322,General La Madrid,2015,81,0.0
6,Buenos Aires,6322,General La Madrid,2016,77,0.0
6,Buenos Aires,6322,General La Madrid,2017,61,0.0
6,Buenos Aires,6322,General La Madrid,2018,63,0.0
6,Buenos Aires,6322,General La Madrid,2019,80,0.0
6,Buenos Aires,6322,General La Madrid,2020,56,0.0
6,Buenos Aires,6322,General La Madrid,2021,74,0.0
6,Buenos Aires,6322,General La Madrid,2022,54,0.0
6,Buenos Aires,6322,General La Madrid,2023,106,0.0
6,Buenos Aires,6322,General La Madrid,2024,91,0.0
6,Buenos Aires,6329,General Las Heras,2000,138,0.0
6,Buenos Aires,6329,General Las Heras,2001,113,0.0
6,Buenos Aires,6329,General Las Heras,2002,144,0.0
6,Buenos Aires,6329,General Las Heras,2003,105,0.0
6,Buenos Aires,6329,General Las Heras,2004,94,0.0
6,Buenos Aires,6329,General Las Heras,2005,85,0.0
6,Buenos Aires,6329,General Las Heras,2006,75,0.0
6,Buenos Aires,6329,General Las Heras,2007,47,0.0
6,Buenos Aires,6329,General Las Heras,2008,105,0.0
6,Buenos Aires,6329,General Las Heras,2009,102,0.0
6,Buenos Aires,6329,General Las Heras,2010,89,0.0
6,Buenos Aires,6329,General Las Heras,2011,90,0.0
6,Buenos Aires,6329,General Las Heras,2012,88,0.0
6,Buenos Aires,6329,General Las Heras,2013,96,0.0
6,Buenos Aires,6329,General Las Heras,2014,72,0.0
6,Buenos Aires,6329,General Las Heras,2015,71,0.0
6,Buenos Aires,6329,General Las Heras,2016,49,0.0
6,Buenos Aires,6329,General Las Heras,2017,63,0.0
6,Buenos Aires,6329,General Las Heras,2018,61,0.0
6,Buenos Aires,6329,General Las Heras,2019,100,0.0
6,Buenos Aires,6329,General Las Heras,2020,77,0.0
6,Buenos Aires,6329,General Las Heras,2021,148,0.0
6,Buenos Aires,6329,General Las Heras,2022,107,0.0
6,Buenos Aires,6329,General Las Heras,2023,66,0.0
6,Buenos Aires,6329,General Las Heras,2024,119,0.0
6,Buenos Aires,6336,General Lavalle,2000,54,0.0
6,Buenos Aires,6336,General Lavalle,2001,52,0.0
6,Buenos Aires,6336,General Lavalle,2002,74,0.0
6,Buenos Aires,6336,General Lavalle,2003,97,0.0
6,Buenos Aires,6336,General Lavalle,2004,63,0.0
6,Buenos Aires,6336,General Lavalle,2005,23,0.0
6,Buenos Aires,6336,General Lavalle,2006,32,0.0
6,Buenos Aires,6336,General Lavalle,2007,19,0.0
6,Buenos Aires,6336,General Lavalle,2008,16,0.0
6,Buenos Aires,6336,General Lavalle,2009,69,0.0
6,Buenos Aires,6336,General Lavalle,2010,22,0.0
6,Buenos Aires,6336,General Lavalle,2011,44,0.0
6,Buenos Aires,6336,General Lavalle,2012,54,0.0
6,Buenos Aires,6336,General Lavalle,2013,31,0.0
6,Buenos Aires,6336,General Lavalle,2014,55,0.0
6,Buenos Aires,6336,General Lavalle,2015,30,0.0
6,Buenos Aires,6336,General Lavalle,2016,25,0.0
6,Buenos Aires,6336,General Lavalle,2017,20,0.0
6,Buenos Aires,6336,General Lavalle,2018,19,0.0
6,Buenos Aires,6336,General Lavalle,2019,69,0.0
6,Buenos Aires,6336,General Lavalle,2020,54,0.0
6,Buenos Aires,6336,General Lavalle,2021,45,0.0
6,Buenos Aires,6336,General Lavalle,2022,48,0.0
6,Buenos Aires,6336,General Lavalle,2023,89,0.0
6,Buenos Aires,6336,General Lavalle,2024,59,0.0
6,Buenos Aires,6343,General Paz,2000,81,0.0
6,Buenos Aires,6343,General Paz,2001,95,0.0
6,Buenos Aires,6343,General Paz,2002,169,0.0
6,Buenos Aires,6343,General Paz,2003,214,0.0
6,Buenos Aires,6343,General Paz,2004,112,0.0
6,Buenos Aires,6343,General Paz,2005,137,0.0
6,Buenos Aires,6343,General Paz,2006,44,0.0
6,Buenos Aires,6343,General Paz,2007,48,0.0
6,Buenos Aires,6343,General Paz,2008,42,0.0
6,Buenos Aires,6343,General Paz,2009,34,0.0
6,Buenos Aires,6343,General Paz,2010,43,0.0
6,Buenos Aires,6343,General Paz,2011,88,0.0
6,Buenos Aires,6343,General Paz,2012,79,0.0
6,Buenos Aires,6343,General Paz,2013,66,0.0
6,Buenos Aires,6343,General Paz,2014,71,0.0
6,Buenos Aires,6343,General Paz,2015,40,0.0
6,Buenos Aires,6343,General Paz,2016,45,0.0
6,Buenos Aires,6343,General Paz,2017,36,0.0
6,Buenos Aires,6343,General Paz,2018,36,0.0
6,Buenos Aires,6343,General Paz,2019,113,0.0
6,Buenos Aires,6343,General Paz,2020,129,0.0
6,Buenos Aires,6343,General Paz,2021,168,0.0
6,Buenos Aires,6343,General Paz,2022,126,0.0
6,Buenos Aires,6343,General Paz,2023,75,0.0
6,Buenos Aires,6343,General Paz,2024,72,0.0
6,Buenos Aires,6351,General Pinto,2000,55,0.0
6,Buenos Aires,6351,General Pinto,2001,72,0.0
6,Buenos Aires,6351,General Pinto,2002,53,0.0
6,Buenos Aires,6351,General Pinto,2003,44,0.0
6,Buenos Aires,6351,General Pinto,2004,58,0.0
6,Buenos Aires,6351,General Pinto,2005,66,0.0
6,Buenos Aires,6351,General Pinto,2006,34,0.0
6,Buenos Aires,6351,General Pinto,2007,35,0.0
6,Buenos Aires,6351,General Pinto,2008,40,0.0
6,Buenos Aires,6351,General Pinto,2009,122,0.0
6,Buenos Aires,6351,General Pinto,2010,41,0.0
6,Buenos Aires,6351,General Pinto,2011,42,0.0
6,Buenos Aires,6351,General Pinto,2012,51,0.0
6,Buenos Aires,6351,General Pinto,2013,49,0.0
6,Buenos Aires,6351,General Pinto,2014,65,0.0
6,Buenos Aires,6351,General Pinto,2015,73,0.0
6,Buenos Aires,6351,General Pinto,2016,50,0.0
6,Buenos Aires,6351,General Pinto,2017,56,0.0
6,Buenos Aires,6351,General Pinto,2018,47,0.0
6,Buenos Aires,6351,General Pinto,2019,36,0.0
6,Buenos Aires,6351,General Pinto,2020,57,0.0
6,Buenos Aires,6351,General Pinto,2021,62,0.0
6,Buenos Aires,6351,General Pinto,2022,63,0.0
6,Buenos Aires,6351,General Pinto,2023,88,0.0
6,Buenos Aires,6351,General Pinto,2024,85,0.0
6,Buenos Aires,6357,General Pueyrredón,2000,11075,0.0
6,Buenos Aires,6357,General Pueyrredón,2001,7479,0.0
6,Buenos Aires,6357,General Pueyrredón,2002,9691,0.0
6,Buenos Aires,6357,General Pueyrredón,2003,8591,0.0
6,Buenos Aires,6357,General Pueyrredón,2004,6149,0.0
6,Buenos Aires,6357,General Pueyrredón,2005,4677,0.0
6,Buenos Aires,6357,General Pueyrredón,2006,4460,0.0
6,Buenos Aires,6357,General Pueyrredón,2007,4836,0.0
6,Buenos Aires,6357,General Pueyrredón,2008,6656,0.0
6,Buenos Aires,6357,General Pueyrredón,2009,2532,0.0
6,Buenos Aires,6357,General Pueyrredón,2010,6434,0.0
6,Buenos Aires,6357,General Pueyrredón,2011,6077,0.0
6,Buenos Aires,6357,General Pueyrredón,2012,7844,0.0
6,Buenos Aires,6357,General Pueyrredón,2013,7357,0.0
6,Buenos Aires,6357,General Pueyrredón,2014,6655,0.0
6,Buenos Aires,6357,General Pueyrredón,2015,6700,0.0
6,Buenos Aires,6357,General Pueyrredón,2016,5575,0.0
6,Buenos Aires,6357,General Pueyrredón,2017,6156,0.0
6,Buenos Aires,6357,General Pueyrredón,2018,6344,0.0
6,Buenos Aires,6357,General Pueyrredón,2019,9666,0.0
6,Buenos Aires,6357,General Pueyrredón,2020,7341,0.0
6,Buenos Aires,6357,General Pueyrredón,2021,7458,0.0
6,Buenos Aires,6357,General Pueyrredón,2022,7579,0.0
6,Buenos Aires,6357,General Pueyrredón,2023,11160,0.0
6,Buenos Aires,6357,General Pueyrredón,2024,13657,0.0
6,Buenos Aires,6364,General Rodríguez,2000,728,0.0
6,Buenos Aires,6364,General Rodríguez,2001,629,0.0
6,Buenos Aires,6364,General Rodríguez,2002,814,0.0
6,Buenos Aires,6364,General Rodríguez,2003,580,0.0
6,Buenos Aires,6364,General Rodríguez,2004,816,0.0
6,Buenos Aires,6364,General Rodríguez,2005,540,0.0
6,Buenos Aires,6364,General Rodríguez,2006,335,0.0
6,Buenos Aires,6364,General Rodríguez,2007,310,0.0
6,Buenos Aires,6364,General Rodríguez,2008,373,0.0
6,Buenos Aires,6364,General Rodríguez,2009,214,0.0
6,Buenos Aires,6364,General Rodríguez,2010,815,0.0
6,Buenos Aires,6364,General Rodríguez,2011,1144,0.0
6,Buenos Aires,6364,General Rodríguez,2012,1093,0.0
6,Buenos Aires,6364,General Rodríguez,2013,1149,0.0
6,Buenos Aires,6364,General Rodríguez,2014,1252,0.0
6,Buenos Aires,6364,General Rodríguez,2015,1017,0.0
6,Buenos Aires,6364,General Rodríguez,2016,744,0.0
6,Buenos Aires,6364,General Rodríguez,2017,650,0.0
6,Buenos Aires,6364,General Rodríguez,2018,1609,0.0
6,Buenos Aires,6364,General Rodríguez,2019,2292,0.0
6,Buenos Aires,6364,General Rodríguez,2020,1841,0.0
6,Buenos Aires,6364,General Rodríguez,2021,2007,0.0
6,Buenos Aires,6364,General Rodríguez,2022,2337,0.0
6,Buenos Aires,6364,General Rodríguez,2023,2502,0.0
6,Buenos Aires,6364,General Rodríguez,2024,2250,0.0
6,Buenos Aires,6371,General San Martín,2000,8424,0.0
6,Buenos Aires,6371,General San Martín,2001,8169,0.0
6,Buenos Aires,6371,General San Martín,2002,9081,0.0
6,Buenos Aires,6371,General San Martín,2003,7690,0.0
6,Buenos Aires,6371,General San Martín,2004,4853,0.0
6,Buenos Aires,6371,General San Martín,2005,3033,0.0
6,Buenos Aires,6371,General San Martín,2006,2980,0.0
6,Buenos Aires,6371,General San Martín,2007,3741,0.0
6,Buenos Aires,6371,General San Martín,2008,5502,0.0
6,Buenos Aires,6371,General San Martín,2009,5564,0.0
6,Buenos Aires,6371,General San Martín,2010,4751,0.0
6,Buenos Aires,6371,General San Martín,2011,5899,0.0
6,Buenos Aires,6371,General San Martín,2012,5186,0.0
6,Buenos Aires,6371,General San Martín,2013,6903,0.0
6,Buenos Aires,6371,General San Martín,2014,6843,0.0
6,Buenos Aires,6371,General San Martín,2015,5925,0.0
6,Buenos Aires,6371,General San Martín,2016,5722,0.0
6,Buenos Aires,6371,General San Martín,2017,5595,0.0
6,Buenos Aires,6371,General San Martín,2018,8196,0.0
6,Buenos Aires,6371,General San Martín,2019,7668,0.0
6,Buenos Aires,6371,General San Martín,2020,6759,0.0
6,Buenos Aires,6371,General San Martín,2021,7173,0.0
6,Buenos Aires,6371,General San Martín,2022,6565,0.0
6,Buenos Aires,6371,General San Martín,2023,8668,0.0
6,Buenos Aires,6371,General San Martín,2024,9001,0.0
6,Buenos Aires,6385,General Viamonte,2000,166,0.0
6,Buenos Aires,6385,General Viamonte,2001,149,0.0
6,Buenos Aires,6385,General Viamonte,2002,170,0.0
6,Buenos Aires,6385,General Viamonte,2003,248,0.0
6,Buenos Aires,6385,General Viamonte,2004,317,0.0
6,Buenos Aires,6385,General Viamonte,2005,192,0.0
6,Buenos Aires,6385,General Viamonte,2006,149,0.0
6,Buenos Aires,6385,General Viamonte,2007,117,0.0
6,Buenos Aires,6385,General Viamonte,2008,133,0.0
6,Buenos Aires,6385,General Viamonte,2009,314,0.0
6,Buenos Aires,6385,General Viamonte,2010,79,0.0
6,Buenos Aires,6385,General Viamonte,2011,88,0.0
6,Buenos Aires,6385,General Viamonte,2012,156,0.0
6,Buenos Aires,6385,General Viamonte,2013,152,0.0
6,Buenos Aires,6385,General Viamonte,2014,173,0.0
6,Buenos Aires,6385,General Viamonte,2015,134,0.0
6,Buenos Aires,6385,General Viamonte,2016,127,0.0
6,Buenos Aires,6385,General Viamonte,2017,145,0.0
6,Buenos Aires,6385,General Viamonte,2018,141,0.0
6,Buenos Aires,6385,General Viamonte,2019,152,0.0
6,Buenos Aires,6385,General Viamonte,2020,122,0.0
6,Buenos Aires,6385,General Viamonte,2021,182,0.0
6,Buenos Aires,6385,General Viamonte,2022,175,0.0
6,Buenos Aires,6385,General Viamonte,2023,194,0.0
6,Buenos Aires,6385,General Viamonte,2024,210,0.0
6,Buenos Aires,6392,General Villegas,2000,413,0.0
6,Buenos Aires,6392,General Villegas,2001,336,0.0
6,Buenos Aires,6392,General Villegas,2002,426,0.0
6,Buenos Aires,6392,General Villegas,2003,430,0.0
6,Buenos Aires,6392,General Villegas,2004,352,0.0
6,Buenos Aires,6392,General Villegas,2005,215,0.0
6,Buenos Aires,6392,General Villegas,2006,163,0.0
6,Buenos Aires,6392,General Villegas,2007,159,0.0
6,Buenos Aires,6392,General Villegas,2008,269,0.0
6,Buenos Aires,6392,General Villegas,2009,2478,0.0
6,Buenos Aires,6392,General Villegas,2010,226,0.0
6,Buenos Aires,6392,General Villegas,2011,247,0.0
6,Buenos Aires,6392,General Villegas,2012,311,0.0
6,Buenos Aires,6392,General Villegas,2013,254,0.0
6,Buenos Aires,6392,General Villegas,2014,330,0.0
6,Buenos Aires,6392,General Villegas,2015,324,0.0
6,Buenos Aires,6392,General Villegas,2016,186,0.0
6,Buenos Aires,6392,General Villegas,2017,336,0.0
6,Buenos Aires,6392,General Villegas,2018,345,0.0
6,Buenos Aires,6392,General Villegas,2019,409,0.0
6,Buenos Aires,6392,General Villegas,2020,293,0.0
6,Buenos Aires,6392,General Villegas,2021,287,0.0
6,Buenos Aires,6392,General Villegas,2022,248,0.0
6,Buenos Aires,6392,General Villegas,2023,309,0.0
6,Buenos Aires,6392,General Villegas,2024,350,0.0
6,Buenos Aires,6399,Guaminí,2000,97,0.0
6,Buenos Aires,6399,Guaminí,2001,79,0.0
6,Buenos Aires,6399,Guaminí,2002,131,0.0
6,Buenos Aires,6399,Guaminí,2003,96,0.0
6,Buenos Aires,6399,Guaminí,2004,104,0.0
6,Buenos Aires,6399,Guaminí,2005,61,0.0
6,Buenos Aires,6399,Guaminí,2006,47,0.0
6,Buenos Aires,6399,Guaminí,2007,39,0.0
6,Buenos Aires,6399,Guaminí,2008,35,0.0
6,Buenos Aires,6399,Guaminí,2009,97,0.0
6,Buenos Aires,6399,Guaminí,2010,72,0.0
6,Buenos Aires,6399,Guaminí,2011,70,0.0
6,Buenos Aires,6399,Guaminí,2012,91,0.0
6,Buenos Aires,6399,Guaminí,2013,78,0.0
6,Buenos Aires,6399,Guaminí,2014,41,0.0
6,Buenos Aires,6399,Guaminí,2015,35,0.0
6,Buenos Aires,6399,Guaminí,2016,50,0.0
6,Buenos Aires,6399,Guaminí,2017,20,0.0
6,Buenos Aires,6399,Guaminí,2018,44,0.0
6,Buenos Aires,6399,Guaminí,2019,64,0.0
6,Buenos Aires,6399,Guaminí,2020,62,0.0
6,Buenos Aires,6399,Guaminí,2021,73,0.0
6,Buenos Aires,6399,Guaminí,2022,77,0.0
6,Buenos Aires,6399,Guaminí,2023,117,0.0
6,Buenos Aires,6399,Guaminí,2024,116,0.0
6,Buenos Aires,6406,Hipólito Yrigoyen,2000,87,0.0
6,Buenos Aires,6406,Hipólito Yrigoyen,2001,57,0.0
6,Buenos Aires,6406,Hipólito Yrigoyen,2002,111,0.0
6,Buenos Aires,6406,Hipólito Yrigoyen,2003,124,0.0
6,Buenos Aires,6406,Hipólito Yrigoyen,2004,78,0.0
6,Buenos Aires,6406,Hipólito Yrigoyen,2005,48,0.0
6,Buenos Aires,6406,Hipólito Yrigoyen,2006,54,0.0
6,Buenos Aires,6406,Hipólito Yrigoyen,2007,30,0.0
6,Buenos Aires,6406,Hipólito Yrigoyen,2008,104,0.0
6,Buenos Aires,6406,Hipólito Yrigoyen,2009,196,0.0
6,Buenos Aires,6406,Hipólito Yrigoyen,2010,49,0.0
6,Buenos Aires,6406,Hipólito Yrigoyen,2011,33,0.0
6,Buenos Aires,6406,Hipólito Yrigoyen,2012,71,0.0
6,Buenos Aires,6406,Hipólito Yrigoyen,2013,69,0.0
6,Buenos Aires,6406,Hipólito Yrigoyen,2014,93,0.0
6,Buenos Aires,6406,Hipólito Yrigoyen,2015,46,0.0
6,Buenos Aires,6406,Hipólito Yrigoyen,2016,62,0.0
6,Buenos Aires,6406,Hipólito Yrigoyen,2017,57,0.0
6,Buenos Aires,6406,Hipólito Yrigoyen,2018,88,0.0
6,Buenos Aires,6406,Hipólito Yrigoyen,2019,107,0.0
6,Buenos Aires,6406,Hipólito Yrigoyen,2020,53,0.0
6,Buenos Aires,6406,Hipólito Yrigoyen,2021,68,0.0
6,Buenos Aires,6406,Hipólito Yrigoyen,2022,76,0.0
6,Buenos Aires,6406,Hipólito Yrigoyen,2023,86,0.0
6,Buenos Aires,6406,Hipólito Yrigoyen,2024,71,0.0
6,Buenos Aires,6408,Hurlingham,2000,2510,0.0
6,Buenos Aires,6408,Hurlingham,2001,2537,0.0
6,Buenos Aires,6408,Hurlingham,2002,3599,0.0
6,Buenos Aires,6408,Hurlingham,2003,3142,0.0
6,Buenos Aires,6408,Hurlingham,2004,2275,0.0
6,Buenos Aires,6408,Hurlingham,2005,1481,0.0
6,Buenos Aires,6408,Hurlingham,2006,1469,0.0
6,Buenos Aires,6408,Hurlingham,2007,1742,0.0
6,Buenos Aires,6408,Hurlingham,2008,1915,0.0
6,Buenos Aires,6408,Hurlingham,2009,764,0.0
6,Buenos Aires,6408,Hurlingham,2010,1832,0.0
6,Buenos Aires,6408,Hurlingham,2011,2028,0.0
6,Buenos Aires,6408,Hurlingham,2012,1915,0.0
6,Buenos Aires,6408,Hurlingham,2013,2360,0.0
6,Buenos Aires,6408,Hurlingham,2014,2364,0.0
6,Buenos Aires,6408,Hurlingham,2015,1841,0.0
6,Buenos Aires,6408,Hurlingham,2016,1698,0.0
6,Buenos Aires,6408,Hurlingham,2017,1704,0.0
6,Buenos Aires,6408,Hurlingham,2018,2158,0.0
6,Buenos Aires,6408,Hurlingham,2019,3299,0.0
6,Buenos Aires,6408,Hurlingham,2020,2189,0.0
6,Buenos Aires,6408,Hurlingham,2021,2106,0.0
6,Buenos Aires,6408,Hurlingham,2022,2467,0.0
6,Buenos Aires,6408,Hurlingham,2023,2287,0.0
6,Buenos Aires,6408,Hurlingham,2024,2393,0.0
6,Buenos Aires,6410,Ituzaingó,2000,1940,0.0
6,Buenos Aires,6410,Ituzaingó,2001,2388,0.0
6,Buenos Aires,6410,Ituzaingó,2002,3584,0.0
6,Buenos Aires,6410,Ituzaingó,2003,3147,0.0
6,Buenos Aires,6410,Ituzaingó,2004,1909,0.0
6,Buenos Aires,6410,Ituzaingó,2005,1060,0.0
6,Buenos Aires,6410,Ituzaingó,2006,1154,0.0
6,Buenos Aires,6410,Ituzaingó,2007,1453,0.0
6,Buenos Aires,6410,Ituzaingó,2008,1621,0.0
6,Buenos Aires,6410,Ituzaingó,2009,738,0.0
6,Buenos Aires,6410,Ituzaingó,2010,1707,0.0
6,Buenos Aires,6410,Ituzaingó,2011,2178,0.0
6,Buenos Aires,6410,Ituzaingó,2012,2732,0.0
6,Buenos Aires,6410,Ituzaingó,2013,3410,0.0
6,Buenos Aires,6410,Ituzaingó,2014,3029,0.0
6,Buenos Aires,6410,Ituzaingó,2015,2992,0.0
6,Buenos Aires,6410,Ituzaingó,2016,2983,0.0
6,Buenos Aires,6410,Ituzaingó,2017,2780,0.0
6,Buenos Aires,6410,Ituzaingó,2018,3851,0.0
6,Buenos Aires,6410,Ituzaingó,2019,4605,0.0
6,Buenos Aires,6410,Ituzaingó,2020,2756,0.0
6,Buenos Aires,6410,Ituzaingó,2021,2455,0.0
6,Buenos Aires,6410,Ituzaingó,2022,2292,0.0
6,Buenos Aires,6410,Ituzaingó,2023,3075,0.0
6,Buenos Aires,6410,Ituzaingó,2024,3141,0.0
6,Buenos Aires,6412,José C. Paz,2000,3045,0.0
6,Buenos Aires,6412,José C. Paz,2001,3192,0.0
6,Buenos Aires,6412,José C. Paz,2002,4046,0.0
6,Buenos Aires,6412,José C. Paz,2003,3628,0.0
6,Buenos Aires,6412,José C. Paz,2004,2624,0.0
6,Buenos Aires,6412,José C. Paz,2005,1626,0.0
6,Buenos Aires,6412,José C. Paz,2006,1446,0.0
6,Buenos Aires,6412,José C. Paz,2007,1246,0.0
6,Buenos Aires,6412,José C. Paz,2008,1422,0.0
6,Buenos Aires,6412,José C. Paz,2009,1088,0.0
6,Buenos Aires,6412,José C. Paz,2010,1598,0.0
6,Buenos Aires,6412,José C. Paz,2011,2363,0.0
6,Buenos Aires,6412,José C. Paz,2012,2720,0.0
6,Buenos Aires,6412,José C. Paz,2013,2442,0.0
6,Buenos Aires,6412,José C. Paz,2014,2812,0.0
6,Buenos Aires,6412,José C. Paz,2015,2620,0.0
6,Buenos Aires,6412,José C. Paz,2016,2861,0.0
6,Buenos Aires,6412,José C. Paz,2017,2632,0.0
6,Buenos Aires,6412,José C. Paz,2018,2198,0.0
6,Buenos Aires,6412,José C. Paz,2019,3210,0.0
6,Buenos Aires,6412,José C. Paz,2020,2838,0.0
6,Buenos Aires,6412,José C. Paz,2021,3303,0.0
6,Buenos Aires,6412,José C. Paz,2022,4863,0.0
6,Buenos Aires,6412,José C. Paz,2023,5711,0.0
6,Buenos Aires,6412,José C. Paz,2024,5160,0.0
6,Buenos Aires,6413,Junín,2000,1473,0.0
6,Buenos Aires,6413,Junín,2001,1348,0.0
6,Buenos Aires,6413,Junín,2002,1412,0.0
6,Buenos Aires,6413,Junín,2003,1587,0.0
6,Buenos Aires,6413,Junín,2004,1291,0.0
6,Buenos Aires,6413,Junín,2005,901,0.0
6,Buenos Aires,6413,Junín,2006,683,0.0
6,Buenos Aires,6413,Junín,2007,792,0.0
6,Buenos Aires,6413,Junín,2008,721,0.0
6,Buenos Aires,6413,Junín,2009,943,0.0
6,Buenos Aires,6413,Junín,2010,870,0.0
6,Buenos Aires,6413,Junín,2011,879,0.0
6,Buenos Aires,6413,Junín,2012,1266,0.0
6,Buenos Aires,6413,Junín,2013,1264,0.0
6,Buenos Aires,6413,Junín,2014,1361,0.0
6,Buenos Aires,6413,Junín,2015,1410,0.0
6,Buenos Aires,6413,Junín,2016,1391,0.0
6,Buenos Aires,6413,Junín,2017,950,0.0
6,Buenos Aires,6413,Junín,2018,906,0.0
6,Buenos Aires,6413,Junín,2019,1811,0.0
6,Buenos Aires,6413,Junín,2020,1034,0.0
6,Buenos Aires,6413,Junín,2021,1266,0.0
6,Buenos Aires,6413,Junín,2022,1390,0.0
6,Buenos Aires,6413,Junín,2023,1742,0.0
6,Buenos Aires,6413,Junín,2024,1898,0.0
6,Buenos Aires,6420,La Costa,2000,1435,0.0
6,Buenos Aires,6420,La Costa,2001,1528,0.0
6,Buenos Aires,6420,La Costa,2002,2398,0.0
6,Buenos Aires,6420,La Costa,2003,1991,0.0
6,Buenos Aires,6420,La Costa,2004,1789,0.0
6,Buenos Aires,6420,La Costa,2005,1501,0.0
6,Buenos Aires,6420,La Costa,2006,1611,0.0
6,Buenos Aires,6420,La Costa,2007,1358,0.0
6,Buenos Aires,6420,La Costa,2008,1419,0.0
6,Buenos Aires,6420,La Costa,2009,1072,0.0
6,Buenos Aires,6420,La Costa,2010,1456,0.0
6,Buenos Aires,6420,La Costa,2011,1374,0.0
6,Buenos Aires,6420,La Costa,2012,1215,0.0
6,Buenos Aires,6420,La Costa,2013,1155,0.0
6,Buenos Aires,6420,La Costa,2014,1262,0.0
6,Buenos Aires,6420,La Costa,2015,893,0.0
6,Buenos Aires,6420,La Costa,2016,784,0.0
6,Buenos Aires,6420,La Costa,2017,666,0.0
6,Buenos Aires,6420,La Costa,2018,707,0.0
6,Buenos Aires,6420,La Costa,2019,1921,0.0
6,Buenos Aires,6420,La Costa,2020,1527,0.0
6,Buenos Aires,6420,La Costa,2021,1186,0.0
6,Buenos Aires,6420,La Costa,2022,1250,0.0
6,Buenos Aires,6420,La Costa,2023,1598,0.0
6,Buenos Aires,6420,La Costa,2024,2528,0.0
6,Buenos Aires,6427,La Matanza,2000,16448,0.0
6,Buenos Aires,6427,La Matanza,2001,16875,0.0
6,Buenos Aires,6427,La Matanza,2002,19304,0.0
6,Buenos Aires,6427,La Matanza,2003,15890,0.0
6,Buenos Aires,6427,La Matanza,2004,11398,0.0
6,Buenos Aires,6427,La Matanza,2005,10524,0.0
6,Buenos Aires,6427,La Matanza,2006,9941,0.0
6,Buenos Aires,6427,La Matanza,2007,12076,0.0
6,Buenos Aires,6427,La Matanza,2008,12838,0.0
6,Buenos Aires,6427,La Matanza,2009,5659,0.0
6,Buenos Aires,6427,La Matanza,2010,13342,0.0
6,Buenos Aires,6427,La Matanza,2011,14805,0.0
6,Buenos Aires,6427,La Matanza,2012,16127,0.0
6,Buenos Aires,6427,La Matanza,2013,15175,0.0
6,Buenos Aires,6427,La Matanza,2014,16195,0.0
6,Buenos Aires,6427,La Matanza,2015,14486,0.0
6,Buenos Aires,6427,La Matanza,2016,14190,0.0
6,Buenos Aires,6427,La Matanza,2017,15953,0.0
6,Buenos Aires,6427,La Matanza,2018,19626,0.0
6,Buenos Aires,6427,La Matanza,2019,37604,0.0
6,Buenos Aires,6427,La Matanza,2020,25822,0.0
6,Buenos Aires,6427,La Matanza,2021,27038,0.0
6,Buenos Aires,6427,La Matanza,2022,27640,0.0
6,Buenos Aires,6427,La Matanza,2023,32772,0.0
6,Buenos Aires,6427,La Matanza,2024,35190,0.0
6,Buenos Aires,6434,Lanús,2000,8053,0.0
6,Buenos Aires,6434,Lanús,2001,8325,0.0
6,Buenos Aires,6434,Lanús,2002,10839,0.0
6,Buenos Aires,6434,Lanús,2003,8246,0.0
6,Buenos Aires,6434,Lanús,2004,6496,0.0
6,Buenos Aires,6434,Lanús,2005,4205,0.0
6,Buenos Aires,6434,Lanús,2006,3908,0.0
6,Buenos Aires,6434,Lanús,2007,3853,0.0
6,Buenos Aires,6434,Lanús,2008,4930,0.0
6,Buenos Aires,6434,Lanús,2009,8659,0.0
6,Buenos Aires,6434,Lanús,2010,4291,0.0
6,Buenos Aires,6434,Lanús,2011,5104,0.0
6,Buenos Aires,6434,Lanús,2012,4390,0.0
6,Buenos Aires,6434,Lanús,2013,5044,0.0
6,Buenos Aires,6434,Lanús,2014,5563,0.0
6,Buenos Aires,6434,Lanús,2015,5409,0.0
6,Buenos Aires,6434,Lanús,2016,5270,0.0
6,Buenos Aires,6434,Lanús,2017,5168,0.0
6,Buenos Aires,6434,Lanús,2018,8023,0.0
6,Buenos Aires,6434,Lanús,2019,8557,0.0
6,Buenos Aires,6434,Lanús,2020,6497,0.0
6,Buenos Aires,6434,Lanús,2021,6841,0.0
6,Buenos Aires,6434,Lanús,2022,5715,0.0
6,Buenos Aires,6434,Lanús,2023,7231,0.0
6,Buenos Aires,6434,Lanús,2024,9389,0.0
6,Buenos Aires,6441,La Plata,2000,10031,0.0
6,Buenos Aires,6441,La Plata,2001,8812,0.0
6,Buenos Aires,6441,La Plata,2002,10157,0.0
6,Buenos Aires,6441,La Plata,2003,8652,0.0
6,Buenos Aires,6441,La Plata,2004,8730,0.0
6,Buenos Aires,6441,La Plata,2005,6217,0.0
6,Buenos Aires,6441,La Plata,2006,5594,0.0
6,Buenos Aires,6441,La Plata,2007,4936,0.0
6,Buenos Aires,6441,La Plata,2008,7453,0.0
6,Buenos Aires,6441,La Plata,2009,3792,0.0
6,Buenos Aires,6441,La Plata,2010,7075,0.0
6,Buenos Aires,6441,La Plata,2011,9618,0.0
6,Buenos Aires,6441,La Plata,2012,11060,0.0
6,Buenos Aires,6441,La Plata,2013,10628,0.0
6,Buenos Aires,6441,La Plata,2014,6901,0.0
6,Buenos Aires,6441,La Plata,2015,7854,0.0
6,Buenos Aires,6441,La Plata,2016,9255,0.0
6,Buenos Aires,6441,La Plata,2017,10333,0.0
6,Buenos Aires,6441,La Plata,2018,12129,0.0
6,Buenos Aires,6441,La Plata,2019,13755,0.0
6,Buenos Aires,6441,La Plata,2020,9734,0.0
6,Buenos Aires,6441,La Plata,2021,10872,0.0
6,Buenos Aires,6441,La Plata,2022,11070,0.0
6,Buenos Aires,6441,La Plata,2023,12248,0.0
6,Buenos Aires,6441,La Plata,2024,11883,0.0
6,Buenos Aires,6448,Laprida,2000,128,0.0
6,Buenos Aires,6448,Laprida,2001,58,0.0
6,Buenos Aires,6448,Laprida,2002,70,0.0
6,Buenos Aires,6448,Laprida,2003,97,0.0
6,Buenos Aires,6448,Laprida,2004,74,0.0
6,Buenos Aires,6448,Laprida,2005,101,0.0
6,Buenos Aires,6448,Laprida,2006,40,0.0
6,Buenos Aires,6448,Laprida,2007,99,0.0
6,Buenos Aires,6448,Laprida,2008,97,0.0
6,Buenos Aires,6448,Laprida,2009,2732,0.0
6,Buenos Aires,6448,Laprida,2010,118,0.0
6,Buenos Aires,6448,Laprida,2011,165,0.0
6,Buenos Aires,6448,Laprida,2012,164,0.0
6,Buenos Aires,6448,Laprida,2013,172,0.0
6,Buenos Aires,6448,Laprida,2014,142,0.0
6,Buenos Aires,6448,Laprida,2015,108,0.0
6,Buenos Aires,6448,Laprida,2016,84,0.0
6,Buenos Aires,6448,Laprida,2017,119,0.0
6,Buenos Aires,6448,Laprida,2018,67,0.0
6,Buenos Aires,6448,Laprida,2019,84,0.0
6,Buenos Aires,6448,Laprida,2020,114,0.0
6,Buenos Aires,6448,Laprida,2021,104,0.0
6,Buenos Aires,6448,Laprida,2022,98,0.0
6,Buenos Aires,6448,Laprida,2023,195,0.0
6,Buenos Aires,6448,Laprida,2024,132,0.0
6,Buenos Aires,6455,Las Flores,2000,98,0.0
6,Buenos Aires,6455,Las Flores,2001,133,0.0
6,Buenos Aires,6455,Las Flores,2002,200,0.0
6,Buenos Aires,6455,Las Flores,2003,266,0.0
6,Buenos Aires,6455,Las Flores,2004,182,0.0
6,Buenos Aires,6455,Las Flores,2005,142,0.0
6,Buenos Aires,6455,Las Flores,2006,116,0.0
6,Buenos Aires,6455,Las Flores,2007,71,0.0
6,Buenos Aires,6455,Las Flores,2008,127,0.0
6,Buenos Aires,6455,Las Flores,2009,131,0.0
6,Buenos Aires,6455,Las Flores,2010,194,0.0
6,Buenos Aires,6455,Las Flores,2011,179,0.0
6,Buenos Aires,6455,Las Flores,2012,144,0.0
6,Buenos Aires,6455,Las Flores,2013,120,0.0
6,Buenos Aires,6455,Las Flores,2014,122,0.0
6,Buenos Aires,6455,Las Flores,2015,109,0.0
6,Buenos Aires,6455,Las Flores,2016,76,0.0
6,Buenos Aires,6455,Las Flores,2017,59,0.0
6,Buenos Aires,6455,Las Flores,2018,73,0.0
6,Buenos Aires,6455,Las Flores,2019,245,0.0
6,Buenos Aires,6455,Las Flores,2020,138,0.0
6,Buenos Aires,6455,Las Flores,2021,101,0.0
6,Buenos Aires,6455,Las Flores,2022,96,0.0
6,Buenos Aires,6455,Las Flores,2023,189,0.0
6,Buenos Aires,6455,Las Flores,2024,272,0.0
6,Buenos Aires,6462,Leandro N. Alem,2000,130,0.0
6,Buenos Aires,6462,Leandro N. Alem,2001,140,0.0
6,Buenos Aires,6462,Leandro N. Alem,2002,191,0.0
6,Buenos Aires,6462,Leandro N. Alem,2003,147,0.0
6,Buenos Aires,6462,Leandro N. Alem,2004,144,0.0
6,Buenos Aires,6462,Leandro N. Alem,2005,79,0.0
6,Buenos Aires,6462,Leandro N. Alem,2006,88,0.0
6,Buenos Aires,6462,Leandro N. Alem,2007,64,0.0
6,Buenos Aires,6462,Leandro N. Alem,2008,99,0.0
6,Buenos Aires,6462,Leandro N. Alem,2009,171,0.0
6,Buenos Aires,6462,Leandro N. Alem,2010,93,0.0
6,Buenos Aires,6462,Leandro N. Alem,2011,84,0.0
6,Buenos Aires,6462,Leandro N. Alem,2012,88,0.0
6,Buenos Aires,6462,Leandro N. Alem,2013,58,0.0
6,Buenos Aires,6462,Leandro N. Alem,2014,44,0.0
6,Buenos Aires,6462,Leandro N. Alem,2015,25,0.0
6,Buenos Aires,6462,Leandro N. Alem,2016,56,0.0
6,Buenos Aires,6462,Leandro N. Alem,2017,58,0.0
6,Buenos Aires,6462,Leandro N. Alem,2018,34,0.0
6,Buenos Aires,6462,Leandro N. Alem,2019,59,0.0
6,Buenos Aires,6462,Leandro N. Alem,2020,49,0.0
6,Buenos Aires,6462,Leandro N. Alem,2021,72,0.0
6,Buenos Aires,6462,Leandro N. Alem,2022,117,0.0
6,Buenos Aires,6462,Leandro N. Alem,2023,125,0.0
6,Buenos Aires,6462,Leandro N. Alem,2024,191,0.0
6,Buenos Aires,6466,Lezama,2010,41,0.0
6,Buenos Aires,6466,Lezama,2011,47,0.0
6,Buenos Aires,6466,Lezama,2012,37,0.0
6,Buenos Aires,6466,Lezama,2013,16,0.0
6,Buenos Aires,6466,Lezama,2014,19,0.0
6,Buenos Aires,6466,Lezama,2015,20,0.0
6,Buenos Aires,6466,Lezama,2016,29,0.0
6,Buenos Aires,6466,Lezama,2017,33,0.0
6,Buenos Aires,6466,Lezama,2018,43,0.0
6,Buenos Aires,6466,Lezama,2019,59,0.0
6,Buenos Aires,6466,Lezama,2020,29,0.0
6,Buenos Aires,6466,Lezama,2021,29,0.0
6,Buenos Aires,6466,Lezama,2022,29,0.0
6,Buenos Aires,6466,Lezama,2023,55,0.0
6,Buenos Aires,6466,Lezama,2024,81,0.0
6,Buenos Aires,6469,Lincoln,2000,186,0.0
6,Buenos Aires,6469,Lincoln,2001,257,0.0
6,Buenos Aires,6469,Lincoln,2002,239,0.0
6,Buenos Aires,6469,Lincoln,2003,279,0.0
6,Buenos Aires,6469,Lincoln,2004,266,0.0
6,Buenos Aires,6469,Lincoln,2005,183,0.0
6,Buenos Aires,6469,Lincoln,2006,142,0.0
6,Buenos Aires,6469,Lincoln,2007,208,0.0
6,Buenos Aires,6469,Lincoln,2008,289,0.0
6,Buenos Aires,6469,Lincoln,2009,79,0.0
6,Buenos Aires,6469,Lincoln,2010,236,0.0
6,Buenos Aires,6469,Lincoln,2011,223,0.0
6,Buenos Aires,6469,Lincoln,2012,284,0.0
6,Buenos Aires,6469,Lincoln,2013,299,0.0
6,Buenos Aires,6469,Lincoln,2014,383,0.0
6,Buenos Aires,6469,Lincoln,2015,347,0.0
6,Buenos Aires,6469,Lincoln,2016,256,0.0
6,Buenos Aires,6469,Lincoln,2017,220,0.0
6,Buenos Aires,6469,Lincoln,2018,296,0.0
6,Buenos Aires,6469,Lincoln,2019,424,0.0
6,Buenos Aires,6469,Lincoln,2020,275,0.0
6,Buenos Aires,6469,Lincoln,2021,309,0.0
6,Buenos Aires,6469,Lincoln,2022,322,0.0
6,Buenos Aires,6469,Lincoln,2023,467,0.0
6,Buenos Aires,6469,Lincoln,2024,526,0.0
6,Buenos Aires,6476,Lobería,2000,139,0.0
6,Buenos Aires,6476,Lobería,2001,58,0.0
6,Buenos Aires,6476,Lobería,2002,166,0.0
6,Buenos Aires,6476,Lobería,2003,301,0.0
6,Buenos Aires,6476,Lobería,2004,144,0.0
6,Buenos Aires,6476,Lobería,2005,61,0.0
6,Buenos Aires,6476,Lobería,2006,106,0.0
6,Buenos Aires,6476,Lobería,2007,84,0.0
6,Buenos Aires,6476,Lobería,2008,251,0.0
6,Buenos Aires,6476,Lobería,2009,242,0.0
6,Buenos Aires,6476,Lobería,2010,218,0.0
6,Buenos Aires,6476,Lobería,2011,250,0.0
6,Buenos Aires,6476,Lobería,2012,248,0.0
6,Buenos Aires,6476,Lobería,2013,196,0.0
6,Buenos Aires,6476,Lobería,2014,225,0.0
6,Buenos Aires,6476,Lobería,2015,175,0.0
6,Buenos Aires,6476,Lobería,2016,200,0.0
6,Buenos Aires,6476,Lobería,2017,192,0.0
6,Buenos Aires,6476,Lobería,2018,173,0.0
6,Buenos Aires,6476,Lobería,2019,176,0.0
6,Buenos Aires,6476,Lobería,2020,142,0.0
6,Buenos Aires,6476,Lobería,2021,224,0.0
6,Buenos Aires,6476,Lobería,2022,238,0.0
6,Buenos Aires,6476,Lobería,2023,247,0.0
6,Buenos Aires,6476,Lobería,2024,269,0.0
6,Buenos Aires,6483,Lobos,2000,127,0.0
6,Buenos Aires,6483,Lobos,2001,225,0.0
6,Buenos Aires,6483,Lobos,2002,301,0.0
6,Buenos Aires,6483,Lobos,2003,204,0.0
6,Buenos Aires,6483,Lobos,2004,245,0.0
6,Buenos Aires,6483,Lobos,2005,157,0.0
6,Buenos Aires,6483,Lobos,2006,122,0.0
6,Buenos Aires,6483,Lobos,2007,197,0.0
6,Buenos Aires,6483,Lobos,2008,139,0.0
6,Buenos Aires,6483,Lobos,2009,293,0.0
6,Buenos Aires,6483,Lobos,2010,289,0.0
6,Buenos Aires,6483,Lobos,2011,252,0.0
6,Buenos Aires,6483,Lobos,2012,254,0.0
6,Buenos Aires,6483,Lobos,2013,264,0.0
6,Buenos Aires,6483,Lobos,2014,427,0.0
6,Buenos Aires,6483,Lobos,2015,216,0.0
6,Buenos Aires,6483,Lobos,2016,209,0.0
6,Buenos Aires,6483,Lobos,2017,156,0.0
6,Buenos Aires,6483,Lobos,2018,172,0.0
6,Buenos Aires,6483,Lobos,2019,334,0.0
6,Buenos Aires,6483,Lobos,2020,489,0.0
6,Buenos Aires,6483,Lobos,2021,340,0.0
6,Buenos Aires,6483,Lobos,2022,541,0.0
6,Buenos Aires,6483,Lobos,2023,516,0.0
6,Buenos Aires,6483,Lobos,2024,627,0.0
6,Buenos Aires,6490,Lomas de Zamora,2000,7347,0.0
6,Buenos Aires,6490,Lomas de Zamora,2001,8410,0.0
6,Buenos Aires,6490,Lomas de Zamora,2002,11941,0.0
6,Buenos Aires,6490,Lomas de Zamora,2003,8642,0.0
6,Buenos Aires,6490,Lomas de Zamora,2004,5578,0.0
6,Buenos Aires,6490,Lomas de Zamora,2005,3541,0.0
6,Buenos Aires,6490,Lomas de Zamora,2006,4311,0.0
6,Buenos Aires,6490,Lomas de Zamora,2007,4190,0.0
6,Buenos Aires,6490,Lomas de Zamora,2008,5068,0.0
6,Buenos Aires,6490,Lomas de Zamora,2009,2422,0.0
6,Buenos Aires,6490,Lomas de Zamora,2010,4107,0.0
6,Buenos Aires,6490,Lomas de Zamora,2011,5332,0.0
6,Buenos Aires,6490,Lomas de Zamora,2012,6064,0.0
6,Buenos Aires,6490,Lomas de Zamora,2013,6039,0.0
6,Buenos Aires,6490,Lomas de Zamora,2014,7347,0.0
6,Buenos Aires,6490,Lomas de Zamora,2015,7211,0.0
6,Buenos Aires,6490,Lomas de Zamora,2016,7360,0.0
6,Buenos Aires,6490,Lomas de Zamora,2017,7048,0.0
6,Buenos Aires,6490,Lomas de Zamora,2018,9365,0.0
6,Buenos Aires,6490,Lomas de Zamora,2019,12470,0.0
6,Buenos Aires,6490,Lomas de Zamora,2020,8494,0.0
6,Buenos Aires,6490,Lomas de Zamora,2021,8741,0.0
6,Buenos Aires,6490,Lomas de Zamora,2022,7234,0.0
6,Buenos Aires,6490,Lomas de Zamora,2023,7364,0.0
6,Buenos Aires,6490,Lomas de Zamora,2024,9292,0.0
6,Buenos Aires,6497,Luján,2000,919,0.0
6,Buenos Aires,6497,Luján,2001,782,0.0
6,Buenos Aires,6497,Luján,2002,736,0.0
6,Buenos Aires,6497,Luján,2003,594,0.0
6,Buenos Aires,6497,Luján,2004,652,0.0
6,Buenos Aires,6497,Luján,2005,314,0.0
6,Buenos Aires,6497,Luján,2006,330,0.0
6,Buenos Aires,6497,Luján,2007,361,0.0
6,Buenos Aires,6497,Luján,2008,531,0.0
6,Buenos Aires,6497,Luján,2009,2238,0.0
6,Buenos Aires,6497,Luján,2010,978,0.0
6,Buenos Aires,6497,Luján,2011,864,0.0
6,Buenos Aires,6497,Luján,2012,921,0.0
6,Buenos Aires,6497,Luján,2013,886,0.0
6,Buenos Aires,6497,Luján,2014,824,0.0
6,Buenos Aires,6497,Luján,2015,773,0.0
6,Buenos Aires,6497,Luján,2016,740,0.0
6,Buenos Aires,6497,Luján,2017,733,0.0
6,Buenos Aires,6497,Luján,2018,739,0.0
6,Buenos Aires,6497,Luján,2019,1390,0.0
6,Buenos Aires,6497,Luján,2020,1337,0.0
6,Buenos Aires,6497,Luján,2021,1572,0.0
6,Buenos Aires,6497,Luján,2022,1834,0.0
6,Buenos Aires,6497,Luján,2023,2169,0.0
6,Buenos Aires,6497,Luján,2024,2321,0.0
6,Buenos Aires,6505,Magdalena,2000,123,0.0
6,Buenos Aires,6505,Magdalena,2001,121,0.0
6,Buenos Aires,6505,Magdalena,2002,210,0.0
6,Buenos Aires,6505,Magdalena,2003,119,0.0
6,Buenos Aires,6505,Magdalena,2004,157,0.0
6,Buenos Aires,6505,Magdalena,2005,89,0.0
6,Buenos Aires,6505,Magdalena,2006,102,0.0
6,Buenos Aires,6505,Magdalena,2007,210,0.0
6,Buenos Aires,6505,Magdalena,2008,192,0.0
6,Buenos Aires,6505,Magdalena,2009,634,0.0
6,Buenos Aires,6505,Magdalena,2010,121,0.0
6,Buenos Aires,6505,Magdalena,2011,150,0.0
6,Buenos Aires,6505,Magdalena,2012,189,0.0
6,Buenos Aires,6505,Magdalena,2013,184,0.0
6,Buenos Aires,6505,Magdalena,2014,167,0.0
6,Buenos Aires,6505,Magdalena,2015,95,0.0
6,Buenos Aires,6505,Magdalena,2016,108,0.0
6,Buenos Aires,6505,Magdalena,2017,136,0.0
6,Buenos Aires,6505,Magdalena,2018,83,0.0
6,Buenos Aires,6505,Magdalena,2019,131,0.0
6,Buenos Aires,6505,Magdalena,2020,135,0.0
6,Buenos Aires,6505,Magdalena,2021,173,0.0
6,Buenos Aires,6505,Magdalena,2022,179,0.0
6,Buenos Aires,6505,Magdalena,2023,230,0.0
6,Buenos Aires,6505,Magdalena,2024,235,0.0
6,Buenos Aires,6511,Maipú,2000,162,0.0
6,Buenos Aires,6511,Maipú,2001,227,0.0
6,Buenos Aires,6511,Maipú,2002,242,0.0
6,Buenos Aires,6511,Maipú,2003,218,0.0
6,Buenos Aires,6511,Maipú,2004,207,0.0
6,Buenos Aires,6511,Maipú,2005,135,0.0
6,Buenos Aires,6511,Maipú,2006,136,0.0
6,Buenos Aires,6511,Maipú,2007,120,0.0
6,Buenos Aires,6511,Maipú,2008,118,0.0
6,Buenos Aires,6511,Maipú,2009,139,0.0
6,Buenos Aires,6511,Maipú,2010,207,0.0
6,Buenos Aires,6511,Maipú,2011,216,0.0
6,Buenos Aires,6511,Maipú,2012,132,0.0
6,Buenos Aires,6511,Maipú,2013,74,0.0
6,Buenos Aires,6511,Maipú,2014,68,0.0
6,Buenos Aires,6511,Maipú,2015,44,0.0
6,Buenos Aires,6511,Maipú,2016,37,0.0
6,Buenos Aires,6511,Maipú,2017,42,0.0
6,Buenos Aires,6511,Maipú,2018,31,0.0
6,Buenos Aires,6511,Maipú,2019,30,0.0
6,Buenos Aires,6511,Maipú,2020,82,0.0
6,Buenos Aires,6511,Maipú,2021,58,0.0
6,Buenos Aires,6511,Maipú,2022,35,0.0
6,Buenos Aires,6511,Maipú,2023,88,0.0
6,Buenos Aires,6511,Maipú,2024,149,0.0
6,Buenos Aires,6515,Malvinas Argentinas,2000,2188,0.0
6,Buenos Aires,6515,Malvinas Argentinas,2001,2047,0.0
6,Buenos Aires,6515,Malvinas Argentinas,2002,4584,0.0
6,Buenos Aires,6515,Malvinas Argentinas,2003,4157,0.0
6,Buenos Aires,6515,Malvinas Argentinas,2004,2759,0.0
6,Buenos Aires,6515,Malvinas Argentinas,2005,1848,0.0
6,Buenos Aires,6515,Malvinas Argentinas,2006,1343,0.0
6,Buenos Aires,6515,Malvinas Argentinas,2007,1314,0.0
6,Buenos Aires,6515,Malvinas Argentinas,2008,2685,0.0
6,Buenos Aires,6515,Malvinas Argentinas,2009,846,0.0
6,Buenos Aires,6515,Malvinas Argentinas,2010,2333,0.0
6,Buenos Aires,6515,Malvinas Argentinas,2011,3032,0.0
6,Buenos Aires,6515,Malvinas Argentinas,2012,3477,0.0
6,Buenos Aires,6515,Malvinas Argentinas,2013,2629,0.0
6,Buenos Aires,6515,Malvinas Argentinas,2014,2956,0.0
6,Buenos Aires,6515,Malvinas Argentinas,2015,3497,0.0
6,Buenos Aires,6515,Malvinas Argentinas,2016,2833,0.0
6,Buenos Aires,6515,Malvinas Argentinas,2017,2847,0.0
6,Buenos Aires,6515,Malvinas Argentinas,2018,3476,0.0
6,Buenos Aires,6515,Malvinas Argentinas,2019,5481,0.0
6,Buenos Aires,6515,Malvinas Argentinas,2020,3720,0.0
6,Buenos Aires,6515,Malvinas Argentinas,2021,3490,0.0
6,Buenos Aires,6515,Malvinas Argentinas,2022,3715,0.0
6,Buenos Aires,6515,Malvinas Argentinas,2023,4279,0.0
6,Buenos Aires,6515,Malvinas Argentinas,2024,5153,0.0
6,Buenos Aires,6518,Mar Chiquita,2000,253,0.0
6,Buenos Aires,6518,Mar Chiquita,2001,347,0.0
6,Buenos Aires,6518,Mar Chiquita,2002,384,0.0
6,Buenos Aires,6518,Mar Chiquita,2003,495,0.0
6,Buenos Aires,6518,Mar Chiquita,2004,228,0.0
6,Buenos Aires,6518,Mar Chiquita,2005,239,0.0
6,Buenos Aires,6518,Mar Chiquita,2006,233,0.0
6,Buenos Aires,6518,Mar Chiquita,2007,94,0.0
6,Buenos Aires,6518,Mar Chiquita,2008,282,0.0
6,Buenos Aires,6518,Mar Chiquita,2009,1386,0.0
6,Buenos Aires,6518,Mar Chiquita,2010,374,0.0
6,Buenos Aires,6518,Mar Chiquita,2011,306,0.0
6,Buenos Aires,6518,Mar Chiquita,2012,274,0.0
6,Buenos Aires,6518,Mar Chiquita,2013,192,0.0
6,Buenos Aires,6518,Mar Chiquita,2014,203,0.0
6,Buenos Aires,6518,Mar Chiquita,2015,245,0.0
6,Buenos Aires,6518,Mar Chiquita,2016,168,0.0
6,Buenos Aires,6518,Mar Chiquita,2017,159,0.0
6,Buenos Aires,6518,Mar Chiquita,2018,179,0.0
6,Buenos Aires,6518,Mar Chiquita,2019,424,0.0
6,Buenos Aires,6518,Mar Chiquita,2020,455,0.0
6,Buenos Aires,6518,Mar Chiquita,2021,379,0.0
6,Buenos Aires,6518,Mar Chiquita,2022,320,0.0
6,Buenos Aires,6518,Mar Chiquita,2023,436,0.0
6,Buenos Aires,6518,Mar Chiquita,2024,581,0.0
6,Buenos Aires,6525,Marcos Paz,2000,599,0.0
6,Buenos Aires,6525,Marcos Paz,2001,550,0.0
6,Buenos Aires,6525,Marcos Paz,2002,388,0.0
6,Buenos Aires,6525,Marcos Paz,2003,96,0.0
6,Buenos Aires,6525,Marcos Paz,2004,623,0.0
6,Buenos Aires,6525,Marcos Paz,2005,260,0.0
6,Buenos Aires,6525,Marcos Paz,2006,177,0.0
6,Buenos Aires,6525,Marcos Paz,2007,154,0.0
6,Buenos Aires,6525,Marcos Paz,2008,448,0.0
6,Buenos Aires,6525,Marcos Paz,2009,299,0.0
6,Buenos Aires,6525,Marcos Paz,2010,416,0.0
6,Buenos Aires,6525,Marcos Paz,2011,551,0.0
6,Buenos Aires,6525,Marcos Paz,2012,612,0.0
6,Buenos Aires,6525,Marcos Paz,2013,715,0.0
6,Buenos Aires,6525,Marcos Paz,2014,612,0.0
6,Buenos Aires,6525,Marcos Paz,2015,511,0.0
6,Buenos Aires,6525,Marcos Paz,2016,635,0.0
6,Buenos Aires,6525,Marcos Paz,2017,708,0.0
6,Buenos Aires,6525,Marcos Paz,2018,569,0.0
6,Buenos Aires,6525,Marcos Paz,2019,1108,0.0
6,Buenos Aires,6525,Marcos Paz,2020,792,0.0
6,Buenos Aires,6525,Marcos Paz,2021,866,0.0
6,Buenos Aires,6525,Marcos Paz,2022,672,0.0
6,Buenos Aires,6525,Marcos Paz,2023,963,0.0
6,Buenos Aires,6525,Marcos Paz,2024,860,0.0
6,Buenos Aires,6532,Mercedes,2000,530,0.0
6,Buenos Aires,6532,Mercedes,2001,593,0.0
6,Buenos Aires,6532,Mercedes,2002,773,0.0
6,Buenos Aires,6532,Mercedes,2003,980,0.0
6,Buenos Aires,6532,Mercedes,2004,676,0.0
6,Buenos Aires,6532,Mercedes,2005,501,0.0
6,Buenos Aires,6532,Mercedes,2006,527,0.0
6,Buenos Aires,6532,Mercedes,2007,660,0.0
6,Buenos Aires,6532,Mercedes,2008,476,0.0
6,Buenos Aires,6532,Mercedes,2009,439,0.0
6,Buenos Aires,6532,Mercedes,2010,463,0.0
6,Buenos Aires,6532,Mercedes,2011,477,0.0
6,Buenos Aires,6532,Mercedes,2012,458,0.0
6,Buenos Aires,6532,Mercedes,2013,450,0.0
6,Buenos Aires,6532,Mercedes,2014,431,0.0
6,Buenos Aires,6532,Mercedes,2015,399,0.0
6,Buenos Aires,6532,Mercedes,2016,286,0.0
6,Buenos Aires,6532,Mercedes,2017,167,0.0
6,Buenos Aires,6532,Mercedes,2018,174,0.0
6,Buenos Aires,6532,Mercedes,2019,425,0.0
6,Buenos Aires,6532,Mercedes,2020,544,0.0
6,Buenos Aires,6532,Mercedes,2021,646,0.0
6,Buenos Aires,6532,Mercedes,2022,733,0.0
6,Buenos Aires,6532,Mercedes,2023,977,0.0
6,Buenos Aires,6532,Mercedes,2024,1083,0.0
6,Buenos Aires,6539,Merlo,2000,3557,0.0
6,Buenos Aires,6539,Merlo,2001,3862,0.0
6,Buenos Aires,6539,Merlo,2002,6970,0.0
6,Buenos Aires,6539,Merlo,2003,6382,0.0
6,Buenos Aires,6539,Merlo,2004,4755,0.0
6,Buenos Aires,6539,Merlo,2005,3101,0.0
6,Buenos Aires,6539,Merlo,2006,2320,0.0
6,Buenos Aires,6539,Merlo,2007,1640,0.0
6,Buenos Aires,6539,Merlo,2008,4326,0.0
6,Buenos Aires,6539,Merlo,2009,1517,0.0
6,Buenos Aires,6539,Merlo,2010,3539,0.0
6,Buenos Aires,6539,Merlo,2011,3580,0.0
6,Buenos Aires,6539,Merlo,2012,3340,0.0
6,Buenos Aires,6539,Merlo,2013,3770,0.0
6,Buenos Aires,6539,Merlo,2014,4155,0.0
6,Buenos Aires,6539,Merlo,2015,4029,0.0
6,Buenos Aires,6539,Merlo,2016,3848,0.0
6,Buenos Aires,6539,Merlo,2017,3781,0.0
6,Buenos Aires,6539,Merlo,2018,4969,0.0
6,Buenos Aires,6539,Merlo,2019,8732,0.0
6,Buenos Aires,6539,Merlo,2020,6868,0.0
6,Buenos Aires,6539,Merlo,2021,5370,0.0
6,Buenos Aires,6539,Merlo,2022,5456,0.0
6,Buenos Aires,6539,Merlo,2023,6721,0.0
6,Buenos Aires,6539,Merlo,2024,8075,0.0
6,Buenos Aires,6547,Monte,2000,127,0.0
6,Buenos Aires,6547,Monte,2001,131,0.0
6,Buenos Aires,6547,Monte,2002,177,0.0
6,Buenos Aires,6547,Monte,2003,297,0.0
6,Buenos Aires,6547,Monte,2004,237,0.0
6,Buenos Aires,6547,Monte,2005,145,0.0
6,Buenos Aires,6547,Monte,2006,85,0.0
6,Buenos Aires,6547,Monte,2007,78,0.0
6,Buenos Aires,6547,Monte,2008,99,0.0
6,Buenos Aires,6547,Monte,2009,2082,0.0
6,Buenos Aires,6547,Monte,2010,109,0.0
6,Buenos Aires,6547,Monte,2011,116,0.0
6,Buenos Aires,6547,Monte,2012,113,0.0
6,Buenos Aires,6547,Monte,2013,141,0.0
6,Buenos Aires,6547,Monte,2014,124,0.0
6,Buenos Aires,6547,Monte,2015,123,0.0
6,Buenos Aires,6547,Monte,2016,139,0.0
6,Buenos Aires,6547,Monte,2017,69,0.0
6,Buenos Aires,6547,Monte,2018,60,0.0
6,Buenos Aires,6547,Monte,2019,291,0.0
6,Buenos Aires,6547,Monte,2020,278,0.0
6,Buenos Aires,6547,Monte,2021,255,0.0
6,Buenos Aires,6547,Monte,2022,267,0.0
6,Buenos Aires,6547,Monte,2023,315,0.0
6,Buenos Aires,6547,Monte,2024,409,0.0
6,Buenos Aires,6553,Monte Hermoso,2000,83,0.0
6,Buenos Aires,6553,Monte Hermoso,2001,94,0.0
6,Buenos Aires,6553,Monte Hermoso,2002,99,0.0
6,Buenos Aires,6553,Monte Hermoso,2003,98,0.0
6,Buenos Aires,6553,Monte Hermoso,2004,118,0.0
6,Buenos Aires,6553,Monte Hermoso,2005,77,0.0
6,Buenos Aires,6553,Monte Hermoso,2006,105,0.0
6,Buenos Aires,6553,Monte Hermoso,2007,129,0.0
6,Buenos Aires,6553,Monte Hermoso,2008,169,0.0
6,Buenos Aires,6553,Monte Hermoso,2009,104,0.0
6,Buenos Aires,6553,Monte Hermoso,2010,110,0.0
6,Buenos Aires,6553,Monte Hermoso,2011,136,0.0
6,Buenos Aires,6553,Monte Hermoso,2012,177,0.0
6,Buenos Aires,6553,Monte Hermoso,2013,165,0.0
6,Buenos Aires,6553,Monte Hermoso,2014,133,0.0
6,Buenos Aires,6553,Monte Hermoso,2015,229,0.0
6,Buenos Aires,6553,Monte Hermoso,2016,256,0.0
6,Buenos Aires,6553,Monte Hermoso,2017,191,0.0
6,Buenos Aires,6553,Monte Hermoso,2018,248,0.0
6,Buenos Aires,6553,Monte Hermoso,2019,219,0.0
6,Buenos Aires,6553,Monte Hermoso,2020,273,0.0
6,Buenos Aires,6553,Monte Hermoso,2021,210,0.0
6,Buenos Aires,6553,Monte Hermoso,2022,178,0.0
6,Buenos Aires,6553,Monte Hermoso,2023,254,0.0
6,Buenos Aires,6553,Monte Hermoso,2024,225,0.0
6,Buenos Aires,6560,Moreno,2000,2528,0.0
6,Buenos Aires,6560,Moreno,2001,2390,0.0
6,Buenos Aires,6560,Moreno,2002,3787,0.0
6,Buenos Aires,6560,Moreno,2003,3093,0.0
6,Buenos Aires,6560,Moreno,2004,2492,0.0
6,Buenos Aires,6560,Moreno,2005,1324,0.0
6,Buenos Aires,6560,Moreno,2006,2124,0.0
6,Buenos Aires,6560,Moreno,2007,1597,0.0
6,Buenos Aires,6560,Moreno,2008,2236,0.0
6,Buenos Aires,6560,Moreno,2009,1047,0.0
6,Buenos Aires,6560,Moreno,2010,3471,0.0
6,Buenos Aires,6560,Moreno,2011,4425,0.0
6,Buenos Aires,6560,Moreno,2012,5890,0.0
6,Buenos Aires,6560,Moreno,2013,5819,0.0
6,Buenos Aires,6560,Moreno,2014,5218,0.0
6,Buenos Aires,6560,Moreno,2015,5541,0.0
6,Buenos Aires,6560,Moreno,2016,5826,0.0
6,Buenos Aires,6560,Moreno,2017,5835,0.0
6,Buenos Aires,6560,Moreno,2018,7754,0.0
6,Buenos Aires,6560,Moreno,2019,9989,0.0
6,Buenos Aires,6560,Moreno,2020,7878,0.0
6,Buenos Aires,6560,Moreno,2021,7894,0.0
6,Buenos Aires,6560,Moreno,2022,6991,0.0
6,Buenos Aires,6560,Moreno,2023,7500,0.0
6,Buenos Aires,6560,Moreno,2024,7220,0.0
6,Buenos Aires,6568,Morón,2000,6205,0.0
6,Buenos Aires,6568,Morón,2001,6361,0.0
6,Buenos Aires,6568,Morón,2002,9722,0.0
6,Buenos Aires,6568,Morón,2003,8164,0.0
6,Buenos Aires,6568,Morón,2004,6311,0.0
6,Buenos Aires,6568,Morón,2005,4010,0.0
6,Buenos Aires,6568,Morón,2006,3608,0.0
6,Buenos Aires,6568,Morón,2007,3569,0.0
6,Buenos Aires,6568,Morón,2008,3873,0.0
6,Buenos Aires,6568,Morón,2009,3937,0.0
6,Buenos Aires,6568,Morón,2010,4296,0.0
6,Buenos Aires,6568,Morón,2011,4497,0.0
6,Buenos Aires,6568,Morón,2012,5065,0.0
6,Buenos Aires,6568,Morón,2013,6296,0.0
6,Buenos Aires,6568,Morón,2014,6086,0.0
6,Buenos Aires,6568,Morón,2015,5316,0.0
6,Buenos Aires,6568,Morón,2016,4972,0.0
6,Buenos Aires,6568,Morón,2017,4800,0.0
6,Buenos Aires,6568,Morón,2018,6342,0.0
6,Buenos Aires,6568,Morón,2019,9237,0.0
6,Buenos Aires,6568,Morón,2020,6696,0.0
6,Buenos Aires,6568,Morón,2021,7133,0.0
6,Buenos Aires,6568,Morón,2022,7582,0.0
6,Buenos Aires,6568,Morón,2023,9032,0.0
6,Buenos Aires,6568,Morón,2024,9796,0.0
6,Buenos Aires,6574,Navarro,2000,98,0.0
6,Buenos Aires,6574,Navarro,2001,99,0.0
6,Buenos Aires,6574,Navarro,2002,163,0.0
6,Buenos Aires,6574,Navarro,2003,116,0.0
6,Buenos Aires,6574,Navarro,2004,134,0.0
6,Buenos Aires,6574,Navarro,2005,62,0.0
6,Buenos Aires,6574,Navarro,2006,88,0.0
6,Buenos Aires,6574,Navarro,2007,66,0.0
6,Buenos Aires,6574,Navarro,2008,77,0.0
6,Buenos Aires,6574,Navarro,2009,1595,0.0
6,Buenos Aires,6574,Navarro,2010,110,0.0
6,Buenos Aires,6574,Navarro,2011,60,0.0
6,Buenos Aires,6574,Navarro,2012,66,0.0
6,Buenos Aires,6574,Navarro,2013,77,0.0
6,Buenos Aires,6574,Navarro,2014,63,0.0
6,Buenos Aires,6574,Navarro,2015,47,0.0
6,Buenos Aires,6574,Navarro,2016,61,0.0
6,Buenos Aires,6574,Navarro,2017,59,0.0
6,Buenos Aires,6574,Navarro,2018,71,0.0
6,Buenos Aires,6574,Navarro,2019,235,0.0
6,Buenos Aires,6574,Navarro,2020,233,0.0
6,Buenos Aires,6574,Navarro,2021,228,0.0
6,Buenos Aires,6574,Navarro,2022,203,0.0
6,Buenos Aires,6574,Navarro,2023,303,0.0
6,Buenos Aires,6574,Navarro,2024,342,0.0
6,Buenos Aires,6581,Necochea,2000,1666,0.0
6,Buenos Aires,6581,Necochea,2001,1395,0.0
6,Buenos Aires,6581,Necochea,2002,1518,0.0
6,Buenos Aires,6581,Necochea,2003,1459,0.0
6,Buenos Aires,6581,Necochea,2004,1395,0.0
6,Buenos Aires,6581,Necochea,2005,901,0.0
6,Buenos Aires,6581,Necochea,2006,872,0.0
6,Buenos Aires,6581,Necochea,2007,1203,0.0
6,Buenos Aires,6581,Necochea,2008,1397,0.0
6,Buenos Aires,6581,Necochea,2009,338,0.0
6,Buenos Aires,6581,Necochea,2010,1594,0.0
6,Buenos Aires,6581,Necochea,2011,1998,0.0
6,Buenos Aires,6581,Necochea,2012,1862,0.0
6,Buenos Aires,6581,Necochea,2013,1581,0.0
6,Buenos Aires,6581,Necochea,2014,2011,0.0
6,Buenos Aires,6581,Necochea,2015,1884,0.0
6,Buenos Aires,6581,Necochea,2016,1702,0.0
6,Buenos Aires,6581,Necochea,2017,1561,0.0
6,Buenos Aires,6581,Necochea,2018,1554,0.0
6,Buenos Aires,6581,Necochea,2019,2042,0.0
6,Buenos Aires,6581,Necochea,2020,1899,0.0
6,Buenos Aires,6581,Necochea,2021,1904,0.0
6,Buenos Aires,6581,Necochea,2022,2006,0.0
6,Buenos Aires,6581,Necochea,2023,2167,0.0
6,Buenos Aires,6581,Necochea,2024,1888,0.0
6,Buenos Aires,6588,9 de Julio,2000,261,0.0
6,Buenos Aires,6588,9 de Julio,2001,291,0.0
6,Buenos Aires,6588,9 de Julio,2002,460,0.0
6,Buenos Aires,6588,9 de Julio,2003,420,0.0
6,Buenos Aires,6588,9 de Julio,2004,278,0.0
6,Buenos Aires,6588,9 de Julio,2005,177,0.0
6,Buenos Aires,6588,9 de Julio,2006,109,0.0
6,Buenos Aires,6588,9 de Julio,2007,168,0.0
6,Buenos Aires,6588,9 de Julio,2008,283,0.0
6,Buenos Aires,6588,9 de Julio,2009,1108,0.0
6,Buenos Aires,6588,9 de Julio,2010,279,0.0
6,Buenos Aires,6588,9 de Julio,2011,269,0.0
6,Buenos Aires,6588,9 de Julio,2012,311,0.0
6,Buenos Aires,6588,9 de Julio,2013,319,0.0
6,Buenos Aires,6588,9 de Julio,2014,297,0.0
6,Buenos Aires,6588,9 de Julio,2015,248,0.0
6,Buenos Aires,6588,9 de Julio,2016,411,0.0
6,Buenos Aires,6588,9 de Julio,2017,378,0.0
6,Buenos Aires,6588,9 de Julio,2018,485,0.0
6,Buenos Aires,6588,9 de Julio,2019,428,0.0
6,Buenos Aires,6588,9 de Julio,2020,388,0.0
6,Buenos Aires,6588,9 de Julio,2021,256,0.0
6,Buenos Aires,6588,9 de Julio,2022,347,0.0
6,Buenos Aires,6588,9 de Julio,2023,472,0.0
6,Buenos Aires,6588,9 de Julio,2024,538,0.0
6,Buenos Aires,6595,Olavarría,2000,844,0.0
6,Buenos Aires,6595,Olavarría,2001,831,0.0
6,Buenos Aires,6595,Olavarría,2002,1523,0.0
6,Buenos Aires,6595,Olavarría,2003,1757,0.0
6,Buenos Aires,6595,Olavarría,2004,638,0.0
6,Buenos Aires,6595,Olavarría,2005,473,0.0
6,Buenos Aires,6595,Olavarría,2006,647,0.0
6,Buenos Aires,6595,Olavarría,2007,724,0.0
6,Buenos Aires,6595,Olavarría,2008,1015,0.0
6,Buenos Aires,6595,Olavarría,2009,939,0.0
6,Buenos Aires,6595,Olavarría,2010,947,0.0
6,Buenos Aires,6595,Olavarría,2011,853,0.0
6,Buenos Aires,6595,Olavarría,2012,806,0.0
6,Buenos Aires,6595,Olavarría,2013,751,0.0
6,Buenos Aires,6595,Olavarría,2014,670,0.0
6,Buenos Aires,6595,Olavarría,2015,603,0.0
6,Buenos Aires,6595,Olavarría,2016,634,0.0
6,Buenos Aires,6595,Olavarría,2017,517,0.0
6,Buenos Aires,6595,Olavarría,2018,529,0.0
6,Buenos Aires,6595,Olavarría,2019,587,0.0
6,Buenos Aires,6595,Olavarría,2020,1010,0.0
6,Buenos Aires,6595,Olavarría,2021,1212,0.0
6,Buenos Aires,6595,Olavarría,2022,1430,0.0
6,Buenos Aires,6595,Olavarría,2023,1889,0.0
6,Buenos Aires,6595,Olavarría,2024,1866,0.0
6,Buenos Aires,6602,Patagones,2000,130,0.0
6,Buenos Aires,6602,Patagones,2001,89,0.0
6,Buenos Aires,6602,Patagones,2002,137,0.0
6,Buenos Aires,6602,Patagones,2003,188,0.0
6,Buenos Aires,6602,Patagones,2004,176,0.0
6,Buenos Aires,6602,Patagones,2005,169,0.0
6,Buenos Aires,6602,Patagones,2006,191,0.0
6,Buenos Aires,6602,Patagones,2007,129,0.0
6,Buenos Aires,6602,Patagones,2008,168,0.0
6,Buenos Aires,6602,Patagones,2009,179,0.0
6,Buenos Aires,6602,Patagones,2010,265,0.0
6,Buenos Aires,6602,Patagones,2011,273,0.0
6,Buenos Aires,6602,Patagones,2012,491,0.0
6,Buenos Aires,6602,Patagones,2013,397,0.0
6,Buenos Aires,6602,Patagones,2014,442,0.0
6,Buenos Aires,6602,Patagones,2015,354,0.0
6,Buenos Aires,6602,Patagones,2016,341,0.0
6,Buenos Aires,6602,Patagones,2017,268,0.0
6,Buenos Aires,6602,Patagones,2018,335,0.0
6,Buenos Aires,6602,Patagones,2019,358,0.0
6,Buenos Aires,6602,Patagones,2020,405,0.0
6,Buenos Aires,6602,Patagones,2021,533,0.0
6,Buenos Aires,6602,Patagones,2022,496,0.0
6,Buenos Aires,6602,Patagones,2023,640,0.0
6,Buenos Aires,6602,Patagones,2024,596,0.0
6,Buenos Aires,6609,Pehuajó,2000,457,0.0
6,Buenos Aires,6609,Pehuajó,2001,606,0.0
6,Buenos Aires,6609,Pehuajó,2002,500,0.0
6,Buenos Aires,6609,Pehuajó,2003,615,0.0
6,Buenos Aires,6609,Pehuajó,2004,588,0.0
6,Buenos Aires,6609,Pehuajó,2005,274,0.0
6,Buenos Aires,6609,Pehuajó,2006,250,0.0
6,Buenos Aires,6609,Pehuajó,2007,410,0.0
6,Buenos Aires,6609,Pehuajó,2008,663,0.0
6,Buenos Aires,6609,Pehuajó,2009,621,0.0
6,Buenos Aires,6609,Pehuajó,2010,559,0.0
6,Buenos Aires,6609,Pehuajó,2011,426,0.0
6,Buenos Aires,6609,Pehuajó,2012,478,0.0
6,Buenos Aires,6609,Pehuajó,2013,385,0.0
6,Buenos Aires,6609,Pehuajó,2014,380,0.0
6,Buenos Aires,6609,Pehuajó,2015,317,0.0
6,Buenos Aires,6609,Pehuajó,2016,279,0.0
6,Buenos Aires,6609,Pehuajó,2017,282,0.0
6,Buenos Aires,6609,Pehuajó,2018,491,0.0
6,Buenos Aires,6609,Pehuajó,2019,536,0.0
6,Buenos Aires,6609,Pehuajó,2020,542,0.0
6,Buenos Aires,6609,Pehuajó,2021,595,0.0
6,Buenos Aires,6609,Pehuajó,2022,550,0.0
6,Buenos Aires,6609,Pehuajó,2023,557,0.0
6,Buenos Aires,6609,Pehuajó,2024,600,0.0
6,Buenos Aires,6616,Pellegrini,2000,58,0.0
6,Buenos Aires,6616,Pellegrini,2001,80,0.0
6,Buenos Aires,6616,Pellegrini,2002,124,0.0
6,Buenos Aires,6616,Pellegrini,2003,101,0.0
6,Buenos Aires,6616,Pellegrini,2004,100,0.0
6,Buenos Aires,6616,Pellegrini,2005,46,0.0
6,Buenos Aires,6616,Pellegrini,2006,47,0.0
6,Buenos Aires,6616,Pellegrini,2007,33,0.0
6,Buenos Aires,6616,Pellegrini,2008,54,0.0
6,Buenos Aires,6616,Pellegrini,2009,47,0.0
6,Buenos Aires,6616,Pellegrini,2010,47,0.0
6,Buenos Aires,6616,Pellegrini,2011,41,0.0
6,Buenos Aires,6616,Pellegrini,2012,46,0.0
6,Buenos Aires,6616,Pellegrini,2013,23,0.0
6,Buenos Aires,6616,Pellegrini,2014,31,0.0
6,Buenos Aires,6616,Pellegrini,2015,24,0.0
6,Buenos Aires,6616,Pellegrini,2016,51,0.0
6,Buenos Aires,6616,Pellegrini,2017,54,0.0
6,Buenos Aires,6616,Pellegrini,2018,40,0.0
6,Buenos Aires,6616,Pellegrini,2019,81,0.0
6,Buenos Aires,6616,Pellegrini,2020,34,0.0
6,Buenos Aires,6616,Pellegrini,2021,49,0.0
6,Buenos Aires,6616,Pellegrini,2022,30,0.0
6,Buenos Aires,6616,Pellegrini,2023,51,0.0
6,Buenos Aires,6616,Pellegrini,2024,53,0.0
6,Buenos Aires,6623,Pergamino,2000,1900,0.0
6,Buenos Aires,6623,Pergamino,2001,1477,0.0
6,Buenos Aires,6623,Pergamino,2002,2116,0.0
6,Buenos Aires,6623,Pergamino,2003,1615,0.0
6,Buenos Aires,6623,Pergamino,2004,1473,0.0
6,Buenos Aires,6623,Pergamino,2005,1281,0.0
6,Buenos Aires,6623,Pergamino,2006,1124,0.0
6,Buenos Aires,6623,Pergamino,2007,1344,0.0
6,Buenos Aires,6623,Pergamino,2008,2184,0.0
6,Buenos Aires,6623,Pergamino,2009,2176,0.0
6,Buenos Aires,6623,Pergamino,2010,1995,0.0
6,Buenos Aires,6623,Pergamino,2011,2262,0.0
6,Buenos Aires,6623,Pergamino,2012,2500,0.0
6,Buenos Aires,6623,Pergamino,2013,2582,0.0
6,Buenos Aires,6623,Pergamino,2014,3029,0.0
6,Buenos Aires,6623,Pergamino,2015,3140,0.0
6,Buenos Aires,6623,Pergamino,2016,3643,0.0
6,Buenos Aires,6623,Pergamino,2017,2931,0.0
6,Buenos Aires,6623,Pergamino,2018,2664,0.0
6,Buenos Aires,6623,Pergamino,2019,2234,0.0
6,Buenos Aires,6623,Pergamino,2020,1825,0.0
6,Buenos Aires,6623,Pergamino,2021,1650,0.0
6,Buenos Aires,6623,Pergamino,2022,1612,0.0
6,Buenos Aires,6623,Pergamino,2023,2167,0.0
6,Buenos Aires,6623,Pergamino,2024,2282,0.0
6,Buenos Aires,6630,Pila,2000,35,0.0
6,Buenos Aires,6630,Pila,2001,33,0.0
6,Buenos Aires,6630,Pila,2002,39,0.0
6,Buenos Aires,6630,Pila,2003,42,0.0
6,Buenos Aires,6630,Pila,2004,30,0.0
6,Buenos Aires,6630,Pila,2005,29,0.0
6,Buenos Aires,6630,Pila,2006,28,0.0
6,Buenos Aires,6630,Pila,2007,32,0.0
6,Buenos Aires,6630,Pila,2008,44,0.0
6,Buenos Aires,6630,Pila,2009,61,0.0
6,Buenos Aires,6630,Pila,2010,49,0.0
6,Buenos Aires,6630,Pila,2011,36,0.0
6,Buenos Aires,6630,Pila,2012,43,0.0
6,Buenos Aires,6630,Pila,2013,34,0.0
6,Buenos Aires,6630,Pila,2014,33,0.0
6,Buenos Aires,6630,Pila,2015,39,0.0
6,Buenos Aires,6630,Pila,2016,23,0.0
6,Buenos Aires,6630,Pila,2017,18,0.0
6,Buenos Aires,6630,Pila,2018,16,0.0
6,Buenos Aires,6630,Pila,2019,20,0.0
6,Buenos Aires,6630,Pila,2020,23,0.0
6,Buenos Aires,6630,Pila,2021,24,0.0
6,Buenos Aires,6630,Pila,2022,14,0.0
6,Buenos Aires,6630,Pila,2023,10,0.0
6,Buenos Aires,6630,Pila,2024,24,0.0
6,Buenos Aires,6638,Pilar,2000,2634,0.0
6,Buenos Aires,6638,Pilar,2001,2178,0.0
6,Buenos Aires,6638,Pilar,2002,2691,0.0
6,Buenos Aires,6638,Pilar,2003,3622,0.0
6,Buenos Aires,6638,Pilar,2004,3227,0.0
6,Buenos Aires,6638,Pilar,2005,1881,0.0
6,Buenos Aires,6638,Pilar,2006,1738,0.0
6,Buenos Aires,6638,Pilar,2007,2190,0.0
6,Buenos Aires,6638,Pilar,2008,3544,0.0
6,Buenos Aires,6638,Pilar,2009,3474,0.0
6,Buenos Aires,6638,Pilar,2010,3773,0.0
6,Buenos Aires,6638,Pilar,2011,3434,0.0
6,Buenos Aires,6638,Pilar,2012,3497,0.0
6,Buenos Aires,6638,Pilar,2013,3630,0.0
6,Buenos Aires,6638,Pilar,2014,3409,0.0
6,Buenos Aires,6638,Pilar,2015,3803,0.0
6,Buenos Aires,6638,Pilar,2016,4777,0.0
6,Buenos Aires,6638,Pilar,2017,4535,0.0
6,Buenos Aires,6638,Pilar,2018,5029,0.0
6,Buenos Aires,6638,Pilar,2019,8673,0.0
6,Buenos Aires,6638,Pilar,2020,6622,0.0
6,Buenos Aires,6638,Pilar,2021,6190,0.0
6,Buenos Aires,6638,Pilar,2022,5438,0.0
6,Buenos Aires,6638,Pilar,2023,5163,0.0
6,Buenos Aires,6638,Pilar,2024,4194,0.0
6,Buenos Aires,6644,Pinamar ,2000,898,0.0
6,Buenos Aires,6644,Pinamar ,2001,734,0.0
6,Buenos Aires,6644,Pinamar ,2002,897,0.0
6,Buenos Aires,6644,Pinamar ,2003,972,0.0
6,Buenos Aires,6644,Pinamar ,2004,817,0.0
6,Buenos Aires,6644,Pinamar ,2005,633,0.0
6,Buenos Aires,6644,Pinamar ,2006,766,0.0
6,Buenos Aires,6644,Pinamar ,2007,775,0.0
6,Buenos Aires,6644,Pinamar ,2008,806,0.0
6,Buenos Aires,6644,Pinamar ,2009,731,0.0
6,Buenos Aires,6644,Pinamar ,2010,507,0.0
6,Buenos Aires,6644,Pinamar ,2011,484,0.0
6,Buenos Aires,6644,Pinamar ,2012,646,0.0
6,Buenos Aires,6644,Pinamar ,2013,1015,0.0
6,Buenos Aires,6644,Pinamar ,2014,742,0.0
6,Buenos Aires,6644,Pinamar ,2015,601,0.0
6,Buenos Aires,6644,Pinamar ,2016,698,0.0
6,Buenos Aires,6644,Pinamar ,2017,516,0.0
6,Buenos Aires,6644,Pinamar ,2018,627,0.0
6,Buenos Aires,6644,Pinamar ,2019,1058,0.0
6,Buenos Aires,6644,Pinamar ,2020,1031,0.0
6,Buenos Aires,6644,Pinamar ,2021,1118,0.0
6,Buenos Aires,6644,Pinamar ,2022,864,0.0
6,Buenos Aires,6644,Pinamar ,2023,1038,0.0
6,Buenos Aires,6644,Pinamar ,2024,1360,0.0
6,Buenos Aires,6648,Presidente Perón,2000,550,0.0
6,Buenos Aires,6648,Presidente Perón,2001,409,0.0
6,Buenos Aires,6648,Presidente Perón,2002,483,0.0
6,Buenos Aires,6648,Presidente Perón,2003,537,0.0
6,Buenos Aires,6648,Presidente Perón,2004,613,0.0
6,Buenos Aires,6648,Presidente Perón,2005,448,0.0
6,Buenos Aires,6648,Presidente Perón,2006,427,0.0
6,Buenos Aires,6648,Presidente Perón,2007,403,0.0
6,Buenos Aires,6648,Presidente Perón,2008,718,0.0
6,Buenos Aires,6648,Presidente Perón,2009,573,0.0
6,Buenos Aires,6648,Presidente Perón,2010,562,0.0
6,Buenos Aires,6648,Presidente Perón,2011,570,0.0
6,Buenos Aires,6648,Presidente Perón,2012,574,0.0
6,Buenos Aires,6648,Presidente Perón,2013,473,0.0
6,Buenos Aires,6648,Presidente Perón,2014,613,0.0
6,Buenos Aires,6648,Presidente Perón,2015,634,0.0
6,Buenos Aires,6648,Presidente Perón,2016,556,0.0
6,Buenos Aires,6648,Presidente Perón,2017,453,0.0
6,Buenos Aires,6648,Presidente Perón,2018,445,0.0
6,Buenos Aires,6648,Presidente Perón,2019,850,0.0
6,Buenos Aires,6648,Presidente Perón,2020,998,0.0
6,Buenos Aires,6648,Presidente Perón,2021,957,0.0
6,Buenos Aires,6648,Presidente Perón,2022,756,0.0
6,Buenos Aires,6648,Presidente Perón,2023,1295,0.0
6,Buenos Aires,6648,Presidente Perón,2024,1093,0.0
6,Buenos Aires,6651,Puán,2000,109,0.0
6,Buenos Aires,6651,Puán,2001,88,0.0
6,Buenos Aires,6651,Puán,2002,155,0.0
6,Buenos Aires,6651,Puán,2003,134,0.0
6,Buenos Aires,6651,Puán,2004,100,0.0
6,Buenos Aires,6651,Puán,2005,50,0.0
6,Buenos Aires,6651,Puán,2006,57,0.0
6,Buenos Aires,6651,Puán,2007,71,0.0
6,Buenos Aires,6651,Puán,2008,123,0.0
6,Buenos Aires,6651,Puán,2009,103,0.0
6,Buenos Aires,6651,Puán,2010,118,0.0
6,Buenos Aires,6651,Puán,2011,99,0.0
6,Buenos Aires,6651,Puán,2012,154,0.0
6,Buenos Aires,6651,Puán,2013,110,0.0
6,Buenos Aires,6651,Puán,2014,125,0.0
6,Buenos Aires,6651,Puán,2015,106,0.0
6,Buenos Aires,6651,Puán,2016,68,0.0
6,Buenos Aires,6651,Puán,2017,110,0.0
6,Buenos Aires,6651,Puán,2018,111,0.0
6,Buenos Aires,6651,Puán,2019,139,0.0
6,Buenos Aires,6651,Puán,2020,101,0.0
6,Buenos Aires,6651,Puán,2021,171,0.0
6,Buenos Aires,6651,Puán,2022,143,0.0
6,Buenos Aires,6651,Puán,2023,157,0.0
6,Buenos Aires,6651,Puán,2024,163,0.0
6,Buenos Aires,6655,Punta Indio,2000,90,0.0
6,Buenos Aires,6655,Punta Indio,2001,79,0.0
6,Buenos Aires,6655,Punta Indio,2002,199,0.0
6,Buenos Aires,6655,Punta Indio,2003,180,0.0
6,Buenos Aires,6655,Punta Indio,2004,123,0.0
6,Buenos Aires,6655,Punta Indio,2005,77,0.0
6,Buenos Aires,6655,Punta Indio,2006,150,0.0
6,Buenos Aires,6655,Punta Indio,2007,165,0.0
6,Buenos Aires,6655,Punta Indio,2008,213,0.0
6,Buenos Aires,6655,Punta Indio,2009,178,0.0
6,Buenos Aires,6655,Punta Indio,2010,193,0.0
6,Buenos Aires,6655,Punta Indio,2011,146,0.0
6,Buenos Aires,6655,Punta Indio,2012,117,0.0
6,Buenos Aires,6655,Punta Indio,2013,113,0.0
6,Buenos Aires,6655,Punta Indio,2014,84,0.0
6,Buenos Aires,6655,Punta Indio,2015,55,0.0
6,Buenos Aires,6655,Punta Indio,2016,68,0.0
6,Buenos Aires,6655,Punta Indio,2017,72,0.0
6,Buenos Aires,6655,Punta Indio,2018,66,0.0
6,Buenos Aires,6655,Punta Indio,2019,71,0.0
6,Buenos Aires,6655,Punta Indio,2020,85,0.0
6,Buenos Aires,6655,Punta Indio,2021,119,0.0
6,Buenos Aires,6655,Punta Indio,2022,97,0.0
6,Buenos Aires,6655,Punta Indio,2023,169,0.0
6,Buenos Aires,6655,Punta Indio,2024,106,0.0
6,Buenos Aires,6658,Quilmes,2000,6791,0.0
6,Buenos Aires,6658,Quilmes,2001,8413,0.0
6,Buenos Aires,6658,Quilmes,2002,11494,0.0
6,Buenos Aires,6658,Quilmes,2003,10458,0.0
6,Buenos Aires,6658,Quilmes,2004,8147,0.0
6,Buenos Aires,6658,Quilmes,2005,5041,0.0
6,Buenos Aires,6658,Quilmes,2006,4568,0.0
6,Buenos Aires,6658,Quilmes,2007,6019,0.0
6,Buenos Aires,6658,Quilmes,2008,6774,0.0
6,Buenos Aires,6658,Quilmes,2009,2483,0.0
6,Buenos Aires,6658,Quilmes,2010,6461,0.0
6,Buenos Aires,6658,Quilmes,2011,7267,0.0
6,Buenos Aires,6658,Quilmes,2012,8697,0.0
6,Buenos Aires,6658,Quilmes,2013,7575,0.0
6,Buenos Aires,6658,Quilmes,2014,8312,0.0
6,Buenos Aires,6658,Quilmes,2015,7534,0.0
6,Buenos Aires,6658,Quilmes,2016,6796,0.0
6,Buenos Aires,6658,Quilmes,2017,7336,0.0
6,Buenos Aires,6658,Quilmes,2018,7892,0.0
6,Buenos Aires,6658,Quilmes,2019,8917,0.0
6,Buenos Aires,6658,Quilmes,2020,8804,0.0
6,Buenos Aires,6658,Quilmes,2021,9773,0.0
6,Buenos Aires,6658,Quilmes,2022,9971,0.0
6,Buenos Aires,6665,Ramallo,2000,208,0.0
6,Buenos Aires,6665,Ramallo,2001,481,0.0
6,Buenos Aires,6665,Ramallo,2002,651,0.0
6,Buenos Aires,6665,Ramallo,2003,471,0.0
6,Buenos Aires,6665,Ramallo,2004,358,0.0
6,Buenos Aires,6665,Ramallo,2005,301,0.0
6,Buenos Aires,6665,Ramallo,2006,200,0.0
6,Buenos Aires,6665,Ramallo,2007,210,0.0
6,Buenos Aires,6665,Ramallo,2008,382,0.0
6,Buenos Aires,6665,Ramallo,2009,4149,0.0
6,Buenos Aires,6665,Ramallo,2010,385,0.0
6,Buenos Aires,6665,Ramallo,2011,437,0.0
6,Buenos Aires,6665,Ramallo,2012,332,0.0
6,Buenos Aires,6665,Ramallo,2013,306,0.0
6,Buenos Aires,6665,Ramallo,2014,314,0.0
6,Buenos Aires,6665,Ramallo,2015,310,0.0
6,Buenos Aires,6665,Ramallo,2016,262,0.0
6,Buenos Aires,6665,Ramallo,2017,236,0.0
6,Buenos Aires,6665,Ramallo,2018,218,0.0
6,Buenos Aires,6665,Ramallo,2019,311,0.0
6,Buenos Aires,6665,Ramallo,2020,313,0.0
6,Buenos Aires,6665,Ramallo,2021,318,0.0
6,Buenos Aires,6665,Ramallo,2022,476,0.0
6,Buenos Aires,6665,Ramallo,2023,567,0.0
6,Buenos Aires,6665,Ramallo,2024,634,0.0
6,Buenos Aires,6672,Rauch,2000,172,0.0
6,Buenos Aires,6672,Rauch,2001,126,0.0
6,Buenos Aires,6672,Rauch,2002,142,0.0
6,Buenos Aires,6672,Rauch,2003,166,0.0
6,Buenos Aires,6672,Rauch,2004,90,0.0
6,Buenos Aires,6672,Rauch,2005,101,0.0
6,Buenos Aires,6672,Rauch,2006,84,0.0
6,Buenos Aires,6672,Rauch,2007,90,0.0
6,Buenos Aires,6672,Rauch,2008,79,0.0
6,Buenos Aires,6672,Rauch,2009,279,0.0
6,Buenos Aires,6672,Rauch,2010,109,0.0
6,Buenos Aires,6672,Rauch,2011,162,0.0
6,Buenos Aires,6672,Rauch,2012,78,0.0
6,Buenos Aires,6672,Rauch,2013,102,0.0
6,Buenos Aires,6672,Rauch,2014,110,0.0
6,Buenos Aires,6672,Rauch,2015,41,0.0
6,Buenos Aires,6672,Rauch,2016,27,0.0
6,Buenos Aires,6672,Rauch,2017,45,0.0
6,Buenos Aires,6672,Rauch,2018,42,0.0
6,Buenos Aires,6672,Rauch,2019,139,0.0
6,Buenos Aires,6672,Rauch,2020,132,0.0
6,Buenos Aires,6672,Rauch,2021,63,0.0
6,Buenos Aires,6672,Rauch,2022,29,0.0
6,Buenos Aires,6672,Rauch,2023,142,0.0
6,Buenos Aires,6672,Rauch,2024,173,0.0
6,Buenos Aires,6679,Rivadavia,2000,148,0.0
6,Buenos Aires,6679,Rivadavia,2001,116,0.0
6,Buenos Aires,6679,Rivadavia,2002,165,0.0
6,Buenos Aires,6679,Rivadavia,2003,178,0.0
6,Buenos Aires,6679,Rivadavia,2004,164,0.0
6,Buenos Aires,6679,Rivadavia,2005,80,0.0
6,Buenos Aires,6679,Rivadavia,2006,73,0.0
6,Buenos Aires,6679,Rivadavia,2007,68,0.0
6,Buenos Aires,6679,Rivadavia,2008,79,0.0
6,Buenos Aires,6679,Rivadavia,2009,68,0.0
6,Buenos Aires,6679,Rivadavia,2010,134,0.0
6,Buenos Aires,6679,Rivadavia,2011,117,0.0
6,Buenos Aires,6679,Rivadavia,2012,158,0.0
6,Buenos Aires,6679,Rivadavia,2013,136,0.0
6,Buenos Aires,6679,Rivadavia,2014,164,0.0
6,Buenos Aires,6679,Rivadavia,2015,133,0.0
6,Buenos Aires,6679,Rivadavia,2016,99,0.0
6,Buenos Aires,6679,Rivadavia,2017,85,0.0
6,Buenos Aires,6679,Rivadavia,2018,156,0.0
6,Buenos Aires,6679,Rivadavia,2019,228,0.0
6,Buenos Aires,6679,Rivadavia,2020,152,0.0
6,Buenos Aires,6679,Rivadavia,2021,153,0.0
6,Buenos Aires,6679,Rivadavia,2022,171,0.0
6,Buenos Aires,6679,Rivadavia,2023,245,0.0
6,Buenos Aires,6679,Rivadavia,2024,212,0.0
6,Buenos Aires,6686,Rojas,2000,229,0.0
6,Buenos Aires,6686,Rojas,2001,261,0.0
6,Buenos Aires,6686,Rojas,2002,390,0.0
6,Buenos Aires,6686,Rojas,2003,211,0.0
6,Buenos Aires,6686,Rojas,2004,223,0.0
6,Buenos Aires,6686,Rojas,2005,116,0.0
6,Buenos Aires,6686,Rojas,2006,201,0.0
6,Buenos Aires,6686,Rojas,2007,191,0.0
6,Buenos Aires,6686,Rojas,2008,247,0.0
6,Buenos Aires,6686,Rojas,2009,172,0.0
6,Buenos Aires,6686,Rojas,2010,299,0.0
6,Buenos Aires,6686,Rojas,2011,265,0.0
6,Buenos Aires,6686,Rojas,2012,279,0.0
6,Buenos Aires,6686,Rojas,2013,309,0.0
6,Buenos Aires,6686,Rojas,2014,353,0.0
6,Buenos Aires,6686,Rojas,2015,317,0.0
6,Buenos Aires,6686,Rojas,2016,261,0.0
6,Buenos Aires,6686,Rojas,2017,250,0.0
6,Buenos Aires,6686,Rojas,2018,206,0.0
6,Buenos Aires,6686,Rojas,2019,294,0.0
6,Buenos Aires,6686,Rojas,2020,214,0.0
6,Buenos Aires,6686,Rojas,2021,266,0.0
6,Buenos Aires,6686,Rojas,2022,180,0.0
6,Buenos Aires,6686,Rojas,2023,218,0.0
6,Buenos Aires,6686,Rojas,2024,341,0.0
6,Buenos Aires,6693,Roque Pérez,2000,79,0.0
6,Buenos Aires,6693,Roque Pérez,2001,57,0.0
6,Buenos Aires,6693,Roque Pérez,2002,123,0.0
6,Buenos Aires,6693,Roque Pérez,2003,85,0.0
6,Buenos Aires,6693,Roque Pérez,2004,86,0.0
6,Buenos Aires,6693,Roque Pérez,2005,38,0.0
6,Buenos Aires,6693,Roque Pérez,2006,28,0.0
6,Buenos Aires,6693,Roque Pérez,2007,29,0.0
6,Buenos Aires,6693,Roque Pérez,2008,21,0.0
6,Buenos Aires,6693,Roque Pérez,2009,205,0.0
6,Buenos Aires,6693,Roque Pérez,2010,56,0.0
6,Buenos Aires,6693,Roque Pérez,2011,55,0.0
6,Buenos Aires,6693,Roque Pérez,2012,43,0.0
6,Buenos Aires,6693,Roque Pérez,2013,66,0.0
6,Buenos Aires,6693,Roque Pérez,2014,64,0.0
6,Buenos Aires,6693,Roque Pérez,2015,63,0.0
6,Buenos Aires,6693,Roque Pérez,2016,65,0.0
6,Buenos Aires,6693,Roque Pérez,2017,55,0.0
6,Buenos Aires,6693,Roque Pérez,2018,75,0.0
6,Buenos Aires,6693,Roque Pérez,2019,88,0.0
6,Buenos Aires,6693,Roque Pérez,2020,87,0.0
6,Buenos Aires,6693,Roque Pérez,2021,72,0.0
6,Buenos Aires,6693,Roque Pérez,2022,68,0.0
6,Buenos Aires,6693,Roque Pérez,2023,126,0.0
6,Buenos Aires,6693,Roque Pérez,2024,102,0.0
6,Buenos Aires,6700,Saavedra,2000,156,0.0
6,Buenos Aires,6700,Saavedra,2001,120,0.0
6,Buenos Aires,6700,Saavedra,2002,167,0.0
6,Buenos Aires,6700,Saavedra,2003,123,0.0
6,Buenos Aires,6700,Saavedra,2004,85,0.0
6,Buenos Aires,6700,Saavedra,2005,28,0.0
6,Buenos Aires,6700,Saavedra,2006,89,0.0
6,Buenos Aires,6700,Saavedra,2007,141,0.0
6,Buenos Aires,6700,Saavedra,2008,154,0.0
6,Buenos Aires,6700,Saavedra,2009,82,0.0
6,Buenos Aires,6700,Saavedra,2010,190,0.0
6,Buenos Aires,6700,Saavedra,2011,162,0.0
6,Buenos Aires,6700,Saavedra,2012,100,0.0
6,Buenos Aires,6700,Saavedra,2013,97,0.0
6,Buenos Aires,6700,Saavedra,2014,78,0.0
6,Buenos Aires,6700,Saavedra,2015,86,0.0
6,Buenos Aires,6700,Saavedra,2016,79,0.0
6,Buenos Aires,6700,Saavedra,2017,94,0.0
6,Buenos Aires,6700,Saavedra,2018,106,0.0
6,Buenos Aires,6700,Saavedra,2019,125,0.0
6,Buenos Aires,6700,Saavedra,2020,150,0.0
6,Buenos Aires,6700,Saavedra,2021,204,0.0
6,Buenos Aires,6700,Saavedra,2022,197,0.0
6,Buenos Aires,6700,Saavedra,2023,218,0.0
6,Buenos Aires,6700,Saavedra,2024,184,0.0
6,Buenos Aires,6707,Saladillo,2000,165,0.0
6,Buenos Aires,6707,Saladillo,2001,261,0.0
6,Buenos Aires,6707,Saladillo,2002,347,0.0
6,Buenos Aires,6707,Saladillo,2003,210,0.0
6,Buenos Aires,6707,Saladillo,2004,311,0.0
6,Buenos Aires,6707,Saladillo,2005,216,0.0
6,Buenos Aires,6707,Saladillo,2006,172,0.0
6,Buenos Aires,6707,Saladillo,2007,92,0.0
6,Buenos Aires,6707,Saladillo,2008,103,0.0
6,Buenos Aires,6707,Saladillo,2009,139,0.0
6,Buenos Aires,6707,Saladillo,2010,124,0.0
6,Buenos Aires,6707,Saladillo,2011,96,0.0
6,Buenos Aires,6707,Saladillo,2012,84,0.0
6,Buenos Aires,6707,Saladillo,2013,74,0.0
6,Buenos Aires,6707,Saladillo,2014,96,0.0
6,Buenos Aires,6707,Saladillo,2015,68,0.0
6,Buenos Aires,6707,Saladillo,2016,78,0.0
6,Buenos Aires,6707,Saladillo,2017,68,0.0
6,Buenos Aires,6707,Saladillo,2018,149,0.0
6,Buenos Aires,6707,Saladillo,2019,268,0.0
6,Buenos Aires,6707,Saladillo,2020,171,0.0
6,Buenos Aires,6707,Saladillo,2021,239,0.0
6,Buenos Aires,6707,Saladillo,2022,306,0.0
6,Buenos Aires,6707,Saladillo,2023,342,0.0
6,Buenos Aires,6707,Saladillo,2024,303,0.0
6,Buenos Aires,6714,Salto,2000,112,0.0
6,Buenos Aires,6714,Salto,2001,175,0.0
6,Buenos Aires,6714,Salto,2002,253,0.0
6,Buenos Aires,6714,Salto,2003,159,0.0
6,Buenos Aires,6714,Salto,2004,264,0.0
6,Buenos Aires,6714,Salto,2005,154,0.0
6,Buenos Aires,6714,Salto,2006,209,0.0
6,Buenos Aires,6714,Salto,2007,170,0.0
6,Buenos Aires,6714,Salto,2008,91,0.0
6,Buenos Aires,6714,Salto,2009,112,0.0
6,Buenos Aires,6714,Salto,2010,197,0.0
6,Buenos Aires,6714,Salto,2011,343,0.0
6,Buenos Aires,6714,Salto,2012,387,0.0
6,Buenos Aires,6714,Salto,2013,422,0.0
6,Buenos Aires,6714,Salto,2014,406,0.0
6,Buenos Aires,6714,Salto,2015,348,0.0
6,Buenos Aires,6714,Salto,2016,250,0.0
6,Buenos Aires,6714,Salto,2017,191,0.0
6,Buenos Aires,6714,Salto,2018,295,0.0
6,Buenos Aires,6714,Salto,2019,247,0.0
6,Buenos Aires,6714,Salto,2020,221,0.0
6,Buenos Aires,6714,Salto,2021,167,0.0
6,Buenos Aires,6714,Salto,2022,217,0.0
6,Buenos Aires,6714,Salto,2023,256,0.0
6,Buenos Aires,6714,Salto,2024,302,0.0
6,Buenos Aires,6721,Salliqueló,2000,55,0.0
6,Buenos Aires,6721,Salliqueló,2001,55,0.0
6,Buenos Aires,6721,Salliqueló,2002,37,0.0
6,Buenos Aires,6721,Salliqueló,2003,77,0.0
6,Buenos Aires,6721,Salliqueló,2004,71,0.0
6,Buenos Aires,6721,Salliqueló,2005,66,0.0
6,Buenos Aires,6721,Salliqueló,2006,74,0.0
6,Buenos Aires,6721,Salliqueló,2007,47,0.0
6,Buenos Aires,6721,Salliqueló,2008,63,0.0
6,Buenos Aires,6721,Salliqueló,2009,44,0.0
6,Buenos Aires,6721,Salliqueló,2010,39,0.0
6,Buenos Aires,6721,Salliqueló,2011,61,0.0
6,Buenos Aires,6721,Salliqueló,2012,46,0.0
6,Buenos Aires,6721,Salliqueló,2013,36,0.0
6,Buenos Aires,6721,Salliqueló,2014,32,0.0
6,Buenos Aires,6721,Salliqueló,2015,39,0.0
6,Buenos Aires,6721,Salliqueló,2016,21,0.0
6,Buenos Aires,6721,Salliqueló,2017,13,0.0
6,Buenos Aires,6721,Salliqueló,2018,20,0.0
6,Buenos Aires,6721,Salliqueló,2019,46,0.0
6,Buenos Aires,6721,Salliqueló,2020,41,0.0
6,Buenos Aires,6721,Salliqueló,2021,50,0.0
6,Buenos Aires,6721,Salliqueló,2022,39,0.0
6,Buenos Aires,6721,Salliqueló,2023,53,0.0
6,Buenos Aires,6721,Salliqueló,2024,64,0.0
6,Buenos Aires,6728,San Andrés de Giles,2000,176,0.0
6,Buenos Aires,6728,San Andrés de Giles,2001,163,0.0
6,Buenos Aires,6728,San Andrés de Giles,2002,243,0.0
6,Buenos Aires,6728,San Andrés de Giles,2003,82,0.0
6,Buenos Aires,6728,San Andrés de Giles,2004,155,0.0
6,Buenos Aires,6728,San Andrés de Giles,2005,91,0.0
6,Buenos Aires,6728,San Andrés de Giles,2006,67,0.0
6,Buenos Aires,6728,San Andrés de Giles,2007,53,0.0
6,Buenos Aires,6728,San Andrés de Giles,2008,93,0.0
6,Buenos Aires,6728,San Andrés de Giles,2009,208,0.0
6,Buenos Aires,6728,San Andrés de Giles,2010,110,0.0
6,Buenos Aires,6728,San Andrés de Giles,2011,76,0.0
6,Buenos Aires,6728,San Andrés de Giles,2012,111,0.0
6,Buenos Aires,6728,San Andrés de Giles,2013,95,0.0
6,Buenos Aires,6728,San Andrés de Giles,2014,65,0.0
6,Buenos Aires,6728,San Andrés de Giles,2015,60,0.0
6,Buenos Aires,6728,San Andrés de Giles,2016,67,0.0
6,Buenos Aires,6728,San Andrés de Giles,2017,27,0.0
6,Buenos Aires,6728,San Andrés de Giles,2018,34,0.0
6,Buenos Aires,6728,San Andrés de Giles,2019,89,0.0
6,Buenos Aires,6728,San Andrés de Giles,2020,41,0.0
6,Buenos Aires,6728,San Andrés de Giles,2021,65,0.0
6,Buenos Aires,6728,San Andrés de Giles,2022,109,0.0
6,Buenos Aires,6728,San Andrés de Giles,2023,151,0.0
6,Buenos Aires,6728,San Andrés de Giles,2024,171,0.0
6,Buenos Aires,6735,San Antonio de Areco,2000,167,0.0
6,Buenos Aires,6735,San Antonio de Areco,2001,202,0.0
6,Buenos Aires,6735,San Antonio de Areco,2002,260,0.0
6,Buenos Aires,6735,San Antonio de Areco,2003,83,0.0
6,Buenos Aires,6735,San Antonio de Areco,2004,206,0.0
6,Buenos Aires,6735,San Antonio de Areco,2005,181,0.0
6,Buenos Aires,6735,San Antonio de Areco,2006,181,0.0
6,Buenos Aires,6735,San Antonio de Areco,2007,167,0.0
6,Buenos Aires,6735,San Antonio de Areco,2008,186,0.0
6,Buenos Aires,6735,San Antonio de Areco,2009,154,0.0
6,Buenos Aires,6735,San Antonio de Areco,2010,112,0.0
6,Buenos Aires,6735,San Antonio de Areco,2011,87,0.0
6,Buenos Aires,6735,San Antonio de Areco,2012,135,0.0
6,Buenos Aires,6735,San Antonio de Areco,2013,152,0.0
6,Buenos Aires,6735,San Antonio de Areco,2014,221,0.0
6,Buenos Aires,6735,San Antonio de Areco,2015,164,0.0
6,Buenos Aires,6735,San Antonio de Areco,2016,181,0.0
6,Buenos Aires,6735,San Antonio de Areco,2017,92,0.0
6,Buenos Aires,6735,San Antonio de Areco,2018,79,0.0
6,Buenos Aires,6735,San Antonio de Areco,2019,300,0.0
6,Buenos Aires,6735,San Antonio de Areco,2020,142,0.0
6,Buenos Aires,6735,San Antonio de Areco,2021,135,0.0
6,Buenos Aires,6735,San Antonio de Areco,2022,146,0.0
6,Buenos Aires,6735,San Antonio de Areco,2023,268,0.0
6,Buenos Aires,6735,San Antonio de Areco,2024,318,0.0
6,Buenos Aires,6742,San Cayetano,2000,77,0.0
6,Buenos Aires,6742,San Cayetano,2001,42,0.0
6,Buenos Aires,6742,San Cayetano,2002,61,0.0
6,Buenos Aires,6742,San Cayetano,2003,128,0.0
6,Buenos Aires,6742,San Cayetano,2004,105,0.0
6,Buenos Aires,6742,San Cayetano,2005,39,0.0
6,Buenos Aires,6742,San Cayetano,2006,44,0.0
6,Buenos Aires,6742,San Cayetano,2007,41,0.0
6,Buenos Aires,6742,San Cayetano,2008,47,0.0
6,Buenos Aires,6742,San Cayetano,2009,119,0.0
6,Buenos Aires,6742,San Cayetano,2010,86,0.0
6,Buenos Aires,6742,San Cayetano,2011,100,0.0
6,Buenos Aires,6742,San Cayetano,2012,79,0.0
6,Buenos Aires,6742,San Cayetano,2013,63,0.0
6,Buenos Aires,6742,San Cayetano,2014,85,0.0
6,Buenos Aires,6742,San Cayetano,2015,85,0.0
6,Buenos Aires,6742,San Cayetano,2016,51,0.0
6,Buenos Aires,6742,San Cayetano,2017,78,0.0
6,Buenos Aires,6742,San Cayetano,2018,75,0.0
6,Buenos Aires,6742,San Cayetano,2019,48,0.0
6,Buenos Aires,6742,San Cayetano,2020,36,0.0
6,Buenos Aires,6742,San Cayetano,2021,53,0.0
6,Buenos Aires,6742,San Cayetano,2022,75,0.0
6,Buenos Aires,6742,San Cayetano,2023,74,0.0
6,Buenos Aires,6742,San Cayetano,2024,78,0.0
6,Buenos Aires,6749,San Fernando,2000,1688,0.0
6,Buenos Aires,6749,San Fernando,2001,1638,0.0
6,Buenos Aires,6749,San Fernando,2002,1506,0.0
6,Buenos Aires,6749,San Fernando,2003,841,0.0
6,Buenos Aires,6749,San Fernando,2004,1218,0.0
6,Buenos Aires,6749,San Fernando,2005,1051,0.0
6,Buenos Aires,6749,San Fernando,2006,963,0.0
6,Buenos Aires,6749,San Fernando,2007,907,0.0
6,Buenos Aires,6749,San Fernando,2008,1568,0.0
6,Buenos Aires,6749,San Fernando,2009,552,0.0
6,Buenos Aires,6749,San Fernando,2010,2090,0.0
6,Buenos Aires,6749,San Fernando,2011,1963,0.0
6,Buenos Aires,6749,San Fernando,2012,1835,0.0
6,Buenos Aires,6749,San Fernando,2013,1705,0.0
6,Buenos Aires,6749,San Fernando,2014,1625,0.0
6,Buenos Aires,6749,San Fernando,2015,1392,0.0
6,Buenos Aires,6749,San Fernando,2016,1232,0.0
6,Buenos Aires,6749,San Fernando,2017,1450,0.0
6,Buenos Aires,6749,San Fernando,2018,1702,0.0
6,Buenos Aires,6749,San Fernando,2019,2475,0.0
6,Buenos Aires,6749,San Fernando,2020,1248,0.0
6,Buenos Aires,6749,San Fernando,2021,1637,0.0
6,Buenos Aires,6749,San Fernando,2022,1580,0.0
6,Buenos Aires,6749,San Fernando,2023,1469,0.0
6,Buenos Aires,6749,San Fernando,2024,1673,0.0
6,Buenos Aires,6756,San Isidro,2000,7884,0.0
6,Buenos Aires,6756,San Isidro,2001,6384,0.0
6,Buenos Aires,6756,San Isidro,2002,7206,0.0
6,Buenos Aires,6756,San Isidro,2003,6647,0.0
6,Buenos Aires,6756,San Isidro,2004,6384,0.0
6,Buenos Aires,6756,San Isidro,2005,3551,0.0
6,Buenos Aires,6756,San Isidro,2006,2750,0.0
6,Buenos Aires,6756,San Isidro,2007,2167,0.0
6,Buenos Aires,6756,San Isidro,2008,3281,0.0
6,Buenos Aires,6756,San Isidro,2009,2461,0.0
6,Buenos Aires,6756,San Isidro,2010,4438,0.0
6,Buenos Aires,6756,San Isidro,2011,4433,0.0
6,Buenos Aires,6756,San Isidro,2012,3314,0.0
6,Buenos Aires,6756,San Isidro,2013,3055,0.0
6,Buenos Aires,6756,San Isidro,2014,3155,0.0
6,Buenos Aires,6756,San Isidro,2015,3391,0.0
6,Buenos Aires,6756,San Isidro,2016,3734,0.0
6,Buenos Aires,6756,San Isidro,2017,4492,0.0
6,Buenos Aires,6756,San Isidro,2018,4360,0.0
6,Buenos Aires,6756,San Isidro,2019,5842,0.0
6,Buenos Aires,6756,San Isidro,2020,3432,0.0
6,Buenos Aires,6756,San Isidro,2021,4674,0.0
6,Buenos Aires,6756,San Isidro,2022,5179,0.0
6,Buenos Aires,6756,San Isidro,2023,5430,0.0
6,Buenos Aires,6756,San Isidro,2024,5131,0.0
6,Buenos Aires,6760,San Miguel,2000,3900,0.0
6,Buenos Aires,6760,San Miguel,2001,4685,0.0
6,Buenos Aires,6760,San Miguel,2002,4606,0.0
6,Buenos Aires,6760,San Miguel,2003,3958,0.0
6,Buenos Aires,6760,San Miguel,2004,2903,0.0
6,Buenos Aires,6760,San Miguel,2005,2129,0.0
6,Buenos Aires,6760,San Miguel,2006,2145,0.0
6,Buenos Aires,6760,San Miguel,2007,2050,0.0
6,Buenos Aires,6760,San Miguel,2008,3294,0.0
6,Buenos Aires,6760,San Miguel,2009,3423,0.0
6,Buenos Aires,6760,San Miguel,2010,2653,0.0
6,Buenos Aires,6760,San Miguel,2011,3427,0.0
6,Buenos Aires,6760,San Miguel,2012,4164,0.0
6,Buenos Aires,6760,San Miguel,2013,3374,0.0
6,Buenos Aires,6760,San Miguel,2014,2895,0.0
6,Buenos Aires,6760,San Miguel,2015,2366,0.0
6,Buenos Aires,6760,San Miguel,2016,2350,0.0
6,Buenos Aires,6760,San Miguel,2017,2698,0.0
6,Buenos Aires,6760,San Miguel,2018,2749,0.0
6,Buenos Aires,6760,San Miguel,2019,4115,0.0
6,Buenos Aires,6760,San Miguel,2020,3067,0.0
6,Buenos Aires,6760,San Miguel,2021,3627,0.0
6,Buenos Aires,6760,San Miguel,2022,3351,0.0
6,Buenos Aires,6760,San Miguel,2023,3551,0.0
6,Buenos Aires,6760,San Miguel,2024,3415,0.0
6,Buenos Aires,6763,San Nicolás,2000,1556,0.0
6,Buenos Aires,6763,San Nicolás,2001,3586,0.0
6,Buenos Aires,6763,San Nicolás,2002,3763,0.0
6,Buenos Aires,6763,San Nicolás,2003,2666,0.0
6,Buenos Aires,6763,San Nicolás,2004,1371,0.0
6,Buenos Aires,6763,San Nicolás,2005,887,0.0
6,Buenos Aires,6763,San Nicolás,2006,999,0.0
6,Buenos Aires,6763,San Nicolás,2007,1157,0.0
6,Buenos Aires,6763,San Nicolás,2008,1232,0.0
6,Buenos Aires,6763,San Nicolás,2009,1160,0.0
6,Buenos Aires,6763,San Nicolás,2010,1291,0.0
6,Buenos Aires,6763,San Nicolás,2011,1619,0.0
6,Buenos Aires,6763,San Nicolás,2012,1748,0.0
6,Buenos Aires,6763,San Nicolás,2013,1606,0.0
6,Buenos Aires,6763,San Nicolás,2014,1123,0.0
6,Buenos Aires,6763,San Nicolás,2015,1279,0.0
6,Buenos Aires,6763,San Nicolás,2016,915,0.0
6,Buenos Aires,6763,San Nicolás,2017,759,0.0
6,Buenos Aires,6763,San Nicolás,2018,1038,0.0
6,Buenos Aires,6763,San Nicolás,2019,2211,0.0
6,Buenos Aires,6763,San Nicolás,2020,1625,0.0
6,Buenos Aires,6763,San Nicolás,2021,1288,0.0
6,Buenos Aires,6763,San Nicolás,2022,1257,0.0
6,Buenos Aires,6763,San Nicolás,2023,2087,0.0
6,Buenos Aires,6763,San Nicolás,2024,3036,0.0
6,Buenos Aires,6770,San Pedro,2000,790,0.0
6,Buenos Aires,6770,San Pedro,2001,878,0.0
6,Buenos Aires,6770,San Pedro,2002,1488,0.0
6,Buenos Aires,6770,San Pedro,2003,1424,0.0
6,Buenos Aires,6770,San Pedro,2004,793,0.0
6,Buenos Aires,6770,San Pedro,2005,619,0.0
6,Buenos Aires,6770,San Pedro,2006,395,0.0
6,Buenos Aires,6770,San Pedro,2007,420,0.0
6,Buenos Aires,6770,San Pedro,2008,657,0.0
6,Buenos Aires,6770,San Pedro,2009,1161,0.0
6,Buenos Aires,6770,San Pedro,2010,755,0.0
6,Buenos Aires,6770,San Pedro,2011,997,0.0
6,Buenos Aires,6770,San Pedro,2012,876,0.0
6,Buenos Aires,6770,San Pedro,2013,562,0.0
6,Buenos Aires,6770,San Pedro,2014,491,0.0
6,Buenos Aires,6770,San Pedro,2015,478,0.0
6,Buenos Aires,6770,San Pedro,2016,353,0.0
6,Buenos Aires,6770,San Pedro,2017,335,0.0
6,Buenos Aires,6770,San Pedro,2018,824,0.0
6,Buenos Aires,6770,San Pedro,2019,1441,0.0
6,Buenos Aires,6770,San Pedro,2020,1028,0.0
6,Buenos Aires,6770,San Pedro,2021,1022,0.0
6,Buenos Aires,6770,San Pedro,2022,1172,0.0
6,Buenos Aires,6770,San Pedro,2023,1411,0.0
6,Buenos Aires,6770,San Pedro,2024,1886,0.0
6,Buenos Aires,6778,San Vicente,2000,239,0.0
6,Buenos Aires,6778,San Vicente,2001,471,0.0
6,Buenos Aires,6778,San Vicente,2002,789,0.0
6,Buenos Aires,6778,San Vicente,2003,625,0.0
6,Buenos Aires,6778,San Vicente,2004,713,0.0
6,Buenos Aires,6778,San Vicente,2005,419,0.0
6,Buenos Aires,6778,San Vicente,2006,375,0.0
6,Buenos Aires,6778,San Vicente,2007,307,0.0
6,Buenos Aires,6778,San Vicente,2008,324,0.0
6,Buenos Aires,6778,San Vicente,2009,545,0.0
6,Buenos Aires,6778,San Vicente,2010,388,0.0
6,Buenos Aires,6778,San Vicente,2011,628,0.0
6,Buenos Aires,6778,San Vicente,2012,585,0.0
6,Buenos Aires,6778,San Vicente,2013,535,0.0
6,Buenos Aires,6778,San Vicente,2014,647,0.0
6,Buenos Aires,6778,San Vicente,2015,713,0.0
6,Buenos Aires,6778,San Vicente,2016,762,0.0
6,Buenos Aires,6778,San Vicente,2017,954,0.0
6,Buenos Aires,6778,San Vicente,2018,992,0.0
6,Buenos Aires,6778,San Vicente,2019,1419,0.0
6,Buenos Aires,6778,San Vicente,2020,1070,0.0
6,Buenos Aires,6778,San Vicente,2021,1249,0.0
6,Buenos Aires,6778,San Vicente,2022,1211,0.0
6,Buenos Aires,6778,San Vicente,2023,1253,0.0
6,Buenos Aires,6778,San Vicente,2024,1250,0.0
6,Buenos Aires,6784,Suipacha,2000,70,0.0
6,Buenos Aires,6784,Suipacha,2001,65,0.0
6,Buenos Aires,6784,Suipacha,2002,123,0.0
6,Buenos Aires,6784,Suipacha,2003,41,0.0
6,Buenos Aires,6784,Suipacha,2004,83,0.0
6,Buenos Aires,6784,Suipacha,2005,74,0.0
6,Buenos Aires,6784,Suipacha,2006,62,0.0
6,Buenos Aires,6784,Suipacha,2007,80,0.0
6,Buenos Aires,6784,Suipacha,2008,78,0.0
6,Buenos Aires,6784,Suipacha,2009,275,0.0
6,Buenos Aires,6784,Suipacha,2010,44,0.0
6,Buenos Aires,6784,Suipacha,2011,30,0.0
6,Buenos Aires,6784,Suipacha,2012,62,0.0
6,Buenos Aires,6784,Suipacha,2013,42,0.0
6,Buenos Aires,6784,Suipacha,2014,48,0.0
6,Buenos Aires,6784,Suipacha,2015,32,0.0
6,Buenos Aires,6784,Suipacha,2016,32,0.0
6,Buenos Aires,6784,Suipacha,2017,40,0.0
6,Buenos Aires,6784,Suipacha,2018,36,0.0
6,Buenos Aires,6784,Suipacha,2019,83,0.0
6,Buenos Aires,6784,Suipacha,2020,61,0.0
6,Buenos Aires,6784,Suipacha,2021,99,0.0
6,Buenos Aires,6784,Suipacha,2022,90,0.0
6,Buenos Aires,6784,Suipacha,2023,109,0.0
6,Buenos Aires,6784,Suipacha,2024,86,0.0
6,Buenos Aires,6791,Tandil,2000,977,0.0
6,Buenos Aires,6791,Tandil,2001,1613,0.0
6,Buenos Aires,6791,Tandil,2002,1776,0.0
6,Buenos Aires,6791,Tandil,2003,1292,0.0
6,Buenos Aires,6791,Tandil,2004,952,0.0
6,Buenos Aires,6791,Tandil,2005,629,0.0
6,Buenos Aires,6791,Tandil,2006,519,0.0
6,Buenos Aires,6791,Tandil,2007,668,0.0
6,Buenos Aires,6791,Tandil,2008,761,0.0
6,Buenos Aires,6791,Tandil,2009,217,0.0
6,Buenos Aires,6791,Tandil,2010,1104,0.0
6,Buenos Aires,6791,Tandil,2011,1438,0.0
6,Buenos Aires,6791,Tandil,2012,1139,0.0
6,Buenos Aires,6791,Tandil,2013,822,0.0
6,Buenos Aires,6791,Tandil,2014,923,0.0
6,Buenos Aires,6791,Tandil,2015,968,0.0
6,Buenos Aires,6791,Tandil,2016,901,0.0
6,Buenos Aires,6791,Tandil,2017,761,0.0
6,Buenos Aires,6791,Tandil,2018,683,0.0
6,Buenos Aires,6791,Tandil,2019,1468,0.0
6,Buenos Aires,6791,Tandil,2020,1310,0.0
6,Buenos Aires,6791,Tandil,2021,1364,0.0
6,Buenos Aires,6791,Tandil,2022,1364,0.0
6,Buenos Aires,6791,Tandil,2023,2150,0.0
6,Buenos Aires,6791,Tandil,2024,2241,0.0
6,Buenos Aires,6798,Tapalqué,2000,98,0.0
6,Buenos Aires,6798,Tapalqué,2001,86,0.0
6,Buenos Aires,6798,Tapalqué,2002,64,0.0
6,Buenos Aires,6798,Tapalqué,2003,124,0.0
6,Buenos Aires,6798,Tapalqué,2004,134,0.0
6,Buenos Aires,6798,Tapalqué,2005,61,0.0
6,Buenos Aires,6798,Tapalqué,2006,47,0.0
6,Buenos Aires,6798,Tapalqué,2007,49,0.0
6,Buenos Aires,6798,Tapalqué,2008,79,0.0
6,Buenos Aires,6798,Tapalqué,2009,788,0.0
6,Buenos Aires,6798,Tapalqué,2010,101,0.0
6,Buenos Aires,6798,Tapalqué,2011,63,0.0
6,Buenos Aires,6798,Tapalqué,2012,51,0.0
6,Buenos Aires,6798,Tapalqué,2013,92,0.0
6,Buenos Aires,6798,Tapalqué,2014,94,0.0
6,Buenos Aires,6798,Tapalqué,2015,57,0.0
6,Buenos Aires,6798,Tapalqué,2016,70,0.0
6,Buenos Aires,6798,Tapalqué,2017,69,0.0
6,Buenos Aires,6798,Tapalqué,2018,49,0.0
6,Buenos Aires,6798,Tapalqué,2019,83,0.0
6,Buenos Aires,6798,Tapalqué,2020,41,0.0
6,Buenos Aires,6798,Tapalqué,2021,72,0.0
6,Buenos Aires,6798,Tapalqué,2022,75,0.0
6,Buenos Aires,6798,Tapalqué,2023,88,0.0
6,Buenos Aires,6798,Tapalqué,2024,89,0.0
6,Buenos Aires,6805,Tigre,2000,4224,0.0
6,Buenos Aires,6805,Tigre,2001,4000,0.0
6,Buenos Aires,6805,Tigre,2002,4482,0.0
6,Buenos Aires,6805,Tigre,2003,4205,0.0
6,Buenos Aires,6805,Tigre,2004,3404,0.0
6,Buenos Aires,6805,Tigre,2005,2617,0.0
6,Buenos Aires,6805,Tigre,2006,2810,0.0
6,Buenos Aires,6805,Tigre,2007,1482,0.0
6,Buenos Aires,6805,Tigre,2008,2320,0.0
6,Buenos Aires,6805,Tigre,2009,1159,0.0
6,Buenos Aires,6805,Tigre,2010,3300,0.0
6,Buenos Aires,6805,Tigre,2011,4245,0.0
6,Buenos Aires,6805,Tigre,2012,3793,0.0
6,Buenos Aires,6805,Tigre,2013,3094,0.0
6,Buenos Aires,6805,Tigre,2014,3123,0.0
6,Buenos Aires,6805,Tigre,2015,3459,0.0
6,Buenos Aires,6805,Tigre,2016,3615,0.0
6,Buenos Aires,6805,Tigre,2017,4417,0.0
6,Buenos Aires,6805,Tigre,2018,5697,0.0
6,Buenos Aires,6805,Tigre,2019,6726,0.0
6,Buenos Aires,6805,Tigre,2020,4547,0.0
6,Buenos Aires,6805,Tigre,2021,4404,0.0
6,Buenos Aires,6805,Tigre,2022,4359,0.0
6,Buenos Aires,6805,Tigre,2023,4352,0.0
6,Buenos Aires,6805,Tigre,2024,5695,0.0
6,Buenos Aires,6812,Tordillo,2000,87,0.0
6,Buenos Aires,6812,Tordillo,2001,66,0.0
6,Buenos Aires,6812,Tordillo,2002,41,0.0
6,Buenos Aires,6812,Tordillo,2003,32,0.0
6,Buenos Aires,6812,Tordillo,2004,23,0.0
6,Buenos Aires,6812,Tordillo,2005,6,0.0
6,Buenos Aires,6812,Tordillo,2006,7,0.0
6,Buenos Aires,6812,Tordillo,2007,9,0.0
6,Buenos Aires,6812,Tordillo,2008,6,0.0
6,Buenos Aires,6812,Tordillo,2009,1600,0.0
6,Buenos Aires,6812,Tordillo,2010,16,0.0
6,Buenos Aires,6812,Tordillo,2011,19,0.0
6,Buenos Aires,6812,Tordillo,2012,7,0.0
6,Buenos Aires,6812,Tordillo,2013,12,0.0
6,Buenos Aires,6812,Tordillo,2014,20,0.0
6,Buenos Aires,6812,Tordillo,2015,3,0.0
6,Buenos Aires,6812,Tordillo,2016,2,0.0
6,Buenos Aires,6812,Tordillo,2017,4,0.0
6,Buenos Aires,6812,Tordillo,2018,4,0.0
6,Buenos Aires,6812,Tordillo,2019,6,0.0
6,Buenos Aires,6812,Tordillo,2020,2,0.0
6,Buenos Aires,6812,Tordillo,2021,12,0.0
6,Buenos Aires,6812,Tordillo,2022,12,0.0
6,Buenos Aires,6812,Tordillo,2023,8,0.0
6,Buenos Aires,6812,Tordillo,2024,13,0.0
6,Buenos Aires,6819,Tornquist,2000,54,0.0
6,Buenos Aires,6819,Tornquist,2001,67,0.0
6,Buenos Aires,6819,Tornquist,2002,66,0.0
6,Buenos Aires,6819,Tornquist,2003,31,0.0
6,Buenos Aires,6819,Tornquist,2004,59,0.0
6,Buenos Aires,6819,Tornquist,2005,71,0.0
6,Buenos Aires,6819,Tornquist,2006,64,0.0
6,Buenos Aires,6819,Tornquist,2007,58,0.0
6,Buenos Aires,6819,Tornquist,2008,69,0.0
6,Buenos Aires,6819,Tornquist,2009,47,0.0
6,Buenos Aires,6819,Tornquist,2010,81,0.0
6,Buenos Aires,6819,Tornquist,2011,98,0.0
6,Buenos Aires,6819,Tornquist,2012,133,0.0
6,Buenos Aires,6819,Tornquist,2013,130,0.0
6,Buenos Aires,6819,Tornquist,2014,112,0.0
6,Buenos Aires,6819,Tornquist,2015,133,0.0
6,Buenos Aires,6819,Tornquist,2016,125,0.0
6,Buenos Aires,6819,Tornquist,2017,119,0.0
6,Buenos Aires,6819,Tornquist,2018,109,0.0
6,Buenos Aires,6819,Tornquist,2019,124,0.0
6,Buenos Aires,6819,Tornquist,2020,100,0.0
6,Buenos Aires,6819,Tornquist,2021,118,0.0
6,Buenos Aires,6819,Tornquist,2022,132,0.0
6,Buenos Aires,6819,Tornquist,2023,111,0.0
6,Buenos Aires,6819,Tornquist,2024,106,0.0
6,Buenos Aires,6826,Trenque Lauquen,2000,638,0.0
6,Buenos Aires,6826,Trenque Lauquen,2001,362,0.0
6,Buenos Aires,6826,Trenque Lauquen,2002,634,0.0
6,Buenos Aires,6826,Trenque Lauquen,2003,461,0.0
6,Buenos Aires,6826,Trenque Lauquen,2004,356,0.0
6,Buenos Aires,6826,Trenque Lauquen,2005,250,0.0
6,Buenos Aires,6826,Trenque Lauquen,2006,347,0.0
6,Buenos Aires,6826,Trenque Lauquen,2007,615,0.0
6,Buenos Aires,6826,Trenque Lauquen,2008,819,0.0
6,Buenos Aires,6826,Trenque Lauquen,2009,187,0.0
6,Buenos Aires,6826,Trenque Lauquen,2010,491,0.0
6,Buenos Aires,6826,Trenque Lauquen,2011,613,0.0
6,Buenos Aires,6826,Trenque Lauquen,2012,713,0.0
6,Buenos Aires,6826,Trenque Lauquen,2013,833,0.0
6,Buenos Aires,6826,Trenque Lauquen,2014,829,0.0
6,Buenos Aires,6826,Trenque Lauquen,2015,981,0.0
6,Buenos Aires,6826,Trenque Lauquen,2016,641,0.0
6,Buenos Aires,6826,Trenque Lauquen,2017,577,0.0
6,Buenos Aires,6826,Trenque Lauquen,2018,626,0.0
6,Buenos Aires,6826,Trenque Lauquen,2019,554,0.0
6,Buenos Aires,6826,Trenque Lauquen,2020,530,0.0
6,Buenos Aires,6826,Trenque Lauquen,2021,690,0.0
6,Buenos Aires,6826,Trenque Lauquen,2022,629,0.0
6,Buenos Aires,6826,Trenque Lauquen,2023,687,0.0
6,Buenos Aires,6826,Trenque Lauquen,2024,731,0.0
6,Buenos Aires,6833,Tres Arroyos,2000,894,0.0
6,Buenos Aires,6833,Tres Arroyos,2001,511,0.0
6,Buenos Aires,6833,Tres Arroyos,2002,594,0.0
6,Buenos Aires,6833,Tres Arroyos,2003,664,0.0
6,Buenos Aires,6833,Tres Arroyos,2004,690,0.0
6,Buenos Aires,6833,Tres Arroyos,2005,664,0.0
6,Buenos Aires,6833,Tres Arroyos,2006,616,0.0
6,Buenos Aires,6833,Tres Arroyos,2007,289,0.0
6,Buenos Aires,6833,Tres Arroyos,2008,393,0.0
6,Buenos Aires,6833,Tres Arroyos,2009,676,0.0
6,Buenos Aires,6833,Tres Arroyos,2010,866,0.0
6,Buenos Aires,6833,Tres Arroyos,2011,779,0.0
6,Buenos Aires,6833,Tres Arroyos,2012,942,0.0
6,Buenos Aires,6833,Tres Arroyos,2013,964,0.0
6,Buenos Aires,6833,Tres Arroyos,2014,700,0.0
6,Buenos Aires,6833,Tres Arroyos,2015,482,0.0
6,Buenos Aires,6833,Tres Arroyos,2016,312,0.0
6,Buenos Aires,6833,Tres Arroyos,2017,284,0.0
6,Buenos Aires,6833,Tres Arroyos,2018,434,0.0
6,Buenos Aires,6833,Tres Arroyos,2019,942,0.0
6,Buenos Aires,6833,Tres Arroyos,2020,848,0.0
6,Buenos Aires,6833,Tres Arroyos,2021,935,0.0
6,Buenos Aires,6833,Tres Arroyos,2022,1041,0.0
6,Buenos Aires,6833,Tres Arroyos,2023,1191,0.0
6,Buenos Aires,6833,Tres Arroyos,2024,1236,0.0
6,Buenos Aires,6840,Tres de Febrero,2000,7045,0.0
6,Buenos Aires,6840,Tres de Febrero,2001,7273,0.0
6,Buenos Aires,6840,Tres de Febrero,2002,9325,0.0
6,Buenos Aires,6840,Tres de Febrero,2003,8640,0.0
6,Buenos Aires,6840,Tres de Febrero,2004,5710,0.0
6,Buenos Aires,6840,Tres de Febrero,2005,2416,0.0
6,Buenos Aires,6840,Tres de Febrero,2006,2117,0.0
6,Buenos Aires,6840,Tres de Febrero,2007,2506,0.0
6,Buenos Aires,6840,Tres de Febrero,2008,4102,0.0
6,Buenos Aires,6840,Tres de Febrero,2009,2213,0.0
6,Buenos Aires,6840,Tres de Febrero,2010,3927,0.0
6,Buenos Aires,6840,Tres de Febrero,2011,3971,0.0
6,Buenos Aires,6840,Tres de Febrero,2012,5211,0.0
6,Buenos Aires,6840,Tres de Febrero,2013,6060,0.0
6,Buenos Aires,6840,Tres de Febrero,2014,8527,0.0
6,Buenos Aires,6840,Tres de Febrero,2015,8671,0.0
6,Buenos Aires,6840,Tres de Febrero,2016,7304,0.0
6,Buenos Aires,6840,Tres de Febrero,2017,6090,0.0
6,Buenos Aires,6840,Tres de Febrero,2018,6647,0.0
6,Buenos Aires,6840,Tres de Febrero,2019,8353,0.0
6,Buenos Aires,6840,Tres de Febrero,2020,5355,0.0
6,Buenos Aires,6840,Tres de Febrero,2021,4798,0.0
6,Buenos Aires,6840,Tres de Febrero,2022,5210,0.0
6,Buenos Aires,6840,Tres de Febrero,2023,6296,0.0
6,Buenos Aires,6840,Tres de Febrero,2024,6930,0.0
6,Buenos Aires,6847,Tres Lomas ,2000,60,0.0
6,Buenos Aires,6847,Tres Lomas ,2001,40,0.0
6,Buenos Aires,6847,Tres Lomas ,2002,71,0.0
6,Buenos Aires,6847,Tres Lomas ,2003,50,0.0
6,Buenos Aires,6847,Tres Lomas ,2004,56,0.0
6,Buenos Aires,6847,Tres Lomas ,2005,27,0.0
6,Buenos Aires,6847,Tres Lomas ,2006,18,0.0
6,Buenos Aires,6847,Tres Lomas ,2007,32,0.0
6,Buenos Aires,6847,Tres Lomas ,2008,42,0.0
6,Buenos Aires,6847,Tres Lomas ,2009,1350,0.0
6,Buenos Aires,6847,Tres Lomas ,2010,47,0.0
6,Buenos Aires,6847,Tres Lomas ,2011,30,0.0
6,Buenos Aires,6847,Tres Lomas ,2012,24,0.0
6,Buenos Aires,6847,Tres Lomas ,2013,7,0.0
6,Buenos Aires,6847,Tres Lomas ,2014,8,0.0
6,Buenos Aires,6847,Tres Lomas ,2015,13,0.0
6,Buenos Aires,6847,Tres Lomas ,2016,13,0.0
6,Buenos Aires,6847,Tres Lomas ,2017,15,0.0
6,Buenos Aires,6847,Tres Lomas ,2018,19,0.0
6,Buenos Aires,6847,Tres Lomas ,2019,39,0.0
6,Buenos Aires,6847,Tres Lomas ,2020,34,0.0
6,Buenos Aires,6847,Tres Lomas ,2021,52,0.0
6,Buenos Aires,6847,Tres Lomas ,2022,59,0.0
6,Buenos Aires,6847,Tres Lomas ,2023,69,0.0
6,Buenos Aires,6847,Tres Lomas ,2024,66,0.0
6,Buenos Aires,6854,25 de Mayo,2000,311,0.0
6,Buenos Aires,6854,25 de Mayo,2001,275,0.0
6,Buenos Aires,6854,25 de Mayo,2002,343,0.0
6,Buenos Aires,6854,25 de Mayo,2003,350,0.0
6,Buenos Aires,6854,25 de Mayo,2004,180,0.0
6,Buenos Aires,6854,25 de Mayo,2005,137,0.0
6,Buenos Aires,6854,25 de Mayo,2006,121,0.0
6,Buenos Aires,6854,25 de Mayo,2007,115,0.0
6,Buenos Aires,6854,25 de Mayo,2008,109,0.0
6,Buenos Aires,6854,25 de Mayo,2009,64,0.0
6,Buenos Aires,6854,25 de Mayo,2010,106,0.0
6,Buenos Aires,6854,25 de Mayo,2011,102,0.0
6,Buenos Aires,6854,25 de Mayo,2012,119,0.0
6,Buenos Aires,6854,25 de Mayo,2013,112,0.0
6,Buenos Aires,6854,25 de Mayo,2014,124,0.0
6,Buenos Aires,6854,25 de Mayo,2015,164,0.0
6,Buenos Aires,6854,25 de Mayo,2016,104,0.0
6,Buenos Aires,6854,25 de Mayo,2017,88,0.0
6,Buenos Aires,6854,25 de Mayo,2018,77,0.0
6,Buenos Aires,6854,25 de Mayo,2019,207,0.0
6,Buenos Aires,6854,25 de Mayo,2020,129,0.0
6,Buenos Aires,6854,25 de Mayo,2021,124,0.0
6,Buenos Aires,6854,25 de Mayo,2022,169,0.0
6,Buenos Aires,6854,25 de Mayo,2023,276,0.0
6,Buenos Aires,6854,25 de Mayo,2024,358,0.0
6,Buenos Aires,6861,Vicente López,2000,5409,0.0
6,Buenos Aires,6861,Vicente López,2001,5586,0.0
6,Buenos Aires,6861,Vicente López,2002,6719,0.0
6,Buenos Aires,6861,Vicente López,2003,6758,0.0
6,Buenos Aires,6861,Vicente López,2004,5531,0.0
6,Buenos Aires,6861,Vicente López,2005,3849,0.0
6,Buenos Aires,6861,Vicente López,2006,2254,0.0
6,Buenos Aires,6861,Vicente López,2007,2284,0.0
6,Buenos Aires,6861,Vicente López,2008,2487,0.0
6,Buenos Aires,6861,Vicente López,2009,3383,0.0
6,Buenos Aires,6861,Vicente López,2010,4063,0.0
6,Buenos Aires,6861,Vicente López,2011,4203,0.0
6,Buenos Aires,6861,Vicente López,2012,4078,0.0
6,Buenos Aires,6861,Vicente López,2013,4048,0.0
6,Buenos Aires,6861,Vicente López,2014,3850,0.0
6,Buenos Aires,6861,Vicente López,2015,3497,0.0
6,Buenos Aires,6861,Vicente López,2016,3015,0.0
6,Buenos Aires,6861,Vicente López,2017,3460,0.0
6,Buenos Aires,6861,Vicente López,2018,4623,0.0
6,Buenos Aires,6861,Vicente López,2019,7856,0.0
6,Buenos Aires,6861,Vicente López,2020,3708,0.0
6,Buenos Aires,6861,Vicente López,2021,5133,0.0
6,Buenos Aires,6861,Vicente López,2022,4973,0.0
6,Buenos Aires,6861,Vicente López,2023,3885,0.0
6,Buenos Aires,6861,Vicente López,2024,4032,0.0
6,Buenos Aires,6868,Villa Gesell ,2000,780,0.0
6,Buenos Aires,6868,Villa Gesell ,2001,931,0.0
6,Buenos Aires,6868,Villa Gesell ,2002,1084,0.0
6,Buenos Aires,6868,Villa Gesell ,2003,1015,0.0
6,Buenos Aires,6868,Villa Gesell ,2004,976,0.0
6,Buenos Aires,6868,Villa Gesell ,2005,839,0.0
6,Buenos Aires,6868,Villa Gesell ,2006,503,0.0
6,Buenos Aires,6868,Villa Gesell ,2007,614,0.0
6,Buenos Aires,6868,Villa Gesell ,2008,511,0.0
6,Buenos Aires,6868,Villa Gesell ,2009,597,0.0
6,Buenos Aires,6868,Villa Gesell ,2010,582,0.0
6,Buenos Aires,6868,Villa Gesell ,2011,532,0.0
6,Buenos Aires,6868,Villa Gesell ,2012,654,0.0
6,Buenos Aires,6868,Villa Gesell ,2013,1155,0.0
6,Buenos Aires,6868,Villa Gesell ,2014,900,0.0
6,Buenos Aires,6868,Villa Gesell ,2015,672,0.0
6,Buenos Aires,6868,Villa Gesell ,2016,761,0.0
6,Buenos Aires,6868,Villa Gesell ,2017,553,0.0
6,Buenos Aires,6868,Villa Gesell ,2018,413,0.0
6,Buenos Aires,6868,Villa Gesell ,2019,696,0.0
6,Buenos Aires,6868,Villa Gesell ,2020,849,0.0
6,Buenos Aires,6868,Villa Gesell ,2021,669,0.0
6,Buenos Aires,6868,Villa Gesell ,2022,393,0.0
6,Buenos Aires,6868,Villa Gesell ,2023,1026,0.0
6,Buenos Aires,6868,Villa Gesell ,2024,1745,0.0
6,Buenos Aires,6875,Villarino,2000,273,0.0
6,Buenos Aires,6875,Villarino,2001,284,0.0
6,Buenos Aires,6875,Villarino,2002,302,0.0
6,Buenos Aires,6875,Villarino,2003,185,0.0
6,Buenos Aires,6875,Villarino,2004,187,0.0
6,Buenos Aires,6875,Villarino,2005,108,0.0
6,Buenos Aires,6875,Villarino,2006,89,0.0
6,Buenos Aires,6875,Villarino,2007,86,0.0
6,Buenos Aires,6875,Villarino,2008,114,0.0
6,Buenos Aires,6875,Villarino,2009,155,0.0
6,Buenos Aires,6875,Villarino,2010,256,0.0
6,Buenos Aires,6875,Villarino,2011,242,0.0
6,Buenos Aires,6875,Villarino,2012,156,0.0
6,Buenos Aires,6875,Villarino,2013,189,0.0
6,Buenos Aires,6875,Villarino,2014,153,0.0
6,Buenos Aires,6875,Villarino,2015,156,0.0
6,Buenos Aires,6875,Villarino,2016,117,0.0
6,Buenos Aires,6875,Villarino,2017,115,0.0
6,Buenos Aires,6875,Villarino,2018,125,0.0
6,Buenos Aires,6875,Villarino,2019,234,0.0
6,Buenos Aires,6875,Villarino,2020,242,0.0
6,Buenos Aires,6875,Villarino,2021,348,0.0
6,Buenos Aires,6875,Villarino,2022,302,0.0
6,Buenos Aires,6875,Villarino,2023,376,0.0
6,Buenos Aires,6875,Villarino,2024,334,0.0
6,Buenos Aires,6882,Zárate ,2000,1322,0.0
6,Buenos Aires,6882,Zárate ,2001,1387,0.0
6,Buenos Aires,6882,Zárate ,2002,1333,0.0
6,Buenos Aires,6882,Zárate ,2003,1543,0.0
6,Buenos Aires,6882,Zárate ,2004,1098,0.0
6,Buenos Aires,6882,Zárate ,2005,693,0.0
6,Buenos Aires,6882,Zárate ,2006,648,0.0
6,Buenos Aires,6882,Zárate ,2007,1125,0.0
6,Buenos Aires,6882,Zárate ,2008,1444,0.0
6,Buenos Aires,6882,Zárate ,2009,1229,0.0
6,Buenos Aires,6882,Zárate ,2010,1792,0.0
6,Buenos Aires,6882,Zárate ,2011,1528,0.0
6,Buenos Aires,6882,Zárate ,2012,417,0.0
6,Buenos Aires,6882,Zárate ,2013,1905,0.0
6,Buenos Aires,6882,Zárate ,2014,1303,0.0
6,Buenos Aires,6882,Zárate ,2015,1348,0.0
6,Buenos Aires,6882,Zárate ,2016,1458,0.0
6,Buenos Aires,6882,Zárate ,2017,1858,0.0
6,Buenos Aires,6882,Zárate ,2018,1573,0.0
6,Buenos Aires,6882,Zárate ,2019,2217,0.0
6,Buenos Aires,6882,Zárate ,2020,1795,0.0
6,Buenos Aires,6882,Zárate ,2021,1960,0.0
6,Buenos Aires,6882,Zárate ,2022,1805,0.0
6,Buenos Aires,6882,Zárate ,2023,2019,0.0
6,Buenos Aires,6882,Zárate ,2024,1908,0.0
6,Buenos Aires,6999,Departamento sin determinar,2000,259,0.0
6,Buenos Aires,6999,Departamento sin determinar,2001,288,0.0
6,Buenos Aires,6999,Departamento sin determinar,2002,396,0.0
6,Buenos Aires,6999,Departamento sin determinar,2003,338,0.0
6,Buenos Aires,6999,Departamento sin determinar,2004,314,0.0
6,Buenos Aires,6999,Departamento sin determinar,2005,365,0.0
6,Buenos Aires,6999,Departamento sin determinar,2006,212,0.0
6,Buenos Aires,6999,Departamento sin determinar,2007,155,0.0
6,Buenos Aires,6999,Departamento sin determinar,2008,215,0.0
6,Buenos Aires,6999,Departamento sin determinar,2009,148,0.0
6,Buenos Aires,6999,Departamento sin determinar,2010,156,0.0
6,Buenos Aires,6999,Departamento sin determinar,2011,150,0.0
6,Buenos Aires,6999,Departamento sin determinar,2012,306,0.0
6,Buenos Aires,6999,Departamento sin determinar,2013,1186,0.0
6,Buenos Aires,6999,Departamento sin determinar,2014,1488,0.0
6,Buenos Aires,6999,Departamento sin determinar,2015,1261,0.0
6,Buenos Aires,6999,Departamento sin determinar,2016,1304,0.0
6,Buenos Aires,6999,Departamento sin determinar,2017,2202,0.0
6,Buenos Aires,6999,Departamento sin determinar,2018,638,0.0
6,Buenos Aires,6999,Departamento sin determinar,2019,1926,0.0
6,Buenos Aires,6999,Departamento sin determinar,2020,1025,0.0
6,Buenos Aires,6999,Departamento sin determinar,2021,449,0.0
6,Buenos Aires,6999,Departamento sin determinar,2022,952,0.0
6,Buenos Aires,6999,Departamento sin determinar,2023,1193,0.0
6,Buenos Aires,6999,Departamento sin determinar,2024,1502,0.0
10,Catamarca,10007,Ambato,2000,61,0.0
10,Catamarca,10007,Ambato,2001,70,0.0
10,Catamarca,10007,Ambato,2002,59,0.0
10,Catamarca,10007,Ambato,2003,67,0.0
10,Catamarca,10007,Ambato,2004,83,0.0
10,Catamarca,10007,Ambato,2005,72,0.0
10,Catamarca,10007,Ambato,2006,89,0.0
10,Catamarca,10007,Ambato,2007,81,0.0
10,Catamarca,10007,Ambato,2008,99,0.0
10,Catamarca,10007,Ambato,2009,74,0.0
10,Catamarca,10007,Ambato,2010,132,0.0
10,Catamarca,10007,Ambato,2011,93,0.0
10,Catamarca,10007,Ambato,2012,64,0.0
10,Catamarca,10007,Ambato,2013,57,0.0
10,Catamarca,10007,Ambato,2014,86,0.0
10,Catamarca,10007,Ambato,2015,148,0.0
10,Catamarca,10007,Ambato,2016,126,0.0
10,Catamarca,10007,Ambato,2017,98,0.0
10,Catamarca,10007,Ambato,2018,75,0.0
10,Catamarca,10007,Ambato,2019,57,0.0
10,Catamarca,10007,Ambato,2020,32,0.0
10,Catamarca,10007,Ambato,2021,51,0.0
10,Catamarca,10007,Ambato,2022,63,0.0
10,Catamarca,10007,Ambato,2023,85,0.0
10,Catamarca,10007,Ambato,2024,81,0.0
10,Catamarca,10014,Ancasti,2000,17,0.0
10,Catamarca,10014,Ancasti,2001,25,0.0
10,Catamarca,10014,Ancasti,2002,28,0.0
10,Catamarca,10014,Ancasti,2003,41,0.0
10,Catamarca,10014,Ancasti,2004,30,0.0
10,Catamarca,10014,Ancasti,2005,24,0.0
10,Catamarca,10014,Ancasti,2006,17,0.0
10,Catamarca,10014,Ancasti,2007,33,0.0
10,Catamarca,10014,Ancasti,2008,37,0.0
10,Catamarca,10014,Ancasti,2009,38,0.0
10,Catamarca,10014,Ancasti,2010,39,0.0
10,Catamarca,10014,Ancasti,2011,45,0.0
10,Catamarca,10014,Ancasti,2012,69,0.0
10,Catamarca,10014,Ancasti,2013,114,0.0
10,Catamarca,10014,Ancasti,2014,71,0.0
10,Catamarca,10014,Ancasti,2015,85,0.0
10,Catamarca,10014,Ancasti,2016,76,0.0
10,Catamarca,10014,Ancasti,2017,66,0.0
10,Catamarca,10014,Ancasti,2018,48,0.0
10,Catamarca,10014,Ancasti,2019,32,0.0
10,Catamarca,10014,Ancasti,2020,31,0.0
10,Catamarca,10014,Ancasti,2021,29,0.0
10,Catamarca,10014,Ancasti,2022,32,0.0
10,Catamarca,10014,Ancasti,2023,59,0.0
10,Catamarca,10014,Ancasti,2024,43,0.0
10,Catamarca,10021,Andalgalá,2000,323,0.0
10,Catamarca,10021,Andalgalá,2001,434,0.0
10,Catamarca,10021,Andalgalá,2002,426,0.0
10,Catamarca,10021,Andalgalá,2003,455,0.0
10,Catamarca,10021,Andalgalá,2004,461,0.0
10,Catamarca,10021,Andalgalá,2005,380,0.0
10,Catamarca,10021,Andalgalá,2006,409,0.0
10,Catamarca,10021,Andalgalá,2007,272,0.0
10,Catamarca,10021,Andalgalá,2008,258,0.0
10,Catamarca,10021,Andalgalá,2009,353,0.0
10,Catamarca,10021,Andalgalá,2010,428,0.0
10,Catamarca,10021,Andalgalá,2011,215,0.0
10,Catamarca,10021,Andalgalá,2012,241,0.0
10,Catamarca,10021,Andalgalá,2013,421,0.0
10,Catamarca,10021,Andalgalá,2014,523,0.0
10,Catamarca,10021,Andalgalá,2015,561,0.0
10,Catamarca,10021,Andalgalá,2016,595,0.0
10,Catamarca,10021,Andalgalá,2017,426,0.0
10,Catamarca,10021,Andalgalá,2018,372,0.0
10,Catamarca,10021,Andalgalá,2019,350,0.0
10,Catamarca,10021,Andalgalá,2020,300,0.0
10,Catamarca,10021,Andalgalá,2021,337,0.0
10,Catamarca,10021,Andalgalá,2022,345,0.0
10,Catamarca,10021,Andalgalá,2023,374,0.0
10,Catamarca,10021,Andalgalá,2024,367,0.0
10,Catamarca,10028,Antofagasta de la Sierra,2000,5,0.0
10,Catamarca,10028,Antofagasta de la Sierra,2001,9,0.0
10,Catamarca,10028,Antofagasta de la Sierra,2002,21,0.0
10,Catamarca,10028,Antofagasta de la Sierra,2003,20,0.0
10,Catamarca,10028,Antofagasta de la Sierra,2004,14,0.0
10,Catamarca,10028,Antofagasta de la Sierra,2005,9,0.0
10,Catamarca,10028,Antofagasta de la Sierra,2006,12,0.0
10,Catamarca,10028,Antofagasta de la Sierra,2007,14,0.0
10,Catamarca,10028,Antofagasta de la Sierra,2008,8,0.0
10,Catamarca,10028,Antofagasta de la Sierra,2009,17,0.0
10,Catamarca,10028,Antofagasta de la Sierra,2010,10,0.0
10,Catamarca,10028,Antofagasta de la Sierra,2011,10,0.0
10,Catamarca,10028,Antofagasta de la Sierra,2012,20,0.0
10,Catamarca,10028,Antofagasta de la Sierra,2013,45,0.0
10,Catamarca,10028,Antofagasta de la Sierra,2014,48,0.0
10,Catamarca,10028,Antofagasta de la Sierra,2015,40,0.0
10,Catamarca,10028,Antofagasta de la Sierra,2016,62,0.0
10,Catamarca,10028,Antofagasta de la Sierra,2017,53,0.0
10,Catamarca,10028,Antofagasta de la Sierra,2018,34,0.0
10,Catamarca,10028,Antofagasta de la Sierra,2019,31,0.0
10,Catamarca,10028,Antofagasta de la Sierra,2020,17,0.0
10,Catamarca,10028,Antofagasta de la Sierra,2021,25,0.0
10,Catamarca,10028,Antofagasta de la Sierra,2022,23,0.0
10,Catamarca,10028,Antofagasta de la Sierra,2023,25,0.0
10,Catamarca,10028,Antofagasta de la Sierra,2024,29,0.0
10,Catamarca,10035,Belén,2000,311,0.0
10,Catamarca,10035,Belén,2001,269,0.0
10,Catamarca,10035,Belén,2002,338,0.0
10,Catamarca,10035,Belén,2003,370,0.0
10,Catamarca,10035,Belén,2004,321,0.0
10,Catamarca,10035,Belén,2005,219,0.0
10,Catamarca,10035,Belén,2006,183,0.0
10,Catamarca,10035,Belén,2007,195,0.0
10,Catamarca,10035,Belén,2008,215,0.0
10,Catamarca,10035,Belén,2009,204,0.0
10,Catamarca,10035,Belén,2010,217,0.0
10,Catamarca,10035,Belén,2011,147,0.0
10,Catamarca,10035,Belén,2012,333,0.0
10,Catamarca,10035,Belén,2013,387,0.0
10,Catamarca,10035,Belén,2014,408,0.0
10,Catamarca,10035,Belén,2015,476,0.0
10,Catamarca,10035,Belén,2016,494,0.0
10,Catamarca,10035,Belén,2017,429,0.0
10,Catamarca,10035,Belén,2018,339,0.0
10,Catamarca,10035,Belén,2019,299,0.0
10,Catamarca,10035,Belén,2020,264,0.0
10,Catamarca,10035,Belén,2021,480,0.0
10,Catamarca,10035,Belén,2022,429,0.0
10,Catamarca,10035,Belén,2023,421,0.0
10,Catamarca,10035,Belén,2024,444,0.0
10,Catamarca,10042,Capayán,2000,216,0.0
10,Catamarca,10042,Capayán,2001,199,0.0
10,Catamarca,10042,Capayán,2002,245,0.0
10,Catamarca,10042,Capayán,2003,204,0.0
10,Catamarca,10042,Capayán,2004,211,0.0
10,Catamarca,10042,Capayán,2005,222,0.0
10,Catamarca,10042,Capayán,2006,196,0.0
10,Catamarca,10042,Capayán,2007,185,0.0
10,Catamarca,10042,Capayán,2008,290,0.0
10,Catamarca,10042,Capayán,2009,253,0.0
10,Catamarca,10042,Capayán,2010,260,0.0
10,Catamarca,10042,Capayán,2011,182,0.0
10,Catamarca,10042,Capayán,2012,202,0.0
10,Catamarca,10042,Capayán,2013,264,0.0
10,Catamarca,10042,Capayán,2014,297,0.0
10,Catamarca,10042,Capayán,2015,333,0.0
10,Catamarca,10042,Capayán,2016,302,0.0
10,Catamarca,10042,Capayán,2017,282,0.0
10,Catamarca,10042,Capayán,2018,235,0.0
10,Catamarca,10042,Capayán,2019,226,0.0
10,Catamarca,10042,Capayán,2020,187,0.0
10,Catamarca,10042,Capayán,2021,301,0.0
10,Catamarca,10042,Capayán,2022,260,0.0
10,Catamarca,10042,Capayán,2023,280,0.0
10,Catamarca,10042,Capayán,2024,306,0.0
10,Catamarca,10049,Capital,2000,4327,0.0
10,Catamarca,10049,Capital,2001,4357,0.0
10,Catamarca,10049,Capital,2002,6219,0.0
10,Catamarca,10049,Capital,2003,5167,0.0
10,Catamarca,10049,Capital,2004,5188,0.0
10,Catamarca,10049,Capital,2005,5551,0.0
10,Catamarca,10049,Capital,2006,6936,0.0
10,Catamarca,10049,Capital,2007,6917,0.0
10,Catamarca,10049,Capital,2008,6078,0.0
10,Catamarca,10049,Capital,2009,5882,0.0
10,Catamarca,10049,Capital,2010,7664,0.0
10,Catamarca,10049,Capital,2011,6696,0.0
10,Catamarca,10049,Capital,2012,7634,0.0
10,Catamarca,10049,Capital,2013,9744,0.0
10,Catamarca,10049,Capital,2014,8865,0.0
10,Catamarca,10049,Capital,2015,7876,0.0
10,Catamarca,10049,Capital,2016,8935,0.0
10,Catamarca,10049,Capital,2017,7872,0.0
10,Catamarca,10049,Capital,2018,7589,0.0
10,Catamarca,10049,Capital,2019,6788,0.0
10,Catamarca,10049,Capital,2020,4527,0.0
10,Catamarca,10049,Capital,2021,5579,0.0
10,Catamarca,10049,Capital,2022,6457,0.0
10,Catamarca,10049,Capital,2023,7601,0.0
10,Catamarca,10049,Capital,2024,8135,0.0
10,Catamarca,10056,El Alto,2000,64,0.0
10,Catamarca,10056,El Alto,2001,58,0.0
10,Catamarca,10056,El Alto,2002,109,0.0
10,Catamarca,10056,El Alto,2003,94,0.0
10,Catamarca,10056,El Alto,2004,94,0.0
10,Catamarca,10056,El Alto,2005,121,0.0
10,Catamarca,10056,El Alto,2006,86,0.0
10,Catamarca,10056,El Alto,2007,63,0.0
10,Catamarca,10056,El Alto,2008,112,0.0
10,Catamarca,10056,El Alto,2009,94,0.0
10,Catamarca,10056,El Alto,2010,97,0.0
10,Catamarca,10056,El Alto,2011,81,0.0
10,Catamarca,10056,El Alto,2012,96,0.0
10,Catamarca,10056,El Alto,2013,155,0.0
10,Catamarca,10056,El Alto,2014,111,0.0
10,Catamarca,10056,El Alto,2015,202,0.0
10,Catamarca,10056,El Alto,2016,184,0.0
10,Catamarca,10056,El Alto,2017,134,0.0
10,Catamarca,10056,El Alto,2018,95,0.0
10,Catamarca,10056,El Alto,2019,72,0.0
10,Catamarca,10056,El Alto,2020,48,0.0
10,Catamarca,10056,El Alto,2021,87,0.0
10,Catamarca,10056,El Alto,2022,97,0.0
10,Catamarca,10056,El Alto,2023,50,0.0
10,Catamarca,10056,El Alto,2024,75,0.0
10,Catamarca,10063,Fray Mamerto Esquiú,2000,169,0.0
10,Catamarca,10063,Fray Mamerto Esquiú,2001,160,0.0
10,Catamarca,10063,Fray Mamerto Esquiú,2002,249,0.0
10,Catamarca,10063,Fray Mamerto Esquiú,2003,226,0.0
10,Catamarca,10063,Fray Mamerto Esquiú,2004,0,0.0
10,Catamarca,10063,Fray Mamerto Esquiú,2005,153,0.0
10,Catamarca,10063,Fray Mamerto Esquiú,2006,295,0.0
10,Catamarca,10063,Fray Mamerto Esquiú,2007,184,0.0
10,Catamarca,10063,Fray Mamerto Esquiú,2008,171,0.0
10,Catamarca,10063,Fray Mamerto Esquiú,2009,219,0.0
10,Catamarca,10063,Fray Mamerto Esquiú,2010,392,0.0
10,Catamarca,10063,Fray Mamerto Esquiú,2011,297,0.0
10,Catamarca,10063,Fray Mamerto Esquiú,2012,319,0.0
10,Catamarca,10063,Fray Mamerto Esquiú,2013,500,0.0
10,Catamarca,10063,Fray Mamerto Esquiú,2014,501,0.0
10,Catamarca,10063,Fray Mamerto Esquiú,2015,496,0.0
10,Catamarca,10063,Fray Mamerto Esquiú,2016,511,0.0
10,Catamarca,10063,Fray Mamerto Esquiú,2017,422,0.0
10,Catamarca,10063,Fray Mamerto Esquiú,2018,410,0.0
10,Catamarca,10063,Fray Mamerto Esquiú,2019,340,0.0
10,Catamarca,10063,Fray Mamerto Esquiú,2020,289,0.0
10,Catamarca,10063,Fray Mamerto Esquiú,2021,394,0.0
10,Catamarca,10063,Fray Mamerto Esquiú,2022,449,0.0
10,Catamarca,10063,Fray Mamerto Esquiú,2023,428,0.0
10,Catamarca,10063,Fray Mamerto Esquiú,2024,444,0.0
10,Catamarca,10070,La Paz,2000,221,0.0
10,Catamarca,10070,La Paz,2001,222,0.0
10,Catamarca,10070,La Paz,2002,234,0.0
10,Catamarca,10070,La Paz,2003,194,0.0
10,Catamarca,10070,La Paz,2004,211,0.0
10,Catamarca,10070,La Paz,2005,349,0.0
10,Catamarca,10070,La Paz,2006,270,0.0
10,Catamarca,10070,La Paz,2007,315,0.0
10,Catamarca,10070,La Paz,2008,235,0.0
10,Catamarca,10070,La Paz,2009,335,0.0
10,Catamarca,10070,La Paz,2010,443,0.0
10,Catamarca,10070,La Paz,2011,285,0.0
10,Catamarca,10070,La Paz,2012,283,0.0
10,Catamarca,10070,La Paz,2013,409,0.0
10,Catamarca,10070,La Paz,2014,490,0.0
10,Catamarca,10070,La Paz,2015,524,0.0
10,Catamarca,10070,La Paz,2016,528,0.0
10,Catamarca,10070,La Paz,2017,392,0.0
10,Catamarca,10070,La Paz,2018,290,0.0
10,Catamarca,10070,La Paz,2019,270,0.0
10,Catamarca,10070,La Paz,2020,268,0.0
10,Catamarca,10070,La Paz,2021,377,0.0
10,Catamarca,10070,La Paz,2022,313,0.0
10,Catamarca,10070,La Paz,2023,226,0.0
10,Catamarca,10070,La Paz,2024,275,0.0
10,Catamarca,10077,Paclín,2000,54,0.0
10,Catamarca,10077,Paclín,2001,45,0.0
10,Catamarca,10077,Paclín,2002,76,0.0
10,Catamarca,10077,Paclín,2003,73,0.0
10,Catamarca,10077,Paclín,2004,49,0.0
10,Catamarca,10077,Paclín,2005,67,0.0
10,Catamarca,10077,Paclín,2006,41,0.0
10,Catamarca,10077,Paclín,2007,36,0.0
10,Catamarca,10077,Paclín,2008,57,0.0
10,Catamarca,10077,Paclín,2009,65,0.0
10,Catamarca,10077,Paclín,2010,73,0.0
10,Catamarca,10077,Paclín,2011,49,0.0
10,Catamarca,10077,Paclín,2012,48,0.0
10,Catamarca,10077,Paclín,2013,11,0.0
10,Catamarca,10077,Paclín,2014,92,0.0
10,Catamarca,10077,Paclín,2015,109,0.0
10,Catamarca,10077,Paclín,2016,122,0.0
10,Catamarca,10077,Paclín,2017,107,0.0
10,Catamarca,10077,Paclín,2018,63,0.0
10,Catamarca,10077,Paclín,2019,53,0.0
10,Catamarca,10077,Paclín,2020,25,0.0
10,Catamarca,10077,Paclín,2021,30,0.0
10,Catamarca,10077,Paclín,2022,58,0.0
10,Catamarca,10077,Paclín,2023,57,0.0
10,Catamarca,10077,Paclín,2024,49,0.0
10,Catamarca,10084,Pomán,2000,80,0.0
10,Catamarca,10084,Pomán,2001,96,0.0
10,Catamarca,10084,Pomán,2002,83,0.0
10,Catamarca,10084,Pomán,2003,66,0.0
10,Catamarca,10084,Pomán,2004,71,0.0
10,Catamarca,10084,Pomán,2005,64,0.0
10,Catamarca,10084,Pomán,2006,73,0.0
10,Catamarca,10084,Pomán,2007,94,0.0
10,Catamarca,10084,Pomán,2008,80,0.0
10,Catamarca,10084,Pomán,2009,124,0.0
10,Catamarca,10084,Pomán,2010,128,0.0
10,Catamarca,10084,Pomán,2011,78,0.0
10,Catamarca,10084,Pomán,2012,119,0.0
10,Catamarca,10084,Pomán,2013,202,0.0
10,Catamarca,10084,Pomán,2014,154,0.0
10,Catamarca,10084,Pomán,2015,133,0.0
10,Catamarca,10084,Pomán,2016,157,0.0
10,Catamarca,10084,Pomán,2017,115,0.0
10,Catamarca,10084,Pomán,2018,111,0.0
10,Catamarca,10084,Pomán,2019,85,0.0
10,Catamarca,10084,Pomán,2020,79,0.0
10,Catamarca,10084,Pomán,2021,93,0.0
10,Catamarca,10084,Pomán,2022,124,0.0
10,Catamarca,10084,Pomán,2023,162,0.0
10,Catamarca,10084,Pomán,2024,103,0.0
10,Catamarca,10091,Santa María,2000,258,0.0
10,Catamarca,10091,Santa María,2001,275,0.0
10,Catamarca,10091,Santa María,2002,453,0.0
10,Catamarca,10091,Santa María,2003,429,0.0
10,Catamarca,10091,Santa María,2004,330,0.0
10,Catamarca,10091,Santa María,2005,299,0.0
10,Catamarca,10091,Santa María,2006,317,0.0
10,Catamarca,10091,Santa María,2007,384,0.0
10,Catamarca,10091,Santa María,2008,396,0.0
10,Catamarca,10091,Santa María,2009,401,0.0
10,Catamarca,10091,Santa María,2010,435,0.0
10,Catamarca,10091,Santa María,2011,229,0.0
10,Catamarca,10091,Santa María,2012,428,0.0
10,Catamarca,10091,Santa María,2013,473,0.0
10,Catamarca,10091,Santa María,2014,599,0.0
10,Catamarca,10091,Santa María,2015,655,0.0
10,Catamarca,10091,Santa María,2016,719,0.0
10,Catamarca,10091,Santa María,2017,535,0.0
10,Catamarca,10091,Santa María,2018,427,0.0
10,Catamarca,10091,Santa María,2019,294,0.0
10,Catamarca,10091,Santa María,2020,320,0.0
10,Catamarca,10091,Santa María,2021,532,0.0
10,Catamarca,10091,Santa María,2022,516,0.0
10,Catamarca,10091,Santa María,2023,529,0.0
10,Catamarca,10091,Santa María,2024,587,0.0
10,Catamarca,10098,Santa Rosa,2000,123,0.0
10,Catamarca,10098,Santa Rosa,2001,161,0.0
10,Catamarca,10098,Santa Rosa,2002,221,0.0
10,Catamarca,10098,Santa Rosa,2003,229,0.0
10,Catamarca,10098,Santa Rosa,2004,188,0.0
10,Catamarca,10098,Santa Rosa,2005,140,0.0
10,Catamarca,10098,Santa Rosa,2006,164,0.0
10,Catamarca,10098,Santa Rosa,2007,157,0.0
10,Catamarca,10098,Santa Rosa,2008,141,0.0
10,Catamarca,10098,Santa Rosa,2009,129,0.0
10,Catamarca,10098,Santa Rosa,2010,195,0.0
10,Catamarca,10098,Santa Rosa,2011,207,0.0
10,Catamarca,10098,Santa Rosa,2012,243,0.0
10,Catamarca,10098,Santa Rosa,2013,256,0.0
10,Catamarca,10098,Santa Rosa,2014,327,0.0
10,Catamarca,10098,Santa Rosa,2015,272,0.0
10,Catamarca,10098,Santa Rosa,2016,281,0.0
10,Catamarca,10098,Santa Rosa,2017,208,0.0
10,Catamarca,10098,Santa Rosa,2018,191,0.0
10,Catamarca,10098,Santa Rosa,2019,156,0.0
10,Catamarca,10098,Santa Rosa,2020,117,0.0
10,Catamarca,10098,Santa Rosa,2021,166,0.0
10,Catamarca,10098,Santa Rosa,2022,221,0.0
10,Catamarca,10098,Santa Rosa,2023,232,0.0
10,Catamarca,10098,Santa Rosa,2024,166,0.0
10,Catamarca,10105,Tinogasta,2000,183,0.0
10,Catamarca,10105,Tinogasta,2001,180,0.0
10,Catamarca,10105,Tinogasta,2002,422,0.0
10,Catamarca,10105,Tinogasta,2003,407,0.0
10,Catamarca,10105,Tinogasta,2004,316,0.0
10,Catamarca,10105,Tinogasta,2005,257,0.0
10,Catamarca,10105,Tinogasta,2006,295,0.0
10,Catamarca,10105,Tinogasta,2007,396,0.0
10,Catamarca,10105,Tinogasta,2008,335,0.0
10,Catamarca,10105,Tinogasta,2009,408,0.0
10,Catamarca,10105,Tinogasta,2010,306,0.0
10,Catamarca,10105,Tinogasta,2011,216,0.0
10,Catamarca,10105,Tinogasta,2012,233,0.0
10,Catamarca,10105,Tinogasta,2013,407,0.0
10,Catamarca,10105,Tinogasta,2014,411,0.0
10,Catamarca,10105,Tinogasta,2015,394,0.0
10,Catamarca,10105,Tinogasta,2016,466,0.0
10,Catamarca,10105,Tinogasta,2017,374,0.0
10,Catamarca,10105,Tinogasta,2018,349,0.0
10,Catamarca,10105,Tinogasta,2019,327,0.0
10,Catamarca,10105,Tinogasta,2020,304,0.0
10,Catamarca,10105,Tinogasta,2021,416,0.0
10,Catamarca,10105,Tinogasta,2022,376,0.0
10,Catamarca,10105,Tinogasta,2023,430,0.0
10,Catamarca,10105,Tinogasta,2024,408,0.0
10,Catamarca,10112,Valle Viejo,2000,581,0.0
10,Catamarca,10112,Valle Viejo,2001,586,0.0
10,Catamarca,10112,Valle Viejo,2002,745,0.0
10,Catamarca,10112,Valle Viejo,2003,650,0.0
10,Catamarca,10112,Valle Viejo,2004,0,0.0
10,Catamarca,10112,Valle Viejo,2005,590,0.0
10,Catamarca,10112,Valle Viejo,2006,857,0.0
10,Catamarca,10112,Valle Viejo,2007,769,0.0
10,Catamarca,10112,Valle Viejo,2008,529,0.0
10,Catamarca,10112,Valle Viejo,2009,601,0.0
10,Catamarca,10112,Valle Viejo,2010,1032,0.0
10,Catamarca,10112,Valle Viejo,2011,972,0.0
10,Catamarca,10112,Valle Viejo,2012,831,0.0
10,Catamarca,10112,Valle Viejo,2013,1268,0.0
10,Catamarca,10112,Valle Viejo,2014,1446,0.0
10,Catamarca,10112,Valle Viejo,2015,1259,0.0
10,Catamarca,10112,Valle Viejo,2016,1403,0.0
10,Catamarca,10112,Valle Viejo,2017,1127,0.0
10,Catamarca,10112,Valle Viejo,2018,944,0.0
10,Catamarca,10112,Valle Viejo,2019,829,0.0
10,Catamarca,10112,Valle Viejo,2020,717,0.0
10,Catamarca,10112,Valle Viejo,2021,947,0.0
10,Catamarca,10112,Valle Viejo,2022,1003,0.0
10,Catamarca,10112,Valle Viejo,2023,1079,0.0
10,Catamarca,10112,Valle Viejo,2024,1234,0.0
10,Catamarca,10999,Departamento sin determinar,2000,0,0.0
10,Catamarca,10999,Departamento sin determinar,2001,8,0.0
10,Catamarca,10999,Departamento sin determinar,2002,25,0.0
10,Catamarca,10999,Departamento sin determinar,2003,657,0.0
10,Catamarca,10999,Departamento sin determinar,2004,45,0.0
10,Catamarca,10999,Departamento sin determinar,2005,47,0.0
10,Catamarca,10999,Departamento sin determinar,2006,10,0.0
10,Catamarca,10999,Departamento sin determinar,2007,13,0.0
10,Catamarca,10999,Departamento sin determinar,2008,14,0.0
10,Catamarca,10999,Departamento sin determinar,2009,6,0.0
10,Catamarca,10999,Departamento sin determinar,2010,5,0.0
10,Catamarca,10999,Departamento sin determinar,2011,6,0.0
10,Catamarca,10999,Departamento sin determinar,2012,9,0.0
10,Catamarca,10999,Departamento sin determinar,2013,12,0.0
10,Catamarca,10999,Departamento sin determinar,2014,17,0.0
10,Catamarca,10999,Departamento sin determinar,2015,4,0.0
10,Catamarca,10999,Departamento sin determinar,2016,6,0.0
10,Catamarca,10999,Departamento sin determinar,2017,8,0.0
10,Catamarca,10999,Departamento sin determinar,2018,3,0.0
10,Catamarca,10999,Departamento sin determinar,2019,22,0.0
10,Catamarca,10999,Departamento sin determinar,2020,22,0.0
10,Catamarca,10999,Departamento sin determinar,2021,50,0.0
10,Catamarca,10999,Departamento sin determinar,2022,6,0.0
10,Catamarca,10999,Departamento sin determinar,2023,14,0.0
10,Catamarca,10999,Departamento sin determinar,2024,36,0.0
14,Córdoba,14007,Calamuchita,2000,612,0.0
14,Córdoba,14007,Calamuchita,2001,870,0.0
14,Córdoba,14007,Calamuchita,2002,848,0.0
14,Córdoba,14007,Calamuchita,2003,858,0.0
14,Córdoba,14007,Calamuchita,2004,927,0.0
14,Córdoba,14007,Calamuchita,2005,909,0.0
14,Córdoba,14007,Calamuchita,2006,986,0.0
14,Córdoba,14007,Calamuchita,2007,858,0.0
14,Córdoba,14007,Calamuchita,2008,772,0.0
14,Córdoba,14007,Calamuchita,2009,885,0.0
14,Córdoba,14007,Calamuchita,2010,591,0.0
14,Córdoba,14007,Calamuchita,2011,512,0.0
14,Córdoba,14007,Calamuchita,2012,385,0.0
14,Córdoba,14007,Calamuchita,2013,0,0.0
14,Córdoba,14007,Calamuchita,2014,714,0.0
14,Córdoba,14007,Calamuchita,2015,770,0.0
14,Córdoba,14007,Calamuchita,2016,872,0.0
14,Córdoba,14007,Calamuchita,2017,1100,0.0
14,Córdoba,14007,Calamuchita,2018,1518,0.0
14,Córdoba,14007,Calamuchita,2019,1773,0.0
14,Córdoba,14007,Calamuchita,2020,1371,0.0
14,Córdoba,14007,Calamuchita,2021,1340,0.0
14,Córdoba,14007,Calamuchita,2022,1984,0.0
14,Córdoba,14007,Calamuchita,2023,2718,0.0
14,Córdoba,14007,Calamuchita,2024,2807,0.0
14,Córdoba,14014,Capital,2000,47511,0.0
14,Córdoba,14014,Capital,2001,49128,0.0
14,Córdoba,14014,Capital,2002,54823,0.0
14,Córdoba,14014,Capital,2003,51610,0.0
14,Córdoba,14014,Capital,2004,48841,0.0
14,Córdoba,14014,Capital,2005,45511,0.0
14,Córdoba,14014,Capital,2006,44478,0.0
14,Córdoba,14014,Capital,2007,48170,0.0
14,Córdoba,14014,Capital,2008,55249,0.0
14,Córdoba,14014,Capital,2009,52620,0.0
14,Córdoba,14014,Capital,2010,53858,0.0
14,Córdoba,14014,Capital,2011,56100,0.0
14,Córdoba,14014,Capital,2012,48896,0.0
14,Córdoba,14014,Capital,2013,25618,0.0
14,Córdoba,14014,Capital,2014,74815,0.0
14,Córdoba,14014,Capital,2015,71191,0.0
14,Córdoba,14014,Capital,2016,69812,0.0
14,Córdoba,14014,Capital,2017,71061,0.0
14,Córdoba,14014,Capital,2018,72358,0.0
14,Córdoba,14014,Capital,2019,78403,0.0
14,Córdoba,14014,Capital,2020,50187,0.0
14,Córdoba,14014,Capital,2021,57174,0.0
14,Córdoba,14014,Capital,2022,68878,0.0
14,Córdoba,14014,Capital,2023,98729,0.0
14,Córdoba,14014,Capital,2024,91725,0.0
14,Córdoba,14021,Colón,2000,2684,0.0
14,Córdoba,14021,Colón,2001,2841,0.0
14,Córdoba,14021,Colón,2002,5086,0.0
14,Córdoba,14021,Colón,2003,4569,0.0
14,Córdoba,14021,Colón,2004,3711,0.0
14,Córdoba,14021,Colón,2005,4891,0.0
14,Córdoba,14021,Colón,2006,5157,0.0
14,Córdoba,14021,Colón,2007,4680,0.0
14,Córdoba,14021,Colón,2008,3340,0.0
14,Córdoba,14021,Colón,2009,2607,0.0
14,Córdoba,14021,Colón,2010,2516,0.0
14,Córdoba,14021,Colón,2011,2378,0.0
14,Córdoba,14021,Colón,2012,1698,0.0
14,Córdoba,14021,Colón,2013,0,0.0
14,Córdoba,14021,Colón,2014,3747,0.0
14,Córdoba,14021,Colón,2015,3181,0.0
14,Córdoba,14021,Colón,2016,5213,0.0
14,Córdoba,14021,Colón,2017,2411,0.0
14,Córdoba,14021,Colón,2018,4819,0.0
14,Córdoba,14021,Colón,2019,8238,0.0
14,Córdoba,14021,Colón,2020,5930,0.0
14,Córdoba,14021,Colón,2021,5035,0.0
14,Córdoba,14021,Colón,2022,5955,0.0
14,Córdoba,14021,Colón,2023,5881,0.0
14,Córdoba,14021,Colón,2024,9370,0.0
14,Córdoba,14028,Cruz del Eje,2000,1073,0.0
14,Córdoba,14028,Cruz del Eje,2001,921,0.0
14,Córdoba,14028,Cruz del Eje,2002,1232,0.0
14,Córdoba,14028,Cruz del Eje,2003,1278,0.0
14,Córdoba,14028,Cruz del Eje,2004,919,0.0
14,Córdoba,14028,Cruz del Eje,2005,950,0.0
14,Córdoba,14028,Cruz del Eje,2006,862,0.0
14,Córdoba,14028,Cruz del Eje,2007,882,0.0
14,Córdoba,14028,Cruz del Eje,2008,998,0.0
14,Córdoba,14028,Cruz del Eje,2009,1065,0.0
14,Córdoba,14028,Cruz del Eje,2010,1038,0.0
14,Córdoba,14028,Cruz del Eje,2011,1042,0.0
14,Córdoba,14028,Cruz del Eje,2012,790,0.0
14,Córdoba,14028,Cruz del Eje,2013,0,0.0
14,Córdoba,14028,Cruz del Eje,2014,1380,0.0
14,Córdoba,14028,Cruz del Eje,2015,1451,0.0
14,Córdoba,14028,Cruz del Eje,2016,1496,0.0
14,Córdoba,14028,Cruz del Eje,2017,1485,0.0
14,Córdoba,14028,Cruz del Eje,2018,1587,0.0
14,Córdoba,14028,Cruz del Eje,2019,1682,0.0
14,Córdoba,14028,Cruz del Eje,2020,1352,0.0
14,Córdoba,14028,Cruz del Eje,2021,1477,0.0
14,Córdoba,14028,Cruz del Eje,2022,1430,0.0
14,Córdoba,14028,Cruz del Eje,2023,1530,0.0
14,Córdoba,14028,Cruz del Eje,2024,1546,0.0
14,Córdoba,14035,General Roca,2000,773,0.0
14,Córdoba,14035,General Roca,2001,868,0.0
14,Córdoba,14035,General Roca,2002,846,0.0
14,Córdoba,14035,General Roca,2003,664,0.0
14,Córdoba,14035,General Roca,2004,619,0.0
14,Córdoba,14035,General Roca,2005,459,0.0
14,Córdoba,14035,General Roca,2006,410,0.0
14,Córdoba,14035,General Roca,2007,404,0.0
14,Córdoba,14035,General Roca,2008,479,0.0
14,Córdoba,14035,General Roca,2009,547,0.0
14,Córdoba,14035,General Roca,2010,446,0.0
14,Córdoba,14035,General Roca,2011,426,0.0
14,Córdoba,14035,General Roca,2012,286,0.0
14,Córdoba,14035,General Roca,2013,0,0.0
14,Córdoba,14035,General Roca,2014,465,0.0
14,Córdoba,14035,General Roca,2015,438,0.0
14,Córdoba,14035,General Roca,2016,453,0.0
14,Córdoba,14035,General Roca,2017,464,0.0
14,Córdoba,14035,General Roca,2018,544,0.0
14,Córdoba,14035,General Roca,2019,682,0.0
14,Córdoba,14035,General Roca,2020,409,0.0
14,Córdoba,14035,General Roca,2021,521,0.0
14,Córdoba,14035,General Roca,2022,584,0.0
14,Córdoba,14035,General Roca,2023,529,0.0
14,Córdoba,14035,General Roca,2024,556,0.0
14,Córdoba,14042,General San Martín,2000,1148,0.0
14,Córdoba,14042,General San Martín,2001,1270,0.0
14,Córdoba,14042,General San Martín,2002,2002,0.0
14,Córdoba,14042,General San Martín,2003,1910,0.0
14,Córdoba,14042,General San Martín,2004,1893,0.0
14,Córdoba,14042,General San Martín,2005,2105,0.0
14,Córdoba,14042,General San Martín,2006,2340,0.0
14,Córdoba,14042,General San Martín,2007,2015,0.0
14,Córdoba,14042,General San Martín,2008,2057,0.0
14,Córdoba,14042,General San Martín,2009,2231,0.0
14,Córdoba,14042,General San Martín,2010,1426,0.0
14,Córdoba,14042,General San Martín,2011,1359,0.0
14,Córdoba,14042,General San Martín,2012,978,0.0
14,Córdoba,14042,General San Martín,2013,0,0.0
14,Córdoba,14042,General San Martín,2014,1471,0.0
14,Córdoba,14042,General San Martín,2015,2192,0.0
14,Córdoba,14042,General San Martín,2016,1863,0.0
14,Córdoba,14042,General San Martín,2017,1614,0.0
14,Córdoba,14042,General San Martín,2018,2093,0.0
14,Córdoba,14042,General San Martín,2019,2234,0.0
14,Córdoba,14042,General San Martín,2020,1558,0.0
14,Córdoba,14042,General San Martín,2021,2180,0.0
14,Córdoba,14042,General San Martín,2022,2632,0.0
14,Córdoba,14042,General San Martín,2023,3428,0.0
14,Córdoba,14042,General San Martín,2024,3224,0.0
14,Córdoba,14049,Ischilín,2000,488,0.0
14,Córdoba,14049,Ischilín,2001,447,0.0
14,Córdoba,14049,Ischilín,2002,656,0.0
14,Córdoba,14049,Ischilín,2003,594,0.0
14,Córdoba,14049,Ischilín,2004,627,0.0
14,Córdoba,14049,Ischilín,2005,500,0.0
14,Córdoba,14049,Ischilín,2006,420,0.0
14,Córdoba,14049,Ischilín,2007,478,0.0
14,Córdoba,14049,Ischilín,2008,447,0.0
14,Córdoba,14049,Ischilín,2009,442,0.0
14,Córdoba,14049,Ischilín,2010,548,0.0
14,Córdoba,14049,Ischilín,2011,595,0.0
14,Córdoba,14049,Ischilín,2012,366,0.0
14,Córdoba,14049,Ischilín,2013,0,0.0
14,Córdoba,14049,Ischilín,2014,507,0.0
14,Córdoba,14049,Ischilín,2015,512,0.0
14,Córdoba,14049,Ischilín,2016,564,0.0
14,Córdoba,14049,Ischilín,2017,570,0.0
14,Córdoba,14049,Ischilín,2018,515,0.0
14,Córdoba,14049,Ischilín,2019,563,0.0
14,Córdoba,14049,Ischilín,2020,575,0.0
14,Córdoba,14049,Ischilín,2021,549,0.0
14,Córdoba,14049,Ischilín,2022,695,0.0
14,Córdoba,14049,Ischilín,2023,728,0.0
14,Córdoba,14049,Ischilín,2024,739,0.0
14,Córdoba,14056,Juárez Celman,2000,600,0.0
14,Córdoba,14056,Juárez Celman,2001,648,0.0
14,Córdoba,14056,Juárez Celman,2002,765,0.0
14,Córdoba,14056,Juárez Celman,2003,646,0.0
14,Córdoba,14056,Juárez Celman,2004,597,0.0
14,Córdoba,14056,Juárez Celman,2005,489,0.0
14,Córdoba,14056,Juárez Celman,2006,480,0.0
14,Córdoba,14056,Juárez Celman,2007,429,0.0
14,Córdoba,14056,Juárez Celman,2008,521,0.0
14,Córdoba,14056,Juárez Celman,2009,458,0.0
14,Córdoba,14056,Juárez Celman,2010,437,0.0
14,Córdoba,14056,Juárez Celman,2011,455,0.0
14,Córdoba,14056,Juárez Celman,2012,278,0.0
14,Córdoba,14056,Juárez Celman,2013,0,0.0
14,Córdoba,14056,Juárez Celman,2014,440,0.0
14,Córdoba,14056,Juárez Celman,2015,563,0.0
14,Córdoba,14056,Juárez Celman,2016,695,0.0
14,Córdoba,14056,Juárez Celman,2017,695,0.0
14,Córdoba,14056,Juárez Celman,2018,755,0.0
14,Córdoba,14056,Juárez Celman,2019,812,0.0
14,Córdoba,14056,Juárez Celman,2020,612,0.0
14,Córdoba,14056,Juárez Celman,2021,707,0.0
14,Córdoba,14056,Juárez Celman,2022,900,0.0
14,Córdoba,14056,Juárez Celman,2023,1101,0.0
14,Córdoba,14056,Juárez Celman,2024,1114,0.0
14,Córdoba,14063,Marcos Juárez,2000,879,0.0
14,Córdoba,14063,Marcos Juárez,2001,908,0.0
14,Córdoba,14063,Marcos Juárez,2002,1225,0.0
14,Córdoba,14063,Marcos Juárez,2003,1057,0.0
14,Córdoba,14063,Marcos Juárez,2004,854,0.0
14,Córdoba,14063,Marcos Juárez,2005,929,0.0
14,Córdoba,14063,Marcos Juárez,2006,803,0.0
14,Córdoba,14063,Marcos Juárez,2007,787,0.0
14,Córdoba,14063,Marcos Juárez,2008,817,0.0
14,Córdoba,14063,Marcos Juárez,2009,777,0.0
14,Córdoba,14063,Marcos Juárez,2010,771,0.0
14,Córdoba,14063,Marcos Juárez,2011,763,0.0
14,Córdoba,14063,Marcos Juárez,2012,518,0.0
14,Córdoba,14063,Marcos Juárez,2013,0,0.0
14,Córdoba,14063,Marcos Juárez,2014,591,0.0
14,Córdoba,14063,Marcos Juárez,2015,655,0.0
14,Córdoba,14063,Marcos Juárez,2016,938,0.0
14,Córdoba,14063,Marcos Juárez,2017,431,0.0
14,Córdoba,14063,Marcos Juárez,2018,390,0.0
14,Córdoba,14063,Marcos Juárez,2019,514,0.0
14,Córdoba,14063,Marcos Juárez,2020,504,0.0
14,Córdoba,14063,Marcos Juárez,2021,598,0.0
14,Córdoba,14063,Marcos Juárez,2022,636,0.0
14,Córdoba,14063,Marcos Juárez,2023,762,0.0
14,Córdoba,14063,Marcos Juárez,2024,833,0.0
14,Córdoba,14070,Minas,2000,101,0.0
14,Córdoba,14070,Minas,2001,121,0.0
14,Córdoba,14070,Minas,2002,149,0.0
14,Córdoba,14070,Minas,2003,125,0.0
14,Córdoba,14070,Minas,2004,187,0.0
14,Córdoba,14070,Minas,2005,240,0.0
14,Córdoba,14070,Minas,2006,178,0.0
14,Córdoba,14070,Minas,2007,161,0.0
14,Córdoba,14070,Minas,2008,142,0.0
14,Córdoba,14070,Minas,2009,141,0.0
14,Córdoba,14070,Minas,2010,112,0.0
14,Córdoba,14070,Minas,2011,110,0.0
14,Córdoba,14070,Minas,2012,66,0.0
14,Córdoba,14070,Minas,2013,0,0.0
14,Córdoba,14070,Minas,2014,77,0.0
14,Córdoba,14070,Minas,2015,62,0.0
14,Córdoba,14070,Minas,2016,108,0.0
14,Córdoba,14070,Minas,2017,89,0.0
14,Córdoba,14070,Minas,2018,75,0.0
14,Córdoba,14070,Minas,2019,71,0.0
14,Córdoba,14070,Minas,2020,79,0.0
14,Córdoba,14070,Minas,2021,45,0.0
14,Córdoba,14070,Minas,2022,40,0.0
14,Córdoba,14070,Minas,2023,112,0.0
14,Córdoba,14070,Minas,2024,141,0.0
14,Córdoba,14077,Pocho,2000,47,0.0
14,Córdoba,14077,Pocho,2001,54,0.0
14,Córdoba,14077,Pocho,2002,130,0.0
14,Córdoba,14077,Pocho,2003,99,0.0
14,Córdoba,14077,Pocho,2004,143,0.0
14,Córdoba,14077,Pocho,2005,153,0.0
14,Córdoba,14077,Pocho,2006,121,0.0
14,Córdoba,14077,Pocho,2007,103,0.0
14,Córdoba,14077,Pocho,2008,80,0.0
14,Córdoba,14077,Pocho,2009,90,0.0
14,Córdoba,14077,Pocho,2010,95,0.0
14,Córdoba,14077,Pocho,2011,81,0.0
14,Córdoba,14077,Pocho,2012,81,0.0
14,Córdoba,14077,Pocho,2013,0,0.0
14,Córdoba,14077,Pocho,2014,102,0.0
14,Córdoba,14077,Pocho,2015,104,0.0
14,Córdoba,14077,Pocho,2016,77,0.0
14,Córdoba,14077,Pocho,2017,72,0.0
14,Córdoba,14077,Pocho,2018,64,0.0
14,Córdoba,14077,Pocho,2019,91,0.0
14,Córdoba,14077,Pocho,2020,71,0.0
14,Córdoba,14077,Pocho,2021,86,0.0
14,Córdoba,14077,Pocho,2022,90,0.0
14,Córdoba,14077,Pocho,2023,86,0.0
14,Córdoba,14077,Pocho,2024,87,0.0
14,Córdoba,14084,Presidente Roque Sáenz Peña,2000,705,0.0
14,Córdoba,14084,Presidente Roque Sáenz Peña,2001,809,0.0
14,Córdoba,14084,Presidente Roque Sáenz Peña,2002,1079,0.0
14,Córdoba,14084,Presidente Roque Sáenz Peña,2003,886,0.0
14,Córdoba,14084,Presidente Roque Sáenz Peña,2004,868,0.0
14,Córdoba,14084,Presidente Roque Sáenz Peña,2005,625,0.0
14,Córdoba,14084,Presidente Roque Sáenz Peña,2006,418,0.0
14,Córdoba,14084,Presidente Roque Sáenz Peña,2007,300,0.0
14,Córdoba,14084,Presidente Roque Sáenz Peña,2008,393,0.0
14,Córdoba,14084,Presidente Roque Sáenz Peña,2009,500,0.0
14,Córdoba,14084,Presidente Roque Sáenz Peña,2010,569,0.0
14,Córdoba,14084,Presidente Roque Sáenz Peña,2011,595,0.0
14,Córdoba,14084,Presidente Roque Sáenz Peña,2012,377,0.0
14,Córdoba,14084,Presidente Roque Sáenz Peña,2013,0,0.0
14,Córdoba,14084,Presidente Roque Sáenz Peña,2014,701,0.0
14,Córdoba,14084,Presidente Roque Sáenz Peña,2015,780,0.0
14,Córdoba,14084,Presidente Roque Sáenz Peña,2016,843,0.0
14,Córdoba,14084,Presidente Roque Sáenz Peña,2017,705,0.0
14,Córdoba,14084,Presidente Roque Sáenz Peña,2018,668,0.0
14,Córdoba,14084,Presidente Roque Sáenz Peña,2019,698,0.0
14,Córdoba,14084,Presidente Roque Sáenz Peña,2020,491,0.0
14,Córdoba,14084,Presidente Roque Sáenz Peña,2021,675,0.0
14,Córdoba,14084,Presidente Roque Sáenz Peña,2022,593,0.0
14,Córdoba,14084,Presidente Roque Sáenz Peña,2023,650,0.0
14,Córdoba,14084,Presidente Roque Sáenz Peña,2024,609,0.0
14,Córdoba,14091,Punilla,2000,6781,0.0
14,Córdoba,14091,Punilla,2001,6784,0.0
14,Córdoba,14091,Punilla,2002,7199,0.0
14,Córdoba,14091,Punilla,2003,7788,0.0
14,Córdoba,14091,Punilla,2004,6532,0.0
14,Córdoba,14091,Punilla,2005,5478,0.0
14,Córdoba,14091,Punilla,2006,6232,0.0
14,Córdoba,14091,Punilla,2007,6022,0.0
14,Córdoba,14091,Punilla,2008,5716,0.0
14,Córdoba,14091,Punilla,2009,6490,0.0
14,Córdoba,14091,Punilla,2010,5778,0.0
14,Córdoba,14091,Punilla,2011,5862,0.0
14,Córdoba,14091,Punilla,2012,4104,0.0
14,Córdoba,14091,Punilla,2013,0,0.0
14,Córdoba,14091,Punilla,2014,7980,0.0
14,Córdoba,14091,Punilla,2015,6850,0.0
14,Córdoba,14091,Punilla,2016,7838,0.0
14,Córdoba,14091,Punilla,2017,8194,0.0
14,Córdoba,14091,Punilla,2018,8344,0.0
14,Córdoba,14091,Punilla,2019,8997,0.0
14,Córdoba,14091,Punilla,2020,7238,0.0
14,Córdoba,14091,Punilla,2021,6873,0.0
14,Córdoba,14091,Punilla,2022,5595,0.0
14,Córdoba,14091,Punilla,2023,6342,0.0
14,Córdoba,14091,Punilla,2024,11064,0.0
14,Córdoba,14098,Río Cuarto,2000,5597,0.0
14,Córdoba,14098,Río Cuarto,2001,4855,0.0
14,Córdoba,14098,Río Cuarto,2002,7329,0.0
14,Córdoba,14098,Río Cuarto,2003,6683,0.0
14,Córdoba,14098,Río Cuarto,2004,6056,0.0
14,Córdoba,14098,Río Cuarto,2005,5142,0.0
14,Córdoba,14098,Río Cuarto,2006,4297,0.0
14,Córdoba,14098,Río Cuarto,2007,3878,0.0
14,Córdoba,14098,Río Cuarto,2008,3917,0.0
14,Córdoba,14098,Río Cuarto,2009,3787,0.0
14,Córdoba,14098,Río Cuarto,2010,3834,0.0
14,Córdoba,14098,Río Cuarto,2011,4012,0.0
14,Córdoba,14098,Río Cuarto,2012,2828,0.0
14,Córdoba,14098,Río Cuarto,2013,0,0.0
14,Córdoba,14098,Río Cuarto,2014,5374,0.0
14,Córdoba,14098,Río Cuarto,2015,5446,0.0
14,Córdoba,14098,Río Cuarto,2016,5995,0.0
14,Córdoba,14098,Río Cuarto,2017,6049,0.0
14,Córdoba,14098,Río Cuarto,2018,5925,0.0
14,Córdoba,14098,Río Cuarto,2019,5952,0.0
14,Córdoba,14098,Río Cuarto,2020,4409,0.0
14,Córdoba,14098,Río Cuarto,2021,5241,0.0
14,Córdoba,14098,Río Cuarto,2022,6143,0.0
14,Córdoba,14098,Río Cuarto,2023,5880,0.0
14,Córdoba,14098,Río Cuarto,2024,5742,0.0
14,Córdoba,14105,Río Primero,2000,433,0.0
14,Córdoba,14105,Río Primero,2001,482,0.0
14,Córdoba,14105,Río Primero,2002,735,0.0
14,Córdoba,14105,Río Primero,2003,774,0.0
14,Córdoba,14105,Río Primero,2004,615,0.0
14,Córdoba,14105,Río Primero,2005,639,0.0
14,Córdoba,14105,Río Primero,2006,479,0.0
14,Córdoba,14105,Río Primero,2007,438,0.0
14,Córdoba,14105,Río Primero,2008,444,0.0
14,Córdoba,14105,Río Primero,2009,392,0.0
14,Córdoba,14105,Río Primero,2010,352,0.0
14,Córdoba,14105,Río Primero,2011,324,0.0
14,Córdoba,14105,Río Primero,2012,272,0.0
14,Córdoba,14105,Río Primero,2013,0,0.0
14,Córdoba,14105,Río Primero,2014,411,0.0
14,Córdoba,14105,Río Primero,2015,492,0.0
14,Córdoba,14105,Río Primero,2016,681,0.0
14,Córdoba,14105,Río Primero,2017,348,0.0
14,Córdoba,14105,Río Primero,2018,386,0.0
14,Córdoba,14105,Río Primero,2019,413,0.0
14,Córdoba,14105,Río Primero,2020,580,0.0
14,Córdoba,14105,Río Primero,2021,747,0.0
14,Córdoba,14105,Río Primero,2022,657,0.0
14,Córdoba,14105,Río Primero,2023,736,0.0
14,Córdoba,14105,Río Primero,2024,924,0.0
14,Córdoba,14112,Río Seco,2000,146,0.0
14,Córdoba,14112,Río Seco,2001,143,0.0
14,Córdoba,14112,Río Seco,2002,239,0.0
14,Córdoba,14112,Río Seco,2003,303,0.0
14,Córdoba,14112,Río Seco,2004,262,0.0
14,Córdoba,14112,Río Seco,2005,175,0.0
14,Córdoba,14112,Río Seco,2006,143,0.0
14,Córdoba,14112,Río Seco,2007,184,0.0
14,Córdoba,14112,Río Seco,2008,139,0.0
14,Córdoba,14112,Río Seco,2009,157,0.0
14,Córdoba,14112,Río Seco,2010,104,0.0
14,Córdoba,14112,Río Seco,2011,122,0.0
14,Córdoba,14112,Río Seco,2012,71,0.0
14,Córdoba,14112,Río Seco,2013,0,0.0
14,Córdoba,14112,Río Seco,2014,189,0.0
14,Córdoba,14112,Río Seco,2015,126,0.0
14,Córdoba,14112,Río Seco,2016,114,0.0
14,Córdoba,14112,Río Seco,2017,94,0.0
14,Córdoba,14112,Río Seco,2018,98,0.0
14,Córdoba,14112,Río Seco,2019,177,0.0
14,Córdoba,14112,Río Seco,2020,115,0.0
14,Córdoba,14112,Río Seco,2021,174,0.0
14,Córdoba,14112,Río Seco,2022,225,0.0
14,Córdoba,14112,Río Seco,2023,240,0.0
14,Córdoba,14112,Río Seco,2024,217,0.0
14,Córdoba,14119,Río Segundo,2000,735,0.0
14,Córdoba,14119,Río Segundo,2001,591,0.0
14,Córdoba,14119,Río Segundo,2002,788,0.0
14,Córdoba,14119,Río Segundo,2003,696,0.0
14,Córdoba,14119,Río Segundo,2004,932,0.0
14,Córdoba,14119,Río Segundo,2005,1015,0.0
14,Córdoba,14119,Río Segundo,2006,946,0.0
14,Córdoba,14119,Río Segundo,2007,1044,0.0
14,Córdoba,14119,Río Segundo,2008,1015,0.0
14,Córdoba,14119,Río Segundo,2009,1139,0.0
14,Córdoba,14119,Río Segundo,2010,1039,0.0
14,Córdoba,14119,Río Segundo,2011,1002,0.0
14,Córdoba,14119,Río Segundo,2012,802,0.0
14,Córdoba,14119,Río Segundo,2013,0,0.0
14,Córdoba,14119,Río Segundo,2014,1462,0.0
14,Córdoba,14119,Río Segundo,2015,1438,0.0
14,Córdoba,14119,Río Segundo,2016,1510,0.0
14,Córdoba,14119,Río Segundo,2017,1797,0.0
14,Córdoba,14119,Río Segundo,2018,2452,0.0
14,Córdoba,14119,Río Segundo,2019,2533,0.0
14,Córdoba,14119,Río Segundo,2020,1793,0.0
14,Córdoba,14119,Río Segundo,2021,2423,0.0
14,Córdoba,14119,Río Segundo,2022,2821,0.0
14,Córdoba,14119,Río Segundo,2023,2925,0.0
14,Córdoba,14119,Río Segundo,2024,2945,0.0
14,Córdoba,14126,San Alberto,2000,381,0.0
14,Córdoba,14126,San Alberto,2001,299,0.0
14,Córdoba,14126,San Alberto,2002,513,0.0
14,Córdoba,14126,San Alberto,2003,573,0.0
14,Córdoba,14126,San Alberto,2004,689,0.0
14,Córdoba,14126,San Alberto,2005,630,0.0
14,Córdoba,14126,San Alberto,2006,555,0.0
14,Córdoba,14126,San Alberto,2007,513,0.0
14,Córdoba,14126,San Alberto,2008,557,0.0
14,Córdoba,14126,San Alberto,2009,553,0.0
14,Córdoba,14126,San Alberto,2010,476,0.0
14,Córdoba,14126,San Alberto,2011,477,0.0
14,Córdoba,14126,San Alberto,2012,304,0.0
14,Córdoba,14126,San Alberto,2013,0,0.0
14,Córdoba,14126,San Alberto,2014,440,0.0
14,Córdoba,14126,San Alberto,2015,438,0.0
14,Córdoba,14126,San Alberto,2016,432,0.0
14,Córdoba,14126,San Alberto,2017,386,0.0
14,Córdoba,14126,San Alberto,2018,479,0.0
14,Córdoba,14126,San Alberto,2019,528,0.0
14,Córdoba,14126,San Alberto,2020,595,0.0
14,Córdoba,14126,San Alberto,2021,860,0.0
14,Córdoba,14126,San Alberto,2022,642,0.0
14,Córdoba,14126,San Alberto,2023,389,0.0
14,Córdoba,14126,San Alberto,2024,748,0.0
14,Córdoba,14133,San Javier,2000,1373,0.0
14,Córdoba,14133,San Javier,2001,1360,0.0
14,Córdoba,14133,San Javier,2002,1422,0.0
14,Córdoba,14133,San Javier,2003,1300,0.0
14,Córdoba,14133,San Javier,2004,975,0.0
14,Córdoba,14133,San Javier,2005,848,0.0
14,Córdoba,14133,San Javier,2006,682,0.0
14,Córdoba,14133,San Javier,2007,477,0.0
14,Córdoba,14133,San Javier,2008,490,0.0
14,Córdoba,14133,San Javier,2009,615,0.0
14,Córdoba,14133,San Javier,2010,567,0.0
14,Córdoba,14133,San Javier,2011,531,0.0
14,Córdoba,14133,San Javier,2012,341,0.0
14,Córdoba,14133,San Javier,2013,0,0.0
14,Córdoba,14133,San Javier,2014,424,0.0
14,Córdoba,14133,San Javier,2015,353,0.0
14,Córdoba,14133,San Javier,2016,511,0.0
14,Córdoba,14133,San Javier,2017,650,0.0
14,Córdoba,14133,San Javier,2018,464,0.0
14,Córdoba,14133,San Javier,2019,422,0.0
14,Córdoba,14133,San Javier,2020,326,0.0
14,Córdoba,14133,San Javier,2021,421,0.0
14,Córdoba,14133,San Javier,2022,321,0.0
14,Córdoba,14133,San Javier,2023,486,0.0
14,Córdoba,14133,San Javier,2024,473,0.0
14,Córdoba,14140,San Justo,2000,1743,0.0
14,Córdoba,14140,San Justo,2001,1904,0.0
14,Córdoba,14140,San Justo,2002,2431,0.0
14,Córdoba,14140,San Justo,2003,2493,0.0
14,Córdoba,14140,San Justo,2004,2360,0.0
14,Córdoba,14140,San Justo,2005,2849,0.0
14,Córdoba,14140,San Justo,2006,2559,0.0
14,Córdoba,14140,San Justo,2007,2597,0.0
14,Córdoba,14140,San Justo,2008,2273,0.0
14,Córdoba,14140,San Justo,2009,2469,0.0
14,Córdoba,14140,San Justo,2010,2331,0.0
14,Córdoba,14140,San Justo,2011,2257,0.0
14,Córdoba,14140,San Justo,2012,1360,0.0
14,Córdoba,14140,San Justo,2013,0,0.0
14,Córdoba,14140,San Justo,2014,2020,0.0
14,Córdoba,14140,San Justo,2015,2210,0.0
14,Córdoba,14140,San Justo,2016,1407,0.0
14,Córdoba,14140,San Justo,2017,1581,0.0
14,Córdoba,14140,San Justo,2018,1864,0.0
14,Córdoba,14140,San Justo,2019,1760,0.0
14,Córdoba,14140,San Justo,2020,1563,0.0
14,Córdoba,14140,San Justo,2021,2091,0.0
14,Córdoba,14140,San Justo,2022,2020,0.0
14,Córdoba,14140,San Justo,2023,2434,0.0
14,Córdoba,14140,San Justo,2024,3481,0.0
14,Córdoba,14147,Santa María,2000,1583,0.0
14,Córdoba,14147,Santa María,2001,1981,0.0
14,Córdoba,14147,Santa María,2002,2557,0.0
14,Córdoba,14147,Santa María,2003,2167,0.0
14,Córdoba,14147,Santa María,2004,2848,0.0
14,Córdoba,14147,Santa María,2005,2683,0.0
14,Córdoba,14147,Santa María,2006,2729,0.0
14,Córdoba,14147,Santa María,2007,2513,0.0
14,Córdoba,14147,Santa María,2008,2545,0.0
14,Córdoba,14147,Santa María,2009,2448,0.0
14,Córdoba,14147,Santa María,2010,2231,0.0
14,Córdoba,14147,Santa María,2011,2261,0.0
14,Córdoba,14147,Santa María,2012,1494,0.0
14,Córdoba,14147,Santa María,2013,0,0.0
14,Córdoba,14147,Santa María,2014,0,0.0
14,Córdoba,14147,Santa María,2015,0,0.0
14,Córdoba,14147,Santa María,2016,2761,0.0
14,Córdoba,14147,Santa María,2017,2682,0.0
14,Córdoba,14147,Santa María,2018,2407,0.0
14,Córdoba,14147,Santa María,2019,2717,0.0
14,Córdoba,14147,Santa María,2020,1865,0.0
14,Córdoba,14147,Santa María,2021,2395,0.0
14,Córdoba,14147,Santa María,2022,3274,0.0
14,Córdoba,14147,Santa María,2023,3539,0.0
14,Córdoba,14147,Santa María,2024,3764,0.0
14,Córdoba,14154,Sobremonte,2000,64,0.0
14,Córdoba,14154,Sobremonte,2001,55,0.0
14,Córdoba,14154,Sobremonte,2002,100,0.0
14,Córdoba,14154,Sobremonte,2003,76,0.0
14,Córdoba,14154,Sobremonte,2004,94,0.0
14,Córdoba,14154,Sobremonte,2005,85,0.0
14,Córdoba,14154,Sobremonte,2006,82,0.0
14,Córdoba,14154,Sobremonte,2007,70,0.0
14,Córdoba,14154,Sobremonte,2008,64,0.0
14,Córdoba,14154,Sobremonte,2009,65,0.0
14,Córdoba,14154,Sobremonte,2010,86,0.0
14,Córdoba,14154,Sobremonte,2011,71,0.0
14,Córdoba,14154,Sobremonte,2012,43,0.0
14,Córdoba,14154,Sobremonte,2013,0,0.0
14,Córdoba,14154,Sobremonte,2014,38,0.0
14,Córdoba,14154,Sobremonte,2015,47,0.0
14,Córdoba,14154,Sobremonte,2016,30,0.0
14,Córdoba,14154,Sobremonte,2017,32,0.0
14,Córdoba,14154,Sobremonte,2018,41,0.0
14,Córdoba,14154,Sobremonte,2019,32,0.0
14,Córdoba,14154,Sobremonte,2020,21,0.0
14,Córdoba,14154,Sobremonte,2021,26,0.0
14,Córdoba,14154,Sobremonte,2022,28,0.0
14,Córdoba,14154,Sobremonte,2023,69,0.0
14,Córdoba,14154,Sobremonte,2024,79,0.0
14,Córdoba,14161,Tercero Arriba,2000,1343,0.0
14,Córdoba,14161,Tercero Arriba,2001,1653,0.0
14,Córdoba,14161,Tercero Arriba,2002,2180,0.0
14,Córdoba,14161,Tercero Arriba,2003,1972,0.0
14,Córdoba,14161,Tercero Arriba,2004,1075,0.0
14,Córdoba,14161,Tercero Arriba,2005,1147,0.0
14,Córdoba,14161,Tercero Arriba,2006,1480,0.0
14,Córdoba,14161,Tercero Arriba,2007,1099,0.0
14,Córdoba,14161,Tercero Arriba,2008,1021,0.0
14,Córdoba,14161,Tercero Arriba,2009,1068,0.0
14,Córdoba,14161,Tercero Arriba,2010,1095,0.0
14,Córdoba,14161,Tercero Arriba,2011,999,0.0
14,Córdoba,14161,Tercero Arriba,2012,720,0.0
14,Córdoba,14161,Tercero Arriba,2013,0,0.0
14,Córdoba,14161,Tercero Arriba,2014,1199,0.0
14,Córdoba,14161,Tercero Arriba,2015,896,0.0
14,Córdoba,14161,Tercero Arriba,2016,1124,0.0
14,Córdoba,14161,Tercero Arriba,2017,1149,0.0
14,Córdoba,14161,Tercero Arriba,2018,1249,0.0
14,Córdoba,14161,Tercero Arriba,2019,938,0.0
14,Córdoba,14161,Tercero Arriba,2020,560,0.0
14,Córdoba,14161,Tercero Arriba,2021,569,0.0
14,Córdoba,14161,Tercero Arriba,2022,517,0.0
14,Córdoba,14161,Tercero Arriba,2023,578,0.0
14,Córdoba,14161,Tercero Arriba,2024,587,0.0
14,Córdoba,14168,Totoral,2000,154,0.0
14,Córdoba,14168,Totoral,2001,229,0.0
14,Córdoba,14168,Totoral,2002,276,0.0
14,Córdoba,14168,Totoral,2003,272,0.0
14,Córdoba,14168,Totoral,2004,322,0.0
14,Córdoba,14168,Totoral,2005,326,0.0
14,Córdoba,14168,Totoral,2006,213,0.0
14,Córdoba,14168,Totoral,2007,207,0.0
14,Córdoba,14168,Totoral,2008,221,0.0
14,Córdoba,14168,Totoral,2009,255,0.0
14,Córdoba,14168,Totoral,2010,247,0.0
14,Córdoba,14168,Totoral,2011,171,0.0
14,Córdoba,14168,Totoral,2012,160,0.0
14,Córdoba,14168,Totoral,2013,0,0.0
14,Córdoba,14168,Totoral,2014,239,0.0
14,Córdoba,14168,Totoral,2015,227,0.0
14,Córdoba,14168,Totoral,2016,337,0.0
14,Córdoba,14168,Totoral,2017,302,0.0
14,Córdoba,14168,Totoral,2018,381,0.0
14,Córdoba,14168,Totoral,2019,329,0.0
14,Córdoba,14168,Totoral,2020,348,0.0
14,Córdoba,14168,Totoral,2021,433,0.0
14,Córdoba,14168,Totoral,2022,526,0.0
14,Córdoba,14168,Totoral,2023,466,0.0
14,Córdoba,14168,Totoral,2024,421,0.0
14,Córdoba,14175,Tulumba,2000,184,0.0
14,Córdoba,14175,Tulumba,2001,180,0.0
14,Córdoba,14175,Tulumba,2002,236,0.0
14,Córdoba,14175,Tulumba,2003,254,0.0
14,Córdoba,14175,Tulumba,2004,280,0.0
14,Córdoba,14175,Tulumba,2005,301,0.0
14,Córdoba,14175,Tulumba,2006,187,0.0
14,Córdoba,14175,Tulumba,2007,186,0.0
14,Córdoba,14175,Tulumba,2008,177,0.0
14,Córdoba,14175,Tulumba,2009,210,0.0
14,Córdoba,14175,Tulumba,2010,164,0.0
14,Córdoba,14175,Tulumba,2011,134,0.0
14,Córdoba,14175,Tulumba,2012,110,0.0
14,Córdoba,14175,Tulumba,2013,0,0.0
14,Córdoba,14175,Tulumba,2014,192,0.0
14,Córdoba,14175,Tulumba,2015,146,0.0
14,Córdoba,14175,Tulumba,2016,156,0.0
14,Córdoba,14175,Tulumba,2017,133,0.0
14,Córdoba,14175,Tulumba,2018,130,0.0
14,Córdoba,14175,Tulumba,2019,157,0.0
14,Córdoba,14175,Tulumba,2020,123,0.0
14,Córdoba,14175,Tulumba,2021,132,0.0
14,Córdoba,14175,Tulumba,2022,115,0.0
14,Córdoba,14175,Tulumba,2023,156,0.0
14,Córdoba,14175,Tulumba,2024,159,0.0
14,Córdoba,14182,Unión,2000,1087,0.0
14,Córdoba,14182,Unión,2001,1167,0.0
14,Córdoba,14182,Unión,2002,1581,0.0
14,Córdoba,14182,Unión,2003,1427,0.0
14,Córdoba,14182,Unión,2004,1812,0.0
14,Córdoba,14182,Unión,2005,1792,0.0
14,Córdoba,14182,Unión,2006,1512,0.0
14,Córdoba,14182,Unión,2007,1470,0.0
14,Córdoba,14182,Unión,2008,1596,0.0
14,Córdoba,14182,Unión,2009,1566,0.0
14,Córdoba,14182,Unión,2010,1222,0.0
14,Córdoba,14182,Unión,2011,1085,0.0
14,Córdoba,14182,Unión,2012,817,0.0
14,Córdoba,14182,Unión,2013,0,0.0
14,Córdoba,14182,Unión,2014,1592,0.0
14,Córdoba,14182,Unión,2015,1418,0.0
14,Córdoba,14182,Unión,2016,1382,0.0
14,Córdoba,14182,Unión,2017,1122,0.0
14,Córdoba,14182,Unión,2018,1107,0.0
14,Córdoba,14182,Unión,2019,1331,0.0
14,Córdoba,14182,Unión,2020,1188,0.0
14,Córdoba,14182,Unión,2021,1651,0.0
14,Córdoba,14182,Unión,2022,1648,0.0
14,Córdoba,14182,Unión,2023,1732,0.0
14,Córdoba,14182,Unión,2024,1885,0.0
14,Córdoba,14999,Departamento sin determinar,2000,0,0.0
14,Córdoba,14999,Departamento sin determinar,2001,0,0.0
14,Córdoba,14999,Departamento sin determinar,2002,0,0.0
14,Córdoba,14999,Departamento sin determinar,2003,20,0.0
14,Córdoba,14999,Departamento sin determinar,2004,48,0.0
14,Córdoba,14999,Departamento sin determinar,2005,145,0.0
14,Córdoba,14999,Departamento sin determinar,2006,69,0.0
14,Córdoba,14999,Departamento sin determinar,2007,64,0.0
14,Córdoba,14999,Departamento sin determinar,2008,60,0.0
14,Córdoba,14999,Departamento sin determinar,2009,37,0.0
14,Córdoba,14999,Departamento sin determinar,2010,54,0.0
14,Córdoba,14999,Departamento sin determinar,2011,34,0.0
14,Córdoba,14999,Departamento sin determinar,2012,13519,0.0
14,Córdoba,14999,Departamento sin determinar,2013,45021,0.0
14,Córdoba,14999,Departamento sin determinar,2014,143,0.0
14,Córdoba,14999,Departamento sin determinar,2015,137,0.0
14,Córdoba,14999,Departamento sin determinar,2016,95,0.0
14,Córdoba,14999,Departamento sin determinar,2017,119,0.0
14,Córdoba,14999,Departamento sin determinar,2018,78,0.0
14,Córdoba,14999,Departamento sin determinar,2019,86,0.0
14,Córdoba,14999,Departamento sin determinar,2020,26,0.0
14,Córdoba,14999,Departamento sin determinar,2021,34,0.0
14,Córdoba,14999,Departamento sin determinar,2022,72,0.0
14,Córdoba,14999,Departamento sin determinar,2023,79,0.0
14,Córdoba,14999,Departamento sin determinar,2024,93,0.0
18,Corrientes,18007,Bella Vista,2000,415,0.0
18,Corrientes,18007,Bella Vista,2001,439,0.0
18,Corrientes,18007,Bella Vista,2002,856,0.0
18,Corrientes,18007,Bella Vista,2003,747,0.0
18,Corrientes,18007,Bella Vista,2004,679,0.0
18,Corrientes,18007,Bella Vista,2005,613,0.0
18,Corrientes,18007,Bella Vista,2006,517,0.0
18,Corrientes,18007,Bella Vista,2007,473,0.0
18,Corrientes,18007,Bella Vista,2008,367,0.0
18,Corrientes,18007,Bella Vista,2009,328,0.0
18,Corrientes,18007,Bella Vista,2010,382,0.0
18,Corrientes,18007,Bella Vista,2011,310,0.0
18,Corrientes,18007,Bella Vista,2012,289,0.0
18,Corrientes,18007,Bella Vista,2013,234,0.0
18,Corrientes,18007,Bella Vista,2014,257,0.0
18,Corrientes,18007,Bella Vista,2015,295,0.0
18,Corrientes,18007,Bella Vista,2016,249,0.0
18,Corrientes,18007,Bella Vista,2017,165,0.0
18,Corrientes,18007,Bella Vista,2018,184,0.0
18,Corrientes,18007,Bella Vista,2019,245,0.0
18,Corrientes,18007,Bella Vista,2020,184,0.0
18,Corrientes,18007,Bella Vista,2021,266,0.0
18,Corrientes,18007,Bella Vista,2022,294,0.0
18,Corrientes,18007,Bella Vista,2023,286,0.0
18,Corrientes,18007,Bella Vista,2024,209,0.0
18,Corrientes,18014,Berón de Astrada,2000,17,0.0
18,Corrientes,18014,Berón de Astrada,2001,14,0.0
18,Corrientes,18014,Berón de Astrada,2002,48,0.0
18,Corrientes,18014,Berón de Astrada,2003,31,0.0
18,Corrientes,18014,Berón de Astrada,2004,30,0.0
18,Corrientes,18014,Berón de Astrada,2005,14,0.0
18,Corrientes,18014,Berón de Astrada,2006,8,0.0
18,Corrientes,18014,Berón de Astrada,2007,28,0.0
18,Corrientes,18014,Berón de Astrada,2008,34,0.0
18,Corrientes,18014,Berón de Astrada,2009,45,0.0
18,Corrientes,18014,Berón de Astrada,2010,35,0.0
18,Corrientes,18014,Berón de Astrada,2011,53,0.0
18,Corrientes,18014,Berón de Astrada,2012,51,0.0
18,Corrientes,18014,Berón de Astrada,2013,24,0.0
18,Corrientes,18014,Berón de Astrada,2014,11,0.0
18,Corrientes,18014,Berón de Astrada,2015,25,0.0
18,Corrientes,18014,Berón de Astrada,2016,15,0.0
18,Corrientes,18014,Berón de Astrada,2017,11,0.0
18,Corrientes,18014,Berón de Astrada,2018,4,0.0
18,Corrientes,18014,Berón de Astrada,2019,1,0.0
18,Corrientes,18014,Berón de Astrada,2020,3,0.0
18,Corrientes,18014,Berón de Astrada,2021,17,0.0
18,Corrientes,18014,Berón de Astrada,2022,19,0.0
18,Corrientes,18014,Berón de Astrada,2023,19,0.0
18,Corrientes,18014,Berón de Astrada,2024,6,0.0
18,Corrientes,18021,Capital,2000,10777,0.0
18,Corrientes,18021,Capital,2001,11466,0.0
18,Corrientes,18021,Capital,2002,12250,0.0
18,Corrientes,18021,Capital,2003,11669,0.0
18,Corrientes,18021,Capital,2004,10127,0.0
18,Corrientes,18021,Capital,2005,9362,0.0
18,Corrientes,18021,Capital,2006,8600,0.0
18,Corrientes,18021,Capital,2007,8208,0.0
18,Corrientes,18021,Capital,2008,8658,0.0
18,Corrientes,18021,Capital,2009,9183,0.0
18,Corrientes,18021,Capital,2010,8364,0.0
18,Corrientes,18021,Capital,2011,7096,0.0
18,Corrientes,18021,Capital,2012,7408,0.0
18,Corrientes,18021,Capital,2013,7481,0.0
18,Corrientes,18021,Capital,2014,9696,0.0
18,Corrientes,18021,Capital,2015,6286,0.0
18,Corrientes,18021,Capital,2016,6494,0.0
18,Corrientes,18021,Capital,2017,4944,0.0
18,Corrientes,18021,Capital,2018,5928,0.0
18,Corrientes,18021,Capital,2019,5580,0.0
18,Corrientes,18021,Capital,2020,4812,0.0
18,Corrientes,18021,Capital,2021,5629,0.0
18,Corrientes,18021,Capital,2022,6689,0.0
18,Corrientes,18021,Capital,2023,7292,0.0
18,Corrientes,18021,Capital,2024,6468,0.0
18,Corrientes,18028,Concepción,2000,144,0.0
18,Corrientes,18028,Concepción,2001,179,0.0
18,Corrientes,18028,Concepción,2002,315,0.0
18,Corrientes,18028,Concepción,2003,239,0.0
18,Corrientes,18028,Concepción,2004,191,0.0
18,Corrientes,18028,Concepción,2005,168,0.0
18,Corrientes,18028,Concepción,2006,131,0.0
18,Corrientes,18028,Concepción,2007,118,0.0
18,Corrientes,18028,Concepción,2008,126,0.0
18,Corrientes,18028,Concepción,2009,154,0.0
18,Corrientes,18028,Concepción,2010,165,0.0
18,Corrientes,18028,Concepción,2011,114,0.0
18,Corrientes,18028,Concepción,2012,105,0.0
18,Corrientes,18028,Concepción,2013,86,0.0
18,Corrientes,18028,Concepción,2014,85,0.0
18,Corrientes,18028,Concepción,2015,130,0.0
18,Corrientes,18028,Concepción,2016,108,0.0
18,Corrientes,18028,Concepción,2017,109,0.0
18,Corrientes,18028,Concepción,2018,96,0.0
18,Corrientes,18028,Concepción,2019,112,0.0
18,Corrientes,18028,Concepción,2020,152,0.0
18,Corrientes,18028,Concepción,2021,200,0.0
18,Corrientes,18028,Concepción,2022,200,0.0
18,Corrientes,18028,Concepción,2023,324,0.0
18,Corrientes,18028,Concepción,2024,281,0.0
18,Corrientes,18035,Curuzú Cuatiá,2000,427,0.0
18,Corrientes,18035,Curuzú Cuatiá,2001,507,0.0
18,Corrientes,18035,Curuzú Cuatiá,2002,556,0.0
18,Corrientes,18035,Curuzú Cuatiá,2003,554,0.0
18,Corrientes,18035,Curuzú Cuatiá,2004,436,0.0
18,Corrientes,18035,Curuzú Cuatiá,2005,406,0.0
18,Corrientes,18035,Curuzú Cuatiá,2006,418,0.0
18,Corrientes,18035,Curuzú Cuatiá,2007,491,0.0
18,Corrientes,18035,Curuzú Cuatiá,2008,506,0.0
18,Corrientes,18035,Curuzú Cuatiá,2009,520,0.0
18,Corrientes,18035,Curuzú Cuatiá,2010,464,0.0
18,Corrientes,18035,Curuzú Cuatiá,2011,458,0.0
18,Corrientes,18035,Curuzú Cuatiá,2012,460,0.0
18,Corrientes,18035,Curuzú Cuatiá,2013,264,0.0
18,Corrientes,18035,Curuzú Cuatiá,2014,199,0.0
18,Corrientes,18035,Curuzú Cuatiá,2015,242,0.0
18,Corrientes,18035,Curuzú Cuatiá,2016,265,0.0
18,Corrientes,18035,Curuzú Cuatiá,2017,439,0.0
18,Corrientes,18035,Curuzú Cuatiá,2018,271,0.0
18,Corrientes,18035,Curuzú Cuatiá,2019,333,0.0
18,Corrientes,18035,Curuzú Cuatiá,2020,261,0.0
18,Corrientes,18035,Curuzú Cuatiá,2021,450,0.0
18,Corrientes,18035,Curuzú Cuatiá,2022,553,0.0
18,Corrientes,18035,Curuzú Cuatiá,2023,556,0.0
18,Corrientes,18035,Curuzú Cuatiá,2024,513,0.0
18,Corrientes,18042,Empedrado,2000,100,0.0
18,Corrientes,18042,Empedrado,2001,77,0.0
18,Corrientes,18042,Empedrado,2002,163,0.0
18,Corrientes,18042,Empedrado,2003,186,0.0
18,Corrientes,18042,Empedrado,2004,222,0.0
18,Corrientes,18042,Empedrado,2005,199,0.0
18,Corrientes,18042,Empedrado,2006,191,0.0
18,Corrientes,18042,Empedrado,2007,165,0.0
18,Corrientes,18042,Empedrado,2008,177,0.0
18,Corrientes,18042,Empedrado,2009,193,0.0
18,Corrientes,18042,Empedrado,2010,211,0.0
18,Corrientes,18042,Empedrado,2011,180,0.0
18,Corrientes,18042,Empedrado,2012,177,0.0
18,Corrientes,18042,Empedrado,2013,158,0.0
18,Corrientes,18042,Empedrado,2014,176,0.0
18,Corrientes,18042,Empedrado,2015,150,0.0
18,Corrientes,18042,Empedrado,2016,103,0.0
18,Corrientes,18042,Empedrado,2017,71,0.0
18,Corrientes,18042,Empedrado,2018,126,0.0
18,Corrientes,18042,Empedrado,2019,171,0.0
18,Corrientes,18042,Empedrado,2020,121,0.0
18,Corrientes,18042,Empedrado,2021,159,0.0
18,Corrientes,18042,Empedrado,2022,201,0.0
18,Corrientes,18042,Empedrado,2023,157,0.0
18,Corrientes,18042,Empedrado,2024,114,0.0
18,Corrientes,18049,Esquina,2000,162,0.0
18,Corrientes,18049,Esquina,2001,220,0.0
18,Corrientes,18049,Esquina,2002,384,0.0
18,Corrientes,18049,Esquina,2003,359,0.0
18,Corrientes,18049,Esquina,2004,377,0.0
18,Corrientes,18049,Esquina,2005,247,0.0
18,Corrientes,18049,Esquina,2006,246,0.0
18,Corrientes,18049,Esquina,2007,202,0.0
18,Corrientes,18049,Esquina,2008,212,0.0
18,Corrientes,18049,Esquina,2009,190,0.0
18,Corrientes,18049,Esquina,2010,199,0.0
18,Corrientes,18049,Esquina,2011,227,0.0
18,Corrientes,18049,Esquina,2012,225,0.0
18,Corrientes,18049,Esquina,2013,187,0.0
18,Corrientes,18049,Esquina,2014,188,0.0
18,Corrientes,18049,Esquina,2015,220,0.0
18,Corrientes,18049,Esquina,2016,208,0.0
18,Corrientes,18049,Esquina,2017,188,0.0
18,Corrientes,18049,Esquina,2018,107,0.0
18,Corrientes,18049,Esquina,2019,164,0.0
18,Corrientes,18049,Esquina,2020,169,0.0
18,Corrientes,18049,Esquina,2021,252,0.0
18,Corrientes,18049,Esquina,2022,270,0.0
18,Corrientes,18049,Esquina,2023,356,0.0
18,Corrientes,18049,Esquina,2024,321,0.0
18,Corrientes,18056,General Alvear,2000,97,0.0
18,Corrientes,18056,General Alvear,2001,101,0.0
18,Corrientes,18056,General Alvear,2002,182,0.0
18,Corrientes,18056,General Alvear,2003,177,0.0
18,Corrientes,18056,General Alvear,2004,124,0.0
18,Corrientes,18056,General Alvear,2005,115,0.0
18,Corrientes,18056,General Alvear,2006,115,0.0
18,Corrientes,18056,General Alvear,2007,115,0.0
18,Corrientes,18056,General Alvear,2008,146,0.0
18,Corrientes,18056,General Alvear,2009,113,0.0
18,Corrientes,18056,General Alvear,2010,131,0.0
18,Corrientes,18056,General Alvear,2011,115,0.0
18,Corrientes,18056,General Alvear,2012,108,0.0
18,Corrientes,18056,General Alvear,2013,111,0.0
18,Corrientes,18056,General Alvear,2014,72,0.0
18,Corrientes,18056,General Alvear,2015,49,0.0
18,Corrientes,18056,General Alvear,2016,95,0.0
18,Corrientes,18056,General Alvear,2017,133,0.0
18,Corrientes,18056,General Alvear,2018,63,0.0
18,Corrientes,18056,General Alvear,2019,74,0.0
18,Corrientes,18056,General Alvear,2020,116,0.0
18,Corrientes,18056,General Alvear,2021,123,0.0
18,Corrientes,18056,General Alvear,2022,168,0.0
18,Corrientes,18056,General Alvear,2023,182,0.0
18,Corrientes,18056,General Alvear,2024,147,0.0
18,Corrientes,18063,General Paz,2000,130,0.0
18,Corrientes,18063,General Paz,2001,132,0.0
18,Corrientes,18063,General Paz,2002,245,0.0
18,Corrientes,18063,General Paz,2003,169,0.0
18,Corrientes,18063,General Paz,2004,146,0.0
18,Corrientes,18063,General Paz,2005,147,0.0
18,Corrientes,18063,General Paz,2006,147,0.0
18,Corrientes,18063,General Paz,2007,118,0.0
18,Corrientes,18063,General Paz,2008,85,0.0
18,Corrientes,18063,General Paz,2009,76,0.0
18,Corrientes,18063,General Paz,2010,104,0.0
18,Corrientes,18063,General Paz,2011,90,0.0
18,Corrientes,18063,General Paz,2012,93,0.0
18,Corrientes,18063,General Paz,2013,155,0.0
18,Corrientes,18063,General Paz,2014,104,0.0
18,Corrientes,18063,General Paz,2015,114,0.0
18,Corrientes,18063,General Paz,2016,105,0.0
18,Corrientes,18063,General Paz,2017,67,0.0
18,Corrientes,18063,General Paz,2018,46,0.0
18,Corrientes,18063,General Paz,2019,54,0.0
18,Corrientes,18063,General Paz,2020,53,0.0
18,Corrientes,18063,General Paz,2021,144,0.0
18,Corrientes,18063,General Paz,2022,132,0.0
18,Corrientes,18063,General Paz,2023,121,0.0
18,Corrientes,18063,General Paz,2024,98,0.0
18,Corrientes,18070,Goya,2000,960,0.0
18,Corrientes,18070,Goya,2001,1703,0.0
18,Corrientes,18070,Goya,2002,2480,0.0
18,Corrientes,18070,Goya,2003,2007,0.0
18,Corrientes,18070,Goya,2004,1573,0.0
18,Corrientes,18070,Goya,2005,1098,0.0
18,Corrientes,18070,Goya,2006,1170,0.0
18,Corrientes,18070,Goya,2007,982,0.0
18,Corrientes,18070,Goya,2008,794,0.0
18,Corrientes,18070,Goya,2009,828,0.0
18,Corrientes,18070,Goya,2010,721,0.0
18,Corrientes,18070,Goya,2011,629,0.0
18,Corrientes,18070,Goya,2012,626,0.0
18,Corrientes,18070,Goya,2013,442,0.0
18,Corrientes,18070,Goya,2014,439,0.0
18,Corrientes,18070,Goya,2015,609,0.0
18,Corrientes,18070,Goya,2016,590,0.0
18,Corrientes,18070,Goya,2017,714,0.0
18,Corrientes,18070,Goya,2018,623,0.0
18,Corrientes,18070,Goya,2019,614,0.0
18,Corrientes,18070,Goya,2020,507,0.0
18,Corrientes,18070,Goya,2021,890,0.0
18,Corrientes,18070,Goya,2022,994,0.0
18,Corrientes,18070,Goya,2023,1457,0.0
18,Corrientes,18070,Goya,2024,1062,0.0
18,Corrientes,18077,Itatí,2000,168,0.0
18,Corrientes,18077,Itatí,2001,139,0.0
18,Corrientes,18077,Itatí,2002,270,0.0
18,Corrientes,18077,Itatí,2003,190,0.0
18,Corrientes,18077,Itatí,2004,126,0.0
18,Corrientes,18077,Itatí,2005,124,0.0
18,Corrientes,18077,Itatí,2006,173,0.0
18,Corrientes,18077,Itatí,2007,125,0.0
18,Corrientes,18077,Itatí,2008,148,0.0
18,Corrientes,18077,Itatí,2009,172,0.0
18,Corrientes,18077,Itatí,2010,194,0.0
18,Corrientes,18077,Itatí,2011,161,0.0
18,Corrientes,18077,Itatí,2012,129,0.0
18,Corrientes,18077,Itatí,2013,92,0.0
18,Corrientes,18077,Itatí,2014,87,0.0
18,Corrientes,18077,Itatí,2015,93,0.0
18,Corrientes,18077,Itatí,2016,63,0.0
18,Corrientes,18077,Itatí,2017,103,0.0
18,Corrientes,18077,Itatí,2018,43,0.0
18,Corrientes,18077,Itatí,2019,112,0.0
18,Corrientes,18077,Itatí,2020,91,0.0
18,Corrientes,18077,Itatí,2021,111,0.0
18,Corrientes,18077,Itatí,2022,169,0.0
18,Corrientes,18077,Itatí,2023,159,0.0
18,Corrientes,18077,Itatí,2024,136,0.0
18,Corrientes,18084,Ituzaingó,2000,336,0.0
18,Corrientes,18084,Ituzaingó,2001,398,0.0
18,Corrientes,18084,Ituzaingó,2002,781,0.0
18,Corrientes,18084,Ituzaingó,2003,675,0.0
18,Corrientes,18084,Ituzaingó,2004,545,0.0
18,Corrientes,18084,Ituzaingó,2005,461,0.0
18,Corrientes,18084,Ituzaingó,2006,473,0.0
18,Corrientes,18084,Ituzaingó,2007,408,0.0
18,Corrientes,18084,Ituzaingó,2008,344,0.0
18,Corrientes,18084,Ituzaingó,2009,389,0.0
18,Corrientes,18084,Ituzaingó,2010,356,0.0
18,Corrientes,18084,Ituzaingó,2011,320,0.0
18,Corrientes,18084,Ituzaingó,2012,347,0.0
18,Corrientes,18084,Ituzaingó,2013,273,0.0
18,Corrientes,18084,Ituzaingó,2014,307,0.0
18,Corrientes,18084,Ituzaingó,2015,350,0.0
18,Corrientes,18084,Ituzaingó,2016,332,0.0
18,Corrientes,18084,Ituzaingó,2017,305,0.0
18,Corrientes,18084,Ituzaingó,2018,336,0.0
18,Corrientes,18084,Ituzaingó,2019,367,0.0
18,Corrientes,18084,Ituzaingó,2020,299,0.0
18,Corrientes,18084,Ituzaingó,2021,419,0.0
18,Corrientes,18084,Ituzaingó,2022,583,0.0
18,Corrientes,18084,Ituzaingó,2023,490,0.0
18,Corrientes,18084,Ituzaingó,2024,455,0.0
18,Corrientes,18091,Lavalle,2000,156,0.0
18,Corrientes,18091,Lavalle,2001,154,0.0
18,Corrientes,18091,Lavalle,2002,237,0.0
18,Corrientes,18091,Lavalle,2003,250,0.0
18,Corrientes,18091,Lavalle,2004,302,0.0
18,Corrientes,18091,Lavalle,2005,197,0.0
18,Corrientes,18091,Lavalle,2006,167,0.0
18,Corrientes,18091,Lavalle,2007,146,0.0
18,Corrientes,18091,Lavalle,2008,175,0.0
18,Corrientes,18091,Lavalle,2009,177,0.0
18,Corrientes,18091,Lavalle,2010,189,0.0
18,Corrientes,18091,Lavalle,2011,138,0.0
18,Corrientes,18091,Lavalle,2012,132,0.0
18,Corrientes,18091,Lavalle,2013,135,0.0
18,Corrientes,18091,Lavalle,2014,169,0.0
18,Corrientes,18091,Lavalle,2015,136,0.0
18,Corrientes,18091,Lavalle,2016,147,0.0
18,Corrientes,18091,Lavalle,2017,102,0.0
18,Corrientes,18091,Lavalle,2018,86,0.0
18,Corrientes,18091,Lavalle,2019,90,0.0
18,Corrientes,18091,Lavalle,2020,68,0.0
18,Corrientes,18091,Lavalle,2021,78,0.0
18,Corrientes,18091,Lavalle,2022,91,0.0
18,Corrientes,18091,Lavalle,2023,77,0.0
18,Corrientes,18091,Lavalle,2024,148,0.0
18,Corrientes,18098,Mburucuyá,2000,53,0.0
18,Corrientes,18098,Mburucuyá,2001,106,0.0
18,Corrientes,18098,Mburucuyá,2002,87,0.0
18,Corrientes,18098,Mburucuyá,2003,69,0.0
18,Corrientes,18098,Mburucuyá,2004,60,0.0
18,Corrientes,18098,Mburucuyá,2005,34,0.0
18,Corrientes,18098,Mburucuyá,2006,45,0.0
18,Corrientes,18098,Mburucuyá,2007,67,0.0
18,Corrientes,18098,Mburucuyá,2008,65,0.0
18,Corrientes,18098,Mburucuyá,2009,41,0.0
18,Corrientes,18098,Mburucuyá,2010,34,0.0
18,Corrientes,18098,Mburucuyá,2011,46,0.0
18,Corrientes,18098,Mburucuyá,2012,66,0.0
18,Corrientes,18098,Mburucuyá,2013,61,0.0
18,Corrientes,18098,Mburucuyá,2014,61,0.0
18,Corrientes,18098,Mburucuyá,2015,65,0.0
18,Corrientes,18098,Mburucuyá,2016,42,0.0
18,Corrientes,18098,Mburucuyá,2017,44,0.0
18,Corrientes,18098,Mburucuyá,2018,23,0.0
18,Corrientes,18098,Mburucuyá,2019,55,0.0
18,Corrientes,18098,Mburucuyá,2020,65,0.0
18,Corrientes,18098,Mburucuyá,2021,72,0.0
18,Corrientes,18098,Mburucuyá,2022,107,0.0
18,Corrientes,18098,Mburucuyá,2023,80,0.0
18,Corrientes,18098,Mburucuyá,2024,66,0.0
18,Corrientes,18105,Mercedes,2000,435,0.0
18,Corrientes,18105,Mercedes,2001,486,0.0
18,Corrientes,18105,Mercedes,2002,1116,0.0
18,Corrientes,18105,Mercedes,2003,873,0.0
18,Corrientes,18105,Mercedes,2004,719,0.0
18,Corrientes,18105,Mercedes,2005,778,0.0
18,Corrientes,18105,Mercedes,2006,759,0.0
18,Corrientes,18105,Mercedes,2007,483,0.0
18,Corrientes,18105,Mercedes,2008,398,0.0
18,Corrientes,18105,Mercedes,2009,393,0.0
18,Corrientes,18105,Mercedes,2010,342,0.0
18,Corrientes,18105,Mercedes,2011,409,0.0
18,Corrientes,18105,Mercedes,2012,439,0.0
18,Corrientes,18105,Mercedes,2013,425,0.0
18,Corrientes,18105,Mercedes,2014,277,0.0
18,Corrientes,18105,Mercedes,2015,437,0.0
18,Corrientes,18105,Mercedes,2016,314,0.0
18,Corrientes,18105,Mercedes,2017,301,0.0
18,Corrientes,18105,Mercedes,2018,258,0.0
18,Corrientes,18105,Mercedes,2019,291,0.0
18,Corrientes,18105,Mercedes,2020,287,0.0
18,Corrientes,18105,Mercedes,2021,568,0.0
18,Corrientes,18105,Mercedes,2022,533,0.0
18,Corrientes,18105,Mercedes,2023,519,0.0
18,Corrientes,18105,Mercedes,2024,489,0.0
18,Corrientes,18112,Monte Caseros,2000,499,0.0
18,Corrientes,18112,Monte Caseros,2001,614,0.0
18,Corrientes,18112,Monte Caseros,2002,889,0.0
18,Corrientes,18112,Monte Caseros,2003,529,0.0
18,Corrientes,18112,Monte Caseros,2004,410,0.0
18,Corrientes,18112,Monte Caseros,2005,293,0.0
18,Corrientes,18112,Monte Caseros,2006,291,0.0
18,Corrientes,18112,Monte Caseros,2007,276,0.0
18,Corrientes,18112,Monte Caseros,2008,311,0.0
18,Corrientes,18112,Monte Caseros,2009,317,0.0
18,Corrientes,18112,Monte Caseros,2010,325,0.0
18,Corrientes,18112,Monte Caseros,2011,316,0.0
18,Corrientes,18112,Monte Caseros,2012,290,0.0
18,Corrientes,18112,Monte Caseros,2013,278,0.0
18,Corrientes,18112,Monte Caseros,2014,285,0.0
18,Corrientes,18112,Monte Caseros,2015,386,0.0
18,Corrientes,18112,Monte Caseros,2016,326,0.0
18,Corrientes,18112,Monte Caseros,2017,394,0.0
18,Corrientes,18112,Monte Caseros,2018,259,0.0
18,Corrientes,18112,Monte Caseros,2019,248,0.0
18,Corrientes,18112,Monte Caseros,2020,225,0.0
18,Corrientes,18112,Monte Caseros,2021,390,0.0
18,Corrientes,18112,Monte Caseros,2022,407,0.0
18,Corrientes,18112,Monte Caseros,2023,567,0.0
18,Corrientes,18112,Monte Caseros,2024,416,0.0
18,Corrientes,18119,Paso de los Libres,2000,1246,0.0
18,Corrientes,18119,Paso de los Libres,2001,1268,0.0
18,Corrientes,18119,Paso de los Libres,2002,1828,0.0
18,Corrientes,18119,Paso de los Libres,2003,1552,0.0
18,Corrientes,18119,Paso de los Libres,2004,1430,0.0
18,Corrientes,18119,Paso de los Libres,2005,1521,0.0
18,Corrientes,18119,Paso de los Libres,2006,1283,0.0
18,Corrientes,18119,Paso de los Libres,2007,1098,0.0
18,Corrientes,18119,Paso de los Libres,2008,1124,0.0
18,Corrientes,18119,Paso de los Libres,2009,1073,0.0
18,Corrientes,18119,Paso de los Libres,2010,1116,0.0
18,Corrientes,18119,Paso de los Libres,2011,874,0.0
18,Corrientes,18119,Paso de los Libres,2012,835,0.0
18,Corrientes,18119,Paso de los Libres,2013,859,0.0
18,Corrientes,18119,Paso de los Libres,2014,749,0.0
18,Corrientes,18119,Paso de los Libres,2015,765,0.0
18,Corrientes,18119,Paso de los Libres,2016,808,0.0
18,Corrientes,18119,Paso de los Libres,2017,872,0.0
18,Corrientes,18119,Paso de los Libres,2018,466,0.0
18,Corrientes,18119,Paso de los Libres,2019,503,0.0
18,Corrientes,18119,Paso de los Libres,2020,578,0.0
18,Corrientes,18119,Paso de los Libres,2021,990,0.0
18,Corrientes,18119,Paso de los Libres,2022,999,0.0
18,Corrientes,18119,Paso de los Libres,2023,1022,0.0
18,Corrientes,18119,Paso de los Libres,2024,825,0.0
18,Corrientes,18126,Saladas,2000,128,0.0
18,Corrientes,18126,Saladas,2001,219,0.0
18,Corrientes,18126,Saladas,2002,369,0.0
18,Corrientes,18126,Saladas,2003,256,0.0
18,Corrientes,18126,Saladas,2004,256,0.0
18,Corrientes,18126,Saladas,2005,193,0.0
18,Corrientes,18126,Saladas,2006,204,0.0
18,Corrientes,18126,Saladas,2007,214,0.0
18,Corrientes,18126,Saladas,2008,236,0.0
18,Corrientes,18126,Saladas,2009,221,0.0
18,Corrientes,18126,Saladas,2010,229,0.0
18,Corrientes,18126,Saladas,2011,257,0.0
18,Corrientes,18126,Saladas,2012,242,0.0
18,Corrientes,18126,Saladas,2013,198,0.0
18,Corrientes,18126,Saladas,2014,190,0.0
18,Corrientes,18126,Saladas,2015,139,0.0
18,Corrientes,18126,Saladas,2016,165,0.0
18,Corrientes,18126,Saladas,2017,142,0.0
18,Corrientes,18126,Saladas,2018,145,0.0
18,Corrientes,18126,Saladas,2019,168,0.0
18,Corrientes,18126,Saladas,2020,173,0.0
18,Corrientes,18126,Saladas,2021,234,0.0
18,Corrientes,18126,Saladas,2022,275,0.0
18,Corrientes,18126,Saladas,2023,221,0.0
18,Corrientes,18126,Saladas,2024,209,0.0
18,Corrientes,18133,San Cosme,2000,266,0.0
18,Corrientes,18133,San Cosme,2001,329,0.0
18,Corrientes,18133,San Cosme,2002,672,0.0
18,Corrientes,18133,San Cosme,2003,480,0.0
18,Corrientes,18133,San Cosme,2004,408,0.0
18,Corrientes,18133,San Cosme,2005,399,0.0
18,Corrientes,18133,San Cosme,2006,472,0.0
18,Corrientes,18133,San Cosme,2007,408,0.0
18,Corrientes,18133,San Cosme,2008,363,0.0
18,Corrientes,18133,San Cosme,2009,347,0.0
18,Corrientes,18133,San Cosme,2010,400,0.0
18,Corrientes,18133,San Cosme,2011,337,0.0
18,Corrientes,18133,San Cosme,2012,341,0.0
18,Corrientes,18133,San Cosme,2013,545,0.0
18,Corrientes,18133,San Cosme,2014,419,0.0
18,Corrientes,18133,San Cosme,2015,431,0.0
18,Corrientes,18133,San Cosme,2016,407,0.0
18,Corrientes,18133,San Cosme,2017,287,0.0
18,Corrientes,18133,San Cosme,2018,246,0.0
18,Corrientes,18133,San Cosme,2019,178,0.0
18,Corrientes,18133,San Cosme,2020,178,0.0
18,Corrientes,18133,San Cosme,2021,280,0.0
18,Corrientes,18133,San Cosme,2022,353,0.0
18,Corrientes,18133,San Cosme,2023,436,0.0
18,Corrientes,18133,San Cosme,2024,360,0.0
18,Corrientes,18140,San Luis del Palmar,2000,217,0.0
18,Corrientes,18140,San Luis del Palmar,2001,273,0.0
18,Corrientes,18140,San Luis del Palmar,2002,233,0.0
18,Corrientes,18140,San Luis del Palmar,2003,265,0.0
18,Corrientes,18140,San Luis del Palmar,2004,269,0.0
18,Corrientes,18140,San Luis del Palmar,2005,213,0.0
18,Corrientes,18140,San Luis del Palmar,2006,176,0.0
18,Corrientes,18140,San Luis del Palmar,2007,214,0.0
18,Corrientes,18140,San Luis del Palmar,2008,233,0.0
18,Corrientes,18140,San Luis del Palmar,2009,184,0.0
18,Corrientes,18140,San Luis del Palmar,2010,199,0.0
18,Corrientes,18140,San Luis del Palmar,2011,222,0.0
18,Corrientes,18140,San Luis del Palmar,2012,285,0.0
18,Corrientes,18140,San Luis del Palmar,2013,141,0.0
18,Corrientes,18140,San Luis del Palmar,2014,114,0.0
18,Corrientes,18140,San Luis del Palmar,2015,117,0.0
18,Corrientes,18140,San Luis del Palmar,2016,99,0.0
18,Corrientes,18140,San Luis del Palmar,2017,98,0.0
18,Corrientes,18140,San Luis del Palmar,2018,50,0.0
18,Corrientes,18140,San Luis del Palmar,2019,99,0.0
18,Corrientes,18140,San Luis del Palmar,2020,73,0.0
18,Corrientes,18140,San Luis del Palmar,2021,153,0.0
18,Corrientes,18140,San Luis del Palmar,2022,162,0.0
18,Corrientes,18140,San Luis del Palmar,2023,151,0.0
18,Corrientes,18140,San Luis del Palmar,2024,149,0.0
18,Corrientes,18147,San Martín,2000,94,0.0
18,Corrientes,18147,San Martín,2001,142,0.0
18,Corrientes,18147,San Martín,2002,193,0.0
18,Corrientes,18147,San Martín,2003,204,0.0
18,Corrientes,18147,San Martín,2004,175,0.0
18,Corrientes,18147,San Martín,2005,153,0.0
18,Corrientes,18147,San Martín,2006,128,0.0
18,Corrientes,18147,San Martín,2007,148,0.0
18,Corrientes,18147,San Martín,2008,152,0.0
18,Corrientes,18147,San Martín,2009,129,0.0
18,Corrientes,18147,San Martín,2010,175,0.0
18,Corrientes,18147,San Martín,2011,132,0.0
18,Corrientes,18147,San Martín,2012,120,0.0
18,Corrientes,18147,San Martín,2013,107,0.0
18,Corrientes,18147,San Martín,2014,100,0.0
18,Corrientes,18147,San Martín,2015,93,0.0
18,Corrientes,18147,San Martín,2016,105,0.0
18,Corrientes,18147,San Martín,2017,74,0.0
18,Corrientes,18147,San Martín,2018,25,0.0
18,Corrientes,18147,San Martín,2019,9,0.0
18,Corrientes,18147,San Martín,2020,48,0.0
18,Corrientes,18147,San Martín,2021,96,0.0
18,Corrientes,18147,San Martín,2022,120,0.0
18,Corrientes,18147,San Martín,2023,146,0.0
18,Corrientes,18147,San Martín,2024,173,0.0
18,Corrientes,18154,San Miguel,2000,77,0.0
18,Corrientes,18154,San Miguel,2001,93,0.0
18,Corrientes,18154,San Miguel,2002,228,0.0
18,Corrientes,18154,San Miguel,2003,147,0.0
18,Corrientes,18154,San Miguel,2004,123,0.0
18,Corrientes,18154,San Miguel,2005,125,0.0
18,Corrientes,18154,San Miguel,2006,102,0.0
18,Corrientes,18154,San Miguel,2007,103,0.0
18,Corrientes,18154,San Miguel,2008,84,0.0
18,Corrientes,18154,San Miguel,2009,63,0.0
18,Corrientes,18154,San Miguel,2010,58,0.0
18,Corrientes,18154,San Miguel,2011,59,0.0
18,Corrientes,18154,San Miguel,2012,72,0.0
18,Corrientes,18154,San Miguel,2013,54,0.0
18,Corrientes,18154,San Miguel,2014,59,0.0
18,Corrientes,18154,San Miguel,2015,81,0.0
18,Corrientes,18154,San Miguel,2016,56,0.0
18,Corrientes,18154,San Miguel,2017,29,0.0
18,Corrientes,18154,San Miguel,2018,37,0.0
18,Corrientes,18154,San Miguel,2019,17,0.0
18,Corrientes,18154,San Miguel,2020,47,0.0
18,Corrientes,18154,San Miguel,2021,65,0.0
18,Corrientes,18154,San Miguel,2022,90,0.0
18,Corrientes,18154,San Miguel,2023,91,0.0
18,Corrientes,18154,San Miguel,2024,86,0.0
18,Corrientes,18161,San Roque,2000,93,0.0
18,Corrientes,18161,San Roque,2001,136,0.0
18,Corrientes,18161,San Roque,2002,235,0.0
18,Corrientes,18161,San Roque,2003,299,0.0
18,Corrientes,18161,San Roque,2004,212,0.0
18,Corrientes,18161,San Roque,2005,137,0.0
18,Corrientes,18161,San Roque,2006,111,0.0
18,Corrientes,18161,San Roque,2007,127,0.0
18,Corrientes,18161,San Roque,2008,130,0.0
18,Corrientes,18161,San Roque,2009,118,0.0
18,Corrientes,18161,San Roque,2010,125,0.0
18,Corrientes,18161,San Roque,2011,133,0.0
18,Corrientes,18161,San Roque,2012,116,0.0
18,Corrientes,18161,San Roque,2013,118,0.0
18,Corrientes,18161,San Roque,2014,139,0.0
18,Corrientes,18161,San Roque,2015,112,0.0
18,Corrientes,18161,San Roque,2016,118,0.0
18,Corrientes,18161,San Roque,2017,61,0.0
18,Corrientes,18161,San Roque,2018,65,0.0
18,Corrientes,18161,San Roque,2019,111,0.0
18,Corrientes,18161,San Roque,2020,84,0.0
18,Corrientes,18161,San Roque,2021,138,0.0
18,Corrientes,18161,San Roque,2022,103,0.0
18,Corrientes,18161,San Roque,2023,34,0.0
18,Corrientes,18161,San Roque,2024,124,0.0
18,Corrientes,18168,Santo Tomé,2000,490,0.0
18,Corrientes,18168,Santo Tomé,2001,660,0.0
18,Corrientes,18168,Santo Tomé,2002,933,0.0
18,Corrientes,18168,Santo Tomé,2003,962,0.0
18,Corrientes,18168,Santo Tomé,2004,732,0.0
18,Corrientes,18168,Santo Tomé,2005,684,0.0
18,Corrientes,18168,Santo Tomé,2006,915,0.0
18,Corrientes,18168,Santo Tomé,2007,650,0.0
18,Corrientes,18168,Santo Tomé,2008,634,0.0
18,Corrientes,18168,Santo Tomé,2009,687,0.0
18,Corrientes,18168,Santo Tomé,2010,648,0.0
18,Corrientes,18168,Santo Tomé,2011,585,0.0
18,Corrientes,18168,Santo Tomé,2012,512,0.0
18,Corrientes,18168,Santo Tomé,2013,453,0.0
18,Corrientes,18168,Santo Tomé,2014,459,0.0
18,Corrientes,18168,Santo Tomé,2015,637,0.0
18,Corrientes,18168,Santo Tomé,2016,504,0.0
18,Corrientes,18168,Santo Tomé,2017,577,0.0
18,Corrientes,18168,Santo Tomé,2018,481,0.0
18,Corrientes,18168,Santo Tomé,2019,538,0.0
18,Corrientes,18168,Santo Tomé,2020,486,0.0
18,Corrientes,18168,Santo Tomé,2021,576,0.0
18,Corrientes,18168,Santo Tomé,2022,780,0.0
18,Corrientes,18168,Santo Tomé,2023,846,0.0
18,Corrientes,18168,Santo Tomé,2024,763,0.0
18,Corrientes,18175,Sauce,2000,41,0.0
18,Corrientes,18175,Sauce,2001,42,0.0
18,Corrientes,18175,Sauce,2002,55,0.0
18,Corrientes,18175,Sauce,2003,119,0.0
18,Corrientes,18175,Sauce,2004,65,0.0
18,Corrientes,18175,Sauce,2005,54,0.0
18,Corrientes,18175,Sauce,2006,35,0.0
18,Corrientes,18175,Sauce,2007,22,0.0
18,Corrientes,18175,Sauce,2008,24,0.0
18,Corrientes,18175,Sauce,2009,19,0.0
18,Corrientes,18175,Sauce,2010,33,0.0
18,Corrientes,18175,Sauce,2011,35,0.0
18,Corrientes,18175,Sauce,2012,30,0.0
18,Corrientes,18175,Sauce,2013,33,0.0
18,Corrientes,18175,Sauce,2014,35,0.0
18,Corrientes,18175,Sauce,2015,39,0.0
18,Corrientes,18175,Sauce,2016,44,0.0
18,Corrientes,18175,Sauce,2017,31,0.0
18,Corrientes,18175,Sauce,2018,31,0.0
18,Corrientes,18175,Sauce,2019,26,0.0
18,Corrientes,18175,Sauce,2020,20,0.0
18,Corrientes,18175,Sauce,2021,51,0.0
18,Corrientes,18175,Sauce,2022,38,0.0
18,Corrientes,18175,Sauce,2023,91,0.0
18,Corrientes,18175,Sauce,2024,87,0.0
18,Corrientes,18999,Departamento sin determinar,2000,47,0.0
18,Corrientes,18999,Departamento sin determinar,2001,42,0.0
18,Corrientes,18999,Departamento sin determinar,2002,48,0.0
18,Corrientes,18999,Departamento sin determinar,2003,73,0.0
18,Corrientes,18999,Departamento sin determinar,2004,34,0.0
18,Corrientes,18999,Departamento sin determinar,2005,23,0.0
18,Corrientes,18999,Departamento sin determinar,2006,13,0.0
18,Corrientes,18999,Departamento sin determinar,2007,20,0.0
18,Corrientes,18999,Departamento sin determinar,2008,14,0.0
18,Corrientes,18999,Departamento sin determinar,2009,13,0.0
18,Corrientes,18999,Departamento sin determinar,2010,19,0.0
18,Corrientes,18999,Departamento sin determinar,2011,12,0.0
18,Corrientes,18999,Departamento sin determinar,2012,19,0.0
18,Corrientes,18999,Departamento sin determinar,2013,18,0.0
18,Corrientes,18999,Departamento sin determinar,2014,13,0.0
18,Corrientes,18999,Departamento sin determinar,2015,23,0.0
18,Corrientes,18999,Departamento sin determinar,2016,20,0.0
18,Corrientes,18999,Departamento sin determinar,2017,34,0.0
18,Corrientes,18999,Departamento sin determinar,2018,7,0.0
18,Corrientes,18999,Departamento sin determinar,2019,21,0.0
18,Corrientes,18999,Departamento sin determinar,2020,26,0.0
18,Corrientes,18999,Departamento sin determinar,2021,22,0.0
18,Corrientes,18999,Departamento sin determinar,2022,22,0.0
18,Corrientes,18999,Departamento sin determinar,2023,20,0.0
18,Corrientes,18999,Departamento sin determinar,2024,34,0.0
22,Chaco,22007,Almirante Brown,2000,334,0.0
22,Chaco,22007,Almirante Brown,2001,350,0.0
22,Chaco,22007,Almirante Brown,2002,585,0.0
22,Chaco,22007,Almirante Brown,2003,481,0.0
22,Chaco,22007,Almirante Brown,2004,299,0.0
22,Chaco,22007,Almirante Brown,2005,259,0.0
22,Chaco,22007,Almirante Brown,2006,217,0.0
22,Chaco,22007,Almirante Brown,2007,223,0.0
22,Chaco,22007,Almirante Brown,2008,209,0.0
22,Chaco,22007,Almirante Brown,2009,203,0.0
22,Chaco,22007,Almirante Brown,2010,238,0.0
22,Chaco,22007,Almirante Brown,2011,174,0.0
22,Chaco,22007,Almirante Brown,2012,167,0.0
22,Chaco,22007,Almirante Brown,2013,132,0.0
22,Chaco,22007,Almirante Brown,2014,127,0.0
22,Chaco,22007,Almirante Brown,2015,89,0.0
22,Chaco,22007,Almirante Brown,2016,147,0.0
22,Chaco,22007,Almirante Brown,2017,165,0.0
22,Chaco,22007,Almirante Brown,2018,215,0.0
22,Chaco,22007,Almirante Brown,2019,294,0.0
22,Chaco,22007,Almirante Brown,2020,223,0.0
22,Chaco,22007,Almirante Brown,2021,256,0.0
22,Chaco,22007,Almirante Brown,2022,232,0.0
22,Chaco,22007,Almirante Brown,2023,305,0.0
22,Chaco,22007,Almirante Brown,2024,211,0.0
22,Chaco,22014,Bermejo,2000,169,0.0
22,Chaco,22014,Bermejo,2001,268,0.0
22,Chaco,22014,Bermejo,2002,403,0.0
22,Chaco,22014,Bermejo,2003,496,0.0
22,Chaco,22014,Bermejo,2004,434,0.0
22,Chaco,22014,Bermejo,2005,390,0.0
22,Chaco,22014,Bermejo,2006,379,0.0
22,Chaco,22014,Bermejo,2007,380,0.0
22,Chaco,22014,Bermejo,2008,361,0.0
22,Chaco,22014,Bermejo,2009,355,0.0
22,Chaco,22014,Bermejo,2010,431,0.0
22,Chaco,22014,Bermejo,2011,310,0.0
22,Chaco,22014,Bermejo,2012,300,0.0
22,Chaco,22014,Bermejo,2013,267,0.0
22,Chaco,22014,Bermejo,2014,298,0.0
22,Chaco,22014,Bermejo,2015,281,0.0
22,Chaco,22014,Bermejo,2016,370,0.0
22,Chaco,22014,Bermejo,2017,319,0.0
22,Chaco,22014,Bermejo,2018,287,0.0
22,Chaco,22014,Bermejo,2019,367,0.0
22,Chaco,22014,Bermejo,2020,251,0.0
22,Chaco,22014,Bermejo,2021,235,0.0
22,Chaco,22014,Bermejo,2022,238,0.0
22,Chaco,22014,Bermejo,2023,269,0.0
22,Chaco,22014,Bermejo,2024,337,0.0
22,Chaco,22021,Comandante Fernández,2000,2740,0.0
22,Chaco,22021,Comandante Fernández,2001,2682,0.0
22,Chaco,22021,Comandante Fernández,2002,3403,0.0
22,Chaco,22021,Comandante Fernández,2003,2826,0.0
22,Chaco,22021,Comandante Fernández,2004,2337,0.0
22,Chaco,22021,Comandante Fernández,2005,2214,0.0
22,Chaco,22021,Comandante Fernández,2006,1952,0.0
22,Chaco,22021,Comandante Fernández,2007,1496,0.0
22,Chaco,22021,Comandante Fernández,2008,1127,0.0
22,Chaco,22021,Comandante Fernández,2009,814,0.0
22,Chaco,22021,Comandante Fernández,2010,333,0.0
22,Chaco,22021,Comandante Fernández,2011,303,0.0
22,Chaco,22021,Comandante Fernández,2012,419,0.0
22,Chaco,22021,Comandante Fernández,2013,682,0.0
22,Chaco,22021,Comandante Fernández,2014,1015,0.0
22,Chaco,22021,Comandante Fernández,2015,533,0.0
22,Chaco,22021,Comandante Fernández,2016,905,0.0
22,Chaco,22021,Comandante Fernández,2017,1347,0.0
22,Chaco,22021,Comandante Fernández,2018,2305,0.0
22,Chaco,22021,Comandante Fernández,2019,2254,0.0
22,Chaco,22021,Comandante Fernández,2020,1891,0.0
22,Chaco,22021,Comandante Fernández,2021,2088,0.0
22,Chaco,22021,Comandante Fernández,2022,1971,0.0
22,Chaco,22021,Comandante Fernández,2023,1717,0.0
22,Chaco,22021,Comandante Fernández,2024,1522,0.0
22,Chaco,22028,Chacabuco,2000,674,0.0
22,Chaco,22028,Chacabuco,2001,935,0.0
22,Chaco,22028,Chacabuco,2002,1545,0.0
22,Chaco,22028,Chacabuco,2003,1227,0.0
22,Chaco,22028,Chacabuco,2004,1058,0.0
22,Chaco,22028,Chacabuco,2005,997,0.0
22,Chaco,22028,Chacabuco,2006,1129,0.0
22,Chaco,22028,Chacabuco,2007,852,0.0
22,Chaco,22028,Chacabuco,2008,901,0.0
22,Chaco,22028,Chacabuco,2009,440,0.0
22,Chaco,22028,Chacabuco,2010,388,0.0
22,Chaco,22028,Chacabuco,2011,452,0.0
22,Chaco,22028,Chacabuco,2012,258,0.0
22,Chaco,22028,Chacabuco,2013,254,0.0
22,Chaco,22028,Chacabuco,2014,83,0.0
22,Chaco,22028,Chacabuco,2015,54,0.0
22,Chaco,22028,Chacabuco,2016,470,0.0
22,Chaco,22028,Chacabuco,2017,389,0.0
22,Chaco,22028,Chacabuco,2018,584,0.0
22,Chaco,22028,Chacabuco,2019,688,0.0
22,Chaco,22028,Chacabuco,2020,397,0.0
22,Chaco,22028,Chacabuco,2021,434,0.0
22,Chaco,22028,Chacabuco,2022,560,0.0
22,Chaco,22028,Chacabuco,2023,761,0.0
22,Chaco,22028,Chacabuco,2024,522,0.0
22,Chaco,22036,12 de Octubre,2000,385,0.0
22,Chaco,22036,12 de Octubre,2001,475,0.0
22,Chaco,22036,12 de Octubre,2002,584,0.0
22,Chaco,22036,12 de Octubre,2003,499,0.0
22,Chaco,22036,12 de Octubre,2004,403,0.0
22,Chaco,22036,12 de Octubre,2005,409,0.0
22,Chaco,22036,12 de Octubre,2006,338,0.0
22,Chaco,22036,12 de Octubre,2007,318,0.0
22,Chaco,22036,12 de Octubre,2008,229,0.0
22,Chaco,22036,12 de Octubre,2009,273,0.0
22,Chaco,22036,12 de Octubre,2010,194,0.0
22,Chaco,22036,12 de Octubre,2011,141,0.0
22,Chaco,22036,12 de Octubre,2012,223,0.0
22,Chaco,22036,12 de Octubre,2013,174,0.0
22,Chaco,22036,12 de Octubre,2014,108,0.0
22,Chaco,22036,12 de Octubre,2015,36,0.0
22,Chaco,22036,12 de Octubre,2016,140,0.0
22,Chaco,22036,12 de Octubre,2017,206,0.0
22,Chaco,22036,12 de Octubre,2018,166,0.0
22,Chaco,22036,12 de Octubre,2019,222,0.0
22,Chaco,22036,12 de Octubre,2020,157,0.0
22,Chaco,22036,12 de Octubre,2021,151,0.0
22,Chaco,22036,12 de Octubre,2022,93,0.0
22,Chaco,22036,12 de Octubre,2023,87,0.0
22,Chaco,22036,12 de Octubre,2024,136,0.0
22,Chaco,22039,2 de Abril,2000,86,0.0
22,Chaco,22039,2 de Abril,2001,77,0.0
22,Chaco,22039,2 de Abril,2002,120,0.0
22,Chaco,22039,2 de Abril,2003,121,0.0
22,Chaco,22039,2 de Abril,2004,84,0.0
22,Chaco,22039,2 de Abril,2005,100,0.0
22,Chaco,22039,2 de Abril,2006,98,0.0
22,Chaco,22039,2 de Abril,2007,58,0.0
22,Chaco,22039,2 de Abril,2008,53,0.0
22,Chaco,22039,2 de Abril,2009,59,0.0
22,Chaco,22039,2 de Abril,2010,46,0.0
22,Chaco,22039,2 de Abril,2011,66,0.0
22,Chaco,22039,2 de Abril,2012,65,0.0
22,Chaco,22039,2 de Abril,2013,36,0.0
22,Chaco,22039,2 de Abril,2014,13,0.0
22,Chaco,22039,2 de Abril,2015,5,0.0
22,Chaco,22039,2 de Abril,2016,16,0.0
22,Chaco,22039,2 de Abril,2017,27,0.0
22,Chaco,22039,2 de Abril,2018,19,0.0
22,Chaco,22039,2 de Abril,2019,15,0.0
22,Chaco,22039,2 de Abril,2020,27,0.0
22,Chaco,22039,2 de Abril,2021,26,0.0
22,Chaco,22039,2 de Abril,2022,18,0.0
22,Chaco,22039,2 de Abril,2023,18,0.0
22,Chaco,22039,2 de Abril,2024,38,0.0
22,Chaco,22043,Fray Justo Santa María de Oro,2000,104,0.0
22,Chaco,22043,Fray Justo Santa María de Oro,2001,146,0.0
22,Chaco,22043,Fray Justo Santa María de Oro,2002,201,0.0
22,Chaco,22043,Fray Justo Santa María de Oro,2003,197,0.0
22,Chaco,22043,Fray Justo Santa María de Oro,2004,158,0.0
22,Chaco,22043,Fray Justo Santa María de Oro,2005,170,0.0
22,Chaco,22043,Fray Justo Santa María de Oro,2006,104,0.0
22,Chaco,22043,Fray Justo Santa María de Oro,2007,46,0.0
22,Chaco,22043,Fray Justo Santa María de Oro,2008,46,0.0
22,Chaco,22043,Fray Justo Santa María de Oro,2009,79,0.0
22,Chaco,22043,Fray Justo Santa María de Oro,2010,67,0.0
22,Chaco,22043,Fray Justo Santa María de Oro,2011,87,0.0
22,Chaco,22043,Fray Justo Santa María de Oro,2012,99,0.0
22,Chaco,22043,Fray Justo Santa María de Oro,2013,55,0.0
22,Chaco,22043,Fray Justo Santa María de Oro,2014,69,0.0
22,Chaco,22043,Fray Justo Santa María de Oro,2015,41,0.0
22,Chaco,22043,Fray Justo Santa María de Oro,2016,40,0.0
22,Chaco,22043,Fray Justo Santa María de Oro,2017,83,0.0
22,Chaco,22043,Fray Justo Santa María de Oro,2018,55,0.0
22,Chaco,22043,Fray Justo Santa María de Oro,2019,70,0.0
22,Chaco,22043,Fray Justo Santa María de Oro,2020,75,0.0
22,Chaco,22043,Fray Justo Santa María de Oro,2021,49,0.0
22,Chaco,22043,Fray Justo Santa María de Oro,2022,82,0.0
22,Chaco,22043,Fray Justo Santa María de Oro,2023,82,0.0
22,Chaco,22043,Fray Justo Santa María de Oro,2024,71,0.0
22,Chaco,22049,General Belgrano,2000,211,0.0
22,Chaco,22049,General Belgrano,2001,222,0.0
22,Chaco,22049,General Belgrano,2002,281,0.0
22,Chaco,22049,General Belgrano,2003,309,0.0
22,Chaco,22049,General Belgrano,2004,214,0.0
22,Chaco,22049,General Belgrano,2005,202,0.0
22,Chaco,22049,General Belgrano,2006,167,0.0
22,Chaco,22049,General Belgrano,2007,134,0.0
22,Chaco,22049,General Belgrano,2008,74,0.0
22,Chaco,22049,General Belgrano,2009,103,0.0
22,Chaco,22049,General Belgrano,2010,81,0.0
22,Chaco,22049,General Belgrano,2011,62,0.0
22,Chaco,22049,General Belgrano,2012,80,0.0
22,Chaco,22049,General Belgrano,2013,7,0.0
22,Chaco,22049,General Belgrano,2014,50,0.0
22,Chaco,22049,General Belgrano,2015,11,0.0
22,Chaco,22049,General Belgrano,2016,44,0.0
22,Chaco,22049,General Belgrano,2017,90,0.0
22,Chaco,22049,General Belgrano,2018,93,0.0
22,Chaco,22049,General Belgrano,2019,80,0.0
22,Chaco,22049,General Belgrano,2020,62,0.0
22,Chaco,22049,General Belgrano,2021,69,0.0
22,Chaco,22049,General Belgrano,2022,129,0.0
22,Chaco,22049,General Belgrano,2023,161,0.0
22,Chaco,22049,General Belgrano,2024,221,0.0
22,Chaco,22056,General Donovan,2000,213,0.0
22,Chaco,22056,General Donovan,2001,213,0.0
22,Chaco,22056,General Donovan,2002,338,0.0
22,Chaco,22056,General Donovan,2003,274,0.0
22,Chaco,22056,General Donovan,2004,248,0.0
22,Chaco,22056,General Donovan,2005,246,0.0
22,Chaco,22056,General Donovan,2006,152,0.0
22,Chaco,22056,General Donovan,2007,109,0.0
22,Chaco,22056,General Donovan,2008,114,0.0
22,Chaco,22056,General Donovan,2009,190,0.0
22,Chaco,22056,General Donovan,2010,194,0.0
22,Chaco,22056,General Donovan,2011,126,0.0
22,Chaco,22056,General Donovan,2012,182,0.0
22,Chaco,22056,General Donovan,2013,186,0.0
22,Chaco,22056,General Donovan,2014,129,0.0
22,Chaco,22056,General Donovan,2015,145,0.0
22,Chaco,22056,General Donovan,2016,93,0.0
22,Chaco,22056,General Donovan,2017,80,0.0
22,Chaco,22056,General Donovan,2018,102,0.0
22,Chaco,22056,General Donovan,2019,96,0.0
22,Chaco,22056,General Donovan,2020,73,0.0
22,Chaco,22056,General Donovan,2021,82,0.0
22,Chaco,22056,General Donovan,2022,90,0.0
22,Chaco,22056,General Donovan,2023,80,0.0
22,Chaco,22056,General Donovan,2024,94,0.0
22,Chaco,22063,General Güemes,2000,995,0.0
22,Chaco,22063,General Güemes,2001,1032,0.0
22,Chaco,22063,General Güemes,2002,1255,0.0
22,Chaco,22063,General Güemes,2003,809,0.0
22,Chaco,22063,General Güemes,2004,829,0.0
22,Chaco,22063,General Güemes,2005,986,0.0
22,Chaco,22063,General Güemes,2006,842,0.0
22,Chaco,22063,General Güemes,2007,786,0.0
22,Chaco,22063,General Güemes,2008,953,0.0
22,Chaco,22063,General Güemes,2009,610,0.0
22,Chaco,22063,General Güemes,2010,693,0.0
22,Chaco,22063,General Güemes,2011,534,0.0
22,Chaco,22063,General Güemes,2012,539,0.0
22,Chaco,22063,General Güemes,2013,516,0.0
22,Chaco,22063,General Güemes,2014,543,0.0
22,Chaco,22063,General Güemes,2015,684,0.0
22,Chaco,22063,General Güemes,2016,1301,0.0
22,Chaco,22063,General Güemes,2017,981,0.0
22,Chaco,22063,General Güemes,2018,1196,0.0
22,Chaco,22063,General Güemes,2019,966,0.0
22,Chaco,22063,General Güemes,2020,654,0.0
22,Chaco,22063,General Güemes,2021,942,0.0
22,Chaco,22063,General Güemes,2022,882,0.0
22,Chaco,22063,General Güemes,2023,928,0.0
22,Chaco,22063,General Güemes,2024,855,0.0
22,Chaco,22070,Independencia,2000,276,0.0
22,Chaco,22070,Independencia,2001,338,0.0
22,Chaco,22070,Independencia,2002,446,0.0
22,Chaco,22070,Independencia,2003,409,0.0
22,Chaco,22070,Independencia,2004,237,0.0
22,Chaco,22070,Independencia,2005,262,0.0
22,Chaco,22070,Independencia,2006,178,0.0
22,Chaco,22070,Independencia,2007,189,0.0
22,Chaco,22070,Independencia,2008,165,0.0
22,Chaco,22070,Independencia,2009,169,0.0
22,Chaco,22070,Independencia,2010,75,0.0
22,Chaco,22070,Independencia,2011,66,0.0
22,Chaco,22070,Independencia,2012,108,0.0
22,Chaco,22070,Independencia,2013,115,0.0
22,Chaco,22070,Independencia,2014,153,0.0
22,Chaco,22070,Independencia,2015,48,0.0
22,Chaco,22070,Independencia,2016,76,0.0
22,Chaco,22070,Independencia,2017,150,0.0
22,Chaco,22070,Independencia,2018,243,0.0
22,Chaco,22070,Independencia,2019,276,0.0
22,Chaco,22070,Independencia,2020,211,0.0
22,Chaco,22070,Independencia,2021,289,0.0
22,Chaco,22070,Independencia,2022,201,0.0
22,Chaco,22070,Independencia,2023,220,0.0
22,Chaco,22070,Independencia,2024,185,0.0
22,Chaco,22077,Libertad,2000,256,0.0
22,Chaco,22077,Libertad,2001,245,0.0
22,Chaco,22077,Libertad,2002,255,0.0
22,Chaco,22077,Libertad,2003,175,0.0
22,Chaco,22077,Libertad,2004,170,0.0
22,Chaco,22077,Libertad,2005,146,0.0
22,Chaco,22077,Libertad,2006,202,0.0
22,Chaco,22077,Libertad,2007,271,0.0
22,Chaco,22077,Libertad,2008,303,0.0
22,Chaco,22077,Libertad,2009,184,0.0
22,Chaco,22077,Libertad,2010,246,0.0
22,Chaco,22077,Libertad,2011,178,0.0
22,Chaco,22077,Libertad,2012,217,0.0
22,Chaco,22077,Libertad,2013,217,0.0
22,Chaco,22077,Libertad,2014,353,0.0
22,Chaco,22077,Libertad,2015,273,0.0
22,Chaco,22077,Libertad,2016,273,0.0
22,Chaco,22077,Libertad,2017,194,0.0
22,Chaco,22077,Libertad,2018,190,0.0
22,Chaco,22077,Libertad,2019,171,0.0
22,Chaco,22077,Libertad,2020,104,0.0
22,Chaco,22077,Libertad,2021,147,0.0
22,Chaco,22077,Libertad,2022,140,0.0
22,Chaco,22077,Libertad,2023,207,0.0
22,Chaco,22077,Libertad,2024,262,0.0
22,Chaco,22084,Libertador General San Martín,2000,1017,0.0
22,Chaco,22084,Libertador General San Martín,2001,1293,0.0
22,Chaco,22084,Libertador General San Martín,2002,1720,0.0
22,Chaco,22084,Libertador General San Martín,2003,1124,0.0
22,Chaco,22084,Libertador General San Martín,2004,1032,0.0
22,Chaco,22084,Libertador General San Martín,2005,692,0.0
22,Chaco,22084,Libertador General San Martín,2006,853,0.0
22,Chaco,22084,Libertador General San Martín,2007,676,0.0
22,Chaco,22084,Libertador General San Martín,2008,553,0.0
22,Chaco,22084,Libertador General San Martín,2009,566,0.0
22,Chaco,22084,Libertador General San Martín,2010,557,0.0
22,Chaco,22084,Libertador General San Martín,2011,692,0.0
22,Chaco,22084,Libertador General San Martín,2012,794,0.0
22,Chaco,22084,Libertador General San Martín,2013,852,0.0
22,Chaco,22084,Libertador General San Martín,2014,828,0.0
22,Chaco,22084,Libertador General San Martín,2015,706,0.0
22,Chaco,22084,Libertador General San Martín,2016,775,0.0
22,Chaco,22084,Libertador General San Martín,2017,718,0.0
22,Chaco,22084,Libertador General San Martín,2018,963,0.0
22,Chaco,22084,Libertador General San Martín,2019,1171,0.0
22,Chaco,22084,Libertador General San Martín,2020,680,0.0
22,Chaco,22084,Libertador General San Martín,2021,625,0.0
22,Chaco,22084,Libertador General San Martín,2022,460,0.0
22,Chaco,22084,Libertador General San Martín,2023,530,0.0
22,Chaco,22084,Libertador General San Martín,2024,787,0.0
22,Chaco,22091,Maipú,2000,160,0.0
22,Chaco,22091,Maipú,2001,236,0.0
22,Chaco,22091,Maipú,2002,301,0.0
22,Chaco,22091,Maipú,2003,250,0.0
22,Chaco,22091,Maipú,2004,207,0.0
22,Chaco,22091,Maipú,2005,183,0.0
22,Chaco,22091,Maipú,2006,171,0.0
22,Chaco,22091,Maipú,2007,122,0.0
22,Chaco,22091,Maipú,2008,84,0.0
22,Chaco,22091,Maipú,2009,124,0.0
22,Chaco,22091,Maipú,2010,130,0.0
22,Chaco,22091,Maipú,2011,161,0.0
22,Chaco,22091,Maipú,2012,120,0.0
22,Chaco,22091,Maipú,2013,34,0.0
22,Chaco,22091,Maipú,2014,19,0.0
22,Chaco,22091,Maipú,2015,31,0.0
22,Chaco,22091,Maipú,2016,162,0.0
22,Chaco,22091,Maipú,2017,307,0.0
22,Chaco,22091,Maipú,2018,298,0.0
22,Chaco,22091,Maipú,2019,305,0.0
22,Chaco,22091,Maipú,2020,209,0.0
22,Chaco,22091,Maipú,2021,154,0.0
22,Chaco,22091,Maipú,2022,161,0.0
22,Chaco,22091,Maipú,2023,229,0.0
22,Chaco,22091,Maipú,2024,184,0.0
22,Chaco,22098,Mayor Luis J. Fontana,2000,1682,0.0
22,Chaco,22098,Mayor Luis J. Fontana,2001,1744,0.0
22,Chaco,22098,Mayor Luis J. Fontana,2002,2938,0.0
22,Chaco,22098,Mayor Luis J. Fontana,2003,2346,0.0
22,Chaco,22098,Mayor Luis J. Fontana,2004,2017,0.0
22,Chaco,22098,Mayor Luis J. Fontana,2005,1241,0.0
22,Chaco,22098,Mayor Luis J. Fontana,2006,669,0.0
22,Chaco,22098,Mayor Luis J. Fontana,2007,831,0.0
22,Chaco,22098,Mayor Luis J. Fontana,2008,661,0.0
22,Chaco,22098,Mayor Luis J. Fontana,2009,504,0.0
22,Chaco,22098,Mayor Luis J. Fontana,2010,487,0.0
22,Chaco,22098,Mayor Luis J. Fontana,2011,448,0.0
22,Chaco,22098,Mayor Luis J. Fontana,2012,706,0.0
22,Chaco,22098,Mayor Luis J. Fontana,2013,586,0.0
22,Chaco,22098,Mayor Luis J. Fontana,2014,900,0.0
22,Chaco,22098,Mayor Luis J. Fontana,2015,554,0.0
22,Chaco,22098,Mayor Luis J. Fontana,2016,575,0.0
22,Chaco,22098,Mayor Luis J. Fontana,2017,729,0.0
22,Chaco,22098,Mayor Luis J. Fontana,2018,968,0.0
22,Chaco,22098,Mayor Luis J. Fontana,2019,819,0.0
22,Chaco,22098,Mayor Luis J. Fontana,2020,801,0.0
22,Chaco,22098,Mayor Luis J. Fontana,2021,776,0.0
22,Chaco,22098,Mayor Luis J. Fontana,2022,718,0.0
22,Chaco,22098,Mayor Luis J. Fontana,2023,754,0.0
22,Chaco,22098,Mayor Luis J. Fontana,2024,835,0.0
22,Chaco,22105,9 de Julio,2000,451,0.0
22,Chaco,22105,9 de Julio,2001,482,0.0
22,Chaco,22105,9 de Julio,2002,660,0.0
22,Chaco,22105,9 de Julio,2003,483,0.0
22,Chaco,22105,9 de Julio,2004,372,0.0
22,Chaco,22105,9 de Julio,2005,561,0.0
22,Chaco,22105,9 de Julio,2006,476,0.0
22,Chaco,22105,9 de Julio,2007,335,0.0
22,Chaco,22105,9 de Julio,2008,249,0.0
22,Chaco,22105,9 de Julio,2009,461,0.0
22,Chaco,22105,9 de Julio,2010,298,0.0
22,Chaco,22105,9 de Julio,2011,268,0.0
22,Chaco,22105,9 de Julio,2012,276,0.0
22,Chaco,22105,9 de Julio,2013,134,0.0
22,Chaco,22105,9 de Julio,2014,92,0.0
22,Chaco,22105,9 de Julio,2015,27,0.0
22,Chaco,22105,9 de Julio,2016,188,0.0
22,Chaco,22105,9 de Julio,2017,298,0.0
22,Chaco,22105,9 de Julio,2018,288,0.0
22,Chaco,22105,9 de Julio,2019,182,0.0
22,Chaco,22105,9 de Julio,2020,125,0.0
22,Chaco,22105,9 de Julio,2021,168,0.0
22,Chaco,22105,9 de Julio,2022,246,0.0
22,Chaco,22105,9 de Julio,2023,407,0.0
22,Chaco,22105,9 de Julio,2024,245,0.0
22,Chaco,22112,O' Higgins,2000,216,0.0
22,Chaco,22112,O' Higgins,2001,290,0.0
22,Chaco,22112,O' Higgins,2002,326,0.0
22,Chaco,22112,O' Higgins,2003,263,0.0
22,Chaco,22112,O' Higgins,2004,163,0.0
22,Chaco,22112,O' Higgins,2005,197,0.0
22,Chaco,22112,O' Higgins,2006,189,0.0
22,Chaco,22112,O' Higgins,2007,243,0.0
22,Chaco,22112,O' Higgins,2008,159,0.0
22,Chaco,22112,O' Higgins,2009,148,0.0
22,Chaco,22112,O' Higgins,2010,147,0.0
22,Chaco,22112,O' Higgins,2011,110,0.0
22,Chaco,22112,O' Higgins,2012,122,0.0
22,Chaco,22112,O' Higgins,2013,126,0.0
22,Chaco,22112,O' Higgins,2014,129,0.0
22,Chaco,22112,O' Higgins,2015,136,0.0
22,Chaco,22112,O' Higgins,2016,127,0.0
22,Chaco,22112,O' Higgins,2017,180,0.0
22,Chaco,22112,O' Higgins,2018,229,0.0
22,Chaco,22112,O' Higgins,2019,159,0.0
22,Chaco,22112,O' Higgins,2020,145,0.0
22,Chaco,22112,O' Higgins,2021,226,0.0
22,Chaco,22112,O' Higgins,2022,155,0.0
22,Chaco,22112,O' Higgins,2023,169,0.0
22,Chaco,22112,O' Higgins,2024,207,0.0
22,Chaco,22119,Presidencia de la Plaza,2000,107,0.0
22,Chaco,22119,Presidencia de la Plaza,2001,170,0.0
22,Chaco,22119,Presidencia de la Plaza,2002,234,0.0
22,Chaco,22119,Presidencia de la Plaza,2003,203,0.0
22,Chaco,22119,Presidencia de la Plaza,2004,243,0.0
22,Chaco,22119,Presidencia de la Plaza,2005,181,0.0
22,Chaco,22119,Presidencia de la Plaza,2006,215,0.0
22,Chaco,22119,Presidencia de la Plaza,2007,125,0.0
22,Chaco,22119,Presidencia de la Plaza,2008,195,0.0
22,Chaco,22119,Presidencia de la Plaza,2009,160,0.0
22,Chaco,22119,Presidencia de la Plaza,2010,90,0.0
22,Chaco,22119,Presidencia de la Plaza,2011,121,0.0
22,Chaco,22119,Presidencia de la Plaza,2012,63,0.0
22,Chaco,22119,Presidencia de la Plaza,2013,53,0.0
22,Chaco,22119,Presidencia de la Plaza,2014,70,0.0
22,Chaco,22119,Presidencia de la Plaza,2015,74,0.0
22,Chaco,22119,Presidencia de la Plaza,2016,0,0.0
22,Chaco,22119,Presidencia de la Plaza,2017,79,0.0
22,Chaco,22119,Presidencia de la Plaza,2018,98,0.0
22,Chaco,22119,Presidencia de la Plaza,2019,89,0.0
22,Chaco,22119,Presidencia de la Plaza,2020,77,0.0
22,Chaco,22119,Presidencia de la Plaza,2021,73,0.0
22,Chaco,22119,Presidencia de la Plaza,2022,89,0.0
22,Chaco,22119,Presidencia de la Plaza,2023,101,0.0
22,Chaco,22119,Presidencia de la Plaza,2024,130,0.0
22,Chaco,22126,1º de Mayo,2000,150,0.0
22,Chaco,22126,1º de Mayo,2001,237,0.0
22,Chaco,22126,1º de Mayo,2002,334,0.0
22,Chaco,22126,1º de Mayo,2003,242,0.0
22,Chaco,22126,1º de Mayo,2004,162,0.0
22,Chaco,22126,1º de Mayo,2005,133,0.0
22,Chaco,22126,1º de Mayo,2006,160,0.0
22,Chaco,22126,1º de Mayo,2007,172,0.0
22,Chaco,22126,1º de Mayo,2008,137,0.0
22,Chaco,22126,1º de Mayo,2009,179,0.0
22,Chaco,22126,1º de Mayo,2010,156,0.0
22,Chaco,22126,1º de Mayo,2011,134,0.0
22,Chaco,22126,1º de Mayo,2012,208,0.0
22,Chaco,22126,1º de Mayo,2013,275,0.0
22,Chaco,22126,1º de Mayo,2014,266,0.0
22,Chaco,22126,1º de Mayo,2015,237,0.0
22,Chaco,22126,1º de Mayo,2016,160,0.0
22,Chaco,22126,1º de Mayo,2017,65,0.0
22,Chaco,22126,1º de Mayo,2018,90,0.0
22,Chaco,22126,1º de Mayo,2019,143,0.0
22,Chaco,22126,1º de Mayo,2020,150,0.0
22,Chaco,22126,1º de Mayo,2021,144,0.0
22,Chaco,22126,1º de Mayo,2022,159,0.0
22,Chaco,22126,1º de Mayo,2023,122,0.0
22,Chaco,22126,1º de Mayo,2024,175,0.0
22,Chaco,22133,Quitilipi,2000,544,0.0
22,Chaco,22133,Quitilipi,2001,701,0.0
22,Chaco,22133,Quitilipi,2002,1038,0.0
22,Chaco,22133,Quitilipi,2003,628,0.0
22,Chaco,22133,Quitilipi,2004,564,0.0
22,Chaco,22133,Quitilipi,2005,372,0.0
22,Chaco,22133,Quitilipi,2006,353,0.0
22,Chaco,22133,Quitilipi,2007,276,0.0
22,Chaco,22133,Quitilipi,2008,458,0.0
22,Chaco,22133,Quitilipi,2009,281,0.0
22,Chaco,22133,Quitilipi,2010,240,0.0
22,Chaco,22133,Quitilipi,2011,290,0.0
22,Chaco,22133,Quitilipi,2012,70,0.0
22,Chaco,22133,Quitilipi,2013,70,0.0
22,Chaco,22133,Quitilipi,2014,94,0.0
22,Chaco,22133,Quitilipi,2015,78,0.0
22,Chaco,22133,Quitilipi,2016,218,0.0
22,Chaco,22133,Quitilipi,2017,165,0.0
22,Chaco,22133,Quitilipi,2018,365,0.0
22,Chaco,22133,Quitilipi,2019,323,0.0
22,Chaco,22133,Quitilipi,2020,211,0.0
22,Chaco,22133,Quitilipi,2021,242,0.0
22,Chaco,22133,Quitilipi,2022,228,0.0
22,Chaco,22133,Quitilipi,2023,351,0.0
22,Chaco,22133,Quitilipi,2024,205,0.0
22,Chaco,22140,San Fernando,2000,18044,0.0
22,Chaco,22140,San Fernando,2001,21178,0.0
22,Chaco,22140,San Fernando,2002,21921,0.0
22,Chaco,22140,San Fernando,2003,15673,0.0
22,Chaco,22140,San Fernando,2004,15025,0.0
22,Chaco,22140,San Fernando,2005,13990,0.0
22,Chaco,22140,San Fernando,2006,13309,0.0
22,Chaco,22140,San Fernando,2007,11803,0.0
22,Chaco,22140,San Fernando,2008,11284,0.0
22,Chaco,22140,San Fernando,2009,10156,0.0
22,Chaco,22140,San Fernando,2010,9850,0.0
22,Chaco,22140,San Fernando,2011,9176,0.0
22,Chaco,22140,San Fernando,2012,11555,0.0
22,Chaco,22140,San Fernando,2013,14281,0.0
22,Chaco,22140,San Fernando,2014,14446,0.0
22,Chaco,22140,San Fernando,2015,10910,0.0
22,Chaco,22140,San Fernando,2016,9787,0.0
22,Chaco,22140,San Fernando,2017,8744,0.0
22,Chaco,22140,San Fernando,2018,8169,0.0
22,Chaco,22140,San Fernando,2019,6853,0.0
22,Chaco,22140,San Fernando,2020,5390,0.0
22,Chaco,22140,San Fernando,2021,5505,0.0
22,Chaco,22140,San Fernando,2022,5524,0.0
22,Chaco,22140,San Fernando,2023,7558,0.0
22,Chaco,22140,San Fernando,2024,8017,0.0
22,Chaco,22147,San Lorenzo,2000,204,0.0
22,Chaco,22147,San Lorenzo,2001,262,0.0
22,Chaco,22147,San Lorenzo,2002,185,0.0
22,Chaco,22147,San Lorenzo,2003,263,0.0
22,Chaco,22147,San Lorenzo,2004,158,0.0
22,Chaco,22147,San Lorenzo,2005,141,0.0
22,Chaco,22147,San Lorenzo,2006,75,0.0
22,Chaco,22147,San Lorenzo,2007,85,0.0
22,Chaco,22147,San Lorenzo,2008,98,0.0
22,Chaco,22147,San Lorenzo,2009,81,0.0
22,Chaco,22147,San Lorenzo,2010,95,0.0
22,Chaco,22147,San Lorenzo,2011,96,0.0
22,Chaco,22147,San Lorenzo,2012,72,0.0
22,Chaco,22147,San Lorenzo,2013,69,0.0
22,Chaco,22147,San Lorenzo,2014,90,0.0
22,Chaco,22147,San Lorenzo,2015,72,0.0
22,Chaco,22147,San Lorenzo,2016,69,0.0
22,Chaco,22147,San Lorenzo,2017,78,0.0
22,Chaco,22147,San Lorenzo,2018,96,0.0
22,Chaco,22147,San Lorenzo,2019,102,0.0
22,Chaco,22147,San Lorenzo,2020,66,0.0
22,Chaco,22147,San Lorenzo,2021,93,0.0
22,Chaco,22147,San Lorenzo,2022,85,0.0
22,Chaco,22147,San Lorenzo,2023,95,0.0
22,Chaco,22147,San Lorenzo,2024,122,0.0
22,Chaco,22154,Sargento Cabral,2000,243,0.0
22,Chaco,22154,Sargento Cabral,2001,247,0.0
22,Chaco,22154,Sargento Cabral,2002,366,0.0
22,Chaco,22154,Sargento Cabral,2003,238,0.0
22,Chaco,22154,Sargento Cabral,2004,176,0.0
22,Chaco,22154,Sargento Cabral,2005,183,0.0
22,Chaco,22154,Sargento Cabral,2006,141,0.0
22,Chaco,22154,Sargento Cabral,2007,144,0.0
22,Chaco,22154,Sargento Cabral,2008,124,0.0
22,Chaco,22154,Sargento Cabral,2009,97,0.0
22,Chaco,22154,Sargento Cabral,2010,93,0.0
22,Chaco,22154,Sargento Cabral,2011,83,0.0
22,Chaco,22154,Sargento Cabral,2012,101,0.0
22,Chaco,22154,Sargento Cabral,2013,94,0.0
22,Chaco,22154,Sargento Cabral,2014,118,0.0
22,Chaco,22154,Sargento Cabral,2015,107,0.0
22,Chaco,22154,Sargento Cabral,2016,132,0.0
22,Chaco,22154,Sargento Cabral,2017,116,0.0
22,Chaco,22154,Sargento Cabral,2018,101,0.0
22,Chaco,22154,Sargento Cabral,2019,95,0.0
22,Chaco,22154,Sargento Cabral,2020,124,0.0
22,Chaco,22154,Sargento Cabral,2021,112,0.0
22,Chaco,22154,Sargento Cabral,2022,107,0.0
22,Chaco,22154,Sargento Cabral,2023,87,0.0
22,Chaco,22154,Sargento Cabral,2024,132,0.0
22,Chaco,22161,Tapenagá,2000,55,0.0
22,Chaco,22161,Tapenagá,2001,66,0.0
22,Chaco,22161,Tapenagá,2002,72,0.0
22,Chaco,22161,Tapenagá,2003,63,0.0
22,Chaco,22161,Tapenagá,2004,53,0.0
22,Chaco,22161,Tapenagá,2005,51,0.0
22,Chaco,22161,Tapenagá,2006,39,0.0
22,Chaco,22161,Tapenagá,2007,35,0.0
22,Chaco,22161,Tapenagá,2008,43,0.0
22,Chaco,22161,Tapenagá,2009,46,0.0
22,Chaco,22161,Tapenagá,2010,48,0.0
22,Chaco,22161,Tapenagá,2011,70,0.0
22,Chaco,22161,Tapenagá,2012,55,0.0
22,Chaco,22161,Tapenagá,2013,53,0.0
22,Chaco,22161,Tapenagá,2014,51,0.0
22,Chaco,22161,Tapenagá,2015,29,0.0
22,Chaco,22161,Tapenagá,2016,27,0.0
22,Chaco,22161,Tapenagá,2017,37,0.0
22,Chaco,22161,Tapenagá,2018,29,0.0
22,Chaco,22161,Tapenagá,2019,20,0.0
22,Chaco,22161,Tapenagá,2020,29,0.0
22,Chaco,22161,Tapenagá,2021,24,0.0
22,Chaco,22161,Tapenagá,2022,27,0.0
22,Chaco,22161,Tapenagá,2023,16,0.0
22,Chaco,22161,Tapenagá,2024,23,0.0
22,Chaco,22168,25 de Mayo,2000,300,0.0
22,Chaco,22168,25 de Mayo,2001,655,0.0
22,Chaco,22168,25 de Mayo,2002,907,0.0
22,Chaco,22168,25 de Mayo,2003,702,0.0
22,Chaco,22168,25 de Mayo,2004,479,0.0
22,Chaco,22168,25 de Mayo,2005,344,0.0
22,Chaco,22168,25 de Mayo,2006,358,0.0
22,Chaco,22168,25 de Mayo,2007,295,0.0
22,Chaco,22168,25 de Mayo,2008,367,0.0
22,Chaco,22168,25 de Mayo,2009,363,0.0
22,Chaco,22168,25 de Mayo,2010,190,0.0
22,Chaco,22168,25 de Mayo,2011,252,0.0
22,Chaco,22168,25 de Mayo,2012,231,0.0
22,Chaco,22168,25 de Mayo,2013,567,0.0
22,Chaco,22168,25 de Mayo,2014,490,0.0
22,Chaco,22168,25 de Mayo,2015,320,0.0
22,Chaco,22168,25 de Mayo,2016,337,0.0
22,Chaco,22168,25 de Mayo,2017,522,0.0
22,Chaco,22168,25 de Mayo,2018,480,0.0
22,Chaco,22168,25 de Mayo,2019,448,0.0
22,Chaco,22168,25 de Mayo,2020,310,0.0
22,Chaco,22168,25 de Mayo,2021,316,0.0
22,Chaco,22168,25 de Mayo,2022,305,0.0
22,Chaco,22168,25 de Mayo,2023,300,0.0
22,Chaco,22168,25 de Mayo,2024,366,0.0
22,Chaco,22999,Departamento sin determinar,2000,18,0.0
22,Chaco,22999,Departamento sin determinar,2001,10,0.0
22,Chaco,22999,Departamento sin determinar,2002,11,0.0
22,Chaco,22999,Departamento sin determinar,2003,11,0.0
22,Chaco,22999,Departamento sin determinar,2004,19,0.0
22,Chaco,22999,Departamento sin determinar,2005,79,0.0
22,Chaco,22999,Departamento sin determinar,2006,29,0.0
22,Chaco,22999,Departamento sin determinar,2007,11,0.0
22,Chaco,22999,Departamento sin determinar,2008,9,0.0
22,Chaco,22999,Departamento sin determinar,2009,11,0.0
22,Chaco,22999,Departamento sin determinar,2010,6,0.0
22,Chaco,22999,Departamento sin determinar,2011,12,0.0
22,Chaco,22999,Departamento sin determinar,2012,28,0.0
22,Chaco,22999,Departamento sin determinar,2013,34,0.0
22,Chaco,22999,Departamento sin determinar,2014,25,0.0
22,Chaco,22999,Departamento sin determinar,2015,15,0.0
22,Chaco,22999,Departamento sin determinar,2016,110,0.0
22,Chaco,22999,Departamento sin determinar,2017,16,0.0
22,Chaco,22999,Departamento sin determinar,2018,26,0.0
22,Chaco,22999,Departamento sin determinar,2019,26,0.0
22,Chaco,22999,Departamento sin determinar,2020,18,0.0
22,Chaco,22999,Departamento sin determinar,2021,24,0.0
22,Chaco,22999,Departamento sin determinar,2022,35,0.0
22,Chaco,22999,Departamento sin determinar,2023,33,0.0
22,Chaco,22999,Departamento sin determinar,2024,32,0.0
26,Chubut,26007,Biedma,2000,1349,0.0
26,Chubut,26007,Biedma,2001,1969,0.0
26,Chubut,26007,Biedma,2002,1854,0.0
26,Chubut,26007,Biedma,2003,2458,0.0
26,Chubut,26007,Biedma,2004,1827,0.0
26,Chubut,26007,Biedma,2005,1493,0.0
26,Chubut,26007,Biedma,2006,1819,0.0
26,Chubut,26007,Biedma,2007,2216,0.0
26,Chubut,26007,Biedma,2008,1705,0.0
26,Chubut,26007,Biedma,2009,1665,0.0
26,Chubut,26007,Biedma,2010,1622,0.0
26,Chubut,26007,Biedma,2011,1249,0.0
26,Chubut,26007,Biedma,2012,1325,0.0
26,Chubut,26007,Biedma,2013,2889,0.0
26,Chubut,26007,Biedma,2014,3336,0.0
26,Chubut,26007,Biedma,2015,3235,0.0
26,Chubut,26007,Biedma,2016,2557,0.0
26,Chubut,26007,Biedma,2017,2209,0.0
26,Chubut,26007,Biedma,2018,1890,0.0
26,Chubut,26007,Biedma,2019,2086,0.0
26,Chubut,26007,Biedma,2020,1944,0.0
26,Chubut,26007,Biedma,2021,2096,0.0
26,Chubut,26007,Biedma,2022,2247,0.0
26,Chubut,26007,Biedma,2023,2474,0.0
26,Chubut,26007,Biedma,2024,2227,0.0
26,Chubut,26014,Cushamen,2000,200,0.0
26,Chubut,26014,Cushamen,2001,210,0.0
26,Chubut,26014,Cushamen,2002,284,0.0
26,Chubut,26014,Cushamen,2003,215,0.0
26,Chubut,26014,Cushamen,2004,194,0.0
26,Chubut,26014,Cushamen,2005,156,0.0
26,Chubut,26014,Cushamen,2006,200,0.0
26,Chubut,26014,Cushamen,2007,265,0.0
26,Chubut,26014,Cushamen,2008,201,0.0
26,Chubut,26014,Cushamen,2009,290,0.0
26,Chubut,26014,Cushamen,2010,296,0.0
26,Chubut,26014,Cushamen,2011,263,0.0
26,Chubut,26014,Cushamen,2012,175,0.0
26,Chubut,26014,Cushamen,2013,312,0.0
26,Chubut,26014,Cushamen,2014,300,0.0
26,Chubut,26014,Cushamen,2015,212,0.0
26,Chubut,26014,Cushamen,2016,235,0.0
26,Chubut,26014,Cushamen,2017,185,0.0
26,Chubut,26014,Cushamen,2018,379,0.0
26,Chubut,26014,Cushamen,2019,319,0.0
26,Chubut,26014,Cushamen,2020,290,0.0
26,Chubut,26014,Cushamen,2021,268,0.0
26,Chubut,26014,Cushamen,2022,382,0.0
26,Chubut,26014,Cushamen,2023,491,0.0
26,Chubut,26014,Cushamen,2024,556,0.0
26,Chubut,26021,Escalante,2000,2136,0.0
26,Chubut,26021,Escalante,2001,2196,0.0
26,Chubut,26021,Escalante,2002,2683,0.0
26,Chubut,26021,Escalante,2003,3225,0.0
26,Chubut,26021,Escalante,2004,3473,0.0
26,Chubut,26021,Escalante,2005,3517,0.0
26,Chubut,26021,Escalante,2006,3192,0.0
26,Chubut,26021,Escalante,2007,3520,0.0
26,Chubut,26021,Escalante,2008,3120,0.0
26,Chubut,26021,Escalante,2009,3704,0.0
26,Chubut,26021,Escalante,2010,3659,0.0
26,Chubut,26021,Escalante,2011,3741,0.0
26,Chubut,26021,Escalante,2012,3814,0.0
26,Chubut,26021,Escalante,2013,3714,0.0
26,Chubut,26021,Escalante,2014,3390,0.0
26,Chubut,26021,Escalante,2015,2716,0.0
26,Chubut,26021,Escalante,2016,3218,0.0
26,Chubut,26021,Escalante,2017,3119,0.0
26,Chubut,26021,Escalante,2018,3510,0.0
26,Chubut,26021,Escalante,2019,3550,0.0
26,Chubut,26021,Escalante,2020,2723,0.0
26,Chubut,26021,Escalante,2021,3257,0.0
26,Chubut,26021,Escalante,2022,3286,0.0
26,Chubut,26021,Escalante,2023,5032,0.0
26,Chubut,26021,Escalante,2024,5095,0.0
26,Chubut,26028,Florentino Ameghino,2000,17,0.0
26,Chubut,26028,Florentino Ameghino,2001,17,0.0
26,Chubut,26028,Florentino Ameghino,2002,39,0.0
26,Chubut,26028,Florentino Ameghino,2003,37,0.0
26,Chubut,26028,Florentino Ameghino,2004,34,0.0
26,Chubut,26028,Florentino Ameghino,2005,14,0.0
26,Chubut,26028,Florentino Ameghino,2006,35,0.0
26,Chubut,26028,Florentino Ameghino,2007,24,0.0
26,Chubut,26028,Florentino Ameghino,2008,20,0.0
26,Chubut,26028,Florentino Ameghino,2009,33,0.0
26,Chubut,26028,Florentino Ameghino,2010,28,0.0
26,Chubut,26028,Florentino Ameghino,2011,20,0.0
26,Chubut,26028,Florentino Ameghino,2012,10,0.0
26,Chubut,26028,Florentino Ameghino,2013,6,0.0
26,Chubut,26028,Florentino Ameghino,2014,34,0.0
26,Chubut,26028,Florentino Ameghino,2015,18,0.0
26,Chubut,26028,Florentino Ameghino,2016,31,0.0
26,Chubut,26028,Florentino Ameghino,2017,5,0.0
26,Chubut,26028,Florentino Ameghino,2018,43,0.0
26,Chubut,26028,Florentino Ameghino,2019,30,0.0
26,Chubut,26028,Florentino Ameghino,2020,10,0.0
26,Chubut,26028,Florentino Ameghino,2021,9,0.0
26,Chubut,26028,Florentino Ameghino,2022,5,0.0
26,Chubut,26028,Florentino Ameghino,2023,10,0.0
26,Chubut,26028,Florentino Ameghino,2024,20,0.0
26,Chubut,26035,Futaleufú,2000,556,0.0
26,Chubut,26035,Futaleufú,2001,598,0.0
26,Chubut,26035,Futaleufú,2002,712,0.0
26,Chubut,26035,Futaleufú,2003,552,0.0
26,Chubut,26035,Futaleufú,2004,343,0.0
26,Chubut,26035,Futaleufú,2005,196,0.0
26,Chubut,26035,Futaleufú,2006,538,0.0
26,Chubut,26035,Futaleufú,2007,520,0.0
26,Chubut,26035,Futaleufú,2008,565,0.0
26,Chubut,26035,Futaleufú,2009,1113,0.0
26,Chubut,26035,Futaleufú,2010,1208,0.0
26,Chubut,26035,Futaleufú,2011,1032,0.0
26,Chubut,26035,Futaleufú,2012,693,0.0
26,Chubut,26035,Futaleufú,2013,843,0.0
26,Chubut,26035,Futaleufú,2014,812,0.0
26,Chubut,26035,Futaleufú,2015,727,0.0
26,Chubut,26035,Futaleufú,2016,773,0.0
26,Chubut,26035,Futaleufú,2017,865,0.0
26,Chubut,26035,Futaleufú,2018,934,0.0
26,Chubut,26035,Futaleufú,2019,881,0.0
26,Chubut,26035,Futaleufú,2020,736,0.0
26,Chubut,26035,Futaleufú,2021,957,0.0
26,Chubut,26035,Futaleufú,2022,707,0.0
26,Chubut,26035,Futaleufú,2023,897,0.0
26,Chubut,26035,Futaleufú,2024,891,0.0
26,Chubut,26042,Gaiman,2000,84,0.0
26,Chubut,26042,Gaiman,2001,93,0.0
26,Chubut,26042,Gaiman,2002,142,0.0
26,Chubut,26042,Gaiman,2003,103,0.0
26,Chubut,26042,Gaiman,2004,115,0.0
26,Chubut,26042,Gaiman,2005,110,0.0
26,Chubut,26042,Gaiman,2006,108,0.0
26,Chubut,26042,Gaiman,2007,101,0.0
26,Chubut,26042,Gaiman,2008,108,0.0
26,Chubut,26042,Gaiman,2009,184,0.0
26,Chubut,26042,Gaiman,2010,181,0.0
26,Chubut,26042,Gaiman,2011,161,0.0
26,Chubut,26042,Gaiman,2012,99,0.0
26,Chubut,26042,Gaiman,2013,282,0.0
26,Chubut,26042,Gaiman,2014,276,0.0
26,Chubut,26042,Gaiman,2015,252,0.0
26,Chubut,26042,Gaiman,2016,232,0.0
26,Chubut,26042,Gaiman,2017,205,0.0
26,Chubut,26042,Gaiman,2018,202,0.0
26,Chubut,26042,Gaiman,2019,205,0.0
26,Chubut,26042,Gaiman,2020,174,0.0
26,Chubut,26042,Gaiman,2021,187,0.0
26,Chubut,26042,Gaiman,2022,256,0.0
26,Chubut,26042,Gaiman,2023,278,0.0
26,Chubut,26042,Gaiman,2024,292,0.0
26,Chubut,26049,Gastre,2000,1,0.0
26,Chubut,26049,Gastre,2001,1,0.0
26,Chubut,26049,Gastre,2002,7,0.0
26,Chubut,26049,Gastre,2003,12,0.0
26,Chubut,26049,Gastre,2004,5,0.0
26,Chubut,26049,Gastre,2005,4,0.0
26,Chubut,26049,Gastre,2006,7,0.0
26,Chubut,26049,Gastre,2007,8,0.0
26,Chubut,26049,Gastre,2008,9,0.0
26,Chubut,26049,Gastre,2009,9,0.0
26,Chubut,26049,Gastre,2010,5,0.0
26,Chubut,26049,Gastre,2011,7,0.0
26,Chubut,26049,Gastre,2012,1,0.0
26,Chubut,26049,Gastre,2013,4,0.0
26,Chubut,26049,Gastre,2014,3,0.0
26,Chubut,26049,Gastre,2015,6,0.0
26,Chubut,26049,Gastre,2016,6,0.0
26,Chubut,26049,Gastre,2017,3,0.0
26,Chubut,26049,Gastre,2018,24,0.0
26,Chubut,26049,Gastre,2019,14,0.0
26,Chubut,26049,Gastre,2020,6,0.0
26,Chubut,26049,Gastre,2021,3,0.0
26,Chubut,26049,Gastre,2022,0,0.0
26,Chubut,26049,Gastre,2023,0,0.0
26,Chubut,26056,Languiñeo,2000,34,0.0
26,Chubut,26056,Languiñeo,2001,40,0.0
26,Chubut,26056,Languiñeo,2002,43,0.0
26,Chubut,26056,Languiñeo,2003,52,0.0
26,Chubut,26056,Languiñeo,2004,33,0.0
26,Chubut,26056,Languiñeo,2005,29,0.0
26,Chubut,26056,Languiñeo,2006,31,0.0
26,Chubut,26056,Languiñeo,2007,29,0.0
26,Chubut,26056,Languiñeo,2008,13,0.0
26,Chubut,26056,Languiñeo,2009,21,0.0
26,Chubut,26056,Languiñeo,2010,20,0.0
26,Chubut,26056,Languiñeo,2011,32,0.0
26,Chubut,26056,Languiñeo,2012,12,0.0
26,Chubut,26056,Languiñeo,2013,30,0.0
26,Chubut,26056,Languiñeo,2014,25,0.0
26,Chubut,26056,Languiñeo,2015,27,0.0
26,Chubut,26056,Languiñeo,2016,22,0.0
26,Chubut,26056,Languiñeo,2017,11,0.0
26,Chubut,26056,Languiñeo,2018,16,0.0
26,Chubut,26056,Languiñeo,2019,30,0.0
26,Chubut,26056,Languiñeo,2020,12,0.0
26,Chubut,26056,Languiñeo,2021,14,0.0
26,Chubut,26056,Languiñeo,2022,29,0.0
26,Chubut,26056,Languiñeo,2023,31,0.0
26,Chubut,26056,Languiñeo,2024,37,0.0
26,Chubut,26063,Mártires,2000,7,0.0
26,Chubut,26063,Mártires,2001,11,0.0
26,Chubut,26063,Mártires,2002,6,0.0
26,Chubut,26063,Mártires,2003,5,0.0
26,Chubut,26063,Mártires,2004,2,0.0
26,Chubut,26063,Mártires,2005,7,0.0
26,Chubut,26063,Mártires,2006,7,0.0
26,Chubut,26063,Mártires,2007,12,0.0
26,Chubut,26063,Mártires,2008,9,0.0
26,Chubut,26063,Mártires,2009,2,0.0
26,Chubut,26063,Mártires,2010,1,0.0
26,Chubut,26063,Mártires,2011,2,0.0
26,Chubut,26063,Mártires,2012,0,0.0
26,Chubut,26063,Mártires,2013,9,0.0
26,Chubut,26063,Mártires,2014,16,0.0
26,Chubut,26063,Mártires,2015,13,0.0
26,Chubut,26063,Mártires,2016,5,0.0
26,Chubut,26063,Mártires,2017,1,0.0
26,Chubut,26063,Mártires,2018,5,0.0
26,Chubut,26063,Mártires,2019,4,0.0
26,Chubut,26063,Mártires,2020,11,0.0
26,Chubut,26063,Mártires,2021,8,0.0
26,Chubut,26063,Mártires,2022,13,0.0
26,Chubut,26063,Mártires,2023,10,0.0
26,Chubut,26063,Mártires,2024,7,0.0
26,Chubut,26070,Paso de Indios,2000,10,0.0
26,Chubut,26070,Paso de Indios,2001,20,0.0
26,Chubut,26070,Paso de Indios,2002,19,0.0
26,Chubut,26070,Paso de Indios,2003,11,0.0
26,Chubut,26070,Paso de Indios,2004,14,0.0
26,Chubut,26070,Paso de Indios,2005,9,0.0
26,Chubut,26070,Paso de Indios,2006,35,0.0
26,Chubut,26070,Paso de Indios,2007,12,0.0
26,Chubut,26070,Paso de Indios,2008,12,0.0
26,Chubut,26070,Paso de Indios,2009,11,0.0
26,Chubut,26070,Paso de Indios,2010,14,0.0
26,Chubut,26070,Paso de Indios,2011,8,0.0
26,Chubut,26070,Paso de Indios,2012,6,0.0
26,Chubut,26070,Paso de Indios,2013,22,0.0
26,Chubut,26070,Paso de Indios,2014,14,0.0
26,Chubut,26070,Paso de Indios,2015,17,0.0
26,Chubut,26070,Paso de Indios,2016,38,0.0
26,Chubut,26070,Paso de Indios,2017,6,0.0
26,Chubut,26070,Paso de Indios,2018,14,0.0
26,Chubut,26070,Paso de Indios,2019,21,0.0
26,Chubut,26070,Paso de Indios,2020,15,0.0
26,Chubut,26070,Paso de Indios,2021,23,0.0
26,Chubut,26070,Paso de Indios,2022,26,0.0
26,Chubut,26070,Paso de Indios,2023,23,0.0
26,Chubut,26070,Paso de Indios,2024,30,0.0
26,Chubut,26077,Rawson,2000,2025,0.0
26,Chubut,26077,Rawson,2001,2005,0.0
26,Chubut,26077,Rawson,2002,2163,0.0
26,Chubut,26077,Rawson,2003,3084,0.0
26,Chubut,26077,Rawson,2004,3104,0.0
26,Chubut,26077,Rawson,2005,3191,0.0
26,Chubut,26077,Rawson,2006,3296,0.0
26,Chubut,26077,Rawson,2007,2880,0.0
26,Chubut,26077,Rawson,2008,2700,0.0
26,Chubut,26077,Rawson,2009,3060,0.0
26,Chubut,26077,Rawson,2010,2904,0.0
26,Chubut,26077,Rawson,2011,2503,0.0
26,Chubut,26077,Rawson,2012,2204,0.0
26,Chubut,26077,Rawson,2013,3405,0.0
26,Chubut,26077,Rawson,2014,3678,0.0
26,Chubut,26077,Rawson,2015,3405,0.0
26,Chubut,26077,Rawson,2016,3826,0.0
26,Chubut,26077,Rawson,2017,3898,0.0
26,Chubut,26077,Rawson,2018,3819,0.0
26,Chubut,26077,Rawson,2019,4471,0.0
26,Chubut,26077,Rawson,2020,3628,0.0
26,Chubut,26077,Rawson,2021,4936,0.0
26,Chubut,26077,Rawson,2022,4910,0.0
26,Chubut,26077,Rawson,2023,6271,0.0
26,Chubut,26077,Rawson,2024,5664,0.0
26,Chubut,26084,Río Senguer,2000,64,0.0
26,Chubut,26084,Río Senguer,2001,35,0.0
26,Chubut,26084,Río Senguer,2002,60,0.0
26,Chubut,26084,Río Senguer,2003,53,0.0
26,Chubut,26084,Río Senguer,2004,39,0.0
26,Chubut,26084,Río Senguer,2005,64,0.0
26,Chubut,26084,Río Senguer,2006,54,0.0
26,Chubut,26084,Río Senguer,2007,61,0.0
26,Chubut,26084,Río Senguer,2008,46,0.0
26,Chubut,26084,Río Senguer,2009,59,0.0
26,Chubut,26084,Río Senguer,2010,52,0.0
26,Chubut,26084,Río Senguer,2011,46,0.0
26,Chubut,26084,Río Senguer,2012,23,0.0
26,Chubut,26084,Río Senguer,2013,1,0.0
26,Chubut,26084,Río Senguer,2014,25,0.0
26,Chubut,26084,Río Senguer,2015,8,0.0
26,Chubut,26084,Río Senguer,2016,43,0.0
26,Chubut,26084,Río Senguer,2017,8,0.0
26,Chubut,26084,Río Senguer,2018,25,0.0
26,Chubut,26084,Río Senguer,2019,42,0.0
26,Chubut,26084,Río Senguer,2020,29,0.0
26,Chubut,26084,Río Senguer,2021,44,0.0
26,Chubut,26084,Río Senguer,2022,28,0.0
26,Chubut,26084,Río Senguer,2023,34,0.0
26,Chubut,26084,Río Senguer,2024,40,0.0
26,Chubut,26091,Sarmiento ,2000,88,0.0
26,Chubut,26091,Sarmiento ,2001,65,0.0
26,Chubut,26091,Sarmiento ,2002,64,0.0
26,Chubut,26091,Sarmiento ,2003,144,0.0
26,Chubut,26091,Sarmiento ,2004,133,0.0
26,Chubut,26091,Sarmiento ,2005,161,0.0
26,Chubut,26091,Sarmiento ,2006,93,0.0
26,Chubut,26091,Sarmiento ,2007,202,0.0
26,Chubut,26091,Sarmiento ,2008,306,0.0
26,Chubut,26091,Sarmiento ,2009,287,0.0
26,Chubut,26091,Sarmiento ,2010,214,0.0
26,Chubut,26091,Sarmiento ,2011,161,0.0
26,Chubut,26091,Sarmiento ,2012,109,0.0
26,Chubut,26091,Sarmiento ,2013,227,0.0
26,Chubut,26091,Sarmiento ,2014,238,0.0
26,Chubut,26091,Sarmiento ,2015,107,0.0
26,Chubut,26091,Sarmiento ,2016,167,0.0
26,Chubut,26091,Sarmiento ,2017,201,0.0
26,Chubut,26091,Sarmiento ,2018,268,0.0
26,Chubut,26091,Sarmiento ,2019,235,0.0
26,Chubut,26091,Sarmiento ,2020,163,0.0
26,Chubut,26091,Sarmiento ,2021,213,0.0
26,Chubut,26091,Sarmiento ,2022,232,0.0
26,Chubut,26091,Sarmiento ,2023,242,0.0
26,Chubut,26091,Sarmiento ,2024,219,0.0
26,Chubut,26098,Tehuelches,2000,30,0.0
26,Chubut,26098,Tehuelches,2001,61,0.0
26,Chubut,26098,Tehuelches,2002,68,0.0
26,Chubut,26098,Tehuelches,2003,47,0.0
26,Chubut,26098,Tehuelches,2004,47,0.0
26,Chubut,26098,Tehuelches,2005,42,0.0
26,Chubut,26098,Tehuelches,2006,53,0.0
26,Chubut,26098,Tehuelches,2007,119,0.0
26,Chubut,26098,Tehuelches,2008,76,0.0
26,Chubut,26098,Tehuelches,2009,75,0.0
26,Chubut,26098,Tehuelches,2010,68,0.0
26,Chubut,26098,Tehuelches,2011,55,0.0
26,Chubut,26098,Tehuelches,2012,35,0.0
26,Chubut,26098,Tehuelches,2013,38,0.0
26,Chubut,26098,Tehuelches,2014,54,0.0
26,Chubut,26098,Tehuelches,2015,43,0.0
26,Chubut,26098,Tehuelches,2016,44,0.0
26,Chubut,26098,Tehuelches,2017,15,0.0
26,Chubut,26098,Tehuelches,2018,44,0.0
26,Chubut,26098,Tehuelches,2019,58,0.0
26,Chubut,26098,Tehuelches,2020,52,0.0
26,Chubut,26098,Tehuelches,2021,49,0.0
26,Chubut,26098,Tehuelches,2022,69,0.0
26,Chubut,26098,Tehuelches,2023,103,0.0
26,Chubut,26098,Tehuelches,2024,74,0.0
26,Chubut,26105,Telsen,2000,6,0.0
26,Chubut,26105,Telsen,2001,13,0.0
26,Chubut,26105,Telsen,2002,17,0.0
26,Chubut,26105,Telsen,2003,13,0.0
26,Chubut,26105,Telsen,2004,24,0.0
26,Chubut,26105,Telsen,2005,18,0.0
26,Chubut,26105,Telsen,2006,7,0.0
26,Chubut,26105,Telsen,2007,12,0.0
26,Chubut,26105,Telsen,2008,3,0.0
26,Chubut,26105,Telsen,2009,11,0.0
26,Chubut,26105,Telsen,2010,9,0.0
26,Chubut,26105,Telsen,2011,15,0.0
26,Chubut,26105,Telsen,2012,3,0.0
26,Chubut,26105,Telsen,2013,5,0.0
26,Chubut,26105,Telsen,2014,7,0.0
26,Chubut,26105,Telsen,2015,11,0.0
26,Chubut,26105,Telsen,2016,16,0.0
26,Chubut,26105,Telsen,2017,0,0.0
26,Chubut,26105,Telsen,2018,18,0.0
26,Chubut,26105,Telsen,2019,8,0.0
26,Chubut,26105,Telsen,2020,4,0.0
26,Chubut,26105,Telsen,2021,2,0.0
26,Chubut,26105,Telsen,2022,0,0.0
26,Chubut,26105,Telsen,2023,3,0.0
26,Chubut,26105,Telsen,2024,6,0.0
26,Chubut,26999,Departamento sin determinar,2000,17,0.0
26,Chubut,26999,Departamento sin determinar,2001,4,0.0
26,Chubut,26999,Departamento sin determinar,2002,35,0.0
26,Chubut,26999,Departamento sin determinar,2003,25,0.0
26,Chubut,26999,Departamento sin determinar,2004,30,0.0
26,Chubut,26999,Departamento sin determinar,2005,32,0.0
26,Chubut,26999,Departamento sin determinar,2006,15,0.0
26,Chubut,26999,Departamento sin determinar,2007,18,0.0
26,Chubut,26999,Departamento sin determinar,2008,19,0.0
26,Chubut,26999,Departamento sin determinar,2009,29,0.0
26,Chubut,26999,Departamento sin determinar,2010,8,0.0
26,Chubut,26999,Departamento sin determinar,2011,6,0.0
26,Chubut,26999,Departamento sin determinar,2012,4,0.0
26,Chubut,26999,Departamento sin determinar,2013,33,0.0
26,Chubut,26999,Departamento sin determinar,2014,41,0.0
26,Chubut,26999,Departamento sin determinar,2015,21,0.0
26,Chubut,26999,Departamento sin determinar,2016,33,0.0
26,Chubut,26999,Departamento sin determinar,2017,35,0.0
26,Chubut,26999,Departamento sin determinar,2018,33,0.0
26,Chubut,26999,Departamento sin determinar,2019,33,0.0
26,Chubut,26999,Departamento sin determinar,2020,12,0.0
26,Chubut,26999,Departamento sin determinar,2021,27,0.0
26,Chubut,26999,Departamento sin determinar,2022,35,0.0
26,Chubut,26999,Departamento sin determinar,2023,926,0.0
26,Chubut,26999,Departamento sin determinar,2024,80,0.0
30,Entre Ríos,30008,Colón,2000,391,0.0
30,Entre Ríos,30008,Colón,2001,339,0.0
30,Entre Ríos,30008,Colón,2002,434,0.0
30,Entre Ríos,30008,Colón,2003,367,0.0
30,Entre Ríos,30008,Colón,2004,394,0.0
30,Entre Ríos,30008,Colón,2005,491,0.0
30,Entre Ríos,30008,Colón,2006,471,0.0
30,Entre Ríos,30008,Colón,2007,614,0.0
30,Entre Ríos,30008,Colón,2008,474,0.0
30,Entre Ríos,30008,Colón,2009,467,0.0
30,Entre Ríos,30008,Colón,2010,329,0.0
30,Entre Ríos,30008,Colón,2011,343,0.0
30,Entre Ríos,30008,Colón,2012,296,0.0
30,Entre Ríos,30008,Colón,2013,354,0.0
30,Entre Ríos,30008,Colón,2014,312,0.0
30,Entre Ríos,30008,Colón,2015,461,0.0
30,Entre Ríos,30008,Colón,2016,612,0.0
30,Entre Ríos,30008,Colón,2017,578,0.0
30,Entre Ríos,30008,Colón,2018,309,0.0
30,Entre Ríos,30008,Colón,2019,390,0.0
30,Entre Ríos,30008,Colón,2020,364,0.0
30,Entre Ríos,30008,Colón,2021,505,0.0
30,Entre Ríos,30008,Colón,2022,752,0.0
30,Entre Ríos,30008,Colón,2023,1254,0.0
30,Entre Ríos,30008,Colón,2024,1610,0.0
30,Entre Ríos,30015,Concordia,2000,1459,0.0
30,Entre Ríos,30015,Concordia,2001,1275,0.0
30,Entre Ríos,30015,Concordia,2002,2095,0.0
30,Entre Ríos,30015,Concordia,2003,1634,0.0
30,Entre Ríos,30015,Concordia,2004,2143,0.0
30,Entre Ríos,30015,Concordia,2005,2041,0.0
30,Entre Ríos,30015,Concordia,2006,1734,0.0
30,Entre Ríos,30015,Concordia,2007,1413,0.0
30,Entre Ríos,30015,Concordia,2008,1747,0.0
30,Entre Ríos,30015,Concordia,2009,1527,0.0
30,Entre Ríos,30015,Concordia,2010,2000,0.0
30,Entre Ríos,30015,Concordia,2011,2052,0.0
30,Entre Ríos,30015,Concordia,2012,2192,0.0
30,Entre Ríos,30015,Concordia,2013,1601,0.0
30,Entre Ríos,30015,Concordia,2014,1879,0.0
30,Entre Ríos,30015,Concordia,2015,1880,0.0
30,Entre Ríos,30015,Concordia,2016,1962,0.0
30,Entre Ríos,30015,Concordia,2017,3426,0.0
30,Entre Ríos,30015,Concordia,2018,4694,0.0
30,Entre Ríos,30015,Concordia,2019,4254,0.0
30,Entre Ríos,30015,Concordia,2020,3640,0.0
30,Entre Ríos,30015,Concordia,2021,3754,0.0
30,Entre Ríos,30015,Concordia,2022,4187,0.0
30,Entre Ríos,30015,Concordia,2023,4981,0.0
30,Entre Ríos,30015,Concordia,2024,5017,0.0
30,Entre Ríos,30021,Diamante,2000,523,0.0
30,Entre Ríos,30021,Diamante,2001,526,0.0
30,Entre Ríos,30021,Diamante,2002,861,0.0
30,Entre Ríos,30021,Diamante,2003,477,0.0
30,Entre Ríos,30021,Diamante,2004,329,0.0
30,Entre Ríos,30021,Diamante,2005,467,0.0
30,Entre Ríos,30021,Diamante,2006,423,0.0
30,Entre Ríos,30021,Diamante,2007,391,0.0
30,Entre Ríos,30021,Diamante,2008,418,0.0
30,Entre Ríos,30021,Diamante,2009,451,0.0
30,Entre Ríos,30021,Diamante,2010,515,0.0
30,Entre Ríos,30021,Diamante,2011,465,0.0
30,Entre Ríos,30021,Diamante,2012,382,0.0
30,Entre Ríos,30021,Diamante,2013,307,0.0
30,Entre Ríos,30021,Diamante,2014,408,0.0
30,Entre Ríos,30021,Diamante,2015,300,0.0
30,Entre Ríos,30021,Diamante,2016,359,0.0
30,Entre Ríos,30021,Diamante,2017,513,0.0
30,Entre Ríos,30021,Diamante,2018,446,0.0
30,Entre Ríos,30021,Diamante,2019,386,0.0
30,Entre Ríos,30021,Diamante,2020,247,0.0
30,Entre Ríos,30021,Diamante,2021,488,0.0
30,Entre Ríos,30021,Diamante,2022,632,0.0
30,Entre Ríos,30021,Diamante,2023,700,0.0
30,Entre Ríos,30021,Diamante,2024,947,0.0
30,Entre Ríos,30028,Federación,2000,295,0.0
30,Entre Ríos,30028,Federación,2001,435,0.0
30,Entre Ríos,30028,Federación,2002,881,0.0
30,Entre Ríos,30028,Federación,2003,710,0.0
30,Entre Ríos,30028,Federación,2004,374,0.0
30,Entre Ríos,30028,Federación,2005,358,0.0
30,Entre Ríos,30028,Federación,2006,409,0.0
30,Entre Ríos,30028,Federación,2007,464,0.0
30,Entre Ríos,30028,Federación,2008,648,0.0
30,Entre Ríos,30028,Federación,2009,663,0.0
30,Entre Ríos,30028,Federación,2010,397,0.0
30,Entre Ríos,30028,Federación,2011,333,0.0
30,Entre Ríos,30028,Federación,2012,334,0.0
30,Entre Ríos,30028,Federación,2013,496,0.0
30,Entre Ríos,30028,Federación,2014,427,0.0
30,Entre Ríos,30028,Federación,2015,319,0.0
30,Entre Ríos,30028,Federación,2016,445,0.0
30,Entre Ríos,30028,Federación,2017,1179,0.0
30,Entre Ríos,30028,Federación,2018,769,0.0
30,Entre Ríos,30028,Federación,2019,831,0.0
30,Entre Ríos,30028,Federación,2020,517,0.0
30,Entre Ríos,30028,Federación,2021,505,0.0
30,Entre Ríos,30028,Federación,2022,753,0.0
30,Entre Ríos,30028,Federación,2023,1014,0.0
30,Entre Ríos,30028,Federación,2024,1128,0.0
30,Entre Ríos,30035,Federal,2000,227,0.0
30,Entre Ríos,30035,Federal,2001,174,0.0
30,Entre Ríos,30035,Federal,2002,411,0.0
30,Entre Ríos,30035,Federal,2003,227,0.0
30,Entre Ríos,30035,Federal,2004,178,0.0
30,Entre Ríos,30035,Federal,2005,160,0.0
30,Entre Ríos,30035,Federal,2006,121,0.0
30,Entre Ríos,30035,Federal,2007,154,0.0
30,Entre Ríos,30035,Federal,2008,175,0.0
30,Entre Ríos,30035,Federal,2009,140,0.0
30,Entre Ríos,30035,Federal,2010,55,0.0
30,Entre Ríos,30035,Federal,2011,94,0.0
30,Entre Ríos,30035,Federal,2012,125,0.0
30,Entre Ríos,30035,Federal,2013,172,0.0
30,Entre Ríos,30035,Federal,2014,167,0.0
30,Entre Ríos,30035,Federal,2015,93,0.0
30,Entre Ríos,30035,Federal,2016,108,0.0
30,Entre Ríos,30035,Federal,2017,122,0.0
30,Entre Ríos,30035,Federal,2018,138,0.0
30,Entre Ríos,30035,Federal,2019,162,0.0
30,Entre Ríos,30035,Federal,2020,54,0.0
30,Entre Ríos,30035,Federal,2021,96,0.0
30,Entre Ríos,30035,Federal,2022,182,0.0
30,Entre Ríos,30035,Federal,2023,256,0.0
30,Entre Ríos,30035,Federal,2024,252,0.0
30,Entre Ríos,30042,Feliciano,2000,77,0.0
30,Entre Ríos,30042,Feliciano,2001,56,0.0
30,Entre Ríos,30042,Feliciano,2002,119,0.0
30,Entre Ríos,30042,Feliciano,2003,113,0.0
30,Entre Ríos,30042,Feliciano,2004,82,0.0
30,Entre Ríos,30042,Feliciano,2005,76,0.0
30,Entre Ríos,30042,Feliciano,2006,84,0.0
30,Entre Ríos,30042,Feliciano,2007,135,0.0
30,Entre Ríos,30042,Feliciano,2008,109,0.0
30,Entre Ríos,30042,Feliciano,2009,119,0.0
30,Entre Ríos,30042,Feliciano,2010,123,0.0
30,Entre Ríos,30042,Feliciano,2011,164,0.0
30,Entre Ríos,30042,Feliciano,2012,212,0.0
30,Entre Ríos,30042,Feliciano,2013,119,0.0
30,Entre Ríos,30042,Feliciano,2014,105,0.0
30,Entre Ríos,30042,Feliciano,2015,96,0.0
30,Entre Ríos,30042,Feliciano,2016,122,0.0
30,Entre Ríos,30042,Feliciano,2017,217,0.0
30,Entre Ríos,30042,Feliciano,2018,207,0.0
30,Entre Ríos,30042,Feliciano,2019,187,0.0
30,Entre Ríos,30042,Feliciano,2020,156,0.0
30,Entre Ríos,30042,Feliciano,2021,185,0.0
30,Entre Ríos,30042,Feliciano,2022,166,0.0
30,Entre Ríos,30042,Feliciano,2023,287,0.0
30,Entre Ríos,30042,Feliciano,2024,312,0.0
30,Entre Ríos,30049,Gualeguay,2000,482,0.0
30,Entre Ríos,30049,Gualeguay,2001,746,0.0
30,Entre Ríos,30049,Gualeguay,2002,664,0.0
30,Entre Ríos,30049,Gualeguay,2003,923,0.0
30,Entre Ríos,30049,Gualeguay,2004,1060,0.0
30,Entre Ríos,30049,Gualeguay,2005,617,0.0
30,Entre Ríos,30049,Gualeguay,2006,517,0.0
30,Entre Ríos,30049,Gualeguay,2007,824,0.0
30,Entre Ríos,30049,Gualeguay,2008,546,0.0
30,Entre Ríos,30049,Gualeguay,2009,375,0.0
30,Entre Ríos,30049,Gualeguay,2010,334,0.0
30,Entre Ríos,30049,Gualeguay,2011,281,0.0
30,Entre Ríos,30049,Gualeguay,2012,295,0.0
30,Entre Ríos,30049,Gualeguay,2013,285,0.0
30,Entre Ríos,30049,Gualeguay,2014,416,0.0
30,Entre Ríos,30049,Gualeguay,2015,471,0.0
30,Entre Ríos,30049,Gualeguay,2016,613,0.0
30,Entre Ríos,30049,Gualeguay,2017,998,0.0
30,Entre Ríos,30049,Gualeguay,2018,1051,0.0
30,Entre Ríos,30049,Gualeguay,2019,1165,0.0
30,Entre Ríos,30049,Gualeguay,2020,1031,0.0
30,Entre Ríos,30049,Gualeguay,2021,1175,0.0
30,Entre Ríos,30049,Gualeguay,2022,1319,0.0
30,Entre Ríos,30049,Gualeguay,2023,1406,0.0
30,Entre Ríos,30049,Gualeguay,2024,1397,0.0
30,Entre Ríos,30056,Gualeguaychú,2000,1608,0.0
30,Entre Ríos,30056,Gualeguaychú,2001,1394,0.0
30,Entre Ríos,30056,Gualeguaychú,2002,1720,0.0
30,Entre Ríos,30056,Gualeguaychú,2003,1901,0.0
30,Entre Ríos,30056,Gualeguaychú,2004,1446,0.0
30,Entre Ríos,30056,Gualeguaychú,2005,1468,0.0
30,Entre Ríos,30056,Gualeguaychú,2006,1485,0.0
30,Entre Ríos,30056,Gualeguaychú,2007,1190,0.0
30,Entre Ríos,30056,Gualeguaychú,2008,1274,0.0
30,Entre Ríos,30056,Gualeguaychú,2009,1237,0.0
30,Entre Ríos,30056,Gualeguaychú,2010,1132,0.0
30,Entre Ríos,30056,Gualeguaychú,2011,1191,0.0
30,Entre Ríos,30056,Gualeguaychú,2012,1286,0.0
30,Entre Ríos,30056,Gualeguaychú,2013,904,0.0
30,Entre Ríos,30056,Gualeguaychú,2014,913,0.0
30,Entre Ríos,30056,Gualeguaychú,2015,1152,0.0
30,Entre Ríos,30056,Gualeguaychú,2016,1263,0.0
30,Entre Ríos,30056,Gualeguaychú,2017,1831,0.0
30,Entre Ríos,30056,Gualeguaychú,2018,2467,0.0
30,Entre Ríos,30056,Gualeguaychú,2019,2805,0.0
30,Entre Ríos,30056,Gualeguaychú,2020,1302,0.0
30,Entre Ríos,30056,Gualeguaychú,2021,1305,0.0
30,Entre Ríos,30056,Gualeguaychú,2022,1231,0.0
30,Entre Ríos,30056,Gualeguaychú,2023,994,0.0
30,Entre Ríos,30056,Gualeguaychú,2024,1139,0.0
30,Entre Ríos,30063,Islas del Ibicuy,2000,205,0.0
30,Entre Ríos,30063,Islas del Ibicuy,2001,140,0.0
30,Entre Ríos,30063,Islas del Ibicuy,2002,105,0.0
30,Entre Ríos,30063,Islas del Ibicuy,2003,55,0.0
30,Entre Ríos,30063,Islas del Ibicuy,2004,51,0.0
30,Entre Ríos,30063,Islas del Ibicuy,2005,69,0.0
30,Entre Ríos,30063,Islas del Ibicuy,2006,115,0.0
30,Entre Ríos,30063,Islas del Ibicuy,2007,125,0.0
30,Entre Ríos,30063,Islas del Ibicuy,2008,72,0.0
30,Entre Ríos,30063,Islas del Ibicuy,2009,103,0.0
30,Entre Ríos,30063,Islas del Ibicuy,2010,87,0.0
30,Entre Ríos,30063,Islas del Ibicuy,2011,97,0.0
30,Entre Ríos,30063,Islas del Ibicuy,2012,100,0.0
30,Entre Ríos,30063,Islas del Ibicuy,2013,55,0.0
30,Entre Ríos,30063,Islas del Ibicuy,2014,55,0.0
30,Entre Ríos,30063,Islas del Ibicuy,2015,109,0.0
30,Entre Ríos,30063,Islas del Ibicuy,2016,130,0.0
30,Entre Ríos,30063,Islas del Ibicuy,2017,137,0.0
30,Entre Ríos,30063,Islas del Ibicuy,2018,105,0.0
30,Entre Ríos,30063,Islas del Ibicuy,2019,137,0.0
30,Entre Ríos,30063,Islas del Ibicuy,2020,127,0.0
30,Entre Ríos,30063,Islas del Ibicuy,2021,156,0.0
30,Entre Ríos,30063,Islas del Ibicuy,2022,138,0.0
30,Entre Ríos,30063,Islas del Ibicuy,2023,145,0.0
30,Entre Ríos,30063,Islas del Ibicuy,2024,198,0.0
30,Entre Ríos,30070,La Paz,2000,333,0.0
30,Entre Ríos,30070,La Paz,2001,347,0.0
30,Entre Ríos,30070,La Paz,2002,537,0.0
30,Entre Ríos,30070,La Paz,2003,502,0.0
30,Entre Ríos,30070,La Paz,2004,554,0.0
30,Entre Ríos,30070,La Paz,2005,508,0.0
30,Entre Ríos,30070,La Paz,2006,446,0.0
30,Entre Ríos,30070,La Paz,2007,400,0.0
30,Entre Ríos,30070,La Paz,2008,448,0.0
30,Entre Ríos,30070,La Paz,2009,456,0.0
30,Entre Ríos,30070,La Paz,2010,338,0.0
30,Entre Ríos,30070,La Paz,2011,403,0.0
30,Entre Ríos,30070,La Paz,2012,395,0.0
30,Entre Ríos,30070,La Paz,2013,401,0.0
30,Entre Ríos,30070,La Paz,2014,360,0.0
30,Entre Ríos,30070,La Paz,2015,441,0.0
30,Entre Ríos,30070,La Paz,2016,512,0.0
30,Entre Ríos,30070,La Paz,2017,730,0.0
30,Entre Ríos,30070,La Paz,2018,398,0.0
30,Entre Ríos,30070,La Paz,2019,275,0.0
30,Entre Ríos,30070,La Paz,2020,329,0.0
30,Entre Ríos,30070,La Paz,2021,601,0.0
30,Entre Ríos,30070,La Paz,2022,685,0.0
30,Entre Ríos,30070,La Paz,2023,796,0.0
30,Entre Ríos,30070,La Paz,2024,764,0.0
30,Entre Ríos,30077,Nogoyá,2000,324,0.0
30,Entre Ríos,30077,Nogoyá,2001,306,0.0
30,Entre Ríos,30077,Nogoyá,2002,371,0.0
30,Entre Ríos,30077,Nogoyá,2003,414,0.0
30,Entre Ríos,30077,Nogoyá,2004,455,0.0
30,Entre Ríos,30077,Nogoyá,2005,322,0.0
30,Entre Ríos,30077,Nogoyá,2006,350,0.0
30,Entre Ríos,30077,Nogoyá,2007,309,0.0
30,Entre Ríos,30077,Nogoyá,2008,328,0.0
30,Entre Ríos,30077,Nogoyá,2009,275,0.0
30,Entre Ríos,30077,Nogoyá,2010,294,0.0
30,Entre Ríos,30077,Nogoyá,2011,234,0.0
30,Entre Ríos,30077,Nogoyá,2012,276,0.0
30,Entre Ríos,30077,Nogoyá,2013,243,0.0
30,Entre Ríos,30077,Nogoyá,2014,314,0.0
30,Entre Ríos,30077,Nogoyá,2015,338,0.0
30,Entre Ríos,30077,Nogoyá,2016,303,0.0
30,Entre Ríos,30077,Nogoyá,2017,425,0.0
30,Entre Ríos,30077,Nogoyá,2018,448,0.0
30,Entre Ríos,30077,Nogoyá,2019,470,0.0
30,Entre Ríos,30077,Nogoyá,2020,450,0.0
30,Entre Ríos,30077,Nogoyá,2021,501,0.0
30,Entre Ríos,30077,Nogoyá,2022,561,0.0
30,Entre Ríos,30077,Nogoyá,2023,654,0.0
30,Entre Ríos,30077,Nogoyá,2024,782,0.0
30,Entre Ríos,30084,Paraná,2000,5322,0.0
30,Entre Ríos,30084,Paraná,2001,4719,0.0
30,Entre Ríos,30084,Paraná,2002,5665,0.0
30,Entre Ríos,30084,Paraná,2003,5981,0.0
30,Entre Ríos,30084,Paraná,2004,6235,0.0
30,Entre Ríos,30084,Paraná,2005,6023,0.0
30,Entre Ríos,30084,Paraná,2006,5834,0.0
30,Entre Ríos,30084,Paraná,2007,6100,0.0
30,Entre Ríos,30084,Paraná,2008,6433,0.0
30,Entre Ríos,30084,Paraná,2009,6584,0.0
30,Entre Ríos,30084,Paraná,2010,6223,0.0
30,Entre Ríos,30084,Paraná,2011,5811,0.0
30,Entre Ríos,30084,Paraná,2012,7155,0.0
30,Entre Ríos,30084,Paraná,2013,7151,0.0
30,Entre Ríos,30084,Paraná,2014,8047,0.0
30,Entre Ríos,30084,Paraná,2015,8198,0.0
30,Entre Ríos,30084,Paraná,2016,7657,0.0
30,Entre Ríos,30084,Paraná,2017,7834,0.0
30,Entre Ríos,30084,Paraná,2018,7634,0.0
30,Entre Ríos,30084,Paraná,2019,8490,0.0
30,Entre Ríos,30084,Paraná,2020,6595,0.0
30,Entre Ríos,30084,Paraná,2021,7196,0.0
30,Entre Ríos,30084,Paraná,2022,8824,0.0
30,Entre Ríos,30084,Paraná,2023,11167,0.0
30,Entre Ríos,30084,Paraná,2024,12939,0.0
30,Entre Ríos,30088,San Salvador,2000,75,0.0
30,Entre Ríos,30088,San Salvador,2001,72,0.0
30,Entre Ríos,30088,San Salvador,2002,57,0.0
30,Entre Ríos,30088,San Salvador,2003,147,0.0
30,Entre Ríos,30088,San Salvador,2004,125,0.0
30,Entre Ríos,30088,San Salvador,2005,120,0.0
30,Entre Ríos,30088,San Salvador,2006,105,0.0
30,Entre Ríos,30088,San Salvador,2007,73,0.0
30,Entre Ríos,30088,San Salvador,2008,122,0.0
30,Entre Ríos,30088,San Salvador,2009,102,0.0
30,Entre Ríos,30088,San Salvador,2010,134,0.0
30,Entre Ríos,30088,San Salvador,2011,82,0.0
30,Entre Ríos,30088,San Salvador,2012,102,0.0
30,Entre Ríos,30088,San Salvador,2013,130,0.0
30,Entre Ríos,30088,San Salvador,2014,94,0.0
30,Entre Ríos,30088,San Salvador,2015,281,0.0
30,Entre Ríos,30088,San Salvador,2016,213,0.0
30,Entre Ríos,30088,San Salvador,2017,204,0.0
30,Entre Ríos,30088,San Salvador,2018,313,0.0
30,Entre Ríos,30088,San Salvador,2019,360,0.0
30,Entre Ríos,30088,San Salvador,2020,254,0.0
30,Entre Ríos,30088,San Salvador,2021,223,0.0
30,Entre Ríos,30088,San Salvador,2022,202,0.0
30,Entre Ríos,30088,San Salvador,2023,270,0.0
30,Entre Ríos,30088,San Salvador,2024,322,0.0
30,Entre Ríos,30091,Tala,2000,134,0.0
30,Entre Ríos,30091,Tala,2001,164,0.0
30,Entre Ríos,30091,Tala,2002,362,0.0
30,Entre Ríos,30091,Tala,2003,261,0.0
30,Entre Ríos,30091,Tala,2004,202,0.0
30,Entre Ríos,30091,Tala,2005,234,0.0
30,Entre Ríos,30091,Tala,2006,187,0.0
30,Entre Ríos,30091,Tala,2007,230,0.0
30,Entre Ríos,30091,Tala,2008,215,0.0
30,Entre Ríos,30091,Tala,2009,185,0.0
30,Entre Ríos,30091,Tala,2010,186,0.0
30,Entre Ríos,30091,Tala,2011,147,0.0
30,Entre Ríos,30091,Tala,2012,175,0.0
30,Entre Ríos,30091,Tala,2013,195,0.0
30,Entre Ríos,30091,Tala,2014,183,0.0
30,Entre Ríos,30091,Tala,2015,255,0.0
30,Entre Ríos,30091,Tala,2016,219,0.0
30,Entre Ríos,30091,Tala,2017,225,0.0
30,Entre Ríos,30091,Tala,2018,242,0.0
30,Entre Ríos,30091,Tala,2019,231,0.0
30,Entre Ríos,30091,Tala,2020,239,0.0
30,Entre Ríos,30091,Tala,2021,213,0.0
30,Entre Ríos,30091,Tala,2022,234,0.0
30,Entre Ríos,30091,Tala,2023,325,0.0
30,Entre Ríos,30091,Tala,2024,383,0.0
30,Entre Ríos,30098,Uruguay,2000,1375,0.0
30,Entre Ríos,30098,Uruguay,2001,1442,0.0
30,Entre Ríos,30098,Uruguay,2002,2063,0.0
30,Entre Ríos,30098,Uruguay,2003,2162,0.0
30,Entre Ríos,30098,Uruguay,2004,1572,0.0
30,Entre Ríos,30098,Uruguay,2005,1250,0.0
30,Entre Ríos,30098,Uruguay,2006,1195,0.0
30,Entre Ríos,30098,Uruguay,2007,1110,0.0
30,Entre Ríos,30098,Uruguay,2008,1252,0.0
30,Entre Ríos,30098,Uruguay,2009,1156,0.0
30,Entre Ríos,30098,Uruguay,2010,912,0.0
30,Entre Ríos,30098,Uruguay,2011,910,0.0
30,Entre Ríos,30098,Uruguay,2012,977,0.0
30,Entre Ríos,30098,Uruguay,2013,670,0.0
30,Entre Ríos,30098,Uruguay,2014,611,0.0
30,Entre Ríos,30098,Uruguay,2015,670,0.0
30,Entre Ríos,30098,Uruguay,2016,919,0.0
30,Entre Ríos,30098,Uruguay,2017,536,0.0
30,Entre Ríos,30098,Uruguay,2018,1923,0.0
30,Entre Ríos,30098,Uruguay,2019,2141,0.0
30,Entre Ríos,30098,Uruguay,2020,1907,0.0
30,Entre Ríos,30098,Uruguay,2021,1940,0.0
30,Entre Ríos,30098,Uruguay,2022,2120,0.0
30,Entre Ríos,30098,Uruguay,2023,2082,0.0
30,Entre Ríos,30098,Uruguay,2024,2291,0.0
30,Entre Ríos,30105,Victoria,2000,326,0.0
30,Entre Ríos,30105,Victoria,2001,547,0.0
30,Entre Ríos,30105,Victoria,2002,659,0.0
30,Entre Ríos,30105,Victoria,2003,420,0.0
30,Entre Ríos,30105,Victoria,2004,473,0.0
30,Entre Ríos,30105,Victoria,2005,348,0.0
30,Entre Ríos,30105,Victoria,2006,239,0.0
30,Entre Ríos,30105,Victoria,2007,302,0.0
30,Entre Ríos,30105,Victoria,2008,400,0.0
30,Entre Ríos,30105,Victoria,2009,407,0.0
30,Entre Ríos,30105,Victoria,2010,290,0.0
30,Entre Ríos,30105,Victoria,2011,307,0.0
30,Entre Ríos,30105,Victoria,2012,548,0.0
30,Entre Ríos,30105,Victoria,2013,524,0.0
30,Entre Ríos,30105,Victoria,2014,476,0.0
30,Entre Ríos,30105,Victoria,2015,603,0.0
30,Entre Ríos,30105,Victoria,2016,435,0.0
30,Entre Ríos,30105,Victoria,2017,532,0.0
30,Entre Ríos,30105,Victoria,2018,597,0.0
30,Entre Ríos,30105,Victoria,2019,682,0.0
30,Entre Ríos,30105,Victoria,2020,715,0.0
30,Entre Ríos,30105,Victoria,2021,720,0.0
30,Entre Ríos,30105,Victoria,2022,731,0.0
30,Entre Ríos,30105,Victoria,2023,908,0.0
30,Entre Ríos,30105,Victoria,2024,1077,0.0
30,Entre Ríos,30113,Villaguay,2000,305,0.0
30,Entre Ríos,30113,Villaguay,2001,503,0.0
30,Entre Ríos,30113,Villaguay,2002,602,0.0
30,Entre Ríos,30113,Villaguay,2003,632,0.0
30,Entre Ríos,30113,Villaguay,2004,698,0.0
30,Entre Ríos,30113,Villaguay,2005,564,0.0
30,Entre Ríos,30113,Villaguay,2006,674,0.0
30,Entre Ríos,30113,Villaguay,2007,609,0.0
30,Entre Ríos,30113,Villaguay,2008,514,0.0
30,Entre Ríos,30113,Villaguay,2009,445,0.0
30,Entre Ríos,30113,Villaguay,2010,440,0.0
30,Entre Ríos,30113,Villaguay,2011,601,0.0
30,Entre Ríos,30113,Villaguay,2012,597,0.0
30,Entre Ríos,30113,Villaguay,2013,380,0.0
30,Entre Ríos,30113,Villaguay,2014,408,0.0
30,Entre Ríos,30113,Villaguay,2015,579,0.0
30,Entre Ríos,30113,Villaguay,2016,595,0.0
30,Entre Ríos,30113,Villaguay,2017,587,0.0
30,Entre Ríos,30113,Villaguay,2018,629,0.0
30,Entre Ríos,30113,Villaguay,2019,676,0.0
30,Entre Ríos,30113,Villaguay,2020,661,0.0
30,Entre Ríos,30113,Villaguay,2021,712,0.0
30,Entre Ríos,30113,Villaguay,2022,774,0.0
30,Entre Ríos,30113,Villaguay,2023,1058,0.0
30,Entre Ríos,30113,Villaguay,2024,904,0.0
30,Entre Ríos,30999,Departamento sin determinar,2000,59,0.0
30,Entre Ríos,30999,Departamento sin determinar,2001,43,0.0
30,Entre Ríos,30999,Departamento sin determinar,2002,62,0.0
30,Entre Ríos,30999,Departamento sin determinar,2003,52,0.0
30,Entre Ríos,30999,Departamento sin determinar,2004,94,0.0
30,Entre Ríos,30999,Departamento sin determinar,2005,99,0.0
30,Entre Ríos,30999,Departamento sin determinar,2006,38,0.0
30,Entre Ríos,30999,Departamento sin determinar,2007,25,0.0
30,Entre Ríos,30999,Departamento sin determinar,2008,22,0.0
30,Entre Ríos,30999,Departamento sin determinar,2009,25,0.0
30,Entre Ríos,30999,Departamento sin determinar,2010,19,0.0
30,Entre Ríos,30999,Departamento sin determinar,2011,19,0.0
30,Entre Ríos,30999,Departamento sin determinar,2012,11,0.0
30,Entre Ríos,30999,Departamento sin determinar,2013,22,0.0
30,Entre Ríos,30999,Departamento sin determinar,2014,47,0.0
30,Entre Ríos,30999,Departamento sin determinar,2015,36,0.0
30,Entre Ríos,30999,Departamento sin determinar,2016,23,0.0
30,Entre Ríos,30999,Departamento sin determinar,2017,33,0.0
30,Entre Ríos,30999,Departamento sin determinar,2018,34,0.0
30,Entre Ríos,30999,Departamento sin determinar,2019,52,0.0
30,Entre Ríos,30999,Departamento sin determinar,2020,39,0.0
30,Entre Ríos,30999,Departamento sin determinar,2021,28,0.0
30,Entre Ríos,30999,Departamento sin determinar,2022,18,0.0
30,Entre Ríos,30999,Departamento sin determinar,2023,34,0.0
30,Entre Ríos,30999,Departamento sin determinar,2024,37,0.0
34,Formosa,34007,Bermejo,2000,41,0.0
34,Formosa,34007,Bermejo,2001,50,0.0
34,Formosa,34007,Bermejo,2002,127,0.0
34,Formosa,34007,Bermejo,2003,93,0.0
34,Formosa,34007,Bermejo,2004,61,0.0
34,Formosa,34007,Bermejo,2005,64,0.0
34,Formosa,34007,Bermejo,2006,52,0.0
34,Formosa,34007,Bermejo,2007,72,0.0
34,Formosa,34007,Bermejo,2008,81,0.0
34,Formosa,34007,Bermejo,2009,89,0.0
34,Formosa,34007,Bermejo,2010,61,0.0
34,Formosa,34007,Bermejo,2011,74,0.0
34,Formosa,34007,Bermejo,2012,16,0.0
34,Formosa,34007,Bermejo,2013,59,0.0
34,Formosa,34007,Bermejo,2014,127,0.0
34,Formosa,34007,Bermejo,2015,50,0.0
34,Formosa,34007,Bermejo,2016,47,0.0
34,Formosa,34007,Bermejo,2017,52,0.0
34,Formosa,34007,Bermejo,2018,72,0.0
34,Formosa,34007,Bermejo,2019,124,0.0
34,Formosa,34007,Bermejo,2020,89,0.0
34,Formosa,34007,Bermejo,2021,137,0.0
34,Formosa,34007,Bermejo,2022,158,0.0
34,Formosa,34007,Bermejo,2023,111,0.0
34,Formosa,34007,Bermejo,2024,176,0.0
34,Formosa,34014,Formosa,2000,4134,0.0
34,Formosa,34014,Formosa,2001,4793,0.0
34,Formosa,34014,Formosa,2002,5539,0.0
34,Formosa,34014,Formosa,2003,5083,0.0
34,Formosa,34014,Formosa,2004,4834,0.0
34,Formosa,34014,Formosa,2005,3892,0.0
34,Formosa,34014,Formosa,2006,3949,0.0
34,Formosa,34014,Formosa,2007,3738,0.0
34,Formosa,34014,Formosa,2008,4044,0.0
34,Formosa,34014,Formosa,2009,4632,0.0
34,Formosa,34014,Formosa,2010,4329,0.0
34,Formosa,34014,Formosa,2011,3695,0.0
34,Formosa,34014,Formosa,2012,989,0.0
34,Formosa,34014,Formosa,2013,4427,0.0
34,Formosa,34014,Formosa,2014,6952,0.0
34,Formosa,34014,Formosa,2015,6235,0.0
34,Formosa,34014,Formosa,2016,6738,0.0
34,Formosa,34014,Formosa,2017,6273,0.0
34,Formosa,34014,Formosa,2018,6499,0.0
34,Formosa,34014,Formosa,2019,6564,0.0
34,Formosa,34014,Formosa,2020,4628,0.0
34,Formosa,34014,Formosa,2021,5247,0.0
34,Formosa,34014,Formosa,2022,5986,0.0
34,Formosa,34014,Formosa,2023,7355,0.0
34,Formosa,34014,Formosa,2024,7869,0.0
34,Formosa,34021,Laishi ,2000,130,0.0
34,Formosa,34021,Laishi ,2001,122,0.0
34,Formosa,34021,Laishi ,2002,219,0.0
34,Formosa,34021,Laishi ,2003,157,0.0
34,Formosa,34021,Laishi ,2004,152,0.0
34,Formosa,34021,Laishi ,2005,98,0.0
34,Formosa,34021,Laishi ,2006,113,0.0
34,Formosa,34021,Laishi ,2007,76,0.0
34,Formosa,34021,Laishi ,2008,115,0.0
34,Formosa,34021,Laishi ,2009,94,0.0
34,Formosa,34021,Laishi ,2010,103,0.0
34,Formosa,34021,Laishi ,2011,104,0.0
34,Formosa,34021,Laishi ,2012,43,0.0
34,Formosa,34021,Laishi ,2013,58,0.0
34,Formosa,34021,Laishi ,2014,92,0.0
34,Formosa,34021,Laishi ,2015,89,0.0
34,Formosa,34021,Laishi ,2016,181,0.0
34,Formosa,34021,Laishi ,2017,150,0.0
34,Formosa,34021,Laishi ,2018,121,0.0
34,Formosa,34021,Laishi ,2019,185,0.0
34,Formosa,34021,Laishi ,2020,143,0.0
34,Formosa,34021,Laishi ,2021,171,0.0
34,Formosa,34021,Laishi ,2022,165,0.0
34,Formosa,34021,Laishi ,2023,208,0.0
34,Formosa,34021,Laishi ,2024,270,0.0
34,Formosa,34028,Matacos,2000,35,0.0
34,Formosa,34028,Matacos,2001,57,0.0
34,Formosa,34028,Matacos,2002,128,0.0
34,Formosa,34028,Matacos,2003,99,0.0
34,Formosa,34028,Matacos,2004,65,0.0
34,Formosa,34028,Matacos,2005,80,0.0
34,Formosa,34028,Matacos,2006,80,0.0
34,Formosa,34028,Matacos,2007,78,0.0
34,Formosa,34028,Matacos,2008,77,0.0
34,Formosa,34028,Matacos,2009,119,0.0
34,Formosa,34028,Matacos,2010,109,0.0
34,Formosa,34028,Matacos,2011,161,0.0
34,Formosa,34028,Matacos,2012,40,0.0
34,Formosa,34028,Matacos,2013,132,0.0
34,Formosa,34028,Matacos,2014,169,0.0
34,Formosa,34028,Matacos,2015,256,0.0
34,Formosa,34028,Matacos,2016,219,0.0
34,Formosa,34028,Matacos,2017,262,0.0
34,Formosa,34028,Matacos,2018,294,0.0
34,Formosa,34028,Matacos,2019,497,0.0
34,Formosa,34028,Matacos,2020,335,0.0
34,Formosa,34028,Matacos,2021,310,0.0
34,Formosa,34028,Matacos,2022,350,0.0
34,Formosa,34028,Matacos,2023,397,0.0
34,Formosa,34028,Matacos,2024,521,0.0
34,Formosa,34035,Patiño,2000,400,0.0
34,Formosa,34035,Patiño,2001,506,0.0
34,Formosa,34035,Patiño,2002,852,0.0
34,Formosa,34035,Patiño,2003,735,0.0
34,Formosa,34035,Patiño,2004,654,0.0
34,Formosa,34035,Patiño,2005,550,0.0
34,Formosa,34035,Patiño,2006,475,0.0
34,Formosa,34035,Patiño,2007,369,0.0
34,Formosa,34035,Patiño,2008,478,0.0
34,Formosa,34035,Patiño,2009,526,0.0
34,Formosa,34035,Patiño,2010,499,0.0
34,Formosa,34035,Patiño,2011,487,0.0
34,Formosa,34035,Patiño,2012,137,0.0
34,Formosa,34035,Patiño,2013,684,0.0
34,Formosa,34035,Patiño,2014,744,0.0
34,Formosa,34035,Patiño,2015,800,0.0
34,Formosa,34035,Patiño,2016,659,0.0
34,Formosa,34035,Patiño,2017,761,0.0
34,Formosa,34035,Patiño,2018,796,0.0
34,Formosa,34035,Patiño,2019,834,0.0
34,Formosa,34035,Patiño,2020,920,0.0
34,Formosa,34035,Patiño,2021,964,0.0
34,Formosa,34035,Patiño,2022,994,0.0
34,Formosa,34035,Patiño,2023,1077,0.0
34,Formosa,34035,Patiño,2024,1250,0.0
34,Formosa,34042,Pilagás,2000,85,0.0
34,Formosa,34042,Pilagás,2001,80,0.0
34,Formosa,34042,Pilagás,2002,114,0.0
34,Formosa,34042,Pilagás,2003,142,0.0
34,Formosa,34042,Pilagás,2004,138,0.0
34,Formosa,34042,Pilagás,2005,145,0.0
34,Formosa,34042,Pilagás,2006,148,0.0
34,Formosa,34042,Pilagás,2007,118,0.0
34,Formosa,34042,Pilagás,2008,105,0.0
34,Formosa,34042,Pilagás,2009,120,0.0
34,Formosa,34042,Pilagás,2010,149,0.0
34,Formosa,34042,Pilagás,2011,119,0.0
34,Formosa,34042,Pilagás,2012,32,0.0
34,Formosa,34042,Pilagás,2013,126,0.0
34,Formosa,34042,Pilagás,2014,245,0.0
34,Formosa,34042,Pilagás,2015,98,0.0
34,Formosa,34042,Pilagás,2016,110,0.0
34,Formosa,34042,Pilagás,2017,122,0.0
34,Formosa,34042,Pilagás,2018,152,0.0
34,Formosa,34042,Pilagás,2019,163,0.0
34,Formosa,34042,Pilagás,2020,162,0.0
34,Formosa,34042,Pilagás,2021,173,0.0
34,Formosa,34042,Pilagás,2022,177,0.0
34,Formosa,34042,Pilagás,2023,148,0.0
34,Formosa,34042,Pilagás,2024,166,0.0
34,Formosa,34049,Pilcomayo,2000,642,0.0
34,Formosa,34049,Pilcomayo,2001,781,0.0
34,Formosa,34049,Pilcomayo,2002,1061,0.0
34,Formosa,34049,Pilcomayo,2003,894,0.0
34,Formosa,34049,Pilcomayo,2004,925,0.0
34,Formosa,34049,Pilcomayo,2005,836,0.0
34,Formosa,34049,Pilcomayo,2006,772,0.0
34,Formosa,34049,Pilcomayo,2007,796,0.0
34,Formosa,34049,Pilcomayo,2008,688,0.0
34,Formosa,34049,Pilcomayo,2009,753,0.0
34,Formosa,34049,Pilcomayo,2010,753,0.0
34,Formosa,34049,Pilcomayo,2011,681,0.0
34,Formosa,34049,Pilcomayo,2012,185,0.0
34,Formosa,34049,Pilcomayo,2013,469,0.0
34,Formosa,34049,Pilcomayo,2014,496,0.0
34,Formosa,34049,Pilcomayo,2015,849,0.0
34,Formosa,34049,Pilcomayo,2016,941,0.0
34,Formosa,34049,Pilcomayo,2017,867,0.0
34,Formosa,34049,Pilcomayo,2018,1290,0.0
34,Formosa,34049,Pilcomayo,2019,1307,0.0
34,Formosa,34049,Pilcomayo,2020,1270,0.0
34,Formosa,34049,Pilcomayo,2021,1438,0.0
34,Formosa,34049,Pilcomayo,2022,1718,0.0
34,Formosa,34049,Pilcomayo,2023,1842,0.0
34,Formosa,34049,Pilcomayo,2024,2350,0.0
34,Formosa,34056,Pirané,2000,559,0.0
34,Formosa,34056,Pirané,2001,668,0.0
34,Formosa,34056,Pirané,2002,760,0.0
34,Formosa,34056,Pirané,2003,644,0.0
34,Formosa,34056,Pirané,2004,641,0.0
34,Formosa,34056,Pirané,2005,817,0.0
34,Formosa,34056,Pirané,2006,708,0.0
34,Formosa,34056,Pirané,2007,584,0.0
34,Formosa,34056,Pirané,2008,601,0.0
34,Formosa,34056,Pirané,2009,550,0.0
34,Formosa,34056,Pirané,2010,553,0.0
34,Formosa,34056,Pirané,2011,537,0.0
34,Formosa,34056,Pirané,2012,146,0.0
34,Formosa,34056,Pirané,2013,732,0.0
34,Formosa,34056,Pirané,2014,858,0.0
34,Formosa,34056,Pirané,2015,650,0.0
34,Formosa,34056,Pirané,2016,695,0.0
34,Formosa,34056,Pirané,2017,780,0.0
34,Formosa,34056,Pirané,2018,1000,0.0
34,Formosa,34056,Pirané,2019,1052,0.0
34,Formosa,34056,Pirané,2020,841,0.0
34,Formosa,34056,Pirané,2021,989,0.0
34,Formosa,34056,Pirané,2022,977,0.0
34,Formosa,34056,Pirané,2023,1372,0.0
34,Formosa,34056,Pirané,2024,1177,0.0
34,Formosa,34063,Ramón Lista,2000,10,0.0
34,Formosa,34063,Ramón Lista,2001,9,0.0
34,Formosa,34063,Ramón Lista,2002,30,0.0
34,Formosa,34063,Ramón Lista,2003,39,0.0
34,Formosa,34063,Ramón Lista,2004,54,0.0
34,Formosa,34063,Ramón Lista,2005,33,0.0
34,Formosa,34063,Ramón Lista,2006,40,0.0
34,Formosa,34063,Ramón Lista,2007,27,0.0
34,Formosa,34063,Ramón Lista,2008,33,0.0
34,Formosa,34063,Ramón Lista,2009,41,0.0
34,Formosa,34063,Ramón Lista,2010,38,0.0
34,Formosa,34063,Ramón Lista,2011,26,0.0
34,Formosa,34063,Ramón Lista,2012,8,0.0
34,Formosa,34063,Ramón Lista,2013,22,0.0
34,Formosa,34063,Ramón Lista,2014,92,0.0
34,Formosa,34063,Ramón Lista,2015,23,0.0
34,Formosa,34063,Ramón Lista,2016,33,0.0
34,Formosa,34063,Ramón Lista,2017,36,0.0
34,Formosa,34063,Ramón Lista,2018,45,0.0
34,Formosa,34063,Ramón Lista,2019,70,0.0
34,Formosa,34063,Ramón Lista,2020,92,0.0
34,Formosa,34063,Ramón Lista,2021,104,0.0
34,Formosa,34063,Ramón Lista,2022,102,0.0
34,Formosa,34063,Ramón Lista,2023,145,0.0
34,Formosa,34063,Ramón Lista,2024,153,0.0
34,Formosa,34999,Departamento sin determinar,2000,28,0.0
34,Formosa,34999,Departamento sin determinar,2001,34,0.0
34,Formosa,34999,Departamento sin determinar,2002,48,0.0
34,Formosa,34999,Departamento sin determinar,2003,38,0.0
34,Formosa,34999,Departamento sin determinar,2004,35,0.0
34,Formosa,34999,Departamento sin determinar,2005,29,0.0
34,Formosa,34999,Departamento sin determinar,2006,14,0.0
34,Formosa,34999,Departamento sin determinar,2007,8,0.0
34,Formosa,34999,Departamento sin determinar,2008,24,0.0
34,Formosa,34999,Departamento sin determinar,2009,25,0.0
34,Formosa,34999,Departamento sin determinar,2010,20,0.0
34,Formosa,34999,Departamento sin determinar,2011,16,0.0
34,Formosa,34999,Departamento sin determinar,2012,5515,0.0
34,Formosa,34999,Departamento sin determinar,2013,1335,0.0
34,Formosa,34999,Departamento sin determinar,2014,19,0.0
34,Formosa,34999,Departamento sin determinar,2015,5,0.0
34,Formosa,34999,Departamento sin determinar,2016,11,0.0
34,Formosa,34999,Departamento sin determinar,2017,6,0.0
34,Formosa,34999,Departamento sin determinar,2018,10,0.0
34,Formosa,34999,Departamento sin determinar,2019,27,0.0
34,Formosa,34999,Departamento sin determinar,2020,22,0.0
34,Formosa,34999,Departamento sin determinar,2021,15,0.0
34,Formosa,34999,Departamento sin determinar,2022,11,0.0
34,Formosa,34999,Departamento sin determinar,2023,32,0.0
34,Formosa,34999,Departamento sin determinar,2024,46,0.0
38,Jujuy,38007,Cochinoca,2000,122,0.0
38,Jujuy,38007,Cochinoca,2001,249,0.0
38,Jujuy,38007,Cochinoca,2002,154,0.0
38,Jujuy,38007,Cochinoca,2003,169,0.0
38,Jujuy,38007,Cochinoca,2004,255,0.0
38,Jujuy,38007,Cochinoca,2005,223,0.0
38,Jujuy,38007,Cochinoca,2006,180,0.0
38,Jujuy,38007,Cochinoca,2007,185,0.0
38,Jujuy,38007,Cochinoca,2008,180,0.0
38,Jujuy,38007,Cochinoca,2009,258,0.0
38,Jujuy,38007,Cochinoca,2010,199,0.0
38,Jujuy,38007,Cochinoca,2011,188,0.0
38,Jujuy,38007,Cochinoca,2012,136,0.0
38,Jujuy,38007,Cochinoca,2013,181,0.0
38,Jujuy,38007,Cochinoca,2014,145,0.0
38,Jujuy,38007,Cochinoca,2015,91,0.0
38,Jujuy,38007,Cochinoca,2016,110,0.0
38,Jujuy,38007,Cochinoca,2017,158,0.0
38,Jujuy,38007,Cochinoca,2018,199,0.0
38,Jujuy,38007,Cochinoca,2019,206,0.0
38,Jujuy,38007,Cochinoca,2020,155,0.0
38,Jujuy,38007,Cochinoca,2021,176,0.0
38,Jujuy,38007,Cochinoca,2022,207,0.0
38,Jujuy,38007,Cochinoca,2023,257,0.0
38,Jujuy,38007,Cochinoca,2024,259,0.0
38,Jujuy,38014,El Carmen,2000,765,0.0
38,Jujuy,38014,El Carmen,2001,963,0.0
38,Jujuy,38014,El Carmen,2002,361,0.0
38,Jujuy,38014,El Carmen,2003,1165,0.0
38,Jujuy,38014,El Carmen,2004,1652,0.0
38,Jujuy,38014,El Carmen,2005,1787,0.0
38,Jujuy,38014,El Carmen,2006,1561,0.0
38,Jujuy,38014,El Carmen,2007,1540,0.0
38,Jujuy,38014,El Carmen,2008,1317,0.0
38,Jujuy,38014,El Carmen,2009,1547,0.0
38,Jujuy,38014,El Carmen,2010,1582,0.0
38,Jujuy,38014,El Carmen,2011,1773,0.0
38,Jujuy,38014,El Carmen,2012,1952,0.0
38,Jujuy,38014,El Carmen,2013,1673,0.0
38,Jujuy,38014,El Carmen,2014,2589,0.0
38,Jujuy,38014,El Carmen,2015,2079,0.0
38,Jujuy,38014,El Carmen,2016,1672,0.0
38,Jujuy,38014,El Carmen,2017,1670,0.0
38,Jujuy,38014,El Carmen,2018,1906,0.0
38,Jujuy,38014,El Carmen,2019,2235,0.0
38,Jujuy,38014,El Carmen,2020,1888,0.0
38,Jujuy,38014,El Carmen,2021,2311,0.0
38,Jujuy,38014,El Carmen,2022,2340,0.0
38,Jujuy,38014,El Carmen,2023,2537,0.0
38,Jujuy,38014,El Carmen,2024,2799,0.0
38,Jujuy,38021,Dr. Manuel Belgrano,2000,5718,0.0
38,Jujuy,38021,Dr. Manuel Belgrano,2001,6278,0.0
38,Jujuy,38021,Dr. Manuel Belgrano,2002,2851,0.0
38,Jujuy,38021,Dr. Manuel Belgrano,2003,4907,0.0
38,Jujuy,38021,Dr. Manuel Belgrano,2004,9186,0.0
38,Jujuy,38021,Dr. Manuel Belgrano,2005,8204,0.0
38,Jujuy,38021,Dr. Manuel Belgrano,2006,8044,0.0
38,Jujuy,38021,Dr. Manuel Belgrano,2007,8154,0.0
38,Jujuy,38021,Dr. Manuel Belgrano,2008,9730,0.0
38,Jujuy,38021,Dr. Manuel Belgrano,2009,8748,0.0
38,Jujuy,38021,Dr. Manuel Belgrano,2010,8070,0.0
38,Jujuy,38021,Dr. Manuel Belgrano,2011,7007,0.0
38,Jujuy,38021,Dr. Manuel Belgrano,2012,7193,0.0
38,Jujuy,38021,Dr. Manuel Belgrano,2013,6975,0.0
38,Jujuy,38021,Dr. Manuel Belgrano,2014,8187,0.0
38,Jujuy,38021,Dr. Manuel Belgrano,2015,7967,0.0
38,Jujuy,38021,Dr. Manuel Belgrano,2016,8129,0.0
38,Jujuy,38021,Dr. Manuel Belgrano,2017,7043,0.0
38,Jujuy,38021,Dr. Manuel Belgrano,2018,6051,0.0
38,Jujuy,38021,Dr. Manuel Belgrano,2019,7405,0.0
38,Jujuy,38021,Dr. Manuel Belgrano,2020,5834,0.0
38,Jujuy,38021,Dr. Manuel Belgrano,2021,6821,0.0
38,Jujuy,38021,Dr. Manuel Belgrano,2022,7649,0.0
38,Jujuy,38021,Dr. Manuel Belgrano,2023,9481,0.0
38,Jujuy,38021,Dr. Manuel Belgrano,2024,10214,0.0
38,Jujuy,38028,Humahuaca,2000,248,0.0
38,Jujuy,38028,Humahuaca,2001,344,0.0
38,Jujuy,38028,Humahuaca,2002,195,0.0
38,Jujuy,38028,Humahuaca,2003,234,0.0
38,Jujuy,38028,Humahuaca,2004,337,0.0
38,Jujuy,38028,Humahuaca,2005,234,0.0
38,Jujuy,38028,Humahuaca,2006,187,0.0
38,Jujuy,38028,Humahuaca,2007,215,0.0
38,Jujuy,38028,Humahuaca,2008,179,0.0
38,Jujuy,38028,Humahuaca,2009,206,0.0
38,Jujuy,38028,Humahuaca,2010,172,0.0
38,Jujuy,38028,Humahuaca,2011,189,0.0
38,Jujuy,38028,Humahuaca,2012,148,0.0
38,Jujuy,38028,Humahuaca,2013,144,0.0
38,Jujuy,38028,Humahuaca,2014,239,0.0
38,Jujuy,38028,Humahuaca,2015,291,0.0
38,Jujuy,38028,Humahuaca,2016,322,0.0
38,Jujuy,38028,Humahuaca,2017,234,0.0
38,Jujuy,38028,Humahuaca,2018,315,0.0
38,Jujuy,38028,Humahuaca,2019,318,0.0
38,Jujuy,38028,Humahuaca,2020,284,0.0
38,Jujuy,38028,Humahuaca,2021,375,0.0
38,Jujuy,38028,Humahuaca,2022,416,0.0
38,Jujuy,38028,Humahuaca,2023,524,0.0
38,Jujuy,38028,Humahuaca,2024,469,0.0
38,Jujuy,38035,Ledesma,2000,875,0.0
38,Jujuy,38035,Ledesma,2001,1510,0.0
38,Jujuy,38035,Ledesma,2002,865,0.0
38,Jujuy,38035,Ledesma,2003,938,0.0
38,Jujuy,38035,Ledesma,2004,1895,0.0
38,Jujuy,38035,Ledesma,2005,1499,0.0
38,Jujuy,38035,Ledesma,2006,1289,0.0
38,Jujuy,38035,Ledesma,2007,1164,0.0
38,Jujuy,38035,Ledesma,2008,1276,0.0
38,Jujuy,38035,Ledesma,2009,1189,0.0
38,Jujuy,38035,Ledesma,2010,1154,0.0
38,Jujuy,38035,Ledesma,2011,1051,0.0
38,Jujuy,38035,Ledesma,2012,1159,0.0
38,Jujuy,38035,Ledesma,2013,0,0.0
38,Jujuy,38035,Ledesma,2014,1788,0.0
38,Jujuy,38035,Ledesma,2015,1519,0.0
38,Jujuy,38035,Ledesma,2016,1316,0.0
38,Jujuy,38035,Ledesma,2017,998,0.0
38,Jujuy,38035,Ledesma,2018,1239,0.0
38,Jujuy,38035,Ledesma,2019,1571,0.0
38,Jujuy,38035,Ledesma,2020,1131,0.0
38,Jujuy,38035,Ledesma,2021,1285,0.0
38,Jujuy,38035,Ledesma,2022,1197,0.0
38,Jujuy,38035,Ledesma,2023,1519,0.0
38,Jujuy,38035,Ledesma,2024,1799,0.0
38,Jujuy,38042,Palpalá ,2000,420,0.0
38,Jujuy,38042,Palpalá ,2001,789,0.0
38,Jujuy,38042,Palpalá ,2002,475,0.0
38,Jujuy,38042,Palpalá ,2003,835,0.0
38,Jujuy,38042,Palpalá ,2004,1492,0.0
38,Jujuy,38042,Palpalá ,2005,1473,0.0
38,Jujuy,38042,Palpalá ,2006,1218,0.0
38,Jujuy,38042,Palpalá ,2007,1084,0.0
38,Jujuy,38042,Palpalá ,2008,1203,0.0
38,Jujuy,38042,Palpalá ,2009,1052,0.0
38,Jujuy,38042,Palpalá ,2010,1132,0.0
38,Jujuy,38042,Palpalá ,2011,1209,0.0
38,Jujuy,38042,Palpalá ,2012,1312,0.0
38,Jujuy,38042,Palpalá ,2013,777,0.0
38,Jujuy,38042,Palpalá ,2014,1165,0.0
38,Jujuy,38042,Palpalá ,2015,1278,0.0
38,Jujuy,38042,Palpalá ,2016,1215,0.0
38,Jujuy,38042,Palpalá ,2017,1122,0.0
38,Jujuy,38042,Palpalá ,2018,943,0.0
38,Jujuy,38042,Palpalá ,2019,1276,0.0
38,Jujuy,38042,Palpalá ,2020,1164,0.0
38,Jujuy,38042,Palpalá ,2021,1218,0.0
38,Jujuy,38042,Palpalá ,2022,1246,0.0
38,Jujuy,38042,Palpalá ,2023,1420,0.0
38,Jujuy,38042,Palpalá ,2024,1948,0.0
38,Jujuy,38049,Rinconada,2000,10,0.0
38,Jujuy,38049,Rinconada,2001,15,0.0
38,Jujuy,38049,Rinconada,2002,5,0.0
38,Jujuy,38049,Rinconada,2003,9,0.0
38,Jujuy,38049,Rinconada,2004,20,0.0
38,Jujuy,38049,Rinconada,2005,14,0.0
38,Jujuy,38049,Rinconada,2006,4,0.0
38,Jujuy,38049,Rinconada,2007,16,0.0
38,Jujuy,38049,Rinconada,2008,3,0.0
38,Jujuy,38049,Rinconada,2009,7,0.0
38,Jujuy,38049,Rinconada,2010,5,0.0
38,Jujuy,38049,Rinconada,2011,6,0.0
38,Jujuy,38049,Rinconada,2012,4,0.0
38,Jujuy,38049,Rinconada,2013,12,0.0
38,Jujuy,38049,Rinconada,2014,1,0.0
38,Jujuy,38049,Rinconada,2015,50,0.0
38,Jujuy,38049,Rinconada,2016,6,0.0
38,Jujuy,38049,Rinconada,2017,3,0.0
38,Jujuy,38049,Rinconada,2018,6,0.0
38,Jujuy,38049,Rinconada,2019,3,0.0
38,Jujuy,38049,Rinconada,2020,8,0.0
38,Jujuy,38049,Rinconada,2021,16,0.0
38,Jujuy,38049,Rinconada,2022,8,0.0
38,Jujuy,38049,Rinconada,2023,2,0.0
38,Jujuy,38049,Rinconada,2024,27,0.0
38,Jujuy,38056,San Antonio,2000,27,0.0
38,Jujuy,38056,San Antonio,2001,56,0.0
38,Jujuy,38056,San Antonio,2002,43,0.0
38,Jujuy,38056,San Antonio,2003,45,0.0
38,Jujuy,38056,San Antonio,2004,51,0.0
38,Jujuy,38056,San Antonio,2005,78,0.0
38,Jujuy,38056,San Antonio,2006,44,0.0
38,Jujuy,38056,San Antonio,2007,40,0.0
38,Jujuy,38056,San Antonio,2008,44,0.0
38,Jujuy,38056,San Antonio,2009,58,0.0
38,Jujuy,38056,San Antonio,2010,40,0.0
38,Jujuy,38056,San Antonio,2011,71,0.0
38,Jujuy,38056,San Antonio,2012,70,0.0
38,Jujuy,38056,San Antonio,2013,41,0.0
38,Jujuy,38056,San Antonio,2014,33,0.0
38,Jujuy,38056,San Antonio,2015,162,0.0
38,Jujuy,38056,San Antonio,2016,42,0.0
38,Jujuy,38056,San Antonio,2017,60,0.0
38,Jujuy,38056,San Antonio,2018,56,0.0
38,Jujuy,38056,San Antonio,2019,52,0.0
38,Jujuy,38056,San Antonio,2020,47,0.0
38,Jujuy,38056,San Antonio,2021,51,0.0
38,Jujuy,38056,San Antonio,2022,44,0.0
38,Jujuy,38056,San Antonio,2023,50,0.0
38,Jujuy,38056,San Antonio,2024,67,0.0
38,Jujuy,38063,San Pedro,2000,1341,0.0
38,Jujuy,38063,San Pedro,2001,1455,0.0
38,Jujuy,38063,San Pedro,2002,943,0.0
38,Jujuy,38063,San Pedro,2003,1353,0.0
38,Jujuy,38063,San Pedro,2004,2402,0.0
38,Jujuy,38063,San Pedro,2005,2251,0.0
38,Jujuy,38063,San Pedro,2006,1931,0.0
38,Jujuy,38063,San Pedro,2007,1724,0.0
38,Jujuy,38063,San Pedro,2008,1612,0.0
38,Jujuy,38063,San Pedro,2009,1607,0.0
38,Jujuy,38063,San Pedro,2010,1510,0.0
38,Jujuy,38063,San Pedro,2011,1649,0.0
38,Jujuy,38063,San Pedro,2012,1589,0.0
38,Jujuy,38063,San Pedro,2013,1530,0.0
38,Jujuy,38063,San Pedro,2014,2101,0.0
38,Jujuy,38063,San Pedro,2015,2090,0.0
38,Jujuy,38063,San Pedro,2016,2701,0.0
38,Jujuy,38063,San Pedro,2017,1899,0.0
38,Jujuy,38063,San Pedro,2018,1680,0.0
38,Jujuy,38063,San Pedro,2019,1577,0.0
38,Jujuy,38063,San Pedro,2020,1464,0.0
38,Jujuy,38063,San Pedro,2021,1540,0.0
38,Jujuy,38063,San Pedro,2022,1677,0.0
38,Jujuy,38063,San Pedro,2023,1781,0.0
38,Jujuy,38063,San Pedro,2024,2041,0.0
38,Jujuy,38070,Santa Bárbara,2000,262,0.0
38,Jujuy,38070,Santa Bárbara,2001,185,0.0
38,Jujuy,38070,Santa Bárbara,2002,12,0.0
38,Jujuy,38070,Santa Bárbara,2003,137,0.0
38,Jujuy,38070,Santa Bárbara,2004,315,0.0
38,Jujuy,38070,Santa Bárbara,2005,280,0.0
38,Jujuy,38070,Santa Bárbara,2006,231,0.0
38,Jujuy,38070,Santa Bárbara,2007,177,0.0
38,Jujuy,38070,Santa Bárbara,2008,221,0.0
38,Jujuy,38070,Santa Bárbara,2009,258,0.0
38,Jujuy,38070,Santa Bárbara,2010,241,0.0
38,Jujuy,38070,Santa Bárbara,2011,195,0.0
38,Jujuy,38070,Santa Bárbara,2012,166,0.0
38,Jujuy,38070,Santa Bárbara,2013,150,0.0
38,Jujuy,38070,Santa Bárbara,2014,212,0.0
38,Jujuy,38070,Santa Bárbara,2015,180,0.0
38,Jujuy,38070,Santa Bárbara,2016,602,0.0
38,Jujuy,38070,Santa Bárbara,2017,155,0.0
38,Jujuy,38070,Santa Bárbara,2018,174,0.0
38,Jujuy,38070,Santa Bárbara,2019,185,0.0
38,Jujuy,38070,Santa Bárbara,2020,190,0.0
38,Jujuy,38070,Santa Bárbara,2021,209,0.0
38,Jujuy,38070,Santa Bárbara,2022,241,0.0
38,Jujuy,38070,Santa Bárbara,2023,175,0.0
38,Jujuy,38070,Santa Bárbara,2024,212,0.0
38,Jujuy,38077,Santa Catalina,2000,6,0.0
38,Jujuy,38077,Santa Catalina,2001,5,0.0
38,Jujuy,38077,Santa Catalina,2002,5,0.0
38,Jujuy,38077,Santa Catalina,2003,9,0.0
38,Jujuy,38077,Santa Catalina,2004,6,0.0
38,Jujuy,38077,Santa Catalina,2005,5,0.0
38,Jujuy,38077,Santa Catalina,2006,5,0.0
38,Jujuy,38077,Santa Catalina,2007,20,0.0
38,Jujuy,38077,Santa Catalina,2008,11,0.0
38,Jujuy,38077,Santa Catalina,2009,9,0.0
38,Jujuy,38077,Santa Catalina,2010,4,0.0
38,Jujuy,38077,Santa Catalina,2011,2,0.0
38,Jujuy,38077,Santa Catalina,2012,2,0.0
38,Jujuy,38077,Santa Catalina,2013,11,0.0
38,Jujuy,38077,Santa Catalina,2014,15,0.0
38,Jujuy,38077,Santa Catalina,2015,18,0.0
38,Jujuy,38077,Santa Catalina,2016,2,0.0
38,Jujuy,38077,Santa Catalina,2017,8,0.0
38,Jujuy,38077,Santa Catalina,2018,5,0.0
38,Jujuy,38077,Santa Catalina,2019,8,0.0
38,Jujuy,38077,Santa Catalina,2020,12,0.0
38,Jujuy,38077,Santa Catalina,2021,11,0.0
38,Jujuy,38077,Santa Catalina,2022,5,0.0
38,Jujuy,38077,Santa Catalina,2023,5,0.0
38,Jujuy,38077,Santa Catalina,2024,17,0.0
38,Jujuy,38084,Susques,2000,0,0.0
38,Jujuy,38084,Susques,2001,0,0.0
38,Jujuy,38084,Susques,2002,0,0.0
38,Jujuy,38084,Susques,2003,16,0.0
38,Jujuy,38084,Susques,2004,10,0.0
38,Jujuy,38084,Susques,2005,13,0.0
38,Jujuy,38084,Susques,2006,4,0.0
38,Jujuy,38084,Susques,2007,18,0.0
38,Jujuy,38084,Susques,2008,5,0.0
38,Jujuy,38084,Susques,2009,10,0.0
38,Jujuy,38084,Susques,2010,16,0.0
38,Jujuy,38084,Susques,2011,30,0.0
38,Jujuy,38084,Susques,2012,22,0.0
38,Jujuy,38084,Susques,2013,21,0.0
38,Jujuy,38084,Susques,2014,23,0.0
38,Jujuy,38084,Susques,2015,19,0.0
38,Jujuy,38084,Susques,2016,30,0.0
38,Jujuy,38084,Susques,2017,11,0.0
38,Jujuy,38084,Susques,2018,28,0.0
38,Jujuy,38084,Susques,2019,18,0.0
38,Jujuy,38084,Susques,2020,18,0.0
38,Jujuy,38084,Susques,2021,16,0.0
38,Jujuy,38084,Susques,2022,12,0.0
38,Jujuy,38084,Susques,2023,14,0.0
38,Jujuy,38084,Susques,2024,25,0.0
38,Jujuy,38094,Tilcara,2000,120,0.0
38,Jujuy,38094,Tilcara,2001,79,0.0
38,Jujuy,38094,Tilcara,2002,72,0.0
38,Jujuy,38094,Tilcara,2003,156,0.0
38,Jujuy,38094,Tilcara,2004,206,0.0
38,Jujuy,38094,Tilcara,2005,215,0.0
38,Jujuy,38094,Tilcara,2006,198,0.0
38,Jujuy,38094,Tilcara,2007,215,0.0
38,Jujuy,38094,Tilcara,2008,247,0.0
38,Jujuy,38094,Tilcara,2009,378,0.0
38,Jujuy,38094,Tilcara,2010,246,0.0
38,Jujuy,38094,Tilcara,2011,252,0.0
38,Jujuy,38094,Tilcara,2012,176,0.0
38,Jujuy,38094,Tilcara,2013,204,0.0
38,Jujuy,38094,Tilcara,2014,171,0.0
38,Jujuy,38094,Tilcara,2015,178,0.0
38,Jujuy,38094,Tilcara,2016,189,0.0
38,Jujuy,38094,Tilcara,2017,172,0.0
38,Jujuy,38094,Tilcara,2018,286,0.0
38,Jujuy,38094,Tilcara,2019,263,0.0
38,Jujuy,38094,Tilcara,2020,202,0.0
38,Jujuy,38094,Tilcara,2021,236,0.0
38,Jujuy,38094,Tilcara,2022,337,0.0
38,Jujuy,38094,Tilcara,2023,412,0.0
38,Jujuy,38094,Tilcara,2024,418,0.0
38,Jujuy,38098,Tumbaya,2000,72,0.0
38,Jujuy,38098,Tumbaya,2001,95,0.0
38,Jujuy,38098,Tumbaya,2002,39,0.0
38,Jujuy,38098,Tumbaya,2003,37,0.0
38,Jujuy,38098,Tumbaya,2004,74,0.0
38,Jujuy,38098,Tumbaya,2005,62,0.0
38,Jujuy,38098,Tumbaya,2006,68,0.0
38,Jujuy,38098,Tumbaya,2007,62,0.0
38,Jujuy,38098,Tumbaya,2008,77,0.0
38,Jujuy,38098,Tumbaya,2009,61,0.0
38,Jujuy,38098,Tumbaya,2010,41,0.0
38,Jujuy,38098,Tumbaya,2011,39,0.0
38,Jujuy,38098,Tumbaya,2012,30,0.0
38,Jujuy,38098,Tumbaya,2013,68,0.0
38,Jujuy,38098,Tumbaya,2014,65,0.0
38,Jujuy,38098,Tumbaya,2015,84,0.0
38,Jujuy,38098,Tumbaya,2016,58,0.0
38,Jujuy,38098,Tumbaya,2017,54,0.0
38,Jujuy,38098,Tumbaya,2018,86,0.0
38,Jujuy,38098,Tumbaya,2019,106,0.0
38,Jujuy,38098,Tumbaya,2020,72,0.0
38,Jujuy,38098,Tumbaya,2021,65,0.0
38,Jujuy,38098,Tumbaya,2022,82,0.0
38,Jujuy,38098,Tumbaya,2023,92,0.0
38,Jujuy,38098,Tumbaya,2024,60,0.0
38,Jujuy,38105,Valle Grande,2000,16,0.0
38,Jujuy,38105,Valle Grande,2001,21,0.0
38,Jujuy,38105,Valle Grande,2002,25,0.0
38,Jujuy,38105,Valle Grande,2003,11,0.0
38,Jujuy,38105,Valle Grande,2004,17,0.0
38,Jujuy,38105,Valle Grande,2005,9,0.0
38,Jujuy,38105,Valle Grande,2006,10,0.0
38,Jujuy,38105,Valle Grande,2007,20,0.0
38,Jujuy,38105,Valle Grande,2008,8,0.0
38,Jujuy,38105,Valle Grande,2009,7,0.0
38,Jujuy,38105,Valle Grande,2010,5,0.0
38,Jujuy,38105,Valle Grande,2011,3,0.0
38,Jujuy,38105,Valle Grande,2012,0,0.0
38,Jujuy,38105,Valle Grande,2013,0,0.0
38,Jujuy,38105,Valle Grande,2014,3,0.0
38,Jujuy,38105,Valle Grande,2015,2,0.0
38,Jujuy,38105,Valle Grande,2016,3,0.0
38,Jujuy,38105,Valle Grande,2017,2,0.0
38,Jujuy,38105,Valle Grande,2018,1,0.0
38,Jujuy,38105,Valle Grande,2019,2,0.0
38,Jujuy,38105,Valle Grande,2020,0,0.0
38,Jujuy,38105,Valle Grande,2021,0,0.0
38,Jujuy,38105,Valle Grande,2022,0,0.0
38,Jujuy,38105,Valle Grande,2023,8,0.0
38,Jujuy,38105,Valle Grande,2024,7,0.0
38,Jujuy,38112,Yavi,2000,177,0.0
38,Jujuy,38112,Yavi,2001,218,0.0
38,Jujuy,38112,Yavi,2002,59,0.0
38,Jujuy,38112,Yavi,2003,279,0.0
38,Jujuy,38112,Yavi,2004,316,0.0
38,Jujuy,38112,Yavi,2005,307,0.0
38,Jujuy,38112,Yavi,2006,367,0.0
38,Jujuy,38112,Yavi,2007,345,0.0
38,Jujuy,38112,Yavi,2008,319,0.0
38,Jujuy,38112,Yavi,2009,288,0.0
38,Jujuy,38112,Yavi,2010,264,0.0
38,Jujuy,38112,Yavi,2011,268,0.0
38,Jujuy,38112,Yavi,2012,277,0.0
38,Jujuy,38112,Yavi,2013,367,0.0
38,Jujuy,38112,Yavi,2014,256,0.0
38,Jujuy,38112,Yavi,2015,289,0.0
38,Jujuy,38112,Yavi,2016,256,0.0
38,Jujuy,38112,Yavi,2017,231,0.0
38,Jujuy,38112,Yavi,2018,283,0.0
38,Jujuy,38112,Yavi,2019,374,0.0
38,Jujuy,38112,Yavi,2020,235,0.0
38,Jujuy,38112,Yavi,2021,363,0.0
38,Jujuy,38112,Yavi,2022,531,0.0
38,Jujuy,38112,Yavi,2023,492,0.0
38,Jujuy,38112,Yavi,2024,442,0.0
38,Jujuy,38999,Departamento sin determinar,2000,7,0.0
38,Jujuy,38999,Departamento sin determinar,2001,0,0.0
38,Jujuy,38999,Departamento sin determinar,2002,8054,0.0
38,Jujuy,38999,Departamento sin determinar,2003,4056,0.0
38,Jujuy,38999,Departamento sin determinar,2004,7,0.0
38,Jujuy,38999,Departamento sin determinar,2005,64,0.0
38,Jujuy,38999,Departamento sin determinar,2006,2,0.0
38,Jujuy,38999,Departamento sin determinar,2007,9,0.0
38,Jujuy,38999,Departamento sin determinar,2008,15,0.0
38,Jujuy,38999,Departamento sin determinar,2009,26,0.0
38,Jujuy,38999,Departamento sin determinar,2010,9,0.0
38,Jujuy,38999,Departamento sin determinar,2011,9,0.0
38,Jujuy,38999,Departamento sin determinar,2012,9,0.0
38,Jujuy,38999,Departamento sin determinar,2013,14,0.0
38,Jujuy,38999,Departamento sin determinar,2014,20,0.0
38,Jujuy,38999,Departamento sin determinar,2015,10,0.0
38,Jujuy,38999,Departamento sin determinar,2016,4,0.0
38,Jujuy,38999,Departamento sin determinar,2017,13,0.0
38,Jujuy,38999,Departamento sin determinar,2018,11,0.0
38,Jujuy,38999,Departamento sin determinar,2019,9,0.0
38,Jujuy,38999,Departamento sin determinar,2020,8,0.0
38,Jujuy,38999,Departamento sin determinar,2021,6,0.0
38,Jujuy,38999,Departamento sin determinar,2022,11,0.0
38,Jujuy,38999,Departamento sin determinar,2023,22,0.0
38,Jujuy,38999,Departamento sin determinar,2024,14,0.0
42,La Pampa,42001,Centro (Santa Rosa),2000,6199,0.0
42,La Pampa,42001,Centro (Santa Rosa),2001,6234,0.0
42,La Pampa,42001,Centro (Santa Rosa),2002,7598,0.0
42,La Pampa,42001,Centro (Santa Rosa),2003,6073,0.0
42,La Pampa,42001,Centro (Santa Rosa),2004,5043,0.0
42,La Pampa,42001,Centro (Santa Rosa),2005,4023,0.0
42,La Pampa,42001,Centro (Santa Rosa),2006,3985,0.0
42,La Pampa,42001,Centro (Santa Rosa),2007,3853,0.0
42,La Pampa,42001,Centro (Santa Rosa),2008,4638,0.0
42,La Pampa,42001,Centro (Santa Rosa),2009,5590,0.0
42,La Pampa,42001,Centro (Santa Rosa),2010,5107,0.0
42,La Pampa,42001,Centro (Santa Rosa),2011,5285,0.0
42,La Pampa,42001,Centro (Santa Rosa),2012,6138,0.0
42,La Pampa,42001,Centro (Santa Rosa),2013,6399,0.0
42,La Pampa,42001,Centro (Santa Rosa),2014,6582,0.0
42,La Pampa,42001,Centro (Santa Rosa),2015,5045,0.0
42,La Pampa,42001,Centro (Santa Rosa),2016,4042,0.0
42,La Pampa,42001,Centro (Santa Rosa),2017,3751,0.0
42,La Pampa,42001,Centro (Santa Rosa),2018,2792,0.0
42,La Pampa,42001,Centro (Santa Rosa),2019,1985,0.0
42,La Pampa,42001,Centro (Santa Rosa),2020,1294,0.0
42,La Pampa,42001,Centro (Santa Rosa),2021,1688,0.0
42,La Pampa,42002,Norte (General Pico),2000,2955,0.0
42,La Pampa,42002,Norte (General Pico),2001,2048,0.0
42,La Pampa,42002,Norte (General Pico),2002,3011,0.0
42,La Pampa,42002,Norte (General Pico),2003,3251,0.0
42,La Pampa,42002,Norte (General Pico),2004,3100,0.0
42,La Pampa,42002,Norte (General Pico),2005,2377,0.0
42,La Pampa,42002,Norte (General Pico),2006,1844,0.0
42,La Pampa,42002,Norte (General Pico),2007,1790,0.0
42,La Pampa,42002,Norte (General Pico),2008,1636,0.0
42,La Pampa,42002,Norte (General Pico),2009,1717,0.0
42,La Pampa,42002,Norte (General Pico),2010,1850,0.0
42,La Pampa,42002,Norte (General Pico),2011,1908,0.0
42,La Pampa,42002,Norte (General Pico),2012,2054,0.0
42,La Pampa,42002,Norte (General Pico),2013,1638,0.0
42,La Pampa,42002,Norte (General Pico),2014,1765,0.0
42,La Pampa,42002,Norte (General Pico),2015,1576,0.0
42,La Pampa,42002,Norte (General Pico),2016,1558,0.0
42,La Pampa,42002,Norte (General Pico),2017,1365,0.0
42,La Pampa,42002,Norte (General Pico),2018,1261,0.0
42,La Pampa,42002,Norte (General Pico),2019,748,0.0
42,La Pampa,42002,Norte (General Pico),2020,448,0.0
42,La Pampa,42002,Norte (General Pico),2021,672,0.0
42,La Pampa,42003,Sur (General Acha),2000,468,0.0
42,La Pampa,42003,Sur (General Acha),2001,448,0.0
42,La Pampa,42003,Sur (General Acha),2002,558,0.0
42,La Pampa,42003,Sur (General Acha),2003,495,0.0
42,La Pampa,42003,Sur (General Acha),2004,562,0.0
42,La Pampa,42003,Sur (General Acha),2005,298,0.0
42,La Pampa,42003,Sur (General Acha),2006,374,0.0
42,La Pampa,42003,Sur (General Acha),2007,465,0.0
42,La Pampa,42003,Sur (General Acha),2008,430,0.0
42,La Pampa,42003,Sur (General Acha),2009,447,0.0
42,La Pampa,42003,Sur (General Acha),2010,403,0.0
42,La Pampa,42003,Sur (General Acha),2011,421,0.0
42,La Pampa,42003,Sur (General Acha),2012,555,0.0
42,La Pampa,42003,Sur (General Acha),2013,414,0.0
42,La Pampa,42003,Sur (General Acha),2014,419,0.0
42,La Pampa,42003,Sur (General Acha),2015,378,0.0
42,La Pampa,42003,Sur (General Acha),2016,491,0.0
42,La Pampa,42003,Sur (General Acha),2017,429,0.0
42,La Pampa,42003,Sur (General Acha),2018,526,0.0
42,La Pampa,42003,Sur (General Acha),2019,349,0.0
42,La Pampa,42003,Sur (General Acha),2020,129,0.0
42,La Pampa,42003,Sur (General Acha),2021,165,0.0
42,La Pampa,42004,Oeste (25 de Mayo),2000,189,0.0
42,La Pampa,42004,Oeste (25 de Mayo),2001,231,0.0
42,La Pampa,42004,Oeste (25 de Mayo),2002,321,0.0
42,La Pampa,42004,Oeste (25 de Mayo),2003,231,0.0
42,La Pampa,42004,Oeste (25 de Mayo),2004,205,0.0
42,La Pampa,42004,Oeste (25 de Mayo),2005,187,0.0
42,La Pampa,42004,Oeste (25 de Mayo),2006,180,0.0
42,La Pampa,42004,Oeste (25 de Mayo),2007,185,0.0
42,La Pampa,42004,Oeste (25 de Mayo),2008,203,0.0
42,La Pampa,42004,Oeste (25 de Mayo),2009,218,0.0
42,La Pampa,42004,Oeste (25 de Mayo),2010,241,0.0
42,La Pampa,42004,Oeste (25 de Mayo),2011,154,0.0
42,La Pampa,42004,Oeste (25 de Mayo),2012,227,0.0
42,La Pampa,42004,Oeste (25 de Mayo),2013,176,0.0
42,La Pampa,42004,Oeste (25 de Mayo),2014,205,0.0
42,La Pampa,42004,Oeste (25 de Mayo),2015,337,0.0
42,La Pampa,42004,Oeste (25 de Mayo),2016,284,0.0
42,La Pampa,42004,Oeste (25 de Mayo),2017,268,0.0
42,La Pampa,42004,Oeste (25 de Mayo),2018,280,0.0
42,La Pampa,42004,Oeste (25 de Mayo),2019,149,0.0
42,La Pampa,42004,Oeste (25 de Mayo),2020,83,0.0
42,La Pampa,42004,Oeste (25 de Mayo),2021,155,0.0
42,La Pampa,42007,Atreucó,2022,39,0.0
42,La Pampa,42007,Atreucó,2023,79,0.0
42,La Pampa,42007,Atreucó,2024,128,0.0
42,La Pampa,42014,Caleu Caleu,2022,16,0.0
42,La Pampa,42014,Caleu Caleu,2023,32,0.0
42,La Pampa,42014,Caleu Caleu,2024,50,0.0
42,La Pampa,42021,Capital,2022,2202,0.0
42,La Pampa,42021,Capital,2023,2641,0.0
42,La Pampa,42021,Capital,2024,3639,0.0
42,La Pampa,42028,Catriló,2022,49,0.0
42,La Pampa,42028,Catriló,2023,69,0.0
42,La Pampa,42028,Catriló,2024,102,0.0
42,La Pampa,42035,Conhelo,2022,72,0.0
42,La Pampa,42035,Conhelo,2023,61,0.0
42,La Pampa,42035,Conhelo,2024,96,0.0
42,La Pampa,42042,Curacó,2022,0,0.0
42,La Pampa,42042,Curacó,2023,0,0.0
42,La Pampa,42042,Curacó,2024,3,0.0
42,La Pampa,42049,Chalileo,2022,10,0.0
42,La Pampa,42049,Chalileo,2023,25,0.0
42,La Pampa,42049,Chalileo,2024,55,0.0
42,La Pampa,42056,Chapaleufú,2022,131,0.0
42,La Pampa,42056,Chapaleufú,2023,204,0.0
42,La Pampa,42056,Chapaleufú,2024,186,0.0
42,La Pampa,42063,Chicalcó,2023,1,0.0
42,La Pampa,42063,Chicalcó,2024,4,0.0
42,La Pampa,42070,Guatraché,2022,78,0.0
42,La Pampa,42070,Guatraché,2023,70,0.0
42,La Pampa,42070,Guatraché,2024,54,0.0
42,La Pampa,42077,Hucal,2022,46,0.0
42,La Pampa,42077,Hucal,2023,79,0.0
42,La Pampa,42077,Hucal,2024,61,0.0
42,La Pampa,42084,Lihuel Calel,2022,4,0.0
42,La Pampa,42084,Lihuel Calel,2023,5,0.0
42,La Pampa,42084,Lihuel Calel,2024,4,0.0
42,La Pampa,42091,Limay Mahuida,2022,0,0.0
42,La Pampa,42091,Limay Mahuida,2023,0,0.0
42,La Pampa,42091,Limay Mahuida,2024,0,0.0
42,La Pampa,42098,Loventué,2022,190,0.0
42,La Pampa,42098,Loventué,2023,148,0.0
42,La Pampa,42098,Loventué,2024,127,0.0
42,La Pampa,42105,Maracó,2022,667,0.0
42,La Pampa,42105,Maracó,2023,929,0.0
42,La Pampa,42105,Maracó,2024,1163,0.0
42,La Pampa,42112,Puelén,2022,201,0.0
42,La Pampa,42112,Puelén,2023,244,0.0
42,La Pampa,42112,Puelén,2024,371,0.0
42,La Pampa,42119,Quemú Ouemú,2022,3,0.0
42,La Pampa,42119,Quemú Ouemú,2023,31,0.0
42,La Pampa,42119,Quemú Ouemú,2024,66,0.0
42,La Pampa,42126,Rancul,2022,70,0.0
42,La Pampa,42126,Rancul,2023,103,0.0
42,La Pampa,42126,Rancul,2024,109,0.0
42,La Pampa,42133,Realicó,2022,159,0.0
42,La Pampa,42133,Realicó,2023,159,0.0
42,La Pampa,42133,Realicó,2024,134,0.0
42,La Pampa,42140,Toay,2022,281,0.0
42,La Pampa,42140,Toay,2023,226,0.0
42,La Pampa,42140,Toay,2024,265,0.0
42,La Pampa,42147,Trenel,2022,16,0.0
42,La Pampa,42147,Trenel,2023,27,0.0
42,La Pampa,42147,Trenel,2024,33,0.0
42,La Pampa,42154,Utracán,2022,179,0.0
42,La Pampa,42154,Utracán,2023,181,0.0
42,La Pampa,42154,Utracán,2024,156,0.0
42,La Pampa,42999,Departamento sin determinar,2000,0,0.0
42,La Pampa,42999,Departamento sin determinar,2001,0,0.0
42,La Pampa,42999,Departamento sin determinar,2002,0,0.0
42,La Pampa,42999,Departamento sin determinar,2003,4,0.0
42,La Pampa,42999,Departamento sin determinar,2004,2,0.0
42,La Pampa,42999,Departamento sin determinar,2005,4,0.0
42,La Pampa,42999,Departamento sin determinar,2006,3,0.0
42,La Pampa,42999,Departamento sin determinar,2007,1,0.0
42,La Pampa,42999,Departamento sin determinar,2008,5,0.0
42,La Pampa,42999,Departamento sin determinar,2009,3,0.0
42,La Pampa,42999,Departamento sin determinar,2010,4,0.0
42,La Pampa,42999,Departamento sin determinar,2011,0,0.0
42,La Pampa,42999,Departamento sin determinar,2012,1,0.0
42,La Pampa,42999,Departamento sin determinar,2013,8,0.0
42,La Pampa,42999,Departamento sin determinar,2014,11,0.0
42,La Pampa,42999,Departamento sin determinar,2015,2,0.0
42,La Pampa,42999,Departamento sin determinar,2016,8,0.0
42,La Pampa,42999,Departamento sin determinar,2017,6,0.0
42,La Pampa,42999,Departamento sin determinar,2018,2,0.0
42,La Pampa,42999,Departamento sin determinar,2019,2,0.0
42,La Pampa,42999,Departamento sin determinar,2020,4,0.0
42,La Pampa,42999,Departamento sin determinar,2021,2,0.0
42,La Pampa,42999,Departamento sin determinar,2022,110,0.0
42,La Pampa,42999,Departamento sin determinar,2023,114,0.0
42,La Pampa,42999,Departamento sin determinar,2024,141,0.0
46,La Rioja,46007,Arauco,2000,19,0.0
46,La Rioja,46007,Arauco,2001,98,0.0
46,La Rioja,46007,Arauco,2002,163,0.0
46,La Rioja,46007,Arauco,2003,122,0.0
46,La Rioja,46007,Arauco,2004,140,0.0
46,La Rioja,46007,Arauco,2005,154,0.0
46,La Rioja,46007,Arauco,2006,150,0.0
46,La Rioja,46007,Arauco,2007,165,0.0
46,La Rioja,46007,Arauco,2008,258,0.0
46,La Rioja,46007,Arauco,2009,110,0.0
46,La Rioja,46007,Arauco,2010,114,0.0
46,La Rioja,46007,Arauco,2011,119,0.0
46,La Rioja,46007,Arauco,2012,153,0.0
46,La Rioja,46007,Arauco,2013,126,0.0
46,La Rioja,46007,Arauco,2014,258,0.0
46,La Rioja,46007,Arauco,2015,164,0.0
46,La Rioja,46007,Arauco,2016,155,0.0
46,La Rioja,46007,Arauco,2017,138,0.0
46,La Rioja,46007,Arauco,2018,94,0.0
46,La Rioja,46007,Arauco,2019,78,0.0
46,La Rioja,46007,Arauco,2020,116,0.0
46,La Rioja,46007,Arauco,2021,180,0.0
46,La Rioja,46007,Arauco,2022,146,0.0
46,La Rioja,46007,Arauco,2023,133,0.0
46,La Rioja,46007,Arauco,2024,182,0.0
46,La Rioja,46014,Capital,2000,2702,0.0
46,La Rioja,46014,Capital,2001,2842,0.0
46,La Rioja,46014,Capital,2002,3651,0.0
46,La Rioja,46014,Capital,2003,3891,0.0
46,La Rioja,46014,Capital,2004,3959,0.0
46,La Rioja,46014,Capital,2005,3521,0.0
46,La Rioja,46014,Capital,2006,2862,0.0
46,La Rioja,46014,Capital,2007,2077,0.0
46,La Rioja,46014,Capital,2008,2248,0.0
46,La Rioja,46014,Capital,2009,2226,0.0
46,La Rioja,46014,Capital,2010,1905,0.0
46,La Rioja,46014,Capital,2011,1680,0.0
46,La Rioja,46014,Capital,2012,2136,0.0
46,La Rioja,46014,Capital,2013,2160,0.0
46,La Rioja,46014,Capital,2014,2637,0.0
46,La Rioja,46014,Capital,2015,2772,0.0
46,La Rioja,46014,Capital,2016,2608,0.0
46,La Rioja,46014,Capital,2017,3709,0.0
46,La Rioja,46014,Capital,2018,4711,0.0
46,La Rioja,46014,Capital,2019,5011,0.0
46,La Rioja,46014,Capital,2020,4154,0.0
46,La Rioja,46014,Capital,2021,3709,0.0
46,La Rioja,46014,Capital,2022,3844,0.0
46,La Rioja,46014,Capital,2023,4331,0.0
46,La Rioja,46014,Capital,2024,4936,0.0
46,La Rioja,46021,Castro Barros,2000,16,0.0
46,La Rioja,46021,Castro Barros,2001,22,0.0
46,La Rioja,46021,Castro Barros,2002,65,0.0
46,La Rioja,46021,Castro Barros,2003,28,0.0
46,La Rioja,46021,Castro Barros,2004,29,0.0
46,La Rioja,46021,Castro Barros,2005,16,0.0
46,La Rioja,46021,Castro Barros,2006,17,0.0
46,La Rioja,46021,Castro Barros,2007,25,0.0
46,La Rioja,46021,Castro Barros,2008,23,0.0
46,La Rioja,46021,Castro Barros,2009,38,0.0
46,La Rioja,46021,Castro Barros,2010,36,0.0
46,La Rioja,46021,Castro Barros,2011,15,0.0
46,La Rioja,46021,Castro Barros,2012,47,0.0
46,La Rioja,46021,Castro Barros,2013,42,0.0
46,La Rioja,46021,Castro Barros,2014,45,0.0
46,La Rioja,46021,Castro Barros,2015,8,0.0
46,La Rioja,46021,Castro Barros,2016,4,0.0
46,La Rioja,46021,Castro Barros,2017,9,0.0
46,La Rioja,46021,Castro Barros,2018,16,0.0
46,La Rioja,46021,Castro Barros,2019,17,0.0
46,La Rioja,46021,Castro Barros,2020,18,0.0
46,La Rioja,46021,Castro Barros,2021,24,0.0
46,La Rioja,46021,Castro Barros,2022,15,0.0
46,La Rioja,46021,Castro Barros,2023,23,0.0
46,La Rioja,46021,Castro Barros,2024,33,0.0
46,La Rioja,46028,Coronel Felipe Varela,2000,68,0.0
46,La Rioja,46028,Coronel Felipe Varela,2001,50,0.0
46,La Rioja,46028,Coronel Felipe Varela,2002,69,0.0
46,La Rioja,46028,Coronel Felipe Varela,2003,68,0.0
46,La Rioja,46028,Coronel Felipe Varela,2004,106,0.0
46,La Rioja,46028,Coronel Felipe Varela,2005,106,0.0
46,La Rioja,46028,Coronel Felipe Varela,2006,152,0.0
46,La Rioja,46028,Coronel Felipe Varela,2007,115,0.0
46,La Rioja,46028,Coronel Felipe Varela,2008,105,0.0
46,La Rioja,46028,Coronel Felipe Varela,2009,109,0.0
46,La Rioja,46028,Coronel Felipe Varela,2010,124,0.0
46,La Rioja,46028,Coronel Felipe Varela,2011,171,0.0
46,La Rioja,46028,Coronel Felipe Varela,2012,72,0.0
46,La Rioja,46028,Coronel Felipe Varela,2013,67,0.0
46,La Rioja,46028,Coronel Felipe Varela,2014,68,0.0
46,La Rioja,46028,Coronel Felipe Varela,2015,95,0.0
46,La Rioja,46028,Coronel Felipe Varela,2016,48,0.0
46,La Rioja,46028,Coronel Felipe Varela,2017,45,0.0
46,La Rioja,46028,Coronel Felipe Varela,2018,41,0.0
46,La Rioja,46028,Coronel Felipe Varela,2019,46,0.0
46,La Rioja,46028,Coronel Felipe Varela,2020,52,0.0
46,La Rioja,46028,Coronel Felipe Varela,2021,31,0.0
46,La Rioja,46028,Coronel Felipe Varela,2022,38,0.0
46,La Rioja,46028,Coronel Felipe Varela,2023,32,0.0
46,La Rioja,46028,Coronel Felipe Varela,2024,38,0.0
46,La Rioja,46035,Chamical ,2000,105,0.0
46,La Rioja,46035,Chamical ,2001,143,0.0
46,La Rioja,46035,Chamical ,2002,147,0.0
46,La Rioja,46035,Chamical ,2003,197,0.0
46,La Rioja,46035,Chamical ,2004,200,0.0
46,La Rioja,46035,Chamical ,2005,212,0.0
46,La Rioja,46035,Chamical ,2006,237,0.0
46,La Rioja,46035,Chamical ,2007,228,0.0
46,La Rioja,46035,Chamical ,2008,226,0.0
46,La Rioja,46035,Chamical ,2009,150,0.0
46,La Rioja,46035,Chamical ,2010,160,0.0
46,La Rioja,46035,Chamical ,2011,148,0.0
46,La Rioja,46035,Chamical ,2012,80,0.0
46,La Rioja,46035,Chamical ,2013,114,0.0
46,La Rioja,46035,Chamical ,2014,138,0.0
46,La Rioja,46035,Chamical ,2015,166,0.0
46,La Rioja,46035,Chamical ,2016,139,0.0
46,La Rioja,46035,Chamical ,2017,135,0.0
46,La Rioja,46035,Chamical ,2018,171,0.0
46,La Rioja,46035,Chamical ,2019,167,0.0
46,La Rioja,46035,Chamical ,2020,177,0.0
46,La Rioja,46035,Chamical ,2021,135,0.0
46,La Rioja,46035,Chamical ,2022,144,0.0
46,La Rioja,46035,Chamical ,2023,152,0.0
46,La Rioja,46035,Chamical ,2024,271,0.0
46,La Rioja,46042,Chilecito ,2000,376,0.0
46,La Rioja,46042,Chilecito ,2001,442,0.0
46,La Rioja,46042,Chilecito ,2002,513,0.0
46,La Rioja,46042,Chilecito ,2003,437,0.0
46,La Rioja,46042,Chilecito ,2004,450,0.0
46,La Rioja,46042,Chilecito ,2005,428,0.0
46,La Rioja,46042,Chilecito ,2006,406,0.0
46,La Rioja,46042,Chilecito ,2007,362,0.0
46,La Rioja,46042,Chilecito ,2008,320,0.0
46,La Rioja,46042,Chilecito ,2009,333,0.0
46,La Rioja,46042,Chilecito ,2010,372,0.0
46,La Rioja,46042,Chilecito ,2011,386,0.0
46,La Rioja,46042,Chilecito ,2012,400,0.0
46,La Rioja,46042,Chilecito ,2013,266,0.0
46,La Rioja,46042,Chilecito ,2014,382,0.0
46,La Rioja,46042,Chilecito ,2015,393,0.0
46,La Rioja,46042,Chilecito ,2016,301,0.0
46,La Rioja,46042,Chilecito ,2017,355,0.0
46,La Rioja,46042,Chilecito ,2018,468,0.0
46,La Rioja,46042,Chilecito ,2019,603,0.0
46,La Rioja,46042,Chilecito ,2020,513,0.0
46,La Rioja,46042,Chilecito ,2021,512,0.0
46,La Rioja,46042,Chilecito ,2022,466,0.0
46,La Rioja,46042,Chilecito ,2023,375,0.0
46,La Rioja,46042,Chilecito ,2024,486,0.0
46,La Rioja,46049,Famatina ,2000,58,0.0
46,La Rioja,46049,Famatina ,2001,42,0.0
46,La Rioja,46049,Famatina ,2002,50,0.0
46,La Rioja,46049,Famatina ,2003,110,0.0
46,La Rioja,46049,Famatina ,2004,112,0.0
46,La Rioja,46049,Famatina ,2005,133,0.0
46,La Rioja,46049,Famatina ,2006,91,0.0
46,La Rioja,46049,Famatina ,2007,69,0.0
46,La Rioja,46049,Famatina ,2008,65,0.0
46,La Rioja,46049,Famatina ,2009,51,0.0
46,La Rioja,46049,Famatina ,2010,49,0.0
46,La Rioja,46049,Famatina ,2011,48,0.0
46,La Rioja,46049,Famatina ,2012,49,0.0
46,La Rioja,46049,Famatina ,2013,25,0.0
46,La Rioja,46049,Famatina ,2014,21,0.0
46,La Rioja,46049,Famatina ,2015,35,0.0
46,La Rioja,46049,Famatina ,2016,25,0.0
46,La Rioja,46049,Famatina ,2017,34,0.0
46,La Rioja,46049,Famatina ,2018,34,0.0
46,La Rioja,46049,Famatina ,2019,34,0.0
46,La Rioja,46049,Famatina ,2020,28,0.0
46,La Rioja,46049,Famatina ,2021,40,0.0
46,La Rioja,46049,Famatina ,2022,40,0.0
46,La Rioja,46049,Famatina ,2023,35,0.0
46,La Rioja,46049,Famatina ,2024,40,0.0
46,La Rioja,46056,General Angel V. Peñaloza,2000,16,0.0
46,La Rioja,46056,General Angel V. Peñaloza,2001,8,0.0
46,La Rioja,46056,General Angel V. Peñaloza,2002,15,0.0
46,La Rioja,46056,General Angel V. Peñaloza,2003,25,0.0
46,La Rioja,46056,General Angel V. Peñaloza,2004,18,0.0
46,La Rioja,46056,General Angel V. Peñaloza,2005,13,0.0
46,La Rioja,46056,General Angel V. Peñaloza,2006,7,0.0
46,La Rioja,46056,General Angel V. Peñaloza,2007,13,0.0
46,La Rioja,46056,General Angel V. Peñaloza,2008,4,0.0
46,La Rioja,46056,General Angel V. Peñaloza,2009,27,0.0
46,La Rioja,46056,General Angel V. Peñaloza,2010,20,0.0
46,La Rioja,46056,General Angel V. Peñaloza,2011,11,0.0
46,La Rioja,46056,General Angel V. Peñaloza,2012,1,0.0
46,La Rioja,46056,General Angel V. Peñaloza,2013,11,0.0
46,La Rioja,46056,General Angel V. Peñaloza,2014,6,0.0
46,La Rioja,46056,General Angel V. Peñaloza,2015,16,0.0
46,La Rioja,46056,General Angel V. Peñaloza,2016,2,0.0
46,La Rioja,46056,General Angel V. Peñaloza,2017,10,0.0
46,La Rioja,46056,General Angel V. Peñaloza,2018,18,0.0
46,La Rioja,46056,General Angel V. Peñaloza,2019,14,0.0
46,La Rioja,46056,General Angel V. Peñaloza,2020,22,0.0
46,La Rioja,46056,General Angel V. Peñaloza,2021,4,0.0
46,La Rioja,46056,General Angel V. Peñaloza,2022,14,0.0
46,La Rioja,46056,General Angel V. Peñaloza,2023,4,0.0
46,La Rioja,46056,General Angel V. Peñaloza,2024,8,0.0
46,La Rioja,46063,General Belgrano,2000,41,0.0
46,La Rioja,46063,General Belgrano,2001,43,0.0
46,La Rioja,46063,General Belgrano,2002,61,0.0
46,La Rioja,46063,General Belgrano,2003,90,0.0
46,La Rioja,46063,General Belgrano,2004,70,0.0
46,La Rioja,46063,General Belgrano,2005,75,0.0
46,La Rioja,46063,General Belgrano,2006,83,0.0
46,La Rioja,46063,General Belgrano,2007,78,0.0
46,La Rioja,46063,General Belgrano,2008,58,0.0
46,La Rioja,46063,General Belgrano,2009,47,0.0
46,La Rioja,46063,General Belgrano,2010,53,0.0
46,La Rioja,46063,General Belgrano,2011,61,0.0
46,La Rioja,46063,General Belgrano,2012,54,0.0
46,La Rioja,46063,General Belgrano,2013,56,0.0
46,La Rioja,46063,General Belgrano,2014,43,0.0
46,La Rioja,46063,General Belgrano,2015,38,0.0
46,La Rioja,46063,General Belgrano,2016,55,0.0
46,La Rioja,46063,General Belgrano,2017,59,0.0
46,La Rioja,46063,General Belgrano,2018,59,0.0
46,La Rioja,46063,General Belgrano,2019,69,0.0
46,La Rioja,46063,General Belgrano,2020,29,0.0
46,La Rioja,46063,General Belgrano,2021,17,0.0
46,La Rioja,46063,General Belgrano,2022,25,0.0
46,La Rioja,46063,General Belgrano,2023,60,0.0
46,La Rioja,46063,General Belgrano,2024,56,0.0
46,La Rioja,46070,General Juan F. Quiroga,2000,10,0.0
46,La Rioja,46070,General Juan F. Quiroga,2001,13,0.0
46,La Rioja,46070,General Juan F. Quiroga,2002,28,0.0
46,La Rioja,46070,General Juan F. Quiroga,2003,31,0.0
46,La Rioja,46070,General Juan F. Quiroga,2004,27,0.0
46,La Rioja,46070,General Juan F. Quiroga,2005,10,0.0
46,La Rioja,46070,General Juan F. Quiroga,2006,21,0.0
46,La Rioja,46070,General Juan F. Quiroga,2007,26,0.0
46,La Rioja,46070,General Juan F. Quiroga,2008,20,0.0
46,La Rioja,46070,General Juan F. Quiroga,2009,19,0.0
46,La Rioja,46070,General Juan F. Quiroga,2010,17,0.0
46,La Rioja,46070,General Juan F. Quiroga,2011,20,0.0
46,La Rioja,46070,General Juan F. Quiroga,2012,4,0.0
46,La Rioja,46070,General Juan F. Quiroga,2013,4,0.0
46,La Rioja,46070,General Juan F. Quiroga,2014,2,0.0
46,La Rioja,46070,General Juan F. Quiroga,2015,6,0.0
46,La Rioja,46070,General Juan F. Quiroga,2016,2,0.0
46,La Rioja,46070,General Juan F. Quiroga,2017,4,0.0
46,La Rioja,46070,General Juan F. Quiroga,2018,9,0.0
46,La Rioja,46070,General Juan F. Quiroga,2019,26,0.0
46,La Rioja,46070,General Juan F. Quiroga,2020,23,0.0
46,La Rioja,46070,General Juan F. Quiroga,2021,16,0.0
46,La Rioja,46070,General Juan F. Quiroga,2022,11,0.0
46,La Rioja,46070,General Juan F. Quiroga,2023,15,0.0
46,La Rioja,46070,General Juan F. Quiroga,2024,11,0.0
46,La Rioja,46077,General Lamadrid,2000,12,0.0
46,La Rioja,46077,General Lamadrid,2001,12,0.0
46,La Rioja,46077,General Lamadrid,2002,13,0.0
46,La Rioja,46077,General Lamadrid,2003,21,0.0
46,La Rioja,46077,General Lamadrid,2004,13,0.0
46,La Rioja,46077,General Lamadrid,2005,11,0.0
46,La Rioja,46077,General Lamadrid,2006,17,0.0
46,La Rioja,46077,General Lamadrid,2007,17,0.0
46,La Rioja,46077,General Lamadrid,2008,11,0.0
46,La Rioja,46077,General Lamadrid,2009,23,0.0
46,La Rioja,46077,General Lamadrid,2010,23,0.0
46,La Rioja,46077,General Lamadrid,2011,27,0.0
46,La Rioja,46077,General Lamadrid,2012,4,0.0
46,La Rioja,46077,General Lamadrid,2013,8,0.0
46,La Rioja,46077,General Lamadrid,2014,14,0.0
46,La Rioja,46077,General Lamadrid,2015,12,0.0
46,La Rioja,46077,General Lamadrid,2016,13,0.0
46,La Rioja,46077,General Lamadrid,2017,11,0.0
46,La Rioja,46077,General Lamadrid,2018,14,0.0
46,La Rioja,46077,General Lamadrid,2019,9,0.0
46,La Rioja,46077,General Lamadrid,2020,19,0.0
46,La Rioja,46077,General Lamadrid,2021,0,0.0
46,La Rioja,46077,General Lamadrid,2022,5,0.0
46,La Rioja,46077,General Lamadrid,2023,4,0.0
46,La Rioja,46077,General Lamadrid,2024,8,0.0
46,La Rioja,46084,General Ocampo,2000,22,0.0
46,La Rioja,46084,General Ocampo,2001,26,0.0
46,La Rioja,46084,General Ocampo,2002,40,0.0
46,La Rioja,46084,General Ocampo,2003,61,0.0
46,La Rioja,46084,General Ocampo,2004,62,0.0
46,La Rioja,46084,General Ocampo,2005,45,0.0
46,La Rioja,46084,General Ocampo,2006,59,0.0
46,La Rioja,46084,General Ocampo,2007,35,0.0
46,La Rioja,46084,General Ocampo,2008,31,0.0
46,La Rioja,46084,General Ocampo,2009,35,0.0
46,La Rioja,46084,General Ocampo,2010,31,0.0
46,La Rioja,46084,General Ocampo,2011,33,0.0
46,La Rioja,46084,General Ocampo,2012,27,0.0
46,La Rioja,46084,General Ocampo,2013,46,0.0
46,La Rioja,46084,General Ocampo,2014,37,0.0
46,La Rioja,46084,General Ocampo,2015,55,0.0
46,La Rioja,46084,General Ocampo,2016,35,0.0
46,La Rioja,46084,General Ocampo,2017,36,0.0
46,La Rioja,46084,General Ocampo,2018,20,0.0
46,La Rioja,46084,General Ocampo,2019,5,0.0
46,La Rioja,46084,General Ocampo,2020,37,0.0
46,La Rioja,46084,General Ocampo,2021,33,0.0
46,La Rioja,46084,General Ocampo,2022,23,0.0
46,La Rioja,46084,General Ocampo,2023,22,0.0
46,La Rioja,46084,General Ocampo,2024,27,0.0
46,La Rioja,46091,General San Martín,2000,28,0.0
46,La Rioja,46091,General San Martín,2001,18,0.0
46,La Rioja,46091,General San Martín,2002,17,0.0
46,La Rioja,46091,General San Martín,2003,66,0.0
46,La Rioja,46091,General San Martín,2004,66,0.0
46,La Rioja,46091,General San Martín,2005,59,0.0
46,La Rioja,46091,General San Martín,2006,31,0.0
46,La Rioja,46091,General San Martín,2007,36,0.0
46,La Rioja,46091,General San Martín,2008,43,0.0
46,La Rioja,46091,General San Martín,2009,56,0.0
46,La Rioja,46091,General San Martín,2010,51,0.0
46,La Rioja,46091,General San Martín,2011,33,0.0
46,La Rioja,46091,General San Martín,2012,17,0.0
46,La Rioja,46091,General San Martín,2013,7,0.0
46,La Rioja,46091,General San Martín,2014,22,0.0
46,La Rioja,46091,General San Martín,2015,12,0.0
46,La Rioja,46091,General San Martín,2016,18,0.0
46,La Rioja,46091,General San Martín,2017,20,0.0
46,La Rioja,46091,General San Martín,2018,28,0.0
46,La Rioja,46091,General San Martín,2019,15,0.0
46,La Rioja,46091,General San Martín,2020,13,0.0
46,La Rioja,46091,General San Martín,2021,9,0.0
46,La Rioja,46091,General San Martín,2022,9,0.0
46,La Rioja,46091,General San Martín,2023,0,0.0
46,La Rioja,46091,General San Martín,2024,31,0.0
46,La Rioja,46098,Vinchina,2000,29,0.0
46,La Rioja,46098,Vinchina,2001,21,0.0
46,La Rioja,46098,Vinchina,2002,13,0.0
46,La Rioja,46098,Vinchina,2003,8,0.0
46,La Rioja,46098,Vinchina,2004,30,0.0
46,La Rioja,46098,Vinchina,2005,13,0.0
46,La Rioja,46098,Vinchina,2006,21,0.0
46,La Rioja,46098,Vinchina,2007,22,0.0
46,La Rioja,46098,Vinchina,2008,24,0.0
46,La Rioja,46098,Vinchina,2009,19,0.0
46,La Rioja,46098,Vinchina,2010,18,0.0
46,La Rioja,46098,Vinchina,2011,16,0.0
46,La Rioja,46098,Vinchina,2012,4,0.0
46,La Rioja,46098,Vinchina,2013,12,0.0
46,La Rioja,46098,Vinchina,2014,22,0.0
46,La Rioja,46098,Vinchina,2015,16,0.0
46,La Rioja,46098,Vinchina,2016,12,0.0
46,La Rioja,46098,Vinchina,2017,9,0.0
46,La Rioja,46098,Vinchina,2018,9,0.0
46,La Rioja,46098,Vinchina,2019,10,0.0
46,La Rioja,46098,Vinchina,2020,16,0.0
46,La Rioja,46098,Vinchina,2021,10,0.0
46,La Rioja,46098,Vinchina,2022,15,0.0
46,La Rioja,46098,Vinchina,2023,10,0.0
46,La Rioja,46098,Vinchina,2024,10,0.0
46,La Rioja,46105,Independencia,2000,8,0.0
46,La Rioja,46105,Independencia,2001,6,0.0
46,La Rioja,46105,Independencia,2002,13,0.0
46,La Rioja,46105,Independencia,2003,9,0.0
46,La Rioja,46105,Independencia,2004,10,0.0
46,La Rioja,46105,Independencia,2005,5,0.0
46,La Rioja,46105,Independencia,2006,12,0.0
46,La Rioja,46105,Independencia,2007,20,0.0
46,La Rioja,46105,Independencia,2008,27,0.0
46,La Rioja,46105,Independencia,2009,12,0.0
46,La Rioja,46105,Independencia,2010,7,0.0
46,La Rioja,46105,Independencia,2011,10,0.0
46,La Rioja,46105,Independencia,2012,1,0.0
46,La Rioja,46105,Independencia,2013,8,0.0
46,La Rioja,46105,Independencia,2014,5,0.0
46,La Rioja,46105,Independencia,2015,20,0.0
46,La Rioja,46105,Independencia,2016,22,0.0
46,La Rioja,46105,Independencia,2017,12,0.0
46,La Rioja,46105,Independencia,2018,13,0.0
46,La Rioja,46105,Independencia,2019,18,0.0
46,La Rioja,46105,Independencia,2020,11,0.0
46,La Rioja,46105,Independencia,2021,4,0.0
46,La Rioja,46105,Independencia,2022,21,0.0
46,La Rioja,46105,Independencia,2023,6,0.0
46,La Rioja,46105,Independencia,2024,6,0.0
46,La Rioja,46112,Rosario Vera Peñaloza,2000,102,0.0
46,La Rioja,46112,Rosario Vera Peñaloza,2001,118,0.0
46,La Rioja,46112,Rosario Vera Peñaloza,2002,209,0.0
46,La Rioja,46112,Rosario Vera Peñaloza,2003,273,0.0
46,La Rioja,46112,Rosario Vera Peñaloza,2004,296,0.0
46,La Rioja,46112,Rosario Vera Peñaloza,2005,240,0.0
46,La Rioja,46112,Rosario Vera Peñaloza,2006,202,0.0
46,La Rioja,46112,Rosario Vera Peñaloza,2007,122,0.0
46,La Rioja,46112,Rosario Vera Peñaloza,2008,91,0.0
46,La Rioja,46112,Rosario Vera Peñaloza,2009,87,0.0
46,La Rioja,46112,Rosario Vera Peñaloza,2010,123,0.0
46,La Rioja,46112,Rosario Vera Peñaloza,2011,118,0.0
46,La Rioja,46112,Rosario Vera Peñaloza,2012,69,0.0
46,La Rioja,46112,Rosario Vera Peñaloza,2013,107,0.0
46,La Rioja,46112,Rosario Vera Peñaloza,2014,129,0.0
46,La Rioja,46112,Rosario Vera Peñaloza,2015,90,0.0
46,La Rioja,46112,Rosario Vera Peñaloza,2016,94,0.0
46,La Rioja,46112,Rosario Vera Peñaloza,2017,115,0.0
46,La Rioja,46112,Rosario Vera Peñaloza,2018,130,0.0
46,La Rioja,46112,Rosario Vera Peñaloza,2019,128,0.0
46,La Rioja,46112,Rosario Vera Peñaloza,2020,101,0.0
46,La Rioja,46112,Rosario Vera Peñaloza,2021,83,0.0
46,La Rioja,46112,Rosario Vera Peñaloza,2022,104,0.0
46,La Rioja,46112,Rosario Vera Peñaloza,2023,51,0.0
46,La Rioja,46112,Rosario Vera Peñaloza,2024,79,0.0
46,La Rioja,46119,San Blas de los Sauces,2000,19,0.0
46,La Rioja,46119,San Blas de los Sauces,2001,19,0.0
46,La Rioja,46119,San Blas de los Sauces,2002,36,0.0
46,La Rioja,46119,San Blas de los Sauces,2003,33,0.0
46,La Rioja,46119,San Blas de los Sauces,2004,27,0.0
46,La Rioja,46119,San Blas de los Sauces,2005,34,0.0
46,La Rioja,46119,San Blas de los Sauces,2006,41,0.0
46,La Rioja,46119,San Blas de los Sauces,2007,25,0.0
46,La Rioja,46119,San Blas de los Sauces,2008,34,0.0
46,La Rioja,46119,San Blas de los Sauces,2009,30,0.0
46,La Rioja,46119,San Blas de los Sauces,2010,22,0.0
46,La Rioja,46119,San Blas de los Sauces,2011,17,0.0
46,La Rioja,46119,San Blas de los Sauces,2012,14,0.0
46,La Rioja,46119,San Blas de los Sauces,2013,14,0.0
46,La Rioja,46119,San Blas de los Sauces,2014,6,0.0
46,La Rioja,46119,San Blas de los Sauces,2015,6,0.0
46,La Rioja,46119,San Blas de los Sauces,2016,6,0.0
46,La Rioja,46119,San Blas de los Sauces,2017,4,0.0
46,La Rioja,46119,San Blas de los Sauces,2018,15,0.0
46,La Rioja,46119,San Blas de los Sauces,2019,20,0.0
46,La Rioja,46119,San Blas de los Sauces,2020,13,0.0
46,La Rioja,46119,San Blas de los Sauces,2021,11,0.0
46,La Rioja,46119,San Blas de los Sauces,2022,15,0.0
46,La Rioja,46119,San Blas de los Sauces,2023,14,0.0
46,La Rioja,46119,San Blas de los Sauces,2024,8,0.0
46,La Rioja,46126,Sanagasta,2000,9,0.0
46,La Rioja,46126,Sanagasta,2001,7,0.0
46,La Rioja,46126,Sanagasta,2002,54,0.0
46,La Rioja,46126,Sanagasta,2003,56,0.0
46,La Rioja,46126,Sanagasta,2004,31,0.0
46,La Rioja,46126,Sanagasta,2005,26,0.0
46,La Rioja,46126,Sanagasta,2006,32,0.0
46,La Rioja,46126,Sanagasta,2007,19,0.0
46,La Rioja,46126,Sanagasta,2008,20,0.0
46,La Rioja,46126,Sanagasta,2009,25,0.0
46,La Rioja,46126,Sanagasta,2010,28,0.0
46,La Rioja,46126,Sanagasta,2011,23,0.0
46,La Rioja,46126,Sanagasta,2012,9,0.0
46,La Rioja,46126,Sanagasta,2013,18,0.0
46,La Rioja,46126,Sanagasta,2014,20,0.0
46,La Rioja,46126,Sanagasta,2015,35,0.0
46,La Rioja,46126,Sanagasta,2016,31,0.0
46,La Rioja,46126,Sanagasta,2017,33,0.0
46,La Rioja,46126,Sanagasta,2018,19,0.0
46,La Rioja,46126,Sanagasta,2019,17,0.0
46,La Rioja,46126,Sanagasta,2020,10,0.0
46,La Rioja,46126,Sanagasta,2021,25,0.0
46,La Rioja,46126,Sanagasta,2022,15,0.0
46,La Rioja,46126,Sanagasta,2023,32,0.0
46,La Rioja,46126,Sanagasta,2024,46,0.0
46,La Rioja,46999,Departamento sin determinar,2000,7,0.0
46,La Rioja,46999,Departamento sin determinar,2001,3,0.0
46,La Rioja,46999,Departamento sin determinar,2002,23,0.0
46,La Rioja,46999,Departamento sin determinar,2003,24,0.0
46,La Rioja,46999,Departamento sin determinar,2004,54,0.0
46,La Rioja,46999,Departamento sin determinar,2005,47,0.0
46,La Rioja,46999,Departamento sin determinar,2006,24,0.0
46,La Rioja,46999,Departamento sin determinar,2007,15,0.0
46,La Rioja,46999,Departamento sin determinar,2008,49,0.0
46,La Rioja,46999,Departamento sin determinar,2009,35,0.0
46,La Rioja,46999,Departamento sin determinar,2010,18,0.0
46,La Rioja,46999,Departamento sin determinar,2011,13,0.0
46,La Rioja,46999,Departamento sin determinar,2012,11,0.0
46,La Rioja,46999,Departamento sin determinar,2013,15,0.0
46,La Rioja,46999,Departamento sin determinar,2014,8,0.0
46,La Rioja,46999,Departamento sin determinar,2015,14,0.0
46,La Rioja,46999,Departamento sin determinar,2016,16,0.0
46,La Rioja,46999,Departamento sin determinar,2017,15,0.0
46,La Rioja,46999,Departamento sin determinar,2018,13,0.0
46,La Rioja,46999,Departamento sin determinar,2019,18,0.0
46,La Rioja,46999,Departamento sin determinar,2020,20,0.0
46,La Rioja,46999,Departamento sin determinar,2021,35,0.0
46,La Rioja,46999,Departamento sin determinar,2022,17,0.0
46,La Rioja,46999,Departamento sin determinar,2023,6,0.0
46,La Rioja,46999,Departamento sin determinar,2024,22,0.0
50,Mendoza,50007,Capital,2000,0,0.0
50,Mendoza,50007,Capital,2001,0,0.0
50,Mendoza,50007,Capital,2002,0,0.0
50,Mendoza,50007,Capital,2003,0,0.0
50,Mendoza,50007,Capital,2004,0,0.0
50,Mendoza,50007,Capital,2005,0,0.0
50,Mendoza,50007,Capital,2006,0,0.0
50,Mendoza,50007,Capital,2007,0,0.0
50,Mendoza,50007,Capital,2008,0,0.0
50,Mendoza,50007,Capital,2009,15673,0.0
50,Mendoza,50007,Capital,2010,14787,0.0
50,Mendoza,50007,Capital,2011,14991,0.0
50,Mendoza,50007,Capital,2012,15630,0.0
50,Mendoza,50007,Capital,2013,15053,0.0
50,Mendoza,50007,Capital,2014,16223,0.0
50,Mendoza,50007,Capital,2015,16038,0.0
50,Mendoza,50007,Capital,2016,12514,0.0
50,Mendoza,50007,Capital,2017,8893,0.0
50,Mendoza,50007,Capital,2018,7555,0.0
50,Mendoza,50007,Capital,2019,7814,0.0
50,Mendoza,50007,Capital,2020,5769,0.0
50,Mendoza,50007,Capital,2021,9025,0.0
50,Mendoza,50007,Capital,2022,10924,0.0
50,Mendoza,50007,Capital,2023,11984,0.0
50,Mendoza,50007,Capital,2024,10863,0.0
50,Mendoza,50014,General Alvear ,2000,0,0.0
50,Mendoza,50014,General Alvear ,2001,0,0.0
50,Mendoza,50014,General Alvear ,2002,0,0.0
50,Mendoza,50014,General Alvear ,2003,0,0.0
50,Mendoza,50014,General Alvear ,2004,0,0.0
50,Mendoza,50014,General Alvear ,2005,0,0.0
50,Mendoza,50014,General Alvear ,2006,0,0.0
50,Mendoza,50014,General Alvear ,2007,0,0.0
50,Mendoza,50014,General Alvear ,2008,0,0.0
50,Mendoza,50014,General Alvear ,2009,1286,0.0
50,Mendoza,50014,General Alvear ,2010,600,0.0
50,Mendoza,50014,General Alvear ,2011,1290,0.0
50,Mendoza,50014,General Alvear ,2012,1544,0.0
50,Mendoza,50014,General Alvear ,2013,1526,0.0
50,Mendoza,50014,General Alvear ,2014,1577,0.0
50,Mendoza,50014,General Alvear ,2015,1651,0.0
50,Mendoza,50014,General Alvear ,2016,1986,0.0
50,Mendoza,50014,General Alvear ,2017,490,0.0
50,Mendoza,50014,General Alvear ,2018,1386,0.0
50,Mendoza,50014,General Alvear ,2019,1371,0.0
50,Mendoza,50014,General Alvear ,2020,1088,0.0
50,Mendoza,50014,General Alvear ,2021,1490,0.0
50,Mendoza,50014,General Alvear ,2022,1402,0.0
50,Mendoza,50014,General Alvear ,2023,1558,0.0
50,Mendoza,50014,General Alvear ,2024,1578,0.0
50,Mendoza,50021,Godoy Cruz,2000,0,0.0
50,Mendoza,50021,Godoy Cruz,2001,0,0.0
50,Mendoza,50021,Godoy Cruz,2002,0,0.0
50,Mendoza,50021,Godoy Cruz,2003,0,0.0
50,Mendoza,50021,Godoy Cruz,2004,0,0.0
50,Mendoza,50021,Godoy Cruz,2005,0,0.0
50,Mendoza,50021,Godoy Cruz,2006,0,0.0
50,Mendoza,50021,Godoy Cruz,2007,0,0.0
50,Mendoza,50021,Godoy Cruz,2008,0,0.0
50,Mendoza,50021,Godoy Cruz,2009,9317,0.0
50,Mendoza,50021,Godoy Cruz,2010,9227,0.0
50,Mendoza,50021,Godoy Cruz,2011,9155,0.0
50,Mendoza,50021,Godoy Cruz,2012,10094,0.0
50,Mendoza,50021,Godoy Cruz,2013,10653,0.0
50,Mendoza,50021,Godoy Cruz,2014,12485,0.0
50,Mendoza,50021,Godoy Cruz,2015,12059,0.0
50,Mendoza,50021,Godoy Cruz,2016,9848,0.0
50,Mendoza,50021,Godoy Cruz,2017,5198,0.0
50,Mendoza,50021,Godoy Cruz,2018,5130,0.0
50,Mendoza,50021,Godoy Cruz,2019,5052,0.0
50,Mendoza,50021,Godoy Cruz,2020,4145,0.0
50,Mendoza,50021,Godoy Cruz,2021,6208,0.0
50,Mendoza,50021,Godoy Cruz,2022,7248,0.0
50,Mendoza,50021,Godoy Cruz,2023,7874,0.0
50,Mendoza,50021,Godoy Cruz,2024,8239,0.0
50,Mendoza,50028,Guaymallén,2000,0,0.0
50,Mendoza,50028,Guaymallén,2001,0,0.0
50,Mendoza,50028,Guaymallén,2002,0,0.0
50,Mendoza,50028,Guaymallén,2003,0,0.0
50,Mendoza,50028,Guaymallén,2004,0,0.0
50,Mendoza,50028,Guaymallén,2005,0,0.0
50,Mendoza,50028,Guaymallén,2006,0,0.0
50,Mendoza,50028,Guaymallén,2007,0,0.0
50,Mendoza,50028,Guaymallén,2008,0,0.0
50,Mendoza,50028,Guaymallén,2009,13763,0.0
50,Mendoza,50028,Guaymallén,2010,13250,0.0
50,Mendoza,50028,Guaymallén,2011,14743,0.0
50,Mendoza,50028,Guaymallén,2012,16026,0.0
50,Mendoza,50028,Guaymallén,2013,16750,0.0
50,Mendoza,50028,Guaymallén,2014,17679,0.0
50,Mendoza,50028,Guaymallén,2015,17752,0.0
50,Mendoza,50028,Guaymallén,2016,15838,0.0
50,Mendoza,50028,Guaymallén,2017,10560,0.0
50,Mendoza,50028,Guaymallén,2018,8560,0.0
50,Mendoza,50028,Guaymallén,2019,9104,0.0
50,Mendoza,50028,Guaymallén,2020,6435,0.0
50,Mendoza,50028,Guaymallén,2021,10242,0.0
50,Mendoza,50028,Guaymallén,2022,10297,0.0
50,Mendoza,50028,Guaymallén,2023,11158,0.0
50,Mendoza,50028,Guaymallén,2024,11541,0.0
50,Mendoza,50035,Junín,2000,0,0.0
50,Mendoza,50035,Junín,2001,0,0.0
50,Mendoza,50035,Junín,2002,0,0.0
50,Mendoza,50035,Junín,2003,0,0.0
50,Mendoza,50035,Junín,2004,0,0.0
50,Mendoza,50035,Junín,2005,0,0.0
50,Mendoza,50035,Junín,2006,0,0.0
50,Mendoza,50035,Junín,2007,0,0.0
50,Mendoza,50035,Junín,2008,0,0.0
50,Mendoza,50035,Junín,2009,808,0.0
50,Mendoza,50035,Junín,2010,769,0.0
50,Mendoza,50035,Junín,2011,821,0.0
50,Mendoza,50035,Junín,2012,1048,0.0
50,Mendoza,50035,Junín,2013,1054,0.0
50,Mendoza,50035,Junín,2014,1193,0.0
50,Mendoza,50035,Junín,2015,1221,0.0
50,Mendoza,50035,Junín,2016,1128,0.0
50,Mendoza,50035,Junín,2017,988,0.0
50,Mendoza,50035,Junín,2018,915,0.0
50,Mendoza,50035,Junín,2019,973,0.0
50,Mendoza,50035,Junín,2020,695,0.0
50,Mendoza,50035,Junín,2021,1065,0.0
50,Mendoza,50035,Junín,2022,1164,0.0
50,Mendoza,50035,Junín,2023,1261,0.0
50,Mendoza,50035,Junín,2024,1228,0.0
50,Mendoza,50042,La Paz ,2000,0,0.0
50,Mendoza,50042,La Paz ,2001,0,0.0
50,Mendoza,50042,La Paz ,2002,0,0.0
50,Mendoza,50042,La Paz ,2003,0,0.0
50,Mendoza,50042,La Paz ,2004,0,0.0
50,Mendoza,50042,La Paz ,2005,0,0.0
50,Mendoza,50042,La Paz ,2006,0,0.0
50,Mendoza,50042,La Paz ,2007,0,0.0
50,Mendoza,50042,La Paz ,2008,0,0.0
50,Mendoza,50042,La Paz ,2009,246,0.0
50,Mendoza,50042,La Paz ,2010,308,0.0
50,Mendoza,50042,La Paz ,2011,244,0.0
50,Mendoza,50042,La Paz ,2012,300,0.0
50,Mendoza,50042,La Paz ,2013,229,0.0
50,Mendoza,50042,La Paz ,2014,257,0.0
50,Mendoza,50042,La Paz ,2015,271,0.0
50,Mendoza,50042,La Paz ,2016,290,0.0
50,Mendoza,50042,La Paz ,2017,286,0.0
50,Mendoza,50042,La Paz ,2018,271,0.0
50,Mendoza,50042,La Paz ,2019,241,0.0
50,Mendoza,50042,La Paz ,2020,237,0.0
50,Mendoza,50042,La Paz ,2021,321,0.0
50,Mendoza,50042,La Paz ,2022,357,0.0
50,Mendoza,50042,La Paz ,2023,245,0.0
50,Mendoza,50042,La Paz ,2024,311,0.0
50,Mendoza,50049,Las Heras,2000,0,0.0
50,Mendoza,50049,Las Heras,2001,0,0.0
50,Mendoza,50049,Las Heras,2002,0,0.0
50,Mendoza,50049,Las Heras,2003,0,0.0
50,Mendoza,50049,Las Heras,2004,0,0.0
50,Mendoza,50049,Las Heras,2005,0,0.0
50,Mendoza,50049,Las Heras,2006,0,0.0
50,Mendoza,50049,Las Heras,2007,0,0.0
50,Mendoza,50049,Las Heras,2008,0,0.0
50,Mendoza,50049,Las Heras,2009,5787,0.0
50,Mendoza,50049,Las Heras,2010,6046,0.0
50,Mendoza,50049,Las Heras,2011,6937,0.0
50,Mendoza,50049,Las Heras,2012,7595,0.0
50,Mendoza,50049,Las Heras,2013,7701,0.0
50,Mendoza,50049,Las Heras,2014,9002,0.0
50,Mendoza,50049,Las Heras,2015,8469,0.0
50,Mendoza,50049,Las Heras,2016,7806,0.0
50,Mendoza,50049,Las Heras,2017,5685,0.0
50,Mendoza,50049,Las Heras,2018,5251,0.0
50,Mendoza,50049,Las Heras,2019,5509,0.0
50,Mendoza,50049,Las Heras,2020,3886,0.0
50,Mendoza,50049,Las Heras,2021,5935,0.0
50,Mendoza,50049,Las Heras,2022,6478,0.0
50,Mendoza,50049,Las Heras,2023,7021,0.0
50,Mendoza,50049,Las Heras,2024,7655,0.0
50,Mendoza,50056,Lavalle,2000,0,0.0
50,Mendoza,50056,Lavalle,2001,0,0.0
50,Mendoza,50056,Lavalle,2002,0,0.0
50,Mendoza,50056,Lavalle,2003,0,0.0
50,Mendoza,50056,Lavalle,2004,0,0.0
50,Mendoza,50056,Lavalle,2005,0,0.0
50,Mendoza,50056,Lavalle,2006,0,0.0
50,Mendoza,50056,Lavalle,2007,0,0.0
50,Mendoza,50056,Lavalle,2008,0,0.0
50,Mendoza,50056,Lavalle,2009,956,0.0
50,Mendoza,50056,Lavalle,2010,864,0.0
50,Mendoza,50056,Lavalle,2011,958,0.0
50,Mendoza,50056,Lavalle,2012,1035,0.0
50,Mendoza,50056,Lavalle,2013,1136,0.0
50,Mendoza,50056,Lavalle,2014,1240,0.0
50,Mendoza,50056,Lavalle,2015,1177,0.0
50,Mendoza,50056,Lavalle,2016,1380,0.0
50,Mendoza,50056,Lavalle,2017,1176,0.0
50,Mendoza,50056,Lavalle,2018,1061,0.0
50,Mendoza,50056,Lavalle,2019,1069,0.0
50,Mendoza,50056,Lavalle,2020,784,0.0
50,Mendoza,50056,Lavalle,2021,1100,0.0
50,Mendoza,50056,Lavalle,2022,967,0.0
50,Mendoza,50056,Lavalle,2023,1001,0.0
50,Mendoza,50056,Lavalle,2024,1045,0.0
50,Mendoza,50063,Luján de Cuyo,2000,0,0.0
50,Mendoza,50063,Luján de Cuyo,2001,0,0.0
50,Mendoza,50063,Luján de Cuyo,2002,0,0.0
50,Mendoza,50063,Luján de Cuyo,2003,0,0.0
50,Mendoza,50063,Luján de Cuyo,2004,0,0.0
50,Mendoza,50063,Luján de Cuyo,2005,0,0.0
50,Mendoza,50063,Luján de Cuyo,2006,0,0.0
50,Mendoza,50063,Luján de Cuyo,2007,0,0.0
50,Mendoza,50063,Luján de Cuyo,2008,0,0.0
50,Mendoza,50063,Luján de Cuyo,2009,5715,0.0
50,Mendoza,50063,Luján de Cuyo,2010,5141,0.0
50,Mendoza,50063,Luján de Cuyo,2011,5167,0.0
50,Mendoza,50063,Luján de Cuyo,2012,5455,0.0
50,Mendoza,50063,Luján de Cuyo,2013,5982,0.0
50,Mendoza,50063,Luján de Cuyo,2014,6879,0.0
50,Mendoza,50063,Luján de Cuyo,2015,6393,0.0
50,Mendoza,50063,Luján de Cuyo,2016,5965,0.0
50,Mendoza,50063,Luján de Cuyo,2017,3675,0.0
50,Mendoza,50063,Luján de Cuyo,2018,3992,0.0
50,Mendoza,50063,Luján de Cuyo,2019,4558,0.0
50,Mendoza,50063,Luján de Cuyo,2020,3631,0.0
50,Mendoza,50063,Luján de Cuyo,2021,6020,0.0
50,Mendoza,50063,Luján de Cuyo,2022,6471,0.0
50,Mendoza,50063,Luján de Cuyo,2023,5925,0.0
50,Mendoza,50063,Luján de Cuyo,2024,6651,0.0
50,Mendoza,50070,Maipú,2000,0,0.0
50,Mendoza,50070,Maipú,2001,0,0.0
50,Mendoza,50070,Maipú,2002,0,0.0
50,Mendoza,50070,Maipú,2003,0,0.0
50,Mendoza,50070,Maipú,2004,0,0.0
50,Mendoza,50070,Maipú,2005,0,0.0
50,Mendoza,50070,Maipú,2006,0,0.0
50,Mendoza,50070,Maipú,2007,0,0.0
50,Mendoza,50070,Maipú,2008,0,0.0
50,Mendoza,50070,Maipú,2009,6339,0.0
50,Mendoza,50070,Maipú,2010,5629,0.0
50,Mendoza,50070,Maipú,2011,5923,0.0
50,Mendoza,50070,Maipú,2012,6468,0.0
50,Mendoza,50070,Maipú,2013,7082,0.0
50,Mendoza,50070,Maipú,2014,8179,0.0
50,Mendoza,50070,Maipú,2015,7827,0.0
50,Mendoza,50070,Maipú,2016,7336,0.0
50,Mendoza,50070,Maipú,2017,5464,0.0
50,Mendoza,50070,Maipú,2018,5591,0.0
50,Mendoza,50070,Maipú,2019,6087,0.0
50,Mendoza,50070,Maipú,2020,4427,0.0
50,Mendoza,50070,Maipú,2021,5691,0.0
50,Mendoza,50070,Maipú,2022,5714,0.0
50,Mendoza,50070,Maipú,2023,6578,0.0
50,Mendoza,50070,Maipú,2024,6777,0.0
50,Mendoza,50077,Malargüe,2000,0,0.0
50,Mendoza,50077,Malargüe,2001,0,0.0
50,Mendoza,50077,Malargüe,2002,0,0.0
50,Mendoza,50077,Malargüe,2003,0,0.0
50,Mendoza,50077,Malargüe,2004,0,0.0
50,Mendoza,50077,Malargüe,2005,0,0.0
50,Mendoza,50077,Malargüe,2006,0,0.0
50,Mendoza,50077,Malargüe,2007,0,0.0
50,Mendoza,50077,Malargüe,2008,0,0.0
50,Mendoza,50077,Malargüe,2009,522,0.0
50,Mendoza,50077,Malargüe,2010,765,0.0
50,Mendoza,50077,Malargüe,2011,728,0.0
50,Mendoza,50077,Malargüe,2012,677,0.0
50,Mendoza,50077,Malargüe,2013,705,0.0
50,Mendoza,50077,Malargüe,2014,967,0.0
50,Mendoza,50077,Malargüe,2015,866,0.0
50,Mendoza,50077,Malargüe,2016,752,0.0
50,Mendoza,50077,Malargüe,2017,434,0.0
50,Mendoza,50077,Malargüe,2018,794,0.0
50,Mendoza,50077,Malargüe,2019,953,0.0
50,Mendoza,50077,Malargüe,2020,704,0.0
50,Mendoza,50077,Malargüe,2021,960,0.0
50,Mendoza,50077,Malargüe,2022,1075,0.0
50,Mendoza,50077,Malargüe,2023,1048,0.0
50,Mendoza,50077,Malargüe,2024,1020,0.0
50,Mendoza,50084,Rivadavia,2000,0,0.0
50,Mendoza,50084,Rivadavia,2001,0,0.0
50,Mendoza,50084,Rivadavia,2002,0,0.0
50,Mendoza,50084,Rivadavia,2003,0,0.0
50,Mendoza,50084,Rivadavia,2004,0,0.0
50,Mendoza,50084,Rivadavia,2005,0,0.0
50,Mendoza,50084,Rivadavia,2006,0,0.0
50,Mendoza,50084,Rivadavia,2007,0,0.0
50,Mendoza,50084,Rivadavia,2008,0,0.0
50,Mendoza,50084,Rivadavia,2009,2068,0.0
50,Mendoza,50084,Rivadavia,2010,831,0.0
50,Mendoza,50084,Rivadavia,2011,1936,0.0
50,Mendoza,50084,Rivadavia,2012,2553,0.0
50,Mendoza,50084,Rivadavia,2013,2632,0.0
50,Mendoza,50084,Rivadavia,2014,2847,0.0
50,Mendoza,50084,Rivadavia,2015,2655,0.0
50,Mendoza,50084,Rivadavia,2016,2447,0.0
50,Mendoza,50084,Rivadavia,2017,2115,0.0
50,Mendoza,50084,Rivadavia,2018,2184,0.0
50,Mendoza,50084,Rivadavia,2019,2167,0.0
50,Mendoza,50084,Rivadavia,2020,1628,0.0
50,Mendoza,50084,Rivadavia,2021,2145,0.0
50,Mendoza,50084,Rivadavia,2022,2203,0.0
50,Mendoza,50084,Rivadavia,2023,2523,0.0
50,Mendoza,50084,Rivadavia,2024,1997,0.0
50,Mendoza,50091,San Carlos ,2000,0,0.0
50,Mendoza,50091,San Carlos ,2001,0,0.0
50,Mendoza,50091,San Carlos ,2002,0,0.0
50,Mendoza,50091,San Carlos ,2003,0,0.0
50,Mendoza,50091,San Carlos ,2004,0,0.0
50,Mendoza,50091,San Carlos ,2005,0,0.0
50,Mendoza,50091,San Carlos ,2006,0,0.0
50,Mendoza,50091,San Carlos ,2007,0,0.0
50,Mendoza,50091,San Carlos ,2008,0,0.0
50,Mendoza,50091,San Carlos ,2009,570,0.0
50,Mendoza,50091,San Carlos ,2010,712,0.0
50,Mendoza,50091,San Carlos ,2011,792,0.0
50,Mendoza,50091,San Carlos ,2012,884,0.0
50,Mendoza,50091,San Carlos ,2013,860,0.0
50,Mendoza,50091,San Carlos ,2014,863,0.0
50,Mendoza,50091,San Carlos ,2015,648,0.0
50,Mendoza,50091,San Carlos ,2016,691,0.0
50,Mendoza,50091,San Carlos ,2017,522,0.0
50,Mendoza,50091,San Carlos ,2018,851,0.0
50,Mendoza,50091,San Carlos ,2019,934,0.0
50,Mendoza,50091,San Carlos ,2020,834,0.0
50,Mendoza,50091,San Carlos ,2021,912,0.0
50,Mendoza,50091,San Carlos ,2022,839,0.0
50,Mendoza,50091,San Carlos ,2023,913,0.0
50,Mendoza,50091,San Carlos ,2024,984,0.0
50,Mendoza,50098,San Martín,2000,0,0.0
50,Mendoza,50098,San Martín,2001,0,0.0
50,Mendoza,50098,San Martín,2002,0,0.0
50,Mendoza,50098,San Martín,2003,0,0.0
50,Mendoza,50098,San Martín,2004,0,0.0
50,Mendoza,50098,San Martín,2005,0,0.0
50,Mendoza,50098,San Martín,2006,0,0.0
50,Mendoza,50098,San Martín,2007,0,0.0
50,Mendoza,50098,San Martín,2008,0,0.0
50,Mendoza,50098,San Martín,2009,3448,0.0
50,Mendoza,50098,San Martín,2010,3285,0.0
50,Mendoza,50098,San Martín,2011,4259,0.0
50,Mendoza,50098,San Martín,2012,5665,0.0
50,Mendoza,50098,San Martín,2013,5380,0.0
50,Mendoza,50098,San Martín,2014,5935,0.0
50,Mendoza,50098,San Martín,2015,5951,0.0
50,Mendoza,50098,San Martín,2016,5111,0.0
50,Mendoza,50098,San Martín,2017,4073,0.0
50,Mendoza,50098,San Martín,2018,4001,0.0
50,Mendoza,50098,San Martín,2019,4237,0.0
50,Mendoza,50098,San Martín,2020,2857,0.0
50,Mendoza,50098,San Martín,2021,4123,0.0
50,Mendoza,50098,San Martín,2022,4346,0.0
50,Mendoza,50098,San Martín,2023,5215,0.0
50,Mendoza,50098,San Martín,2024,4694,0.0
50,Mendoza,50105,San Rafael ,2000,0,0.0
50,Mendoza,50105,San Rafael ,2001,0,0.0
50,Mendoza,50105,San Rafael ,2002,0,0.0
50,Mendoza,50105,San Rafael ,2003,0,0.0
50,Mendoza,50105,San Rafael ,2004,0,0.0
50,Mendoza,50105,San Rafael ,2005,0,0.0
50,Mendoza,50105,San Rafael ,2006,0,0.0
50,Mendoza,50105,San Rafael ,2007,0,0.0
50,Mendoza,50105,San Rafael ,2008,0,0.0
50,Mendoza,50105,San Rafael ,2009,6058,0.0
50,Mendoza,50105,San Rafael ,2010,6179,0.0
50,Mendoza,50105,San Rafael ,2011,5657,0.0
50,Mendoza,50105,San Rafael ,2012,6973,0.0
50,Mendoza,50105,San Rafael ,2013,6163,0.0
50,Mendoza,50105,San Rafael ,2014,4009,0.0
50,Mendoza,50105,San Rafael ,2015,4635,0.0
50,Mendoza,50105,San Rafael ,2016,4257,0.0
50,Mendoza,50105,San Rafael ,2017,880,0.0
50,Mendoza,50105,San Rafael ,2018,1716,0.0
50,Mendoza,50105,San Rafael ,2019,5385,0.0
50,Mendoza,50105,San Rafael ,2020,5088,0.0
50,Mendoza,50105,San Rafael ,2021,6689,0.0
50,Mendoza,50105,San Rafael ,2022,6963,0.0
50,Mendoza,50105,San Rafael ,2023,8096,0.0
50,Mendoza,50105,San Rafael ,2024,8779,0.0
50,Mendoza,50112,Santa Rosa ,2000,0,0.0
50,Mendoza,50112,Santa Rosa ,2001,0,0.0
50,Mendoza,50112,Santa Rosa ,2002,0,0.0
50,Mendoza,50112,Santa Rosa ,2003,0,0.0
50,Mendoza,50112,Santa Rosa ,2004,0,0.0
50,Mendoza,50112,Santa Rosa ,2005,0,0.0
50,Mendoza,50112,Santa Rosa ,2006,0,0.0
50,Mendoza,50112,Santa Rosa ,2007,0,0.0
50,Mendoza,50112,Santa Rosa ,2008,0,0.0
50,Mendoza,50112,Santa Rosa ,2009,254,0.0
50,Mendoza,50112,Santa Rosa ,2010,327,0.0
50,Mendoza,50112,Santa Rosa ,2011,425,0.0
50,Mendoza,50112,Santa Rosa ,2012,529,0.0
50,Mendoza,50112,Santa Rosa ,2013,527,0.0
50,Mendoza,50112,Santa Rosa ,2014,632,0.0
50,Mendoza,50112,Santa Rosa ,2015,632,0.0
50,Mendoza,50112,Santa Rosa ,2016,621,0.0
50,Mendoza,50112,Santa Rosa ,2017,586,0.0
50,Mendoza,50112,Santa Rosa ,2018,487,0.0
50,Mendoza,50112,Santa Rosa ,2019,497,0.0
50,Mendoza,50112,Santa Rosa ,2020,399,0.0
50,Mendoza,50112,Santa Rosa ,2021,643,0.0
50,Mendoza,50112,Santa Rosa ,2022,602,0.0
50,Mendoza,50112,Santa Rosa ,2023,486,0.0
50,Mendoza,50112,Santa Rosa ,2024,510,0.0
50,Mendoza,50119,Tunuyán ,2000,0,0.0
50,Mendoza,50119,Tunuyán ,2001,0,0.0
50,Mendoza,50119,Tunuyán ,2002,0,0.0
50,Mendoza,50119,Tunuyán ,2003,0,0.0
50,Mendoza,50119,Tunuyán ,2004,0,0.0
50,Mendoza,50119,Tunuyán ,2005,0,0.0
50,Mendoza,50119,Tunuyán ,2006,0,0.0
50,Mendoza,50119,Tunuyán ,2007,0,0.0
50,Mendoza,50119,Tunuyán ,2008,0,0.0
50,Mendoza,50119,Tunuyán ,2009,660,0.0
50,Mendoza,50119,Tunuyán ,2010,760,0.0
50,Mendoza,50119,Tunuyán ,2011,833,0.0
50,Mendoza,50119,Tunuyán ,2012,865,0.0
50,Mendoza,50119,Tunuyán ,2013,950,0.0
50,Mendoza,50119,Tunuyán ,2014,1029,0.0
50,Mendoza,50119,Tunuyán ,2015,1025,0.0
50,Mendoza,50119,Tunuyán ,2016,906,0.0
50,Mendoza,50119,Tunuyán ,2017,872,0.0
50,Mendoza,50119,Tunuyán ,2018,1477,0.0
50,Mendoza,50119,Tunuyán ,2019,1824,0.0
50,Mendoza,50119,Tunuyán ,2020,1303,0.0
50,Mendoza,50119,Tunuyán ,2021,1768,0.0
50,Mendoza,50119,Tunuyán ,2022,1973,0.0
50,Mendoza,50119,Tunuyán ,2023,1929,0.0
50,Mendoza,50119,Tunuyán ,2024,2226,0.0
50,Mendoza,50126,Tupungato,2000,0,0.0
50,Mendoza,50126,Tupungato,2001,0,0.0
50,Mendoza,50126,Tupungato,2002,0,0.0
50,Mendoza,50126,Tupungato,2003,0,0.0
50,Mendoza,50126,Tupungato,2004,0,0.0
50,Mendoza,50126,Tupungato,2005,0,0.0
50,Mendoza,50126,Tupungato,2006,0,0.0
50,Mendoza,50126,Tupungato,2007,0,0.0
50,Mendoza,50126,Tupungato,2008,0,0.0
50,Mendoza,50126,Tupungato,2009,555,0.0
50,Mendoza,50126,Tupungato,2010,397,0.0
50,Mendoza,50126,Tupungato,2011,364,0.0
50,Mendoza,50126,Tupungato,2012,635,0.0
50,Mendoza,50126,Tupungato,2013,613,0.0
50,Mendoza,50126,Tupungato,2014,785,0.0
50,Mendoza,50126,Tupungato,2015,915,0.0
50,Mendoza,50126,Tupungato,2016,680,0.0
50,Mendoza,50126,Tupungato,2017,517,0.0
50,Mendoza,50126,Tupungato,2018,903,0.0
50,Mendoza,50126,Tupungato,2019,1000,0.0
50,Mendoza,50126,Tupungato,2020,875,0.0
50,Mendoza,50126,Tupungato,2021,1190,0.0
50,Mendoza,50126,Tupungato,2022,1041,0.0
50,Mendoza,50126,Tupungato,2023,1058,0.0
50,Mendoza,50126,Tupungato,2024,1296,0.0
50,Mendoza,50999,Departamento sin determinar,2000,66288,0.0
50,Mendoza,50999,Departamento sin determinar,2001,63416,0.0
50,Mendoza,50999,Departamento sin determinar,2002,71752,0.0
50,Mendoza,50999,Departamento sin determinar,2003,65318,0.0
50,Mendoza,50999,Departamento sin determinar,2004,61972,0.0
50,Mendoza,50999,Departamento sin determinar,2005,66550,0.0
50,Mendoza,50999,Departamento sin determinar,2006,70530,0.0
50,Mendoza,50999,Departamento sin determinar,2007,68612,0.0
50,Mendoza,50999,Departamento sin determinar,2008,66087,0.0
50,Mendoza,50999,Departamento sin determinar,2009,11,0.0
50,Mendoza,50999,Departamento sin determinar,2010,13,0.0
50,Mendoza,50999,Departamento sin determinar,2011,10,0.0
50,Mendoza,50999,Departamento sin determinar,2012,4,0.0
50,Mendoza,50999,Departamento sin determinar,2013,104,0.0
50,Mendoza,50999,Departamento sin determinar,2014,89,0.0
50,Mendoza,50999,Departamento sin determinar,2015,59,0.0
50,Mendoza,50999,Departamento sin determinar,2016,49,0.0
50,Mendoza,50999,Departamento sin determinar,2017,57,0.0
50,Mendoza,50999,Departamento sin determinar,2018,72,0.0
50,Mendoza,50999,Departamento sin determinar,2019,146,0.0
50,Mendoza,50999,Departamento sin determinar,2020,52,0.0
50,Mendoza,50999,Departamento sin determinar,2021,70,0.0
50,Mendoza,50999,Departamento sin determinar,2022,89,0.0
50,Mendoza,50999,Departamento sin determinar,2023,91,0.0
50,Mendoza,50999,Departamento sin determinar,2024,141,0.0
54,Misiones,54007,Apóstoles,2000,186,0.0
54,Misiones,54007,Apóstoles,2001,0,0.0
54,Misiones,54007,Apóstoles,2002,0,0.0
54,Misiones,54007,Apóstoles,2003,0,0.0
54,Misiones,54007,Apóstoles,2004,0,0.0
54,Misiones,54007,Apóstoles,2005,0,0.0
54,Misiones,54007,Apóstoles,2006,0,0.0
54,Misiones,54007,Apóstoles,2007,0,0.0
54,Misiones,54007,Apóstoles,2008,0,0.0
54,Misiones,54007,Apóstoles,2009,0,0.0
54,Misiones,54007,Apóstoles,2010,0,0.0
54,Misiones,54007,Apóstoles,2011,0,0.0
54,Misiones,54007,Apóstoles,2012,0,0.0
54,Misiones,54007,Apóstoles,2013,607,0.0
54,Misiones,54007,Apóstoles,2014,689,0.0
54,Misiones,54007,Apóstoles,2015,472,0.0
54,Misiones,54007,Apóstoles,2016,374,0.0
54,Misiones,54007,Apóstoles,2017,438,0.0
54,Misiones,54007,Apóstoles,2018,444,0.0
54,Misiones,54007,Apóstoles,2019,522,0.0
54,Misiones,54007,Apóstoles,2020,489,0.0
54,Misiones,54007,Apóstoles,2021,616,0.0
54,Misiones,54007,Apóstoles,2022,529,0.0
54,Misiones,54007,Apóstoles,2023,428,0.0
54,Misiones,54007,Apóstoles,2024,534,0.0
54,Misiones,54014,Cainguás,2000,182,0.0
54,Misiones,54014,Cainguás,2001,0,0.0
54,Misiones,54014,Cainguás,2002,0,0.0
54,Misiones,54014,Cainguás,2003,0,0.0
54,Misiones,54014,Cainguás,2004,0,0.0
54,Misiones,54014,Cainguás,2005,0,0.0
54,Misiones,54014,Cainguás,2006,0,0.0
54,Misiones,54014,Cainguás,2007,0,0.0
54,Misiones,54014,Cainguás,2008,0,0.0
54,Misiones,54014,Cainguás,2009,0,0.0
54,Misiones,54014,Cainguás,2010,0,0.0
54,Misiones,54014,Cainguás,2011,0,0.0
54,Misiones,54014,Cainguás,2012,0,0.0
54,Misiones,54014,Cainguás,2013,471,0.0
54,Misiones,54014,Cainguás,2014,615,0.0
54,Misiones,54014,Cainguás,2015,647,0.0
54,Misiones,54014,Cainguás,2016,739,0.0
54,Misiones,54014,Cainguás,2017,712,0.0
54,Misiones,54014,Cainguás,2018,652,0.0
54,Misiones,54014,Cainguás,2019,743,0.0
54,Misiones,54014,Cainguás,2020,852,0.0
54,Misiones,54014,Cainguás,2021,707,0.0
54,Misiones,54014,Cainguás,2022,668,0.0
54,Misiones,54014,Cainguás,2023,725,0.0
54,Misiones,54014,Cainguás,2024,702,0.0
54,Misiones,54021,Candelaria,2000,197,0.0
54,Misiones,54021,Candelaria,2001,0,0.0
54,Misiones,54021,Candelaria,2002,0,0.0
54,Misiones,54021,Candelaria,2003,0,0.0
54,Misiones,54021,Candelaria,2004,0,0.0
54,Misiones,54021,Candelaria,2005,0,0.0
54,Misiones,54021,Candelaria,2006,0,0.0
54,Misiones,54021,Candelaria,2007,0,0.0
54,Misiones,54021,Candelaria,2008,0,0.0
54,Misiones,54021,Candelaria,2009,0,0.0
54,Misiones,54021,Candelaria,2010,0,0.0
54,Misiones,54021,Candelaria,2011,0,0.0
54,Misiones,54021,Candelaria,2012,0,0.0
54,Misiones,54021,Candelaria,2013,372,0.0
54,Misiones,54021,Candelaria,2014,521,0.0
54,Misiones,54021,Candelaria,2015,372,0.0
54,Misiones,54021,Candelaria,2016,366,0.0
54,Misiones,54021,Candelaria,2017,577,0.0
54,Misiones,54021,Candelaria,2018,521,0.0
54,Misiones,54021,Candelaria,2019,567,0.0
54,Misiones,54021,Candelaria,2020,570,0.0
54,Misiones,54021,Candelaria,2021,472,0.0
54,Misiones,54021,Candelaria,2022,462,0.0
54,Misiones,54021,Candelaria,2023,568,0.0
54,Misiones,54021,Candelaria,2024,642,0.0
54,Misiones,54028,Capital,2000,3778,0.0
54,Misiones,54028,Capital,2001,0,0.0
54,Misiones,54028,Capital,2002,0,0.0
54,Misiones,54028,Capital,2003,0,0.0
54,Misiones,54028,Capital,2004,0,0.0
54,Misiones,54028,Capital,2005,0,0.0
54,Misiones,54028,Capital,2006,0,0.0
54,Misiones,54028,Capital,2007,0,0.0
54,Misiones,54028,Capital,2008,0,0.0
54,Misiones,54028,Capital,2009,0,0.0
54,Misiones,54028,Capital,2010,0,0.0
54,Misiones,54028,Capital,2011,0,0.0
54,Misiones,54028,Capital,2012,0,0.0
54,Misiones,54028,Capital,2013,5190,0.0
54,Misiones,54028,Capital,2014,6875,0.0
54,Misiones,54028,Capital,2015,7111,0.0
54,Misiones,54028,Capital,2016,8351,0.0
54,Misiones,54028,Capital,2017,7471,0.0
54,Misiones,54028,Capital,2018,7910,0.0
54,Misiones,54028,Capital,2019,9051,0.0
54,Misiones,54028,Capital,2020,6977,0.0
54,Misiones,54028,Capital,2021,7161,0.0
54,Misiones,54028,Capital,2022,6512,0.0
54,Misiones,54028,Capital,2023,7192,0.0
54,Misiones,54028,Capital,2024,7284,0.0
54,Misiones,54035,Concepción ,2000,24,0.0
54,Misiones,54035,Concepción ,2001,0,0.0
54,Misiones,54035,Concepción ,2002,0,0.0
54,Misiones,54035,Concepción ,2003,0,0.0
54,Misiones,54035,Concepción ,2004,0,0.0
54,Misiones,54035,Concepción ,2005,0,0.0
54,Misiones,54035,Concepción ,2006,0,0.0
54,Misiones,54035,Concepción ,2007,0,0.0
54,Misiones,54035,Concepción ,2008,0,0.0
54,Misiones,54035,Concepción ,2009,0,0.0
54,Misiones,54035,Concepción ,2010,0,0.0
54,Misiones,54035,Concepción ,2011,0,0.0
54,Misiones,54035,Concepción ,2012,0,0.0
54,Misiones,54035,Concepción ,2013,59,0.0
54,Misiones,54035,Concepción ,2014,65,0.0
54,Misiones,54035,Concepción ,2015,56,0.0
54,Misiones,54035,Concepción ,2016,71,0.0
54,Misiones,54035,Concepción ,2017,79,0.0
54,Misiones,54035,Concepción ,2018,68,0.0
54,Misiones,54035,Concepción ,2019,103,0.0
54,Misiones,54035,Concepción ,2020,83,0.0
54,Misiones,54035,Concepción ,2021,128,0.0
54,Misiones,54035,Concepción ,2022,113,0.0
54,Misiones,54035,Concepción ,2023,105,0.0
54,Misiones,54035,Concepción ,2024,125,0.0
54,Misiones,54042,Eldorado,2000,368,0.0
54,Misiones,54042,Eldorado,2001,0,0.0
54,Misiones,54042,Eldorado,2002,0,0.0
54,Misiones,54042,Eldorado,2003,0,0.0
54,Misiones,54042,Eldorado,2004,0,0.0
54,Misiones,54042,Eldorado,2005,0,0.0
54,Misiones,54042,Eldorado,2006,0,0.0
54,Misiones,54042,Eldorado,2007,0,0.0
54,Misiones,54042,Eldorado,2008,0,0.0
54,Misiones,54042,Eldorado,2009,0,0.0
54,Misiones,54042,Eldorado,2010,0,0.0
54,Misiones,54042,Eldorado,2011,0,0.0
54,Misiones,54042,Eldorado,2012,0,0.0
54,Misiones,54042,Eldorado,2013,1117,0.0
54,Misiones,54042,Eldorado,2014,1328,0.0
54,Misiones,54042,Eldorado,2015,1294,0.0
54,Misiones,54042,Eldorado,2016,1281,0.0
54,Misiones,54042,Eldorado,2017,1233,0.0
54,Misiones,54042,Eldorado,2018,1555,0.0
54,Misiones,54042,Eldorado,2019,1521,0.0
54,Misiones,54042,Eldorado,2020,1280,0.0
54,Misiones,54042,Eldorado,2021,1420,0.0
54,Misiones,54042,Eldorado,2022,1414,0.0
54,Misiones,54042,Eldorado,2023,1607,0.0
54,Misiones,54042,Eldorado,2024,1568,0.0
54,Misiones,54049,General Manuel Belgrano,2000,82,0.0
54,Misiones,54049,General Manuel Belgrano,2001,0,0.0
54,Misiones,54049,General Manuel Belgrano,2002,0,0.0
54,Misiones,54049,General Manuel Belgrano,2003,0,0.0
54,Misiones,54049,General Manuel Belgrano,2004,0,0.0
54,Misiones,54049,General Manuel Belgrano,2005,0,0.0
54,Misiones,54049,General Manuel Belgrano,2006,0,0.0
54,Misiones,54049,General Manuel Belgrano,2007,0,0.0
54,Misiones,54049,General Manuel Belgrano,2008,0,0.0
54,Misiones,54049,General Manuel Belgrano,2009,0,0.0
54,Misiones,54049,General Manuel Belgrano,2010,0,0.0
54,Misiones,54049,General Manuel Belgrano,2011,0,0.0
54,Misiones,54049,General Manuel Belgrano,2012,0,0.0
54,Misiones,54049,General Manuel Belgrano,2013,276,0.0
54,Misiones,54049,General Manuel Belgrano,2014,370,0.0
54,Misiones,54049,General Manuel Belgrano,2015,324,0.0
54,Misiones,54049,General Manuel Belgrano,2016,514,0.0
54,Misiones,54049,General Manuel Belgrano,2017,401,0.0
54,Misiones,54049,General Manuel Belgrano,2018,414,0.0
54,Misiones,54049,General Manuel Belgrano,2019,567,0.0
54,Misiones,54049,General Manuel Belgrano,2020,453,0.0
54,Misiones,54049,General Manuel Belgrano,2021,501,0.0
54,Misiones,54049,General Manuel Belgrano,2022,629,0.0
54,Misiones,54049,General Manuel Belgrano,2023,458,0.0
54,Misiones,54049,General Manuel Belgrano,2024,589,0.0
54,Misiones,54056,Guaraní,2000,181,0.0
54,Misiones,54056,Guaraní,2001,0,0.0
54,Misiones,54056,Guaraní,2002,0,0.0
54,Misiones,54056,Guaraní,2003,0,0.0
54,Misiones,54056,Guaraní,2004,0,0.0
54,Misiones,54056,Guaraní,2005,0,0.0
54,Misiones,54056,Guaraní,2006,0,0.0
54,Misiones,54056,Guaraní,2007,0,0.0
54,Misiones,54056,Guaraní,2008,0,0.0
54,Misiones,54056,Guaraní,2009,0,0.0
54,Misiones,54056,Guaraní,2010,0,0.0
54,Misiones,54056,Guaraní,2011,0,0.0
54,Misiones,54056,Guaraní,2012,0,0.0
54,Misiones,54056,Guaraní,2013,545,0.0
54,Misiones,54056,Guaraní,2014,656,0.0
54,Misiones,54056,Guaraní,2015,751,0.0
54,Misiones,54056,Guaraní,2016,773,0.0
54,Misiones,54056,Guaraní,2017,704,0.0
54,Misiones,54056,Guaraní,2018,659,0.0
54,Misiones,54056,Guaraní,2019,722,0.0
54,Misiones,54056,Guaraní,2020,836,0.0
54,Misiones,54056,Guaraní,2021,693,0.0
54,Misiones,54056,Guaraní,2022,596,0.0
54,Misiones,54056,Guaraní,2023,644,0.0
54,Misiones,54056,Guaraní,2024,746,0.0
54,Misiones,54063,Iguazú,2000,275,0.0
54,Misiones,54063,Iguazú,2001,0,0.0
54,Misiones,54063,Iguazú,2002,0,0.0
54,Misiones,54063,Iguazú,2003,0,0.0
54,Misiones,54063,Iguazú,2004,0,0.0
54,Misiones,54063,Iguazú,2005,0,0.0
54,Misiones,54063,Iguazú,2006,0,0.0
54,Misiones,54063,Iguazú,2007,0,0.0
54,Misiones,54063,Iguazú,2008,0,0.0
54,Misiones,54063,Iguazú,2009,0,0.0
54,Misiones,54063,Iguazú,2010,0,0.0
54,Misiones,54063,Iguazú,2011,0,0.0
54,Misiones,54063,Iguazú,2012,0,0.0
54,Misiones,54063,Iguazú,2013,1077,0.0
54,Misiones,54063,Iguazú,2014,1639,0.0
54,Misiones,54063,Iguazú,2015,1504,0.0
54,Misiones,54063,Iguazú,2016,1390,0.0
54,Misiones,54063,Iguazú,2017,1111,0.0
54,Misiones,54063,Iguazú,2018,1487,0.0
54,Misiones,54063,Iguazú,2019,1497,0.0
54,Misiones,54063,Iguazú,2020,1233,0.0
54,Misiones,54063,Iguazú,2021,1123,0.0
54,Misiones,54063,Iguazú,2022,1036,0.0
54,Misiones,54063,Iguazú,2023,1167,0.0
54,Misiones,54063,Iguazú,2024,1371,0.0
54,Misiones,54070,Leandro N. Alem,2000,235,0.0
54,Misiones,54070,Leandro N. Alem,2001,0,0.0
54,Misiones,54070,Leandro N. Alem,2002,0,0.0
54,Misiones,54070,Leandro N. Alem,2003,0,0.0
54,Misiones,54070,Leandro N. Alem,2004,0,0.0
54,Misiones,54070,Leandro N. Alem,2005,0,0.0
54,Misiones,54070,Leandro N. Alem,2006,0,0.0
54,Misiones,54070,Leandro N. Alem,2007,0,0.0
54,Misiones,54070,Leandro N. Alem,2008,0,0.0
54,Misiones,54070,Leandro N. Alem,2009,0,0.0
54,Misiones,54070,Leandro N. Alem,2010,0,0.0
54,Misiones,54070,Leandro N. Alem,2011,0,0.0
54,Misiones,54070,Leandro N. Alem,2012,0,0.0
54,Misiones,54070,Leandro N. Alem,2013,491,0.0
54,Misiones,54070,Leandro N. Alem,2014,934,0.0
54,Misiones,54070,Leandro N. Alem,2015,829,0.0
54,Misiones,54070,Leandro N. Alem,2016,827,0.0
54,Misiones,54070,Leandro N. Alem,2017,376,0.0
54,Misiones,54070,Leandro N. Alem,2018,371,0.0
54,Misiones,54070,Leandro N. Alem,2019,474,0.0
54,Misiones,54070,Leandro N. Alem,2020,481,0.0
54,Misiones,54070,Leandro N. Alem,2021,452,0.0
54,Misiones,54070,Leandro N. Alem,2022,374,0.0
54,Misiones,54070,Leandro N. Alem,2023,404,0.0
54,Misiones,54070,Leandro N. Alem,2024,485,0.0
54,Misiones,54077,Libertador Grl. San Martín,2000,133,0.0
54,Misiones,54077,Libertador Grl. San Martín,2001,0,0.0
54,Misiones,54077,Libertador Grl. San Martín,2002,0,0.0
54,Misiones,54077,Libertador Grl. San Martín,2003,0,0.0
54,Misiones,54077,Libertador Grl. San Martín,2004,0,0.0
54,Misiones,54077,Libertador Grl. San Martín,2005,0,0.0
54,Misiones,54077,Libertador Grl. San Martín,2006,0,0.0
54,Misiones,54077,Libertador Grl. San Martín,2007,0,0.0
54,Misiones,54077,Libertador Grl. San Martín,2008,0,0.0
54,Misiones,54077,Libertador Grl. San Martín,2009,0,0.0
54,Misiones,54077,Libertador Grl. San Martín,2010,0,0.0
54,Misiones,54077,Libertador Grl. San Martín,2011,0,0.0
54,Misiones,54077,Libertador Grl. San Martín,2012,0,0.0
54,Misiones,54077,Libertador Grl. San Martín,2013,430,0.0
54,Misiones,54077,Libertador Grl. San Martín,2014,658,0.0
54,Misiones,54077,Libertador Grl. San Martín,2015,426,0.0
54,Misiones,54077,Libertador Grl. San Martín,2016,488,0.0
54,Misiones,54077,Libertador Grl. San Martín,2017,481,0.0
54,Misiones,54077,Libertador Grl. San Martín,2018,522,0.0
54,Misiones,54077,Libertador Grl. San Martín,2019,557,0.0
54,Misiones,54077,Libertador Grl. San Martín,2020,539,0.0
54,Misiones,54077,Libertador Grl. San Martín,2021,436,0.0
54,Misiones,54077,Libertador Grl. San Martín,2022,510,0.0
54,Misiones,54077,Libertador Grl. San Martín,2023,597,0.0
54,Misiones,54077,Libertador Grl. San Martín,2024,553,0.0
54,Misiones,54084,Montecarlo,2000,123,0.0
54,Misiones,54084,Montecarlo,2001,0,0.0
54,Misiones,54084,Montecarlo,2002,0,0.0
54,Misiones,54084,Montecarlo,2003,0,0.0
54,Misiones,54084,Montecarlo,2004,0,0.0
54,Misiones,54084,Montecarlo,2005,0,0.0
54,Misiones,54084,Montecarlo,2006,0,0.0
54,Misiones,54084,Montecarlo,2007,0,0.0
54,Misiones,54084,Montecarlo,2008,0,0.0
54,Misiones,54084,Montecarlo,2009,0,0.0
54,Misiones,54084,Montecarlo,2010,0,0.0
54,Misiones,54084,Montecarlo,2011,0,0.0
54,Misiones,54084,Montecarlo,2012,0,0.0
54,Misiones,54084,Montecarlo,2013,362,0.0
54,Misiones,54084,Montecarlo,2014,391,0.0
54,Misiones,54084,Montecarlo,2015,273,0.0
54,Misiones,54084,Montecarlo,2016,373,0.0
54,Misiones,54084,Montecarlo,2017,357,0.0
54,Misiones,54084,Montecarlo,2018,390,0.0
54,Misiones,54084,Montecarlo,2019,521,0.0
54,Misiones,54084,Montecarlo,2020,477,0.0
54,Misiones,54084,Montecarlo,2021,647,0.0
54,Misiones,54084,Montecarlo,2022,657,0.0
54,Misiones,54084,Montecarlo,2023,590,0.0
54,Misiones,54084,Montecarlo,2024,490,0.0
54,Misiones,54091,Oberá,2000,952,0.0
54,Misiones,54091,Oberá,2001,0,0.0
54,Misiones,54091,Oberá,2002,0,0.0
54,Misiones,54091,Oberá,2003,0,0.0
54,Misiones,54091,Oberá,2004,0,0.0
54,Misiones,54091,Oberá,2005,0,0.0
54,Misiones,54091,Oberá,2006,0,0.0
54,Misiones,54091,Oberá,2007,0,0.0
54,Misiones,54091,Oberá,2008,0,0.0
54,Misiones,54091,Oberá,2009,0,0.0
54,Misiones,54091,Oberá,2010,0,0.0
54,Misiones,54091,Oberá,2011,0,0.0
54,Misiones,54091,Oberá,2012,0,0.0
54,Misiones,54091,Oberá,2013,2102,0.0
54,Misiones,54091,Oberá,2014,2537,0.0
54,Misiones,54091,Oberá,2015,2151,0.0
54,Misiones,54091,Oberá,2016,2028,0.0
54,Misiones,54091,Oberá,2017,2137,0.0
54,Misiones,54091,Oberá,2018,2188,0.0
54,Misiones,54091,Oberá,2019,2152,0.0
54,Misiones,54091,Oberá,2020,1775,0.0
54,Misiones,54091,Oberá,2021,1969,0.0
54,Misiones,54091,Oberá,2022,1870,0.0
54,Misiones,54091,Oberá,2023,2082,0.0
54,Misiones,54091,Oberá,2024,1959,0.0
54,Misiones,54098,San Ignacio,2000,281,0.0
54,Misiones,54098,San Ignacio,2001,0,0.0
54,Misiones,54098,San Ignacio,2002,0,0.0
54,Misiones,54098,San Ignacio,2003,0,0.0
54,Misiones,54098,San Ignacio,2004,0,0.0
54,Misiones,54098,San Ignacio,2005,0,0.0
54,Misiones,54098,San Ignacio,2006,0,0.0
54,Misiones,54098,San Ignacio,2007,0,0.0
54,Misiones,54098,San Ignacio,2008,0,0.0
54,Misiones,54098,San Ignacio,2009,0,0.0
54,Misiones,54098,San Ignacio,2010,0,0.0
54,Misiones,54098,San Ignacio,2011,0,0.0
54,Misiones,54098,San Ignacio,2012,0,0.0
54,Misiones,54098,San Ignacio,2013,510,0.0
54,Misiones,54098,San Ignacio,2014,682,0.0
54,Misiones,54098,San Ignacio,2015,554,0.0
54,Misiones,54098,San Ignacio,2016,674,0.0
54,Misiones,54098,San Ignacio,2017,699,0.0
54,Misiones,54098,San Ignacio,2018,665,0.0
54,Misiones,54098,San Ignacio,2019,791,0.0
54,Misiones,54098,San Ignacio,2020,628,0.0
54,Misiones,54098,San Ignacio,2021,700,0.0
54,Misiones,54098,San Ignacio,2022,618,0.0
54,Misiones,54098,San Ignacio,2023,782,0.0
54,Misiones,54098,San Ignacio,2024,785,0.0
54,Misiones,54105,San Javier,2000,39,0.0
54,Misiones,54105,San Javier,2001,0,0.0
54,Misiones,54105,San Javier,2002,0,0.0
54,Misiones,54105,San Javier,2003,0,0.0
54,Misiones,54105,San Javier,2004,0,0.0
54,Misiones,54105,San Javier,2005,0,0.0
54,Misiones,54105,San Javier,2006,0,0.0
54,Misiones,54105,San Javier,2007,0,0.0
54,Misiones,54105,San Javier,2008,0,0.0
54,Misiones,54105,San Javier,2009,0,0.0
54,Misiones,54105,San Javier,2010,0,0.0
54,Misiones,54105,San Javier,2011,0,0.0
54,Misiones,54105,San Javier,2012,0,0.0
54,Misiones,54105,San Javier,2013,130,0.0
54,Misiones,54105,San Javier,2014,261,0.0
54,Misiones,54105,San Javier,2015,292,0.0
54,Misiones,54105,San Javier,2016,252,0.0
54,Misiones,54105,San Javier,2017,179,0.0
54,Misiones,54105,San Javier,2018,191,0.0
54,Misiones,54105,San Javier,2019,201,0.0
54,Misiones,54105,San Javier,2020,208,0.0
54,Misiones,54105,San Javier,2021,195,0.0
54,Misiones,54105,San Javier,2022,183,0.0
54,Misiones,54105,San Javier,2023,164,0.0
54,Misiones,54105,San Javier,2024,153,0.0
54,Misiones,54112,San Pedro,2000,70,0.0
54,Misiones,54112,San Pedro,2001,0,0.0
54,Misiones,54112,San Pedro,2002,0,0.0
54,Misiones,54112,San Pedro,2003,0,0.0
54,Misiones,54112,San Pedro,2004,0,0.0
54,Misiones,54112,San Pedro,2005,0,0.0
54,Misiones,54112,San Pedro,2006,0,0.0
54,Misiones,54112,San Pedro,2007,0,0.0
54,Misiones,54112,San Pedro,2008,0,0.0
54,Misiones,54112,San Pedro,2009,0,0.0
54,Misiones,54112,San Pedro,2010,0,0.0
54,Misiones,54112,San Pedro,2011,0,0.0
54,Misiones,54112,San Pedro,2012,0,0.0
54,Misiones,54112,San Pedro,2013,256,0.0
54,Misiones,54112,San Pedro,2014,286,0.0
54,Misiones,54112,San Pedro,2015,288,0.0
54,Misiones,54112,San Pedro,2016,374,0.0
54,Misiones,54112,San Pedro,2017,338,0.0
54,Misiones,54112,San Pedro,2018,275,0.0
54,Misiones,54112,San Pedro,2019,365,0.0
54,Misiones,54112,San Pedro,2020,448,0.0
54,Misiones,54112,San Pedro,2021,298,0.0
54,Misiones,54112,San Pedro,2022,328,0.0
54,Misiones,54112,San Pedro,2023,332,0.0
54,Misiones,54112,San Pedro,2024,447,0.0
54,Misiones,54119,25 de Mayo,2000,98,0.0
54,Misiones,54119,25 de Mayo,2001,0,0.0
54,Misiones,54119,25 de Mayo,2002,0,0.0
54,Misiones,54119,25 de Mayo,2003,0,0.0
54,Misiones,54119,25 de Mayo,2004,0,0.0
54,Misiones,54119,25 de Mayo,2005,0,0.0
54,Misiones,54119,25 de Mayo,2006,0,0.0
54,Misiones,54119,25 de Mayo,2007,0,0.0
54,Misiones,54119,25 de Mayo,2008,0,0.0
54,Misiones,54119,25 de Mayo,2009,0,0.0
54,Misiones,54119,25 de Mayo,2010,0,0.0
54,Misiones,54119,25 de Mayo,2011,0,0.0
54,Misiones,54119,25 de Mayo,2012,0,0.0
54,Misiones,54119,25 de Mayo,2013,199,0.0
54,Misiones,54119,25 de Mayo,2014,269,0.0
54,Misiones,54119,25 de Mayo,2015,238,0.0
54,Misiones,54119,25 de Mayo,2016,283,0.0
54,Misiones,54119,25 de Mayo,2017,238,0.0
54,Misiones,54119,25 de Mayo,2018,263,0.0
54,Misiones,54119,25 de Mayo,2019,299,0.0
54,Misiones,54119,25 de Mayo,2020,210,0.0
54,Misiones,54119,25 de Mayo,2021,245,0.0
54,Misiones,54119,25 de Mayo,2022,234,0.0
54,Misiones,54119,25 de Mayo,2023,207,0.0
54,Misiones,54119,25 de Mayo,2024,239,0.0
54,Misiones,54999,Departamento sin determinar,2000,5661,0.0
54,Misiones,54999,Departamento sin determinar,2001,15761,0.0
54,Misiones,54999,Departamento sin determinar,2002,21894,0.0
54,Misiones,54999,Departamento sin determinar,2003,18749,0.0
54,Misiones,54999,Departamento sin determinar,2004,17278,0.0
54,Misiones,54999,Departamento sin determinar,2005,18300,0.0
54,Misiones,54999,Departamento sin determinar,2006,15665,0.0
54,Misiones,54999,Departamento sin determinar,2007,14056,0.0
54,Misiones,54999,Departamento sin determinar,2008,15039,0.0
54,Misiones,54999,Departamento sin determinar,2009,14245,0.0
54,Misiones,54999,Departamento sin determinar,2010,14080,0.0
54,Misiones,54999,Departamento sin determinar,2011,12879,0.0
54,Misiones,54999,Departamento sin determinar,2012,13352,0.0
54,Misiones,54999,Departamento sin determinar,2013,59,0.0
54,Misiones,54999,Departamento sin determinar,2014,54,0.0
54,Misiones,54999,Departamento sin determinar,2015,45,0.0
54,Misiones,54999,Departamento sin determinar,2016,32,0.0
54,Misiones,54999,Departamento sin determinar,2017,42,0.0
54,Misiones,54999,Departamento sin determinar,2018,23,0.0
54,Misiones,54999,Departamento sin determinar,2019,147,0.0
54,Misiones,54999,Departamento sin determinar,2020,66,0.0
54,Misiones,54999,Departamento sin determinar,2021,79,0.0
54,Misiones,54999,Departamento sin determinar,2022,61,0.0
54,Misiones,54999,Departamento sin determinar,2023,126,0.0
54,Misiones,54999,Departamento sin determinar,2024,172,0.0
58,Neuquén,58007,Aluminé,2000,82,0.0
58,Neuquén,58007,Aluminé,2001,130,0.0
58,Neuquén,58007,Aluminé,2002,173,0.0
58,Neuquén,58007,Aluminé,2003,121,0.0
58,Neuquén,58007,Aluminé,2004,142,0.0
58,Neuquén,58007,Aluminé,2005,129,0.0
58,Neuquén,58007,Aluminé,2006,105,0.0
58,Neuquén,58007,Aluminé,2007,107,0.0
58,Neuquén,58007,Aluminé,2008,162,0.0
58,Neuquén,58007,Aluminé,2009,146,0.0
58,Neuquén,58007,Aluminé,2010,167,0.0
58,Neuquén,58007,Aluminé,2011,172,0.0
58,Neuquén,58007,Aluminé,2012,121,0.0
58,Neuquén,58007,Aluminé,2013,166,0.0
58,Neuquén,58007,Aluminé,2014,140,0.0
58,Neuquén,58007,Aluminé,2015,167,0.0
58,Neuquén,58007,Aluminé,2016,125,0.0
58,Neuquén,58007,Aluminé,2017,141,0.0
58,Neuquén,58007,Aluminé,2018,127,0.0
58,Neuquén,58007,Aluminé,2019,147,0.0
58,Neuquén,58007,Aluminé,2020,93,0.0
58,Neuquén,58007,Aluminé,2021,99,0.0
58,Neuquén,58007,Aluminé,2022,110,0.0
58,Neuquén,58007,Aluminé,2023,78,0.0
58,Neuquén,58007,Aluminé,2024,41,0.0
58,Neuquén,58014,Añelo,2000,244,0.0
58,Neuquén,58014,Añelo,2001,263,0.0
58,Neuquén,58014,Añelo,2002,281,0.0
58,Neuquén,58014,Añelo,2003,345,0.0
58,Neuquén,58014,Añelo,2004,364,0.0
58,Neuquén,58014,Añelo,2005,358,0.0
58,Neuquén,58014,Añelo,2006,364,0.0
58,Neuquén,58014,Añelo,2007,400,0.0
58,Neuquén,58014,Añelo,2008,437,0.0
58,Neuquén,58014,Añelo,2009,349,0.0
58,Neuquén,58014,Añelo,2010,341,0.0
58,Neuquén,58014,Añelo,2011,239,0.0
58,Neuquén,58014,Añelo,2012,258,0.0
58,Neuquén,58014,Añelo,2013,210,0.0
58,Neuquén,58014,Añelo,2014,365,0.0
58,Neuquén,58014,Añelo,2015,303,0.0
58,Neuquén,58014,Añelo,2016,204,0.0
58,Neuquén,58014,Añelo,2017,299,0.0
58,Neuquén,58014,Añelo,2018,343,0.0
58,Neuquén,58014,Añelo,2019,576,0.0
58,Neuquén,58014,Añelo,2020,472,0.0
58,Neuquén,58014,Añelo,2021,640,0.0
58,Neuquén,58014,Añelo,2022,527,0.0
58,Neuquén,58014,Añelo,2023,570,0.0
58,Neuquén,58014,Añelo,2024,818,0.0
58,Neuquén,58021,Catán Lil,2000,40,0.0
58,Neuquén,58021,Catán Lil,2001,24,0.0
58,Neuquén,58021,Catán Lil,2002,54,0.0
58,Neuquén,58021,Catán Lil,2003,40,0.0
58,Neuquén,58021,Catán Lil,2004,44,0.0
58,Neuquén,58021,Catán Lil,2005,27,0.0
58,Neuquén,58021,Catán Lil,2006,38,0.0
58,Neuquén,58021,Catán Lil,2007,39,0.0
58,Neuquén,58021,Catán Lil,2008,45,0.0
58,Neuquén,58021,Catán Lil,2009,27,0.0
58,Neuquén,58021,Catán Lil,2010,46,0.0
58,Neuquén,58021,Catán Lil,2011,30,0.0
58,Neuquén,58021,Catán Lil,2012,31,0.0
58,Neuquén,58021,Catán Lil,2013,46,0.0
58,Neuquén,58021,Catán Lil,2014,47,0.0
58,Neuquén,58021,Catán Lil,2015,29,0.0
58,Neuquén,58021,Catán Lil,2016,34,0.0
58,Neuquén,58021,Catán Lil,2017,39,0.0
58,Neuquén,58021,Catán Lil,2018,24,0.0
58,Neuquén,58021,Catán Lil,2019,33,0.0
58,Neuquén,58021,Catán Lil,2020,10,0.0
58,Neuquén,58021,Catán Lil,2021,14,0.0
58,Neuquén,58021,Catán Lil,2022,2,0.0
58,Neuquén,58021,Catán Lil,2023,2,0.0
58,Neuquén,58021,Catán Lil,2024,9,0.0
58,Neuquén,58028,Collón Curá,2000,86,0.0
58,Neuquén,58028,Collón Curá,2001,113,0.0
58,Neuquén,58028,Collón Curá,2002,195,0.0
58,Neuquén,58028,Collón Curá,2003,190,0.0
58,Neuquén,58028,Collón Curá,2004,198,0.0
58,Neuquén,58028,Collón Curá,2005,154,0.0
58,Neuquén,58028,Collón Curá,2006,126,0.0
58,Neuquén,58028,Collón Curá,2007,96,0.0
58,Neuquén,58028,Collón Curá,2008,132,0.0
58,Neuquén,58028,Collón Curá,2009,101,0.0
58,Neuquén,58028,Collón Curá,2010,119,0.0
58,Neuquén,58028,Collón Curá,2011,102,0.0
58,Neuquén,58028,Collón Curá,2012,91,0.0
58,Neuquén,58028,Collón Curá,2013,102,0.0
58,Neuquén,58028,Collón Curá,2014,92,0.0
58,Neuquén,58028,Collón Curá,2015,41,0.0
58,Neuquén,58028,Collón Curá,2016,45,0.0
58,Neuquén,58028,Collón Curá,2017,54,0.0
58,Neuquén,58028,Collón Curá,2018,49,0.0
58,Neuquén,58028,Collón Curá,2019,37,0.0
58,Neuquén,58028,Collón Curá,2020,54,0.0
58,Neuquén,58028,Collón Curá,2021,47,0.0
58,Neuquén,58028,Collón Curá,2022,30,0.0
58,Neuquén,58028,Collón Curá,2023,15,0.0
58,Neuquén,58028,Collón Curá,2024,16,0.0
58,Neuquén,58035,Confluencia,2000,13786,0.0
58,Neuquén,58035,Confluencia,2001,14894,0.0
58,Neuquén,58035,Confluencia,2002,17385,0.0
58,Neuquén,58035,Confluencia,2003,17828,0.0
58,Neuquén,58035,Confluencia,2004,17654,0.0
58,Neuquén,58035,Confluencia,2005,16640,0.0
58,Neuquén,58035,Confluencia,2006,15329,0.0
58,Neuquén,58035,Confluencia,2007,14285,0.0
58,Neuquén,58035,Confluencia,2008,16200,0.0
58,Neuquén,58035,Confluencia,2009,17216,0.0
58,Neuquén,58035,Confluencia,2010,17659,0.0
58,Neuquén,58035,Confluencia,2011,15871,0.0
58,Neuquén,58035,Confluencia,2012,15560,0.0
58,Neuquén,58035,Confluencia,2013,17574,0.0
58,Neuquén,58035,Confluencia,2014,20344,0.0
58,Neuquén,58035,Confluencia,2015,20133,0.0
58,Neuquén,58035,Confluencia,2016,20521,0.0
58,Neuquén,58035,Confluencia,2017,20126,0.0
58,Neuquén,58035,Confluencia,2018,19635,0.0
58,Neuquén,58035,Confluencia,2019,21750,0.0
58,Neuquén,58035,Confluencia,2020,17032,0.0
58,Neuquén,58035,Confluencia,2021,19306,0.0
58,Neuquén,58035,Confluencia,2022,20463,0.0
58,Neuquén,58035,Confluencia,2023,18785,0.0
58,Neuquén,58035,Confluencia,2024,17478,0.0
58,Neuquén,58042,Chos Malal,2000,451,0.0
58,Neuquén,58042,Chos Malal,2001,449,0.0
58,Neuquén,58042,Chos Malal,2002,681,0.0
58,Neuquén,58042,Chos Malal,2003,482,0.0
58,Neuquén,58042,Chos Malal,2004,585,0.0
58,Neuquén,58042,Chos Malal,2005,588,0.0
58,Neuquén,58042,Chos Malal,2006,461,0.0
58,Neuquén,58042,Chos Malal,2007,423,0.0
58,Neuquén,58042,Chos Malal,2008,401,0.0
58,Neuquén,58042,Chos Malal,2009,435,0.0
58,Neuquén,58042,Chos Malal,2010,394,0.0
58,Neuquén,58042,Chos Malal,2011,290,0.0
58,Neuquén,58042,Chos Malal,2012,235,0.0
58,Neuquén,58042,Chos Malal,2013,237,0.0
58,Neuquén,58042,Chos Malal,2014,381,0.0
58,Neuquén,58042,Chos Malal,2015,269,0.0
58,Neuquén,58042,Chos Malal,2016,204,0.0
58,Neuquén,58042,Chos Malal,2017,221,0.0
58,Neuquén,58042,Chos Malal,2018,248,0.0
58,Neuquén,58042,Chos Malal,2019,260,0.0
58,Neuquén,58042,Chos Malal,2020,208,0.0
58,Neuquén,58042,Chos Malal,2021,265,0.0
58,Neuquén,58042,Chos Malal,2022,235,0.0
58,Neuquén,58042,Chos Malal,2023,213,0.0
58,Neuquén,58042,Chos Malal,2024,255,0.0
58,Neuquén,58049,Huiliches,2000,376,0.0
58,Neuquén,58049,Huiliches,2001,334,0.0
58,Neuquén,58049,Huiliches,2002,449,0.0
58,Neuquén,58049,Huiliches,2003,496,0.0
58,Neuquén,58049,Huiliches,2004,460,0.0
58,Neuquén,58049,Huiliches,2005,426,0.0
58,Neuquén,58049,Huiliches,2006,461,0.0
58,Neuquén,58049,Huiliches,2007,430,0.0
58,Neuquén,58049,Huiliches,2008,380,0.0
58,Neuquén,58049,Huiliches,2009,462,0.0
58,Neuquén,58049,Huiliches,2010,549,0.0
58,Neuquén,58049,Huiliches,2011,434,0.0
58,Neuquén,58049,Huiliches,2012,543,0.0
58,Neuquén,58049,Huiliches,2013,449,0.0
58,Neuquén,58049,Huiliches,2014,397,0.0
58,Neuquén,58049,Huiliches,2015,389,0.0
58,Neuquén,58049,Huiliches,2016,400,0.0
58,Neuquén,58049,Huiliches,2017,334,0.0
58,Neuquén,58049,Huiliches,2018,358,0.0
58,Neuquén,58049,Huiliches,2019,264,0.0
58,Neuquén,58049,Huiliches,2020,188,0.0
58,Neuquén,58049,Huiliches,2021,169,0.0
58,Neuquén,58049,Huiliches,2022,185,0.0
58,Neuquén,58049,Huiliches,2023,115,0.0
58,Neuquén,58049,Huiliches,2024,199,0.0
58,Neuquén,58056,Lácar,2000,952,0.0
58,Neuquén,58056,Lácar,2001,990,0.0
58,Neuquén,58056,Lácar,2002,1158,0.0
58,Neuquén,58056,Lácar,2003,1096,0.0
58,Neuquén,58056,Lácar,2004,1416,0.0
58,Neuquén,58056,Lácar,2005,1941,0.0
58,Neuquén,58056,Lácar,2006,1794,0.0
58,Neuquén,58056,Lácar,2007,2339,0.0
58,Neuquén,58056,Lácar,2008,2541,0.0
58,Neuquén,58056,Lácar,2009,2449,0.0
58,Neuquén,58056,Lácar,2010,2163,0.0
58,Neuquén,58056,Lácar,2011,1881,0.0
58,Neuquén,58056,Lácar,2012,2219,0.0
58,Neuquén,58056,Lácar,2013,1052,0.0
58,Neuquén,58056,Lácar,2014,881,0.0
58,Neuquén,58056,Lácar,2015,934,0.0
58,Neuquén,58056,Lácar,2016,846,0.0
58,Neuquén,58056,Lácar,2017,703,0.0
58,Neuquén,58056,Lácar,2018,713,0.0
58,Neuquén,58056,Lácar,2019,1071,0.0
58,Neuquén,58056,Lácar,2020,1051,0.0
58,Neuquén,58056,Lácar,2021,1024,0.0
58,Neuquén,58056,Lácar,2022,882,0.0
58,Neuquén,58056,Lácar,2023,935,0.0
58,Neuquén,58056,Lácar,2024,976,0.0
58,Neuquén,58063,Loncopué,2000,57,0.0
58,Neuquén,58063,Loncopué,2001,85,0.0
58,Neuquén,58063,Loncopué,2002,182,0.0
58,Neuquén,58063,Loncopué,2003,121,0.0
58,Neuquén,58063,Loncopué,2004,99,0.0
58,Neuquén,58063,Loncopué,2005,104,0.0
58,Neuquén,58063,Loncopué,2006,121,0.0
58,Neuquén,58063,Loncopué,2007,85,0.0
58,Neuquén,58063,Loncopué,2008,72,0.0
58,Neuquén,58063,Loncopué,2009,119,0.0
58,Neuquén,58063,Loncopué,2010,102,0.0
58,Neuquén,58063,Loncopué,2011,102,0.0
58,Neuquén,58063,Loncopué,2012,126,0.0
58,Neuquén,58063,Loncopué,2013,80,0.0
58,Neuquén,58063,Loncopué,2014,120,0.0
58,Neuquén,58063,Loncopué,2015,88,0.0
58,Neuquén,58063,Loncopué,2016,60,0.0
58,Neuquén,58063,Loncopué,2017,85,0.0
58,Neuquén,58063,Loncopué,2018,49,0.0
58,Neuquén,58063,Loncopué,2019,43,0.0
58,Neuquén,58063,Loncopué,2020,37,0.0
58,Neuquén,58063,Loncopué,2021,108,0.0
58,Neuquén,58063,Loncopué,2022,72,0.0
58,Neuquén,58063,Loncopué,2023,100,0.0
58,Neuquén,58063,Loncopué,2024,112,0.0
58,Neuquén,58070,Los Lagos,2000,262,0.0
58,Neuquén,58070,Los Lagos,2001,266,0.0
58,Neuquén,58070,Los Lagos,2002,293,0.0
58,Neuquén,58070,Los Lagos,2003,370,0.0
58,Neuquén,58070,Los Lagos,2004,469,0.0
58,Neuquén,58070,Los Lagos,2005,410,0.0
58,Neuquén,58070,Los Lagos,2006,419,0.0
58,Neuquén,58070,Los Lagos,2007,311,0.0
58,Neuquén,58070,Los Lagos,2008,327,0.0
58,Neuquén,58070,Los Lagos,2009,386,0.0
58,Neuquén,58070,Los Lagos,2010,342,0.0
58,Neuquén,58070,Los Lagos,2011,356,0.0
58,Neuquén,58070,Los Lagos,2012,352,0.0
58,Neuquén,58070,Los Lagos,2013,355,0.0
58,Neuquén,58070,Los Lagos,2014,404,0.0
58,Neuquén,58070,Los Lagos,2015,351,0.0
58,Neuquén,58070,Los Lagos,2016,187,0.0
58,Neuquén,58070,Los Lagos,2017,231,0.0
58,Neuquén,58070,Los Lagos,2018,246,0.0
58,Neuquén,58070,Los Lagos,2019,345,0.0
58,Neuquén,58070,Los Lagos,2020,187,0.0
58,Neuquén,58070,Los Lagos,2021,339,0.0
58,Neuquén,58070,Los Lagos,2022,305,0.0
58,Neuquén,58070,Los Lagos,2023,275,0.0
58,Neuquén,58070,Los Lagos,2024,372,0.0
58,Neuquén,58077,Minas,2000,116,0.0
58,Neuquén,58077,Minas,2001,165,0.0
58,Neuquén,58077,Minas,2002,176,0.0
58,Neuquén,58077,Minas,2003,187,0.0
58,Neuquén,58077,Minas,2004,177,0.0
58,Neuquén,58077,Minas,2005,140,0.0
58,Neuquén,58077,Minas,2006,104,0.0
58,Neuquén,58077,Minas,2007,174,0.0
58,Neuquén,58077,Minas,2008,219,0.0
58,Neuquén,58077,Minas,2009,208,0.0
58,Neuquén,58077,Minas,2010,168,0.0
58,Neuquén,58077,Minas,2011,135,0.0
58,Neuquén,58077,Minas,2012,127,0.0
58,Neuquén,58077,Minas,2013,100,0.0
58,Neuquén,58077,Minas,2014,118,0.0
58,Neuquén,58077,Minas,2015,132,0.0
58,Neuquén,58077,Minas,2016,148,0.0
58,Neuquén,58077,Minas,2017,121,0.0
58,Neuquén,58077,Minas,2018,119,0.0
58,Neuquén,58077,Minas,2019,72,0.0
58,Neuquén,58077,Minas,2020,110,0.0
58,Neuquén,58077,Minas,2021,110,0.0
58,Neuquén,58077,Minas,2022,107,0.0
58,Neuquén,58077,Minas,2023,77,0.0
58,Neuquén,58077,Minas,2024,45,0.0
58,Neuquén,58084,Ñorquín,2000,71,0.0
58,Neuquén,58084,Ñorquín,2001,64,0.0
58,Neuquén,58084,Ñorquín,2002,86,0.0
58,Neuquén,58084,Ñorquín,2003,115,0.0
58,Neuquén,58084,Ñorquín,2004,125,0.0
58,Neuquén,58084,Ñorquín,2005,126,0.0
58,Neuquén,58084,Ñorquín,2006,106,0.0
58,Neuquén,58084,Ñorquín,2007,119,0.0
58,Neuquén,58084,Ñorquín,2008,111,0.0
58,Neuquén,58084,Ñorquín,2009,119,0.0
58,Neuquén,58084,Ñorquín,2010,123,0.0
58,Neuquén,58084,Ñorquín,2011,71,0.0
58,Neuquén,58084,Ñorquín,2012,87,0.0
58,Neuquén,58084,Ñorquín,2013,89,0.0
58,Neuquén,58084,Ñorquín,2014,70,0.0
58,Neuquén,58084,Ñorquín,2015,101,0.0
58,Neuquén,58084,Ñorquín,2016,76,0.0
58,Neuquén,58084,Ñorquín,2017,54,0.0
58,Neuquén,58084,Ñorquín,2018,80,0.0
58,Neuquén,58084,Ñorquín,2019,74,0.0
58,Neuquén,58084,Ñorquín,2020,38,0.0
58,Neuquén,58084,Ñorquín,2021,61,0.0
58,Neuquén,58084,Ñorquín,2022,72,0.0
58,Neuquén,58084,Ñorquín,2023,75,0.0
58,Neuquén,58084,Ñorquín,2024,79,0.0
58,Neuquén,58091,Pehuenches,2000,455,0.0
58,Neuquén,58091,Pehuenches,2001,437,0.0
58,Neuquén,58091,Pehuenches,2002,557,0.0
58,Neuquén,58091,Pehuenches,2003,541,0.0
58,Neuquén,58091,Pehuenches,2004,696,0.0
58,Neuquén,58091,Pehuenches,2005,726,0.0
58,Neuquén,58091,Pehuenches,2006,648,0.0
58,Neuquén,58091,Pehuenches,2007,649,0.0
58,Neuquén,58091,Pehuenches,2008,703,0.0
58,Neuquén,58091,Pehuenches,2009,627,0.0
58,Neuquén,58091,Pehuenches,2010,461,0.0
58,Neuquén,58091,Pehuenches,2011,423,0.0
58,Neuquén,58091,Pehuenches,2012,337,0.0
58,Neuquén,58091,Pehuenches,2013,565,0.0
58,Neuquén,58091,Pehuenches,2014,689,0.0
58,Neuquén,58091,Pehuenches,2015,610,0.0
58,Neuquén,58091,Pehuenches,2016,548,0.0
58,Neuquén,58091,Pehuenches,2017,593,0.0
58,Neuquén,58091,Pehuenches,2018,585,0.0
58,Neuquén,58091,Pehuenches,2019,751,0.0
58,Neuquén,58091,Pehuenches,2020,661,0.0
58,Neuquén,58091,Pehuenches,2021,516,0.0
58,Neuquén,58091,Pehuenches,2022,487,0.0
58,Neuquén,58091,Pehuenches,2023,621,0.0
58,Neuquén,58091,Pehuenches,2024,596,0.0
58,Neuquén,58098,Picún Leufú,2000,72,0.0
58,Neuquén,58098,Picún Leufú,2001,134,0.0
58,Neuquén,58098,Picún Leufú,2002,146,0.0
58,Neuquén,58098,Picún Leufú,2003,155,0.0
58,Neuquén,58098,Picún Leufú,2004,112,0.0
58,Neuquén,58098,Picún Leufú,2005,82,0.0
58,Neuquén,58098,Picún Leufú,2006,56,0.0
58,Neuquén,58098,Picún Leufú,2007,51,0.0
58,Neuquén,58098,Picún Leufú,2008,69,0.0
58,Neuquén,58098,Picún Leufú,2009,101,0.0
58,Neuquén,58098,Picún Leufú,2010,142,0.0
58,Neuquén,58098,Picún Leufú,2011,131,0.0
58,Neuquén,58098,Picún Leufú,2012,115,0.0
58,Neuquén,58098,Picún Leufú,2013,137,0.0
58,Neuquén,58098,Picún Leufú,2014,164,0.0
58,Neuquén,58098,Picún Leufú,2015,81,0.0
58,Neuquén,58098,Picún Leufú,2016,126,0.0
58,Neuquén,58098,Picún Leufú,2017,173,0.0
58,Neuquén,58098,Picún Leufú,2018,163,0.0
58,Neuquén,58098,Picún Leufú,2019,115,0.0
58,Neuquén,58098,Picún Leufú,2020,109,0.0
58,Neuquén,58098,Picún Leufú,2021,108,0.0
58,Neuquén,58098,Picún Leufú,2022,100,0.0
58,Neuquén,58098,Picún Leufú,2023,137,0.0
58,Neuquén,58098,Picún Leufú,2024,134,0.0
58,Neuquén,58105,Picunches,2000,109,0.0
58,Neuquén,58105,Picunches,2001,79,0.0
58,Neuquén,58105,Picunches,2002,104,0.0
58,Neuquén,58105,Picunches,2003,102,0.0
58,Neuquén,58105,Picunches,2004,152,0.0
58,Neuquén,58105,Picunches,2005,143,0.0
58,Neuquén,58105,Picunches,2006,141,0.0
58,Neuquén,58105,Picunches,2007,157,0.0
58,Neuquén,58105,Picunches,2008,157,0.0
58,Neuquén,58105,Picunches,2009,126,0.0
58,Neuquén,58105,Picunches,2010,106,0.0
58,Neuquén,58105,Picunches,2011,97,0.0
58,Neuquén,58105,Picunches,2012,134,0.0
58,Neuquén,58105,Picunches,2013,121,0.0
58,Neuquén,58105,Picunches,2014,121,0.0
58,Neuquén,58105,Picunches,2015,117,0.0
58,Neuquén,58105,Picunches,2016,96,0.0
58,Neuquén,58105,Picunches,2017,70,0.0
58,Neuquén,58105,Picunches,2018,97,0.0
58,Neuquén,58105,Picunches,2019,98,0.0
58,Neuquén,58105,Picunches,2020,116,0.0
58,Neuquén,58105,Picunches,2021,114,0.0
58,Neuquén,58105,Picunches,2022,131,0.0
58,Neuquén,58105,Picunches,2023,103,0.0
58,Neuquén,58105,Picunches,2024,71,0.0
58,Neuquén,58112,Zapala ,2000,1104,0.0
58,Neuquén,58112,Zapala ,2001,1385,0.0
58,Neuquén,58112,Zapala ,2002,1840,0.0
58,Neuquén,58112,Zapala ,2003,1998,0.0
58,Neuquén,58112,Zapala ,2004,1835,0.0
58,Neuquén,58112,Zapala ,2005,1479,0.0
58,Neuquén,58112,Zapala ,2006,1253,0.0
58,Neuquén,58112,Zapala ,2007,1225,0.0
58,Neuquén,58112,Zapala ,2008,1299,0.0
58,Neuquén,58112,Zapala ,2009,1071,0.0
58,Neuquén,58112,Zapala ,2010,1388,0.0
58,Neuquén,58112,Zapala ,2011,1455,0.0
58,Neuquén,58112,Zapala ,2012,1475,0.0
58,Neuquén,58112,Zapala ,2013,1315,0.0
58,Neuquén,58112,Zapala ,2014,1256,0.0
58,Neuquén,58112,Zapala ,2015,1269,0.0
58,Neuquén,58112,Zapala ,2016,1226,0.0
58,Neuquén,58112,Zapala ,2017,935,0.0
58,Neuquén,58112,Zapala ,2018,810,0.0
58,Neuquén,58112,Zapala ,2019,918,0.0
58,Neuquén,58112,Zapala ,2020,809,0.0
58,Neuquén,58112,Zapala ,2021,973,0.0
58,Neuquén,58112,Zapala ,2022,861,0.0
58,Neuquén,58112,Zapala ,2023,777,0.0
58,Neuquén,58112,Zapala ,2024,911,0.0
58,Neuquén,58999,Departamento sin determinar,2000,23,0.0
58,Neuquén,58999,Departamento sin determinar,2001,14,0.0
58,Neuquén,58999,Departamento sin determinar,2002,8,0.0
58,Neuquén,58999,Departamento sin determinar,2003,9,0.0
58,Neuquén,58999,Departamento sin determinar,2004,23,0.0
58,Neuquén,58999,Departamento sin determinar,2005,44,0.0
58,Neuquén,58999,Departamento sin determinar,2006,27,0.0
58,Neuquén,58999,Departamento sin determinar,2007,9,0.0
58,Neuquén,58999,Departamento sin determinar,2008,18,0.0
58,Neuquén,58999,Departamento sin determinar,2009,19,0.0
58,Neuquén,58999,Departamento sin determinar,2010,7,0.0
58,Neuquén,58999,Departamento sin determinar,2011,12,0.0
58,Neuquén,58999,Departamento sin determinar,2012,16,0.0
58,Neuquén,58999,Departamento sin determinar,2013,26,0.0
58,Neuquén,58999,Departamento sin determinar,2014,21,0.0
58,Neuquén,58999,Departamento sin determinar,2015,23,0.0
58,Neuquén,58999,Departamento sin determinar,2016,20,0.0
58,Neuquén,58999,Departamento sin determinar,2017,22,0.0
58,Neuquén,58999,Departamento sin determinar,2018,17,0.0
58,Neuquén,58999,Departamento sin determinar,2019,38,0.0
58,Neuquén,58999,Departamento sin determinar,2020,13,0.0
58,Neuquén,58999,Departamento sin determinar,2021,18,0.0
58,Neuquén,58999,Departamento sin determinar,2022,25,0.0
58,Neuquén,58999,Departamento sin determinar,2023,14,0.0
58,Neuquén,58999,Departamento sin determinar,2024,26,0.0
62,Río Negro,62007,Adolfo Alsina,2000,1086,0.0
62,Río Negro,62007,Adolfo Alsina,2001,1308,0.0
62,Río Negro,62007,Adolfo Alsina,2002,1740,0.0
62,Río Negro,62007,Adolfo Alsina,2003,1697,0.0
62,Río Negro,62007,Adolfo Alsina,2004,1699,0.0
62,Río Negro,62007,Adolfo Alsina,2005,1545,0.0
62,Río Negro,62007,Adolfo Alsina,2006,1783,0.0
62,Río Negro,62007,Adolfo Alsina,2007,2143,0.0
62,Río Negro,62007,Adolfo Alsina,2008,2453,0.0
62,Río Negro,62007,Adolfo Alsina,2009,1975,0.0
62,Río Negro,62007,Adolfo Alsina,2010,2313,0.0
62,Río Negro,62007,Adolfo Alsina,2011,2960,0.0
62,Río Negro,62007,Adolfo Alsina,2012,3394,0.0
62,Río Negro,62007,Adolfo Alsina,2013,2852,0.0
62,Río Negro,62007,Adolfo Alsina,2014,3108,0.0
62,Río Negro,62007,Adolfo Alsina,2015,2672,0.0
62,Río Negro,62007,Adolfo Alsina,2016,2465,0.0
62,Río Negro,62007,Adolfo Alsina,2017,2448,0.0
62,Río Negro,62007,Adolfo Alsina,2018,1981,0.0
62,Río Negro,62007,Adolfo Alsina,2019,1857,0.0
62,Río Negro,62007,Adolfo Alsina,2020,1425,0.0
62,Río Negro,62007,Adolfo Alsina,2021,2062,0.0
62,Río Negro,62007,Adolfo Alsina,2022,2498,0.0
62,Río Negro,62007,Adolfo Alsina,2023,2652,0.0
62,Río Negro,62007,Adolfo Alsina,2024,2652,0.0
62,Río Negro,62014,Avellaneda,2000,623,0.0
62,Río Negro,62014,Avellaneda,2001,682,0.0
62,Río Negro,62014,Avellaneda,2002,805,0.0
62,Río Negro,62014,Avellaneda,2003,592,0.0
62,Río Negro,62014,Avellaneda,2004,764,0.0
62,Río Negro,62014,Avellaneda,2005,598,0.0
62,Río Negro,62014,Avellaneda,2006,557,0.0
62,Río Negro,62014,Avellaneda,2007,699,0.0
62,Río Negro,62014,Avellaneda,2008,824,0.0
62,Río Negro,62014,Avellaneda,2009,665,0.0
62,Río Negro,62014,Avellaneda,2010,894,0.0
62,Río Negro,62014,Avellaneda,2011,879,0.0
62,Río Negro,62014,Avellaneda,2012,1058,0.0
62,Río Negro,62014,Avellaneda,2013,1178,0.0
62,Río Negro,62014,Avellaneda,2014,1144,0.0
62,Río Negro,62014,Avellaneda,2015,1049,0.0
62,Río Negro,62014,Avellaneda,2016,1144,0.0
62,Río Negro,62014,Avellaneda,2017,1077,0.0
62,Río Negro,62014,Avellaneda,2018,917,0.0
62,Río Negro,62014,Avellaneda,2019,734,0.0
62,Río Negro,62014,Avellaneda,2020,581,0.0
62,Río Negro,62014,Avellaneda,2021,572,0.0
62,Río Negro,62014,Avellaneda,2022,657,0.0
62,Río Negro,62014,Avellaneda,2023,776,0.0
62,Río Negro,62014,Avellaneda,2024,853,0.0
62,Río Negro,62021,Bariloche,2000,2941,0.0
62,Río Negro,62021,Bariloche,2001,3364,0.0
62,Río Negro,62021,Bariloche,2002,3701,0.0
62,Río Negro,62021,Bariloche,2003,3258,0.0
62,Río Negro,62021,Bariloche,2004,2681,0.0
62,Río Negro,62021,Bariloche,2005,2931,0.0
62,Río Negro,62021,Bariloche,2006,3116,0.0
62,Río Negro,62021,Bariloche,2007,3542,0.0
62,Río Negro,62021,Bariloche,2008,4327,0.0
62,Río Negro,62021,Bariloche,2009,3256,0.0
62,Río Negro,62021,Bariloche,2010,3616,0.0
62,Río Negro,62021,Bariloche,2011,3638,0.0
62,Río Negro,62021,Bariloche,2012,4720,0.0
62,Río Negro,62021,Bariloche,2013,4645,0.0
62,Río Negro,62021,Bariloche,2014,4825,0.0
62,Río Negro,62021,Bariloche,2015,3952,0.0
62,Río Negro,62021,Bariloche,2016,4127,0.0
62,Río Negro,62021,Bariloche,2017,3714,0.0
62,Río Negro,62021,Bariloche,2018,4225,0.0
62,Río Negro,62021,Bariloche,2019,4115,0.0
62,Río Negro,62021,Bariloche,2020,3086,0.0
62,Río Negro,62021,Bariloche,2021,3414,0.0
62,Río Negro,62021,Bariloche,2022,3662,0.0
62,Río Negro,62021,Bariloche,2023,3808,0.0
62,Río Negro,62021,Bariloche,2024,3973,0.0
62,Río Negro,62028,Conesa,2000,133,0.0
62,Río Negro,62028,Conesa,2001,124,0.0
62,Río Negro,62028,Conesa,2002,187,0.0
62,Río Negro,62028,Conesa,2003,99,0.0
62,Río Negro,62028,Conesa,2004,117,0.0
62,Río Negro,62028,Conesa,2005,91,0.0
62,Río Negro,62028,Conesa,2006,130,0.0
62,Río Negro,62028,Conesa,2007,148,0.0
62,Río Negro,62028,Conesa,2008,178,0.0
62,Río Negro,62028,Conesa,2009,100,0.0
62,Río Negro,62028,Conesa,2010,155,0.0
62,Río Negro,62028,Conesa,2011,153,0.0
62,Río Negro,62028,Conesa,2012,253,0.0
62,Río Negro,62028,Conesa,2013,194,0.0
62,Río Negro,62028,Conesa,2014,139,0.0
62,Río Negro,62028,Conesa,2015,152,0.0
62,Río Negro,62028,Conesa,2016,190,0.0
62,Río Negro,62028,Conesa,2017,147,0.0
62,Río Negro,62028,Conesa,2018,139,0.0
62,Río Negro,62028,Conesa,2019,184,0.0
62,Río Negro,62028,Conesa,2020,125,0.0
62,Río Negro,62028,Conesa,2021,143,0.0
62,Río Negro,62028,Conesa,2022,143,0.0
62,Río Negro,62028,Conesa,2023,163,0.0
62,Río Negro,62028,Conesa,2024,165,0.0
62,Río Negro,62035,El Cuy,2000,11,0.0
62,Río Negro,62035,El Cuy,2001,10,0.0
62,Río Negro,62035,El Cuy,2002,31,0.0
62,Río Negro,62035,El Cuy,2003,38,0.0
62,Río Negro,62035,El Cuy,2004,11,0.0
62,Río Negro,62035,El Cuy,2005,8,0.0
62,Río Negro,62035,El Cuy,2006,13,0.0
62,Río Negro,62035,El Cuy,2007,17,0.0
62,Río Negro,62035,El Cuy,2008,26,0.0
62,Río Negro,62035,El Cuy,2009,13,0.0
62,Río Negro,62035,El Cuy,2010,24,0.0
62,Río Negro,62035,El Cuy,2011,30,0.0
62,Río Negro,62035,El Cuy,2012,36,0.0
62,Río Negro,62035,El Cuy,2013,46,0.0
62,Río Negro,62035,El Cuy,2014,24,0.0
62,Río Negro,62035,El Cuy,2015,60,0.0
62,Río Negro,62035,El Cuy,2016,44,0.0
62,Río Negro,62035,El Cuy,2017,151,0.0
62,Río Negro,62035,El Cuy,2018,135,0.0
62,Río Negro,62035,El Cuy,2019,135,0.0
62,Río Negro,62035,El Cuy,2020,107,0.0
62,Río Negro,62035,El Cuy,2021,129,0.0
62,Río Negro,62035,El Cuy,2022,111,0.0
62,Río Negro,62035,El Cuy,2023,149,0.0
62,Río Negro,62035,El Cuy,2024,125,0.0
62,Río Negro,62042,General Roca,2000,6276,0.0
62,Río Negro,62042,General Roca,2001,7425,0.0
62,Río Negro,62042,General Roca,2002,8718,0.0
62,Río Negro,62042,General Roca,2003,7483,0.0
62,Río Negro,62042,General Roca,2004,6876,0.0
62,Río Negro,62042,General Roca,2005,6020,0.0
62,Río Negro,62042,General Roca,2006,5427,0.0
62,Río Negro,62042,General Roca,2007,6697,0.0
62,Río Negro,62042,General Roca,2008,7422,0.0
62,Río Negro,62042,General Roca,2009,6429,0.0
62,Río Negro,62042,General Roca,2010,9005,0.0
62,Río Negro,62042,General Roca,2011,9164,0.0
62,Río Negro,62042,General Roca,2012,10797,0.0
62,Río Negro,62042,General Roca,2013,11140,0.0
62,Río Negro,62042,General Roca,2014,10217,0.0
62,Río Negro,62042,General Roca,2015,9396,0.0
62,Río Negro,62042,General Roca,2016,9195,0.0
62,Río Negro,62042,General Roca,2017,8617,0.0
62,Río Negro,62042,General Roca,2018,8639,0.0
62,Río Negro,62042,General Roca,2019,9052,0.0
62,Río Negro,62042,General Roca,2020,6905,0.0
62,Río Negro,62042,General Roca,2021,7725,0.0
62,Río Negro,62042,General Roca,2022,7722,0.0
62,Río Negro,62042,General Roca,2023,8982,0.0
62,Río Negro,62042,General Roca,2024,8480,0.0
62,Río Negro,62049,9 de Julio,2000,13,0.0
62,Río Negro,62049,9 de Julio,2001,27,0.0
62,Río Negro,62049,9 de Julio,2002,19,0.0
62,Río Negro,62049,9 de Julio,2003,20,0.0
62,Río Negro,62049,9 de Julio,2004,29,0.0
62,Río Negro,62049,9 de Julio,2005,29,0.0
62,Río Negro,62049,9 de Julio,2006,34,0.0
62,Río Negro,62049,9 de Julio,2007,34,0.0
62,Río Negro,62049,9 de Julio,2008,23,0.0
62,Río Negro,62049,9 de Julio,2009,36,0.0
62,Río Negro,62049,9 de Julio,2010,43,0.0
62,Río Negro,62049,9 de Julio,2011,26,0.0
62,Río Negro,62049,9 de Julio,2012,38,0.0
62,Río Negro,62049,9 de Julio,2013,40,0.0
62,Río Negro,62049,9 de Julio,2014,39,0.0
62,Río Negro,62049,9 de Julio,2015,31,0.0
62,Río Negro,62049,9 de Julio,2016,34,0.0
62,Río Negro,62049,9 de Julio,2017,35,0.0
62,Río Negro,62049,9 de Julio,2018,31,0.0
62,Río Negro,62049,9 de Julio,2019,24,0.0
62,Río Negro,62049,9 de Julio,2020,26,0.0
62,Río Negro,62049,9 de Julio,2021,17,0.0
62,Río Negro,62049,9 de Julio,2022,25,0.0
62,Río Negro,62049,9 de Julio,2023,30,0.0
62,Río Negro,62049,9 de Julio,2024,34,0.0
62,Río Negro,62056,Ñorquincó,2000,48,0.0
62,Río Negro,62056,Ñorquincó,2001,23,0.0
62,Río Negro,62056,Ñorquincó,2002,44,0.0
62,Río Negro,62056,Ñorquincó,2003,22,0.0
62,Río Negro,62056,Ñorquincó,2004,19,0.0
62,Río Negro,62056,Ñorquincó,2005,26,0.0
62,Río Negro,62056,Ñorquincó,2006,10,0.0
62,Río Negro,62056,Ñorquincó,2007,7,0.0
62,Río Negro,62056,Ñorquincó,2008,6,0.0
62,Río Negro,62056,Ñorquincó,2009,11,0.0
62,Río Negro,62056,Ñorquincó,2010,6,0.0
62,Río Negro,62056,Ñorquincó,2011,25,0.0
62,Río Negro,62056,Ñorquincó,2012,33,0.0
62,Río Negro,62056,Ñorquincó,2013,48,0.0
62,Río Negro,62056,Ñorquincó,2014,47,0.0
62,Río Negro,62056,Ñorquincó,2015,49,0.0
62,Río Negro,62056,Ñorquincó,2016,43,0.0
62,Río Negro,62056,Ñorquincó,2017,42,0.0
62,Río Negro,62056,Ñorquincó,2018,37,0.0
62,Río Negro,62056,Ñorquincó,2019,36,0.0
62,Río Negro,62056,Ñorquincó,2020,12,0.0
62,Río Negro,62056,Ñorquincó,2021,28,0.0
62,Río Negro,62056,Ñorquincó,2022,30,0.0
62,Río Negro,62056,Ñorquincó,2023,19,0.0
62,Río Negro,62056,Ñorquincó,2024,17,0.0
62,Río Negro,62063,Pichi Mahuida,2000,208,0.0
62,Río Negro,62063,Pichi Mahuida,2001,183,0.0
62,Río Negro,62063,Pichi Mahuida,2002,209,0.0
62,Río Negro,62063,Pichi Mahuida,2003,153,0.0
62,Río Negro,62063,Pichi Mahuida,2004,132,0.0
62,Río Negro,62063,Pichi Mahuida,2005,148,0.0
62,Río Negro,62063,Pichi Mahuida,2006,213,0.0
62,Río Negro,62063,Pichi Mahuida,2007,173,0.0
62,Río Negro,62063,Pichi Mahuida,2008,230,0.0
62,Río Negro,62063,Pichi Mahuida,2009,205,0.0
62,Río Negro,62063,Pichi Mahuida,2010,227,0.0
62,Río Negro,62063,Pichi Mahuida,2011,176,0.0
62,Río Negro,62063,Pichi Mahuida,2012,213,0.0
62,Río Negro,62063,Pichi Mahuida,2013,194,0.0
62,Río Negro,62063,Pichi Mahuida,2014,179,0.0
62,Río Negro,62063,Pichi Mahuida,2015,197,0.0
62,Río Negro,62063,Pichi Mahuida,2016,175,0.0
62,Río Negro,62063,Pichi Mahuida,2017,194,0.0
62,Río Negro,62063,Pichi Mahuida,2018,168,0.0
62,Río Negro,62063,Pichi Mahuida,2019,211,0.0
62,Río Negro,62063,Pichi Mahuida,2020,186,0.0
62,Río Negro,62063,Pichi Mahuida,2021,167,0.0
62,Río Negro,62063,Pichi Mahuida,2022,164,0.0
62,Río Negro,62063,Pichi Mahuida,2023,140,0.0
62,Río Negro,62063,Pichi Mahuida,2024,146,0.0
62,Río Negro,62070,Pilcaniyeu,2000,38,0.0
62,Río Negro,62070,Pilcaniyeu,2001,36,0.0
62,Río Negro,62070,Pilcaniyeu,2002,62,0.0
62,Río Negro,62070,Pilcaniyeu,2003,39,0.0
62,Río Negro,62070,Pilcaniyeu,2004,51,0.0
62,Río Negro,62070,Pilcaniyeu,2005,42,0.0
62,Río Negro,62070,Pilcaniyeu,2006,53,0.0
62,Río Negro,62070,Pilcaniyeu,2007,56,0.0
62,Río Negro,62070,Pilcaniyeu,2008,35,0.0
62,Río Negro,62070,Pilcaniyeu,2009,42,0.0
62,Río Negro,62070,Pilcaniyeu,2010,25,0.0
62,Río Negro,62070,Pilcaniyeu,2011,41,0.0
62,Río Negro,62070,Pilcaniyeu,2012,50,0.0
62,Río Negro,62070,Pilcaniyeu,2013,176,0.0
62,Río Negro,62070,Pilcaniyeu,2014,67,0.0
62,Río Negro,62070,Pilcaniyeu,2015,43,0.0
62,Río Negro,62070,Pilcaniyeu,2016,29,0.0
62,Río Negro,62070,Pilcaniyeu,2017,119,0.0
62,Río Negro,62070,Pilcaniyeu,2018,114,0.0
62,Río Negro,62070,Pilcaniyeu,2019,132,0.0
62,Río Negro,62070,Pilcaniyeu,2020,95,0.0
62,Río Negro,62070,Pilcaniyeu,2021,89,0.0
62,Río Negro,62070,Pilcaniyeu,2022,123,0.0
62,Río Negro,62070,Pilcaniyeu,2023,125,0.0
62,Río Negro,62070,Pilcaniyeu,2024,161,0.0
62,Río Negro,62077,San Antonio,2000,524,0.0
62,Río Negro,62077,San Antonio,2001,735,0.0
62,Río Negro,62077,San Antonio,2002,791,0.0
62,Río Negro,62077,San Antonio,2003,548,0.0
62,Río Negro,62077,San Antonio,2004,440,0.0
62,Río Negro,62077,San Antonio,2005,540,0.0
62,Río Negro,62077,San Antonio,2006,433,0.0
62,Río Negro,62077,San Antonio,2007,679,0.0
62,Río Negro,62077,San Antonio,2008,678,0.0
62,Río Negro,62077,San Antonio,2009,619,0.0
62,Río Negro,62077,San Antonio,2010,952,0.0
62,Río Negro,62077,San Antonio,2011,757,0.0
62,Río Negro,62077,San Antonio,2012,872,0.0
62,Río Negro,62077,San Antonio,2013,1230,0.0
62,Río Negro,62077,San Antonio,2014,1225,0.0
62,Río Negro,62077,San Antonio,2015,1046,0.0
62,Río Negro,62077,San Antonio,2016,1009,0.0
62,Río Negro,62077,San Antonio,2017,860,0.0
62,Río Negro,62077,San Antonio,2018,919,0.0
62,Río Negro,62077,San Antonio,2019,850,0.0
62,Río Negro,62077,San Antonio,2020,772,0.0
62,Río Negro,62077,San Antonio,2021,743,0.0
62,Río Negro,62077,San Antonio,2022,1097,0.0
62,Río Negro,62077,San Antonio,2023,1180,0.0
62,Río Negro,62077,San Antonio,2024,1334,0.0
62,Río Negro,62084,Valcheta,2000,42,0.0
62,Río Negro,62084,Valcheta,2001,50,0.0
62,Río Negro,62084,Valcheta,2002,73,0.0
62,Río Negro,62084,Valcheta,2003,34,0.0
62,Río Negro,62084,Valcheta,2004,32,0.0
62,Río Negro,62084,Valcheta,2005,55,0.0
62,Río Negro,62084,Valcheta,2006,38,0.0
62,Río Negro,62084,Valcheta,2007,44,0.0
62,Río Negro,62084,Valcheta,2008,55,0.0
62,Río Negro,62084,Valcheta,2009,39,0.0
62,Río Negro,62084,Valcheta,2010,75,0.0
62,Río Negro,62084,Valcheta,2011,99,0.0
62,Río Negro,62084,Valcheta,2012,127,0.0
62,Río Negro,62084,Valcheta,2013,103,0.0
62,Río Negro,62084,Valcheta,2014,109,0.0
62,Río Negro,62084,Valcheta,2015,96,0.0
62,Río Negro,62084,Valcheta,2016,98,0.0
62,Río Negro,62084,Valcheta,2017,72,0.0
62,Río Negro,62084,Valcheta,2018,36,0.0
62,Río Negro,62084,Valcheta,2019,33,0.0
62,Río Negro,62084,Valcheta,2020,23,0.0
62,Río Negro,62084,Valcheta,2021,37,0.0
62,Río Negro,62084,Valcheta,2022,20,0.0
62,Río Negro,62084,Valcheta,2023,24,0.0
62,Río Negro,62084,Valcheta,2024,36,0.0
62,Río Negro,62091,25 de Mayo,2000,136,0.0
62,Río Negro,62091,25 de Mayo,2001,121,0.0
62,Río Negro,62091,25 de Mayo,2002,158,0.0
62,Río Negro,62091,25 de Mayo,2003,151,0.0
62,Río Negro,62091,25 de Mayo,2004,131,0.0
62,Río Negro,62091,25 de Mayo,2005,112,0.0
62,Río Negro,62091,25 de Mayo,2006,187,0.0
62,Río Negro,62091,25 de Mayo,2007,187,0.0
62,Río Negro,62091,25 de Mayo,2008,190,0.0
62,Río Negro,62091,25 de Mayo,2009,184,0.0
62,Río Negro,62091,25 de Mayo,2010,193,0.0
62,Río Negro,62091,25 de Mayo,2011,136,0.0
62,Río Negro,62091,25 de Mayo,2012,230,0.0
62,Río Negro,62091,25 de Mayo,2013,202,0.0
62,Río Negro,62091,25 de Mayo,2014,183,0.0
62,Río Negro,62091,25 de Mayo,2015,116,0.0
62,Río Negro,62091,25 de Mayo,2016,138,0.0
62,Río Negro,62091,25 de Mayo,2017,116,0.0
62,Río Negro,62091,25 de Mayo,2018,107,0.0
62,Río Negro,62091,25 de Mayo,2019,93,0.0
62,Río Negro,62091,25 de Mayo,2020,63,0.0
62,Río Negro,62091,25 de Mayo,2021,107,0.0
62,Río Negro,62091,25 de Mayo,2022,69,0.0
62,Río Negro,62091,25 de Mayo,2023,78,0.0
62,Río Negro,62091,25 de Mayo,2024,71,0.0
62,Río Negro,62999,Departamento sin determinar,2000,23,0.0
62,Río Negro,62999,Departamento sin determinar,2001,18,0.0
62,Río Negro,62999,Departamento sin determinar,2002,32,0.0
62,Río Negro,62999,Departamento sin determinar,2003,22,0.0
62,Río Negro,62999,Departamento sin determinar,2004,22,0.0
62,Río Negro,62999,Departamento sin determinar,2005,29,0.0
62,Río Negro,62999,Departamento sin determinar,2006,26,0.0
62,Río Negro,62999,Departamento sin determinar,2007,15,0.0
62,Río Negro,62999,Departamento sin determinar,2008,19,0.0
62,Río Negro,62999,Departamento sin determinar,2009,4158,0.0
62,Río Negro,62999,Departamento sin determinar,2010,7,0.0
62,Río Negro,62999,Departamento sin determinar,2011,6,0.0
62,Río Negro,62999,Departamento sin determinar,2012,10,0.0
62,Río Negro,62999,Departamento sin determinar,2013,25,0.0
62,Río Negro,62999,Departamento sin determinar,2014,323,0.0
62,Río Negro,62999,Departamento sin determinar,2015,43,0.0
62,Río Negro,62999,Departamento sin determinar,2016,64,0.0
62,Río Negro,62999,Departamento sin determinar,2017,61,0.0
62,Río Negro,62999,Departamento sin determinar,2018,72,0.0
62,Río Negro,62999,Departamento sin determinar,2019,111,0.0
62,Río Negro,62999,Departamento sin determinar,2020,46,0.0
62,Río Negro,62999,Departamento sin determinar,2021,45,0.0
62,Río Negro,62999,Departamento sin determinar,2022,63,0.0
62,Río Negro,62999,Departamento sin determinar,2023,123,0.0
62,Río Negro,62999,Departamento sin determinar,2024,88,0.0
66,Salta,66007,Anta,2000,0,0.0
66,Salta,66007,Anta,2001,0,0.0
66,Salta,66007,Anta,2002,0,0.0
66,Salta,66007,Anta,2003,0,0.0
66,Salta,66007,Anta,2004,0,0.0
66,Salta,66007,Anta,2005,0,0.0
66,Salta,66007,Anta,2006,0,0.0
66,Salta,66007,Anta,2007,0,0.0
66,Salta,66007,Anta,2008,0,0.0
66,Salta,66007,Anta,2009,0,0.0
66,Salta,66007,Anta,2010,0,0.0
66,Salta,66007,Anta,2011,0,0.0
66,Salta,66007,Anta,2012,0,0.0
66,Salta,66007,Anta,2013,1035,0.0
66,Salta,66007,Anta,2014,1134,0.0
66,Salta,66007,Anta,2015,1479,0.0
66,Salta,66007,Anta,2016,1345,0.0
66,Salta,66007,Anta,2017,1301,0.0
66,Salta,66007,Anta,2018,1388,0.0
66,Salta,66007,Anta,2019,1715,0.0
66,Salta,66007,Anta,2020,1669,0.0
66,Salta,66007,Anta,2021,2364,0.0
66,Salta,66007,Anta,2022,2927,0.0
66,Salta,66007,Anta,2023,3281,0.0
66,Salta,66007,Anta,2024,3069,0.0
66,Salta,66014,Cachi,2000,0,0.0
66,Salta,66014,Cachi,2001,0,0.0
66,Salta,66014,Cachi,2002,0,0.0
66,Salta,66014,Cachi,2003,0,0.0
66,Salta,66014,Cachi,2004,0,0.0
66,Salta,66014,Cachi,2005,0,0.0
66,Salta,66014,Cachi,2006,0,0.0
66,Salta,66014,Cachi,2007,0,0.0
66,Salta,66014,Cachi,2008,0,0.0
66,Salta,66014,Cachi,2009,0,0.0
66,Salta,66014,Cachi,2010,0,0.0
66,Salta,66014,Cachi,2011,0,0.0
66,Salta,66014,Cachi,2012,0,0.0
66,Salta,66014,Cachi,2013,31,0.0
66,Salta,66014,Cachi,2014,116,0.0
66,Salta,66014,Cachi,2015,126,0.0
66,Salta,66014,Cachi,2016,73,0.0
66,Salta,66014,Cachi,2017,103,0.0
66,Salta,66014,Cachi,2018,118,0.0
66,Salta,66014,Cachi,2019,89,0.0
66,Salta,66014,Cachi,2020,140,0.0
66,Salta,66014,Cachi,2021,117,0.0
66,Salta,66014,Cachi,2022,140,0.0
66,Salta,66014,Cachi,2023,165,0.0
66,Salta,66014,Cachi,2024,203,0.0
66,Salta,66021,Cafayate,2000,0,0.0
66,Salta,66021,Cafayate,2001,0,0.0
66,Salta,66021,Cafayate,2002,0,0.0
66,Salta,66021,Cafayate,2003,0,0.0
66,Salta,66021,Cafayate,2004,0,0.0
66,Salta,66021,Cafayate,2005,0,0.0
66,Salta,66021,Cafayate,2006,0,0.0
66,Salta,66021,Cafayate,2007,0,0.0
66,Salta,66021,Cafayate,2008,0,0.0
66,Salta,66021,Cafayate,2009,0,0.0
66,Salta,66021,Cafayate,2010,0,0.0
66,Salta,66021,Cafayate,2011,0,0.0
66,Salta,66021,Cafayate,2012,0,0.0
66,Salta,66021,Cafayate,2013,203,0.0
66,Salta,66021,Cafayate,2014,399,0.0
66,Salta,66021,Cafayate,2015,435,0.0
66,Salta,66021,Cafayate,2016,394,0.0
66,Salta,66021,Cafayate,2017,352,0.0
66,Salta,66021,Cafayate,2018,375,0.0
66,Salta,66021,Cafayate,2019,600,0.0
66,Salta,66021,Cafayate,2020,522,0.0
66,Salta,66021,Cafayate,2021,459,0.0
66,Salta,66021,Cafayate,2022,629,0.0
66,Salta,66021,Cafayate,2023,704,0.0
66,Salta,66021,Cafayate,2024,761,0.0
66,Salta,66028,Capital,2000,0,0.0
66,Salta,66028,Capital,2001,0,0.0
66,Salta,66028,Capital,2002,0,0.0
66,Salta,66028,Capital,2003,0,0.0
66,Salta,66028,Capital,2004,0,0.0
66,Salta,66028,Capital,2005,0,0.0
66,Salta,66028,Capital,2006,0,0.0
66,Salta,66028,Capital,2007,0,0.0
66,Salta,66028,Capital,2008,0,0.0
66,Salta,66028,Capital,2009,0,0.0
66,Salta,66028,Capital,2010,0,0.0
66,Salta,66028,Capital,2011,0,0.0
66,Salta,66028,Capital,2012,0,0.0
66,Salta,66028,Capital,2013,21461,0.0
66,Salta,66028,Capital,2014,27130,0.0
66,Salta,66028,Capital,2015,26734,0.0
66,Salta,66028,Capital,2016,26007,0.0
66,Salta,66028,Capital,2017,26606,0.0
66,Salta,66028,Capital,2018,26738,0.0
66,Salta,66028,Capital,2019,27606,0.0
66,Salta,66028,Capital,2020,23669,0.0
66,Salta,66028,Capital,2021,27567,0.0
66,Salta,66028,Capital,2022,30262,0.0
66,Salta,66028,Capital,2023,32466,0.0
66,Salta,66028,Capital,2024,31615,0.0
66,Salta,66035,Cerrillos ,2000,0,0.0
66,Salta,66035,Cerrillos ,2001,0,0.0
66,Salta,66035,Cerrillos ,2002,0,0.0
66,Salta,66035,Cerrillos ,2003,0,0.0
66,Salta,66035,Cerrillos ,2004,0,0.0
66,Salta,66035,Cerrillos ,2005,0,0.0
66,Salta,66035,Cerrillos ,2006,0,0.0
66,Salta,66035,Cerrillos ,2007,0,0.0
66,Salta,66035,Cerrillos ,2008,0,0.0
66,Salta,66035,Cerrillos ,2009,0,0.0
66,Salta,66035,Cerrillos ,2010,0,0.0
66,Salta,66035,Cerrillos ,2011,0,0.0
66,Salta,66035,Cerrillos ,2012,0,0.0
66,Salta,66035,Cerrillos ,2013,719,0.0
66,Salta,66035,Cerrillos ,2014,1058,0.0
66,Salta,66035,Cerrillos ,2015,1051,0.0
66,Salta,66035,Cerrillos ,2016,1019,0.0
66,Salta,66035,Cerrillos ,2017,949,0.0
66,Salta,66035,Cerrillos ,2018,981,0.0
66,Salta,66035,Cerrillos ,2019,1273,0.0
66,Salta,66035,Cerrillos ,2020,1088,0.0
66,Salta,66035,Cerrillos ,2021,1280,0.0
66,Salta,66035,Cerrillos ,2022,1407,0.0
66,Salta,66035,Cerrillos ,2023,1919,0.0
66,Salta,66035,Cerrillos ,2024,1804,0.0
66,Salta,66042,Chicoana,2000,0,0.0
66,Salta,66042,Chicoana,2001,0,0.0
66,Salta,66042,Chicoana,2002,0,0.0
66,Salta,66042,Chicoana,2003,0,0.0
66,Salta,66042,Chicoana,2004,0,0.0
66,Salta,66042,Chicoana,2005,0,0.0
66,Salta,66042,Chicoana,2006,0,0.0
66,Salta,66042,Chicoana,2007,0,0.0
66,Salta,66042,Chicoana,2008,0,0.0
66,Salta,66042,Chicoana,2009,0,0.0
66,Salta,66042,Chicoana,2010,0,0.0
66,Salta,66042,Chicoana,2011,0,0.0
66,Salta,66042,Chicoana,2012,0,0.0
66,Salta,66042,Chicoana,2013,254,0.0
66,Salta,66042,Chicoana,2014,311,0.0
66,Salta,66042,Chicoana,2015,362,0.0
66,Salta,66042,Chicoana,2016,426,0.0
66,Salta,66042,Chicoana,2017,370,0.0
66,Salta,66042,Chicoana,2018,362,0.0
66,Salta,66042,Chicoana,2019,410,0.0
66,Salta,66042,Chicoana,2020,363,0.0
66,Salta,66042,Chicoana,2021,420,0.0
66,Salta,66042,Chicoana,2022,455,0.0
66,Salta,66042,Chicoana,2023,482,0.0
66,Salta,66042,Chicoana,2024,603,0.0
66,Salta,66049,General Güemes,2000,0,0.0
66,Salta,66049,General Güemes,2001,0,0.0
66,Salta,66049,General Güemes,2002,0,0.0
66,Salta,66049,General Güemes,2003,0,0.0
66,Salta,66049,General Güemes,2004,0,0.0
66,Salta,66049,General Güemes,2005,0,0.0
66,Salta,66049,General Güemes,2006,0,0.0
66,Salta,66049,General Güemes,2007,0,0.0
66,Salta,66049,General Güemes,2008,0,0.0
66,Salta,66049,General Güemes,2009,0,0.0
66,Salta,66049,General Güemes,2010,0,0.0
66,Salta,66049,General Güemes,2011,0,0.0
66,Salta,66049,General Güemes,2012,0,0.0
66,Salta,66049,General Güemes,2013,1251,0.0
66,Salta,66049,General Güemes,2014,1318,0.0
66,Salta,66049,General Güemes,2015,1454,0.0
66,Salta,66049,General Güemes,2016,1738,0.0
66,Salta,66049,General Güemes,2017,1654,0.0
66,Salta,66049,General Güemes,2018,1565,0.0
66,Salta,66049,General Güemes,2019,2031,0.0
66,Salta,66049,General Güemes,2020,1976,0.0
66,Salta,66049,General Güemes,2021,1992,0.0
66,Salta,66049,General Güemes,2022,1894,0.0
66,Salta,66049,General Güemes,2023,1888,0.0
66,Salta,66049,General Güemes,2024,2035,0.0
66,Salta,66056,Grl. José de San Martín,2000,0,0.0
66,Salta,66056,Grl. José de San Martín,2001,0,0.0
66,Salta,66056,Grl. José de San Martín,2002,0,0.0
66,Salta,66056,Grl. José de San Martín,2003,0,0.0
66,Salta,66056,Grl. José de San Martín,2004,0,0.0
66,Salta,66056,Grl. José de San Martín,2005,0,0.0
66,Salta,66056,Grl. José de San Martín,2006,0,0.0
66,Salta,66056,Grl. José de San Martín,2007,0,0.0
66,Salta,66056,Grl. José de San Martín,2008,0,0.0
66,Salta,66056,Grl. José de San Martín,2009,0,0.0
66,Salta,66056,Grl. José de San Martín,2010,0,0.0
66,Salta,66056,Grl. José de San Martín,2011,0,0.0
66,Salta,66056,Grl. José de San Martín,2012,0,0.0
66,Salta,66056,Grl. José de San Martín,2013,4389,0.0
66,Salta,66056,Grl. José de San Martín,2014,5414,0.0
66,Salta,66056,Grl. José de San Martín,2015,5302,0.0
66,Salta,66056,Grl. José de San Martín,2016,4019,0.0
66,Salta,66056,Grl. José de San Martín,2017,4750,0.0
66,Salta,66056,Grl. José de San Martín,2018,5199,0.0
66,Salta,66056,Grl. José de San Martín,2019,5838,0.0
66,Salta,66056,Grl. José de San Martín,2020,5412,0.0
66,Salta,66056,Grl. José de San Martín,2021,5495,0.0
66,Salta,66056,Grl. José de San Martín,2022,5549,0.0
66,Salta,66056,Grl. José de San Martín,2023,6467,0.0
66,Salta,66056,Grl. José de San Martín,2024,6478,0.0
66,Salta,66063,Guachipas,2000,0,0.0
66,Salta,66063,Guachipas,2001,0,0.0
66,Salta,66063,Guachipas,2002,0,0.0
66,Salta,66063,Guachipas,2003,0,0.0
66,Salta,66063,Guachipas,2004,0,0.0
66,Salta,66063,Guachipas,2005,0,0.0
66,Salta,66063,Guachipas,2006,0,0.0
66,Salta,66063,Guachipas,2007,0,0.0
66,Salta,66063,Guachipas,2008,0,0.0
66,Salta,66063,Guachipas,2009,0,0.0
66,Salta,66063,Guachipas,2010,0,0.0
66,Salta,66063,Guachipas,2011,0,0.0
66,Salta,66063,Guachipas,2012,0,0.0
66,Salta,66063,Guachipas,2013,45,0.0
66,Salta,66063,Guachipas,2014,30,0.0
66,Salta,66063,Guachipas,2015,65,0.0
66,Salta,66063,Guachipas,2016,48,0.0
66,Salta,66063,Guachipas,2017,43,0.0
66,Salta,66063,Guachipas,2018,24,0.0
66,Salta,66063,Guachipas,2019,39,0.0
66,Salta,66063,Guachipas,2020,23,0.0
66,Salta,66063,Guachipas,2021,29,0.0
66,Salta,66063,Guachipas,2022,29,0.0
66,Salta,66063,Guachipas,2023,45,0.0
66,Salta,66063,Guachipas,2024,40,0.0
66,Salta,66070,Iruya,2000,0,0.0
66,Salta,66070,Iruya,2001,0,0.0
66,Salta,66070,Iruya,2002,0,0.0
66,Salta,66070,Iruya,2003,0,0.0
66,Salta,66070,Iruya,2004,0,0.0
66,Salta,66070,Iruya,2005,0,0.0
66,Salta,66070,Iruya,2006,0,0.0
66,Salta,66070,Iruya,2007,0,0.0
66,Salta,66070,Iruya,2008,0,0.0
66,Salta,66070,Iruya,2009,0,0.0
66,Salta,66070,Iruya,2010,0,0.0
66,Salta,66070,Iruya,2011,0,0.0
66,Salta,66070,Iruya,2012,0,0.0
66,Salta,66070,Iruya,2013,23,0.0
66,Salta,66070,Iruya,2014,26,0.0
66,Salta,66070,Iruya,2015,41,0.0
66,Salta,66070,Iruya,2016,17,0.0
66,Salta,66070,Iruya,2017,33,0.0
66,Salta,66070,Iruya,2018,27,0.0
66,Salta,66070,Iruya,2019,29,0.0
66,Salta,66070,Iruya,2020,22,0.0
66,Salta,66070,Iruya,2021,34,0.0
66,Salta,66070,Iruya,2022,34,0.0
66,Salta,66070,Iruya,2023,35,0.0
66,Salta,66070,Iruya,2024,45,0.0
66,Salta,66077,La Caldera,2000,0,0.0
66,Salta,66077,La Caldera,2001,0,0.0
66,Salta,66077,La Caldera,2002,0,0.0
66,Salta,66077,La Caldera,2003,0,0.0
66,Salta,66077,La Caldera,2004,0,0.0
66,Salta,66077,La Caldera,2005,0,0.0
66,Salta,66077,La Caldera,2006,0,0.0
66,Salta,66077,La Caldera,2007,0,0.0
66,Salta,66077,La Caldera,2008,0,0.0
66,Salta,66077,La Caldera,2009,0,0.0
66,Salta,66077,La Caldera,2010,0,0.0
66,Salta,66077,La Caldera,2011,0,0.0
66,Salta,66077,La Caldera,2012,0,0.0
66,Salta,66077,La Caldera,2013,265,0.0
66,Salta,66077,La Caldera,2014,303,0.0
66,Salta,66077,La Caldera,2015,278,0.0
66,Salta,66077,La Caldera,2016,332,0.0
66,Salta,66077,La Caldera,2017,317,0.0
66,Salta,66077,La Caldera,2018,294,0.0
66,Salta,66077,La Caldera,2019,363,0.0
66,Salta,66077,La Caldera,2020,356,0.0
66,Salta,66077,La Caldera,2021,472,0.0
66,Salta,66077,La Caldera,2022,499,0.0
66,Salta,66077,La Caldera,2023,496,0.0
66,Salta,66077,La Caldera,2024,602,0.0
66,Salta,66084,La Candelaria,2000,0,0.0
66,Salta,66084,La Candelaria,2001,0,0.0
66,Salta,66084,La Candelaria,2002,0,0.0
66,Salta,66084,La Candelaria,2003,0,0.0
66,Salta,66084,La Candelaria,2004,0,0.0
66,Salta,66084,La Candelaria,2005,0,0.0
66,Salta,66084,La Candelaria,2006,0,0.0
66,Salta,66084,La Candelaria,2007,0,0.0
66,Salta,66084,La Candelaria,2008,0,0.0
66,Salta,66084,La Candelaria,2009,0,0.0
66,Salta,66084,La Candelaria,2010,0,0.0
66,Salta,66084,La Candelaria,2011,0,0.0
66,Salta,66084,La Candelaria,2012,0,0.0
66,Salta,66084,La Candelaria,2013,23,0.0
66,Salta,66084,La Candelaria,2014,68,0.0
66,Salta,66084,La Candelaria,2015,48,0.0
66,Salta,66084,La Candelaria,2016,64,0.0
66,Salta,66084,La Candelaria,2017,67,0.0
66,Salta,66084,La Candelaria,2018,65,0.0
66,Salta,66084,La Candelaria,2019,53,0.0
66,Salta,66084,La Candelaria,2020,109,0.0
66,Salta,66084,La Candelaria,2021,79,0.0
66,Salta,66084,La Candelaria,2022,71,0.0
66,Salta,66084,La Candelaria,2023,82,0.0
66,Salta,66084,La Candelaria,2024,103,0.0
66,Salta,66091,La Poma,2000,0,0.0
66,Salta,66091,La Poma,2001,0,0.0
66,Salta,66091,La Poma,2002,0,0.0
66,Salta,66091,La Poma,2003,0,0.0
66,Salta,66091,La Poma,2004,0,0.0
66,Salta,66091,La Poma,2005,0,0.0
66,Salta,66091,La Poma,2006,0,0.0
66,Salta,66091,La Poma,2007,0,0.0
66,Salta,66091,La Poma,2008,0,0.0
66,Salta,66091,La Poma,2009,0,0.0
66,Salta,66091,La Poma,2010,0,0.0
66,Salta,66091,La Poma,2011,0,0.0
66,Salta,66091,La Poma,2012,0,0.0
66,Salta,66091,La Poma,2013,7,0.0
66,Salta,66091,La Poma,2014,5,0.0
66,Salta,66091,La Poma,2015,12,0.0
66,Salta,66091,La Poma,2016,6,0.0
66,Salta,66091,La Poma,2017,20,0.0
66,Salta,66091,La Poma,2018,15,0.0
66,Salta,66091,La Poma,2019,7,0.0
66,Salta,66091,La Poma,2020,10,0.0
66,Salta,66091,La Poma,2021,13,0.0
66,Salta,66091,La Poma,2022,15,0.0
66,Salta,66091,La Poma,2023,9,0.0
66,Salta,66091,La Poma,2024,7,0.0
66,Salta,66098,La Viña,2000,0,0.0
66,Salta,66098,La Viña,2001,0,0.0
66,Salta,66098,La Viña,2002,0,0.0
66,Salta,66098,La Viña,2003,0,0.0
66,Salta,66098,La Viña,2004,0,0.0
66,Salta,66098,La Viña,2005,0,0.0
66,Salta,66098,La Viña,2006,0,0.0
66,Salta,66098,La Viña,2007,0,0.0
66,Salta,66098,La Viña,2008,0,0.0
66,Salta,66098,La Viña,2009,0,0.0
66,Salta,66098,La Viña,2010,0,0.0
66,Salta,66098,La Viña,2011,0,0.0
66,Salta,66098,La Viña,2012,0,0.0
66,Salta,66098,La Viña,2013,128,0.0
66,Salta,66098,La Viña,2014,230,0.0
66,Salta,66098,La Viña,2015,193,0.0
66,Salta,66098,La Viña,2016,274,0.0
66,Salta,66098,La Viña,2017,214,0.0
66,Salta,66098,La Viña,2018,196,0.0
66,Salta,66098,La Viña,2019,226,0.0
66,Salta,66098,La Viña,2020,210,0.0
66,Salta,66098,La Viña,2021,237,0.0
66,Salta,66098,La Viña,2022,218,0.0
66,Salta,66098,La Viña,2023,251,0.0
66,Salta,66098,La Viña,2024,206,0.0
66,Salta,66105,Los Andes,2000,0,0.0
66,Salta,66105,Los Andes,2001,0,0.0
66,Salta,66105,Los Andes,2002,0,0.0
66,Salta,66105,Los Andes,2003,0,0.0
66,Salta,66105,Los Andes,2004,0,0.0
66,Salta,66105,Los Andes,2005,0,0.0
66,Salta,66105,Los Andes,2006,0,0.0
66,Salta,66105,Los Andes,2007,0,0.0
66,Salta,66105,Los Andes,2008,0,0.0
66,Salta,66105,Los Andes,2009,0,0.0
66,Salta,66105,Los Andes,2010,0,0.0
66,Salta,66105,Los Andes,2011,0,0.0
66,Salta,66105,Los Andes,2012,0,0.0
66,Salta,66105,Los Andes,2013,19,0.0
66,Salta,66105,Los Andes,2014,48,0.0
66,Salta,66105,Los Andes,2015,49,0.0
66,Salta,66105,Los Andes,2016,40,0.0
66,Salta,66105,Los Andes,2017,34,0.0
66,Salta,66105,Los Andes,2018,29,0.0
66,Salta,66105,Los Andes,2019,60,0.0
66,Salta,66105,Los Andes,2020,53,0.0
66,Salta,66105,Los Andes,2021,52,0.0
66,Salta,66105,Los Andes,2022,60,0.0
66,Salta,66105,Los Andes,2023,82,0.0
66,Salta,66105,Los Andes,2024,74,0.0
66,Salta,66112,Metán,2000,0,0.0
66,Salta,66112,Metán,2001,0,0.0
66,Salta,66112,Metán,2002,0,0.0
66,Salta,66112,Metán,2003,0,0.0
66,Salta,66112,Metán,2004,0,0.0
66,Salta,66112,Metán,2005,0,0.0
66,Salta,66112,Metán,2006,0,0.0
66,Salta,66112,Metán,2007,0,0.0
66,Salta,66112,Metán,2008,0,0.0
66,Salta,66112,Metán,2009,0,0.0
66,Salta,66112,Metán,2010,0,0.0
66,Salta,66112,Metán,2011,0,0.0
66,Salta,66112,Metán,2012,0,0.0
66,Salta,66112,Metán,2013,570,0.0
66,Salta,66112,Metán,2014,1014,0.0
66,Salta,66112,Metán,2015,1002,0.0
66,Salta,66112,Metán,2016,1013,0.0
66,Salta,66112,Metán,2017,1029,0.0
66,Salta,66112,Metán,2018,1169,0.0
66,Salta,66112,Metán,2019,1328,0.0
66,Salta,66112,Metán,2020,1132,0.0
66,Salta,66112,Metán,2021,1397,0.0
66,Salta,66112,Metán,2022,1606,0.0
66,Salta,66112,Metán,2023,1834,0.0
66,Salta,66112,Metán,2024,1736,0.0
66,Salta,66119,Molinos,2000,0,0.0
66,Salta,66119,Molinos,2001,0,0.0
66,Salta,66119,Molinos,2002,0,0.0
66,Salta,66119,Molinos,2003,0,0.0
66,Salta,66119,Molinos,2004,0,0.0
66,Salta,66119,Molinos,2005,0,0.0
66,Salta,66119,Molinos,2006,0,0.0
66,Salta,66119,Molinos,2007,0,0.0
66,Salta,66119,Molinos,2008,0,0.0
66,Salta,66119,Molinos,2009,0,0.0
66,Salta,66119,Molinos,2010,0,0.0
66,Salta,66119,Molinos,2011,0,0.0
66,Salta,66119,Molinos,2012,0,0.0
66,Salta,66119,Molinos,2013,17,0.0
66,Salta,66119,Molinos,2014,19,0.0
66,Salta,66119,Molinos,2015,23,0.0
66,Salta,66119,Molinos,2016,32,0.0
66,Salta,66119,Molinos,2017,20,0.0
66,Salta,66119,Molinos,2018,31,0.0
66,Salta,66119,Molinos,2019,30,0.0
66,Salta,66119,Molinos,2020,26,0.0
66,Salta,66119,Molinos,2021,27,0.0
66,Salta,66119,Molinos,2022,32,0.0
66,Salta,66119,Molinos,2023,37,0.0
66,Salta,66119,Molinos,2024,31,0.0
66,Salta,66126,Orán,2000,0,0.0
66,Salta,66126,Orán,2001,0,0.0
66,Salta,66126,Orán,2002,0,0.0
66,Salta,66126,Orán,2003,0,0.0
66,Salta,66126,Orán,2004,0,0.0
66,Salta,66126,Orán,2005,0,0.0
66,Salta,66126,Orán,2006,0,0.0
66,Salta,66126,Orán,2007,0,0.0
66,Salta,66126,Orán,2008,0,0.0
66,Salta,66126,Orán,2009,0,0.0
66,Salta,66126,Orán,2010,0,0.0
66,Salta,66126,Orán,2011,0,0.0
66,Salta,66126,Orán,2012,0,0.0
66,Salta,66126,Orán,2013,2516,0.0
66,Salta,66126,Orán,2014,3852,0.0
66,Salta,66126,Orán,2015,4400,0.0
66,Salta,66126,Orán,2016,4204,0.0
66,Salta,66126,Orán,2017,3948,0.0
66,Salta,66126,Orán,2018,4127,0.0
66,Salta,66126,Orán,2019,4997,0.0
66,Salta,66126,Orán,2020,4335,0.0
66,Salta,66126,Orán,2021,4645,0.0
66,Salta,66126,Orán,2022,5465,0.0
66,Salta,66126,Orán,2023,6200,0.0
66,Salta,66126,Orán,2024,6148,0.0
66,Salta,66133,Rivadavia,2000,0,0.0
66,Salta,66133,Rivadavia,2001,0,0.0
66,Salta,66133,Rivadavia,2002,0,0.0
66,Salta,66133,Rivadavia,2003,0,0.0
66,Salta,66133,Rivadavia,2004,0,0.0
66,Salta,66133,Rivadavia,2005,0,0.0
66,Salta,66133,Rivadavia,2006,0,0.0
66,Salta,66133,Rivadavia,2007,0,0.0
66,Salta,66133,Rivadavia,2008,0,0.0
66,Salta,66133,Rivadavia,2009,0,0.0
66,Salta,66133,Rivadavia,2010,0,0.0
66,Salta,66133,Rivadavia,2011,0,0.0
66,Salta,66133,Rivadavia,2012,0,0.0
66,Salta,66133,Rivadavia,2013,77,0.0
66,Salta,66133,Rivadavia,2014,151,0.0
66,Salta,66133,Rivadavia,2015,180,0.0
66,Salta,66133,Rivadavia,2016,168,0.0
66,Salta,66133,Rivadavia,2017,165,0.0
66,Salta,66133,Rivadavia,2018,164,0.0
66,Salta,66133,Rivadavia,2019,266,0.0
66,Salta,66133,Rivadavia,2020,262,0.0
66,Salta,66133,Rivadavia,2021,327,0.0
66,Salta,66133,Rivadavia,2022,375,0.0
66,Salta,66133,Rivadavia,2023,393,0.0
66,Salta,66133,Rivadavia,2024,415,0.0
66,Salta,66140,Rosario de la Frontera,2000,0,0.0
66,Salta,66140,Rosario de la Frontera,2001,0,0.0
66,Salta,66140,Rosario de la Frontera,2002,0,0.0
66,Salta,66140,Rosario de la Frontera,2003,0,0.0
66,Salta,66140,Rosario de la Frontera,2004,0,0.0
66,Salta,66140,Rosario de la Frontera,2005,0,0.0
66,Salta,66140,Rosario de la Frontera,2006,0,0.0
66,Salta,66140,Rosario de la Frontera,2007,0,0.0
66,Salta,66140,Rosario de la Frontera,2008,0,0.0
66,Salta,66140,Rosario de la Frontera,2009,0,0.0
66,Salta,66140,Rosario de la Frontera,2010,0,0.0
66,Salta,66140,Rosario de la Frontera,2011,0,0.0
66,Salta,66140,Rosario de la Frontera,2012,0,0.0
66,Salta,66140,Rosario de la Frontera,2013,474,0.0
66,Salta,66140,Rosario de la Frontera,2014,771,0.0
66,Salta,66140,Rosario de la Frontera,2015,838,0.0
66,Salta,66140,Rosario de la Frontera,2016,771,0.0
66,Salta,66140,Rosario de la Frontera,2017,821,0.0
66,Salta,66140,Rosario de la Frontera,2018,923,0.0
66,Salta,66140,Rosario de la Frontera,2019,1055,0.0
66,Salta,66140,Rosario de la Frontera,2020,876,0.0
66,Salta,66140,Rosario de la Frontera,2021,925,0.0
66,Salta,66140,Rosario de la Frontera,2022,936,0.0
66,Salta,66140,Rosario de la Frontera,2023,969,0.0
66,Salta,66140,Rosario de la Frontera,2024,1041,0.0
66,Salta,66147,Rosario de Lerma,2000,0,0.0
66,Salta,66147,Rosario de Lerma,2001,0,0.0
66,Salta,66147,Rosario de Lerma,2002,0,0.0
66,Salta,66147,Rosario de Lerma,2003,0,0.0
66,Salta,66147,Rosario de Lerma,2004,0,0.0
66,Salta,66147,Rosario de Lerma,2005,0,0.0
66,Salta,66147,Rosario de Lerma,2006,0,0.0
66,Salta,66147,Rosario de Lerma,2007,0,0.0
66,Salta,66147,Rosario de Lerma,2008,0,0.0
66,Salta,66147,Rosario de Lerma,2009,0,0.0
66,Salta,66147,Rosario de Lerma,2010,0,0.0
66,Salta,66147,Rosario de Lerma,2011,0,0.0
66,Salta,66147,Rosario de Lerma,2012,0,0.0
66,Salta,66147,Rosario de Lerma,2013,593,0.0
66,Salta,66147,Rosario de Lerma,2014,950,0.0
66,Salta,66147,Rosario de Lerma,2015,1152,0.0
66,Salta,66147,Rosario de Lerma,2016,1007,0.0
66,Salta,66147,Rosario de Lerma,2017,738,0.0
66,Salta,66147,Rosario de Lerma,2018,882,0.0
66,Salta,66147,Rosario de Lerma,2019,976,0.0
66,Salta,66147,Rosario de Lerma,2020,786,0.0
66,Salta,66147,Rosario de Lerma,2021,968,0.0
66,Salta,66147,Rosario de Lerma,2022,1096,0.0
66,Salta,66147,Rosario de Lerma,2023,1287,0.0
66,Salta,66147,Rosario de Lerma,2024,1522,0.0
66,Salta,66154,San Carlos,2000,0,0.0
66,Salta,66154,San Carlos,2001,0,0.0
66,Salta,66154,San Carlos,2002,0,0.0
66,Salta,66154,San Carlos,2003,0,0.0
66,Salta,66154,San Carlos,2004,0,0.0
66,Salta,66154,San Carlos,2005,0,0.0
66,Salta,66154,San Carlos,2006,0,0.0
66,Salta,66154,San Carlos,2007,0,0.0
66,Salta,66154,San Carlos,2008,0,0.0
66,Salta,66154,San Carlos,2009,0,0.0
66,Salta,66154,San Carlos,2010,0,0.0
66,Salta,66154,San Carlos,2011,0,0.0
66,Salta,66154,San Carlos,2012,0,0.0
66,Salta,66154,San Carlos,2013,37,0.0
66,Salta,66154,San Carlos,2014,52,0.0
66,Salta,66154,San Carlos,2015,75,0.0
66,Salta,66154,San Carlos,2016,60,0.0
66,Salta,66154,San Carlos,2017,58,0.0
66,Salta,66154,San Carlos,2018,60,0.0
66,Salta,66154,San Carlos,2019,88,0.0
66,Salta,66154,San Carlos,2020,76,0.0
66,Salta,66154,San Carlos,2021,79,0.0
66,Salta,66154,San Carlos,2022,96,0.0
66,Salta,66154,San Carlos,2023,115,0.0
66,Salta,66154,San Carlos,2024,113,0.0
66,Salta,66161,Santa Victoria,2000,0,0.0
66,Salta,66161,Santa Victoria,2001,0,0.0
66,Salta,66161,Santa Victoria,2002,0,0.0
66,Salta,66161,Santa Victoria,2003,0,0.0
66,Salta,66161,Santa Victoria,2004,0,0.0
66,Salta,66161,Santa Victoria,2005,0,0.0
66,Salta,66161,Santa Victoria,2006,0,0.0
66,Salta,66161,Santa Victoria,2007,0,0.0
66,Salta,66161,Santa Victoria,2008,0,0.0
66,Salta,66161,Santa Victoria,2009,0,0.0
66,Salta,66161,Santa Victoria,2010,0,0.0
66,Salta,66161,Santa Victoria,2011,0,0.0
66,Salta,66161,Santa Victoria,2012,0,0.0
66,Salta,66161,Santa Victoria,2013,33,0.0
66,Salta,66161,Santa Victoria,2014,49,0.0
66,Salta,66161,Santa Victoria,2015,80,0.0
66,Salta,66161,Santa Victoria,2016,48,0.0
66,Salta,66161,Santa Victoria,2017,62,0.0
66,Salta,66161,Santa Victoria,2018,45,0.0
66,Salta,66161,Santa Victoria,2019,44,0.0
66,Salta,66161,Santa Victoria,2020,81,0.0
66,Salta,66161,Santa Victoria,2021,100,0.0
66,Salta,66161,Santa Victoria,2022,66,0.0
66,Salta,66161,Santa Victoria,2023,91,0.0
66,Salta,66161,Santa Victoria,2024,77,0.0
66,Salta,66999,Departamento sin determinar,2000,15848,0.0
66,Salta,66999,Departamento sin determinar,2001,16720,0.0
66,Salta,66999,Departamento sin determinar,2002,19671,0.0
66,Salta,66999,Departamento sin determinar,2003,21189,0.0
66,Salta,66999,Departamento sin determinar,2004,27859,0.0
66,Salta,66999,Departamento sin determinar,2005,35339,0.0
66,Salta,66999,Departamento sin determinar,2006,32834,0.0
66,Salta,66999,Departamento sin determinar,2007,19355,0.0
66,Salta,66999,Departamento sin determinar,2008,32870,0.0
66,Salta,66999,Departamento sin determinar,2009,32002,0.0
66,Salta,66999,Departamento sin determinar,2010,31747,0.0
66,Salta,66999,Departamento sin determinar,2011,33382,0.0
66,Salta,66999,Departamento sin determinar,2012,30516,0.0
66,Salta,66999,Departamento sin determinar,2013,40,0.0
66,Salta,66999,Departamento sin determinar,2014,53,0.0
66,Salta,66999,Departamento sin determinar,2015,37,0.0
66,Salta,66999,Departamento sin determinar,2016,44,0.0
66,Salta,66999,Departamento sin determinar,2017,39,0.0
66,Salta,66999,Departamento sin determinar,2018,50,0.0
66,Salta,66999,Departamento sin determinar,2019,53,0.0
66,Salta,66999,Departamento sin determinar,2020,31,0.0
66,Salta,66999,Departamento sin determinar,2021,29,0.0
66,Salta,66999,Departamento sin determinar,2022,70,0.0
66,Salta,66999,Departamento sin determinar,2023,82,0.0
66,Salta,66999,Departamento sin determinar,2024,72,0.0
70,San Juan,70007,Albardón,2000,295,0.0
70,San Juan,70007,Albardón,2001,272,0.0
70,San Juan,70007,Albardón,2002,467,0.0
70,San Juan,70007,Albardón,2003,499,0.0
70,San Juan,70007,Albardón,2004,442,0.0
70,San Juan,70007,Albardón,2005,334,0.0
70,San Juan,70007,Albardón,2006,306,0.0
70,San Juan,70007,Albardón,2007,294,0.0
70,San Juan,70007,Albardón,2008,313,0.0
70,San Juan,70007,Albardón,2009,339,0.0
70,San Juan,70007,Albardón,2010,405,0.0
70,San Juan,70007,Albardón,2011,334,0.0
70,San Juan,70007,Albardón,2012,328,0.0
70,San Juan,70007,Albardón,2013,369,0.0
70,San Juan,70007,Albardón,2014,500,0.0
70,San Juan,70007,Albardón,2015,514,0.0
70,San Juan,70007,Albardón,2016,544,0.0
70,San Juan,70007,Albardón,2017,584,0.0
70,San Juan,70007,Albardón,2018,531,0.0
70,San Juan,70007,Albardón,2019,589,0.0
70,San Juan,70007,Albardón,2020,468,0.0
70,San Juan,70007,Albardón,2021,542,0.0
70,San Juan,70007,Albardón,2022,573,0.0
70,San Juan,70007,Albardón,2023,636,0.0
70,San Juan,70007,Albardón,2024,790,0.0
70,San Juan,70014,Angaco,2000,144,0.0
70,San Juan,70014,Angaco,2001,175,0.0
70,San Juan,70014,Angaco,2002,159,0.0
70,San Juan,70014,Angaco,2003,243,0.0
70,San Juan,70014,Angaco,2004,201,0.0
70,San Juan,70014,Angaco,2005,197,0.0
70,San Juan,70014,Angaco,2006,165,0.0
70,San Juan,70014,Angaco,2007,176,0.0
70,San Juan,70014,Angaco,2008,179,0.0
70,San Juan,70014,Angaco,2009,193,0.0
70,San Juan,70014,Angaco,2010,238,0.0
70,San Juan,70014,Angaco,2011,218,0.0
70,San Juan,70014,Angaco,2012,111,0.0
70,San Juan,70014,Angaco,2013,129,0.0
70,San Juan,70014,Angaco,2014,175,0.0
70,San Juan,70014,Angaco,2015,171,0.0
70,San Juan,70014,Angaco,2016,180,0.0
70,San Juan,70014,Angaco,2017,128,0.0
70,San Juan,70014,Angaco,2018,136,0.0
70,San Juan,70014,Angaco,2019,148,0.0
70,San Juan,70014,Angaco,2020,151,0.0
70,San Juan,70014,Angaco,2021,149,0.0
70,San Juan,70014,Angaco,2022,139,0.0
70,San Juan,70014,Angaco,2023,188,0.0
70,San Juan,70014,Angaco,2024,213,0.0
70,San Juan,70021,Calingasta,2000,69,0.0
70,San Juan,70021,Calingasta,2001,110,0.0
70,San Juan,70021,Calingasta,2002,137,0.0
70,San Juan,70021,Calingasta,2003,153,0.0
70,San Juan,70021,Calingasta,2004,140,0.0
70,San Juan,70021,Calingasta,2005,130,0.0
70,San Juan,70021,Calingasta,2006,108,0.0
70,San Juan,70021,Calingasta,2007,145,0.0
70,San Juan,70021,Calingasta,2008,124,0.0
70,San Juan,70021,Calingasta,2009,144,0.0
70,San Juan,70021,Calingasta,2010,106,0.0
70,San Juan,70021,Calingasta,2011,115,0.0
70,San Juan,70021,Calingasta,2012,107,0.0
70,San Juan,70021,Calingasta,2013,121,0.0
70,San Juan,70021,Calingasta,2014,150,0.0
70,San Juan,70021,Calingasta,2015,133,0.0
70,San Juan,70021,Calingasta,2016,96,0.0
70,San Juan,70021,Calingasta,2017,90,0.0
70,San Juan,70021,Calingasta,2018,137,0.0
70,San Juan,70021,Calingasta,2019,141,0.0
70,San Juan,70021,Calingasta,2020,135,0.0
70,San Juan,70021,Calingasta,2021,143,0.0
70,San Juan,70021,Calingasta,2022,114,0.0
70,San Juan,70021,Calingasta,2023,125,0.0
70,San Juan,70021,Calingasta,2024,189,0.0
70,San Juan,70028,Capital,2000,5177,0.0
70,San Juan,70028,Capital,2001,7091,0.0
70,San Juan,70028,Capital,2002,6768,0.0
70,San Juan,70028,Capital,2003,6349,0.0
70,San Juan,70028,Capital,2004,6693,0.0
70,San Juan,70028,Capital,2005,6341,0.0
70,San Juan,70028,Capital,2006,6436,0.0
70,San Juan,70028,Capital,2007,5791,0.0
70,San Juan,70028,Capital,2008,5949,0.0
70,San Juan,70028,Capital,2009,5714,0.0
70,San Juan,70028,Capital,2010,5569,0.0
70,San Juan,70028,Capital,2011,6657,0.0
70,San Juan,70028,Capital,2012,5585,0.0
70,San Juan,70028,Capital,2013,3690,0.0
70,San Juan,70028,Capital,2014,3373,0.0
70,San Juan,70028,Capital,2015,3496,0.0
70,San Juan,70028,Capital,2016,4157,0.0
70,San Juan,70028,Capital,2017,4221,0.0
70,San Juan,70028,Capital,2018,3713,0.0
70,San Juan,70028,Capital,2019,3355,0.0
70,San Juan,70028,Capital,2020,2502,0.0
70,San Juan,70028,Capital,2021,3240,0.0
70,San Juan,70028,Capital,2022,4154,0.0
70,San Juan,70028,Capital,2023,5092,0.0
70,San Juan,70028,Capital,2024,5561,0.0
70,San Juan,70035,Caucete,2000,878,0.0
70,San Juan,70035,Caucete,2001,966,0.0
70,San Juan,70035,Caucete,2002,1292,0.0
70,San Juan,70035,Caucete,2003,1526,0.0
70,San Juan,70035,Caucete,2004,1358,0.0
70,San Juan,70035,Caucete,2005,1096,0.0
70,San Juan,70035,Caucete,2006,931,0.0
70,San Juan,70035,Caucete,2007,996,0.0
70,San Juan,70035,Caucete,2008,827,0.0
70,San Juan,70035,Caucete,2009,922,0.0
70,San Juan,70035,Caucete,2010,956,0.0
70,San Juan,70035,Caucete,2011,939,0.0
70,San Juan,70035,Caucete,2012,1101,0.0
70,San Juan,70035,Caucete,2013,791,0.0
70,San Juan,70035,Caucete,2014,1019,0.0
70,San Juan,70035,Caucete,2015,947,0.0
70,San Juan,70035,Caucete,2016,814,0.0
70,San Juan,70035,Caucete,2017,690,0.0
70,San Juan,70035,Caucete,2018,848,0.0
70,San Juan,70035,Caucete,2019,1286,0.0
70,San Juan,70035,Caucete,2020,1142,0.0
70,San Juan,70035,Caucete,2021,796,0.0
70,San Juan,70035,Caucete,2022,817,0.0
70,San Juan,70035,Caucete,2023,956,0.0
70,San Juan,70035,Caucete,2024,1632,0.0
70,San Juan,70042,Chimbas,2000,1189,0.0
70,San Juan,70042,Chimbas,2001,1698,0.0
70,San Juan,70042,Chimbas,2002,1697,0.0
70,San Juan,70042,Chimbas,2003,2014,0.0
70,San Juan,70042,Chimbas,2004,2580,0.0
70,San Juan,70042,Chimbas,2005,2138,0.0
70,San Juan,70042,Chimbas,2006,2237,0.0
70,San Juan,70042,Chimbas,2007,2046,0.0
70,San Juan,70042,Chimbas,2008,1986,0.0
70,San Juan,70042,Chimbas,2009,1846,0.0
70,San Juan,70042,Chimbas,2010,1612,0.0
70,San Juan,70042,Chimbas,2011,1364,0.0
70,San Juan,70042,Chimbas,2012,1445,0.0
70,San Juan,70042,Chimbas,2013,1739,0.0
70,San Juan,70042,Chimbas,2014,1607,0.0
70,San Juan,70042,Chimbas,2015,1350,0.0
70,San Juan,70042,Chimbas,2016,1493,0.0
70,San Juan,70042,Chimbas,2017,2061,0.0
70,San Juan,70042,Chimbas,2018,2289,0.0
70,San Juan,70042,Chimbas,2019,2028,0.0
70,San Juan,70042,Chimbas,2020,1982,0.0
70,San Juan,70042,Chimbas,2021,1856,0.0
70,San Juan,70042,Chimbas,2022,2250,0.0
70,San Juan,70042,Chimbas,2023,2582,0.0
70,San Juan,70042,Chimbas,2024,2934,0.0
70,San Juan,70049,Iglesia,2000,69,0.0
70,San Juan,70049,Iglesia,2001,67,0.0
70,San Juan,70049,Iglesia,2002,86,0.0
70,San Juan,70049,Iglesia,2003,76,0.0
70,San Juan,70049,Iglesia,2004,107,0.0
70,San Juan,70049,Iglesia,2005,117,0.0
70,San Juan,70049,Iglesia,2006,98,0.0
70,San Juan,70049,Iglesia,2007,110,0.0
70,San Juan,70049,Iglesia,2008,90,0.0
70,San Juan,70049,Iglesia,2009,76,0.0
70,San Juan,70049,Iglesia,2010,56,0.0
70,San Juan,70049,Iglesia,2011,73,0.0
70,San Juan,70049,Iglesia,2012,85,0.0
70,San Juan,70049,Iglesia,2013,94,0.0
70,San Juan,70049,Iglesia,2014,110,0.0
70,San Juan,70049,Iglesia,2015,126,0.0
70,San Juan,70049,Iglesia,2016,134,0.0
70,San Juan,70049,Iglesia,2017,104,0.0
70,San Juan,70049,Iglesia,2018,101,0.0
70,San Juan,70049,Iglesia,2019,136,0.0
70,San Juan,70049,Iglesia,2020,127,0.0
70,San Juan,70049,Iglesia,2021,81,0.0
70,San Juan,70049,Iglesia,2022,82,0.0
70,San Juan,70049,Iglesia,2023,157,0.0
70,San Juan,70049,Iglesia,2024,140,0.0
70,San Juan,70056,Jáchal,2000,275,0.0
70,San Juan,70056,Jáchal,2001,266,0.0
70,San Juan,70056,Jáchal,2002,245,0.0
70,San Juan,70056,Jáchal,2003,339,0.0
70,San Juan,70056,Jáchal,2004,263,0.0
70,San Juan,70056,Jáchal,2005,250,0.0
70,San Juan,70056,Jáchal,2006,191,0.0
70,San Juan,70056,Jáchal,2007,230,0.0
70,San Juan,70056,Jáchal,2008,279,0.0
70,San Juan,70056,Jáchal,2009,236,0.0
70,San Juan,70056,Jáchal,2010,258,0.0
70,San Juan,70056,Jáchal,2011,242,0.0
70,San Juan,70056,Jáchal,2012,255,0.0
70,San Juan,70056,Jáchal,2013,270,0.0
70,San Juan,70056,Jáchal,2014,327,0.0
70,San Juan,70056,Jáchal,2015,245,0.0
70,San Juan,70056,Jáchal,2016,289,0.0
70,San Juan,70056,Jáchal,2017,334,0.0
70,San Juan,70056,Jáchal,2018,327,0.0
70,San Juan,70056,Jáchal,2019,265,0.0
70,San Juan,70056,Jáchal,2020,230,0.0
70,San Juan,70056,Jáchal,2021,311,0.0
70,San Juan,70056,Jáchal,2022,309,0.0
70,San Juan,70056,Jáchal,2023,379,0.0
70,San Juan,70056,Jáchal,2024,295,0.0
70,San Juan,70063,9 de Julio,2000,90,0.0
70,San Juan,70063,9 de Julio,2001,147,0.0
70,San Juan,70063,9 de Julio,2002,208,0.0
70,San Juan,70063,9 de Julio,2003,200,0.0
70,San Juan,70063,9 de Julio,2004,195,0.0
70,San Juan,70063,9 de Julio,2005,167,0.0
70,San Juan,70063,9 de Julio,2006,158,0.0
70,San Juan,70063,9 de Julio,2007,115,0.0
70,San Juan,70063,9 de Julio,2008,150,0.0
70,San Juan,70063,9 de Julio,2009,137,0.0
70,San Juan,70063,9 de Julio,2010,134,0.0
70,San Juan,70063,9 de Julio,2011,135,0.0
70,San Juan,70063,9 de Julio,2012,148,0.0
70,San Juan,70063,9 de Julio,2013,117,0.0
70,San Juan,70063,9 de Julio,2014,155,0.0
70,San Juan,70063,9 de Julio,2015,179,0.0
70,San Juan,70063,9 de Julio,2016,172,0.0
70,San Juan,70063,9 de Julio,2017,220,0.0
70,San Juan,70063,9 de Julio,2018,188,0.0
70,San Juan,70063,9 de Julio,2019,262,0.0
70,San Juan,70063,9 de Julio,2020,273,0.0
70,San Juan,70063,9 de Julio,2021,257,0.0
70,San Juan,70063,9 de Julio,2022,266,0.0
70,San Juan,70063,9 de Julio,2023,319,0.0
70,San Juan,70063,9 de Julio,2024,302,0.0
70,San Juan,70070,Pocito,2000,259,0.0
70,San Juan,70070,Pocito,2001,496,0.0
70,San Juan,70070,Pocito,2002,605,0.0
70,San Juan,70070,Pocito,2003,700,0.0
70,San Juan,70070,Pocito,2004,715,0.0
70,San Juan,70070,Pocito,2005,669,0.0
70,San Juan,70070,Pocito,2006,684,0.0
70,San Juan,70070,Pocito,2007,687,0.0
70,San Juan,70070,Pocito,2008,669,0.0
70,San Juan,70070,Pocito,2009,774,0.0
70,San Juan,70070,Pocito,2010,630,0.0
70,San Juan,70070,Pocito,2011,596,0.0
70,San Juan,70070,Pocito,2012,618,0.0
70,San Juan,70070,Pocito,2013,497,0.0
70,San Juan,70070,Pocito,2014,807,0.0
70,San Juan,70070,Pocito,2015,616,0.0
70,San Juan,70070,Pocito,2016,456,0.0
70,San Juan,70070,Pocito,2017,518,0.0
70,San Juan,70070,Pocito,2018,570,0.0
70,San Juan,70070,Pocito,2019,816,0.0
70,San Juan,70070,Pocito,2020,651,0.0
70,San Juan,70070,Pocito,2021,804,0.0
70,San Juan,70070,Pocito,2022,799,0.0
70,San Juan,70070,Pocito,2023,1203,0.0
70,San Juan,70070,Pocito,2024,1386,0.0
70,San Juan,70077,Rawson,2000,2700,0.0
70,San Juan,70077,Rawson,2001,3145,0.0
70,San Juan,70077,Rawson,2002,3545,0.0
70,San Juan,70077,Rawson,2003,4185,0.0
70,San Juan,70077,Rawson,2004,4233,0.0
70,San Juan,70077,Rawson,2005,3741,0.0
70,San Juan,70077,Rawson,2006,4033,0.0
70,San Juan,70077,Rawson,2007,3791,0.0
70,San Juan,70077,Rawson,2008,3093,0.0
70,San Juan,70077,Rawson,2009,3052,0.0
70,San Juan,70077,Rawson,2010,2675,0.0
70,San Juan,70077,Rawson,2011,3003,0.0
70,San Juan,70077,Rawson,2012,3221,0.0
70,San Juan,70077,Rawson,2013,2982,0.0
70,San Juan,70077,Rawson,2014,2900,0.0
70,San Juan,70077,Rawson,2015,2087,0.0
70,San Juan,70077,Rawson,2016,3016,0.0
70,San Juan,70077,Rawson,2017,2991,0.0
70,San Juan,70077,Rawson,2018,3293,0.0
70,San Juan,70077,Rawson,2019,3616,0.0
70,San Juan,70077,Rawson,2020,3576,0.0
70,San Juan,70077,Rawson,2021,3471,0.0
70,San Juan,70077,Rawson,2022,4431,0.0
70,San Juan,70077,Rawson,2023,5685,0.0
70,San Juan,70077,Rawson,2024,6132,0.0
70,San Juan,70084,Rivadavia,2000,2474,0.0
70,San Juan,70084,Rivadavia,2001,2945,0.0
70,San Juan,70084,Rivadavia,2002,3071,0.0
70,San Juan,70084,Rivadavia,2003,3263,0.0
70,San Juan,70084,Rivadavia,2004,3157,0.0
70,San Juan,70084,Rivadavia,2005,3035,0.0
70,San Juan,70084,Rivadavia,2006,2839,0.0
70,San Juan,70084,Rivadavia,2007,2547,0.0
70,San Juan,70084,Rivadavia,2008,2447,0.0
70,San Juan,70084,Rivadavia,2009,2386,0.0
70,San Juan,70084,Rivadavia,2010,2241,0.0
70,San Juan,70084,Rivadavia,2011,2608,0.0
70,San Juan,70084,Rivadavia,2012,2841,0.0
70,San Juan,70084,Rivadavia,2013,2369,0.0
70,San Juan,70084,Rivadavia,2014,2404,0.0
70,San Juan,70084,Rivadavia,2015,2426,0.0
70,San Juan,70084,Rivadavia,2016,2378,0.0
70,San Juan,70084,Rivadavia,2017,2396,0.0
70,San Juan,70084,Rivadavia,2018,2612,0.0
70,San Juan,70084,Rivadavia,2019,2772,0.0
70,San Juan,70084,Rivadavia,2020,2321,0.0
70,San Juan,70084,Rivadavia,2021,2310,0.0
70,San Juan,70084,Rivadavia,2022,2961,0.0
70,San Juan,70084,Rivadavia,2023,3673,0.0
70,San Juan,70084,Rivadavia,2024,3937,0.0
70,San Juan,70091,San Martín,2000,85,0.0
70,San Juan,70091,San Martín,2001,106,0.0
70,San Juan,70091,San Martín,2002,169,0.0
70,San Juan,70091,San Martín,2003,154,0.0
70,San Juan,70091,San Martín,2004,160,0.0
70,San Juan,70091,San Martín,2005,116,0.0
70,San Juan,70091,San Martín,2006,104,0.0
70,San Juan,70091,San Martín,2007,101,0.0
70,San Juan,70091,San Martín,2008,95,0.0
70,San Juan,70091,San Martín,2009,108,0.0
70,San Juan,70091,San Martín,2010,94,0.0
70,San Juan,70091,San Martín,2011,108,0.0
70,San Juan,70091,San Martín,2012,45,0.0
70,San Juan,70091,San Martín,2013,113,0.0
70,San Juan,70091,San Martín,2014,188,0.0
70,San Juan,70091,San Martín,2015,157,0.0
70,San Juan,70091,San Martín,2016,166,0.0
70,San Juan,70091,San Martín,2017,195,0.0
70,San Juan,70091,San Martín,2018,194,0.0
70,San Juan,70091,San Martín,2019,185,0.0
70,San Juan,70091,San Martín,2020,166,0.0
70,San Juan,70091,San Martín,2021,184,0.0
70,San Juan,70091,San Martín,2022,191,0.0
70,San Juan,70091,San Martín,2023,187,0.0
70,San Juan,70091,San Martín,2024,294,0.0
70,San Juan,70098,Santa Lucía,2000,860,0.0
70,San Juan,70098,Santa Lucía,2001,1078,0.0
70,San Juan,70098,Santa Lucía,2002,1281,0.0
70,San Juan,70098,Santa Lucía,2003,1670,0.0
70,San Juan,70098,Santa Lucía,2004,1993,0.0
70,San Juan,70098,Santa Lucía,2005,1346,0.0
70,San Juan,70098,Santa Lucía,2006,1150,0.0
70,San Juan,70098,Santa Lucía,2007,987,0.0
70,San Juan,70098,Santa Lucía,2008,866,0.0
70,San Juan,70098,Santa Lucía,2009,847,0.0
70,San Juan,70098,Santa Lucía,2010,991,0.0
70,San Juan,70098,Santa Lucía,2011,1210,0.0
70,San Juan,70098,Santa Lucía,2012,1189,0.0
70,San Juan,70098,Santa Lucía,2013,1009,0.0
70,San Juan,70098,Santa Lucía,2014,1087,0.0
70,San Juan,70098,Santa Lucía,2015,1100,0.0
70,San Juan,70098,Santa Lucía,2016,1370,0.0
70,San Juan,70098,Santa Lucía,2017,1484,0.0
70,San Juan,70098,Santa Lucía,2018,1429,0.0
70,San Juan,70098,Santa Lucía,2019,1464,0.0
70,San Juan,70098,Santa Lucía,2020,1221,0.0
70,San Juan,70098,Santa Lucía,2021,1215,0.0
70,San Juan,70098,Santa Lucía,2022,1448,0.0
70,San Juan,70098,Santa Lucía,2023,2022,0.0
70,San Juan,70098,Santa Lucía,2024,2503,0.0
70,San Juan,70105,Sarmiento,2000,160,0.0
70,San Juan,70105,Sarmiento,2001,222,0.0
70,San Juan,70105,Sarmiento,2002,375,0.0
70,San Juan,70105,Sarmiento,2003,437,0.0
70,San Juan,70105,Sarmiento,2004,283,0.0
70,San Juan,70105,Sarmiento,2005,298,0.0
70,San Juan,70105,Sarmiento,2006,231,0.0
70,San Juan,70105,Sarmiento,2007,222,0.0
70,San Juan,70105,Sarmiento,2008,320,0.0
70,San Juan,70105,Sarmiento,2009,312,0.0
70,San Juan,70105,Sarmiento,2010,449,0.0
70,San Juan,70105,Sarmiento,2011,559,0.0
70,San Juan,70105,Sarmiento,2012,577,0.0
70,San Juan,70105,Sarmiento,2013,618,0.0
70,San Juan,70105,Sarmiento,2014,408,0.0
70,San Juan,70105,Sarmiento,2015,538,0.0
70,San Juan,70105,Sarmiento,2016,365,0.0
70,San Juan,70105,Sarmiento,2017,330,0.0
70,San Juan,70105,Sarmiento,2018,491,0.0
70,San Juan,70105,Sarmiento,2019,385,0.0
70,San Juan,70105,Sarmiento,2020,402,0.0
70,San Juan,70105,Sarmiento,2021,427,0.0
70,San Juan,70105,Sarmiento,2022,530,0.0
70,San Juan,70105,Sarmiento,2023,469,0.0
70,San Juan,70105,Sarmiento,2024,441,0.0
70,San Juan,70112,Ullúm,2000,82,0.0
70,San Juan,70112,Ullúm,2001,111,0.0
70,San Juan,70112,Ullúm,2002,175,0.0
70,San Juan,70112,Ullúm,2003,192,0.0
70,San Juan,70112,Ullúm,2004,139,0.0
70,San Juan,70112,Ullúm,2005,114,0.0
70,San Juan,70112,Ullúm,2006,93,0.0
70,San Juan,70112,Ullúm,2007,100,0.0
70,San Juan,70112,Ullúm,2008,113,0.0
70,San Juan,70112,Ullúm,2009,129,0.0
70,San Juan,70112,Ullúm,2010,130,0.0
70,San Juan,70112,Ullúm,2011,79,0.0
70,San Juan,70112,Ullúm,2012,90,0.0
70,San Juan,70112,Ullúm,2013,66,0.0
70,San Juan,70112,Ullúm,2014,125,0.0
70,San Juan,70112,Ullúm,2015,120,0.0
70,San Juan,70112,Ullúm,2016,120,0.0
70,San Juan,70112,Ullúm,2017,92,0.0
70,San Juan,70112,Ullúm,2018,122,0.0
70,San Juan,70112,Ullúm,2019,146,0.0
70,San Juan,70112,Ullúm,2020,159,0.0
70,San Juan,70112,Ullúm,2021,164,0.0
70,San Juan,70112,Ullúm,2022,149,0.0
70,San Juan,70112,Ullúm,2023,146,0.0
70,San Juan,70112,Ullúm,2024,150,0.0
70,San Juan,70119,Valle Fértil,2000,68,0.0
70,San Juan,70119,Valle Fértil,2001,51,0.0
70,San Juan,70119,Valle Fértil,2002,68,0.0
70,San Juan,70119,Valle Fértil,2003,55,0.0
70,San Juan,70119,Valle Fértil,2004,79,0.0
70,San Juan,70119,Valle Fértil,2005,80,0.0
70,San Juan,70119,Valle Fértil,2006,140,0.0
70,San Juan,70119,Valle Fértil,2007,78,0.0
70,San Juan,70119,Valle Fértil,2008,89,0.0
70,San Juan,70119,Valle Fértil,2009,111,0.0
70,San Juan,70119,Valle Fértil,2010,86,0.0
70,San Juan,70119,Valle Fértil,2011,106,0.0
70,San Juan,70119,Valle Fértil,2012,98,0.0
70,San Juan,70119,Valle Fértil,2013,122,0.0
70,San Juan,70119,Valle Fértil,2014,79,0.0
70,San Juan,70119,Valle Fértil,2015,72,0.0
70,San Juan,70119,Valle Fértil,2016,67,0.0
70,San Juan,70119,Valle Fértil,2017,56,0.0
70,San Juan,70119,Valle Fértil,2018,100,0.0
70,San Juan,70119,Valle Fértil,2019,95,0.0
70,San Juan,70119,Valle Fértil,2020,110,0.0
70,San Juan,70119,Valle Fértil,2021,97,0.0
70,San Juan,70119,Valle Fértil,2022,106,0.0
70,San Juan,70119,Valle Fértil,2023,153,0.0
70,San Juan,70119,Valle Fértil,2024,142,0.0
70,San Juan,70126,25 de Mayo,2000,243,0.0
70,San Juan,70126,25 de Mayo,2001,298,0.0
70,San Juan,70126,25 de Mayo,2002,370,0.0
70,San Juan,70126,25 de Mayo,2003,342,0.0
70,San Juan,70126,25 de Mayo,2004,342,0.0
70,San Juan,70126,25 de Mayo,2005,292,0.0
70,San Juan,70126,25 de Mayo,2006,294,0.0
70,San Juan,70126,25 de Mayo,2007,263,0.0
70,San Juan,70126,25 de Mayo,2008,296,0.0
70,San Juan,70126,25 de Mayo,2009,267,0.0
70,San Juan,70126,25 de Mayo,2010,276,0.0
70,San Juan,70126,25 de Mayo,2011,296,0.0
70,San Juan,70126,25 de Mayo,2012,289,0.0
70,San Juan,70126,25 de Mayo,2013,288,0.0
70,San Juan,70126,25 de Mayo,2014,419,0.0
70,San Juan,70126,25 de Mayo,2015,344,0.0
70,San Juan,70126,25 de Mayo,2016,345,0.0
70,San Juan,70126,25 de Mayo,2017,343,0.0
70,San Juan,70126,25 de Mayo,2018,337,0.0
70,San Juan,70126,25 de Mayo,2019,437,0.0
70,San Juan,70126,25 de Mayo,2020,343,0.0
70,San Juan,70126,25 de Mayo,2021,350,0.0
70,San Juan,70126,25 de Mayo,2022,363,0.0
70,San Juan,70126,25 de Mayo,2023,434,0.0
70,San Juan,70126,25 de Mayo,2024,504,0.0
70,San Juan,70133,Zonda,2000,70,0.0
70,San Juan,70133,Zonda,2001,89,0.0
70,San Juan,70133,Zonda,2002,89,0.0
70,San Juan,70133,Zonda,2003,132,0.0
70,San Juan,70133,Zonda,2004,112,0.0
70,San Juan,70133,Zonda,2005,52,0.0
70,San Juan,70133,Zonda,2006,82,0.0
70,San Juan,70133,Zonda,2007,88,0.0
70,San Juan,70133,Zonda,2008,90,0.0
70,San Juan,70133,Zonda,2009,120,0.0
70,San Juan,70133,Zonda,2010,124,0.0
70,San Juan,70133,Zonda,2011,72,0.0
70,San Juan,70133,Zonda,2012,102,0.0
70,San Juan,70133,Zonda,2013,117,0.0
70,San Juan,70133,Zonda,2014,115,0.0
70,San Juan,70133,Zonda,2015,106,0.0
70,San Juan,70133,Zonda,2016,134,0.0
70,San Juan,70133,Zonda,2017,109,0.0
70,San Juan,70133,Zonda,2018,133,0.0
70,San Juan,70133,Zonda,2019,138,0.0
70,San Juan,70133,Zonda,2020,174,0.0
70,San Juan,70133,Zonda,2021,187,0.0
70,San Juan,70133,Zonda,2022,173,0.0
70,San Juan,70133,Zonda,2023,141,0.0
70,San Juan,70133,Zonda,2024,129,0.0
70,San Juan,70999,Departamento sin determinar,2000,0,0.0
70,San Juan,70999,Departamento sin determinar,2001,1,0.0
70,San Juan,70999,Departamento sin determinar,2002,2410,0.0
70,San Juan,70999,Departamento sin determinar,2003,12,0.0
70,San Juan,70999,Departamento sin determinar,2004,27,0.0
70,San Juan,70999,Departamento sin determinar,2005,89,0.0
70,San Juan,70999,Departamento sin determinar,2006,16,0.0
70,San Juan,70999,Departamento sin determinar,2007,6,0.0
70,San Juan,70999,Departamento sin determinar,2008,15,0.0
70,San Juan,70999,Departamento sin determinar,2009,15,0.0
70,San Juan,70999,Departamento sin determinar,2010,8,0.0
70,San Juan,70999,Departamento sin determinar,2011,6,0.0
70,San Juan,70999,Departamento sin determinar,2012,6,0.0
70,San Juan,70999,Departamento sin determinar,2013,5,0.0
70,San Juan,70999,Departamento sin determinar,2014,13,0.0
70,San Juan,70999,Departamento sin determinar,2015,7,0.0
70,San Juan,70999,Departamento sin determinar,2016,8,0.0
70,San Juan,70999,Departamento sin determinar,2017,10,0.0
70,San Juan,70999,Departamento sin determinar,2018,19,0.0
70,San Juan,70999,Departamento sin determinar,2019,39,0.0
70,San Juan,70999,Departamento sin determinar,2020,14,0.0
70,San Juan,70999,Departamento sin determinar,2021,26,0.0
70,San Juan,70999,Departamento sin determinar,2022,18,0.0
70,San Juan,70999,Departamento sin determinar,2023,14,0.0
70,San Juan,70999,Departamento sin determinar,2024,31,0.0
74,San Luis,74007,Ayacucho,2000,125,0.0
74,San Luis,74007,Ayacucho,2001,84,0.0
74,San Luis,74007,Ayacucho,2002,129,0.0
74,San Luis,74007,Ayacucho,2003,91,0.0
74,San Luis,74007,Ayacucho,2004,90,0.0
74,San Luis,74007,Ayacucho,2005,83,0.0
74,San Luis,74007,Ayacucho,2006,105,0.0
74,San Luis,74007,Ayacucho,2007,91,0.0
74,San Luis,74007,Ayacucho,2008,87,0.0
74,San Luis,74007,Ayacucho,2009,109,0.0
74,San Luis,74007,Ayacucho,2010,159,0.0
74,San Luis,74007,Ayacucho,2011,200,0.0
74,San Luis,74007,Ayacucho,2012,188,0.0
74,San Luis,74007,Ayacucho,2013,153,0.0
74,San Luis,74007,Ayacucho,2014,247,0.0
74,San Luis,74007,Ayacucho,2015,264,0.0
74,San Luis,74007,Ayacucho,2016,265,0.0
74,San Luis,74007,Ayacucho,2017,159,0.0
74,San Luis,74007,Ayacucho,2018,173,0.0
74,San Luis,74007,Ayacucho,2019,213,0.0
74,San Luis,74007,Ayacucho,2020,185,0.0
74,San Luis,74007,Ayacucho,2021,213,0.0
74,San Luis,74007,Ayacucho,2022,219,0.0
74,San Luis,74007,Ayacucho,2023,216,0.0
74,San Luis,74007,Ayacucho,2024,281,0.0
74,San Luis,74014,Belgrano,2000,82,0.0
74,San Luis,74014,Belgrano,2001,47,0.0
74,San Luis,74014,Belgrano,2002,68,0.0
74,San Luis,74014,Belgrano,2003,67,0.0
74,San Luis,74014,Belgrano,2004,52,0.0
74,San Luis,74014,Belgrano,2005,36,0.0
74,San Luis,74014,Belgrano,2006,27,0.0
74,San Luis,74014,Belgrano,2007,13,0.0
74,San Luis,74014,Belgrano,2008,28,0.0
74,San Luis,74014,Belgrano,2009,37,0.0
74,San Luis,74014,Belgrano,2010,53,0.0
74,San Luis,74014,Belgrano,2011,59,0.0
74,San Luis,74014,Belgrano,2012,68,0.0
74,San Luis,74014,Belgrano,2013,86,0.0
74,San Luis,74014,Belgrano,2014,71,0.0
74,San Luis,74014,Belgrano,2015,87,0.0
74,San Luis,74014,Belgrano,2016,105,0.0
74,San Luis,74014,Belgrano,2017,76,0.0
74,San Luis,74014,Belgrano,2018,70,0.0
74,San Luis,74014,Belgrano,2019,95,0.0
74,San Luis,74014,Belgrano,2020,83,0.0
74,San Luis,74014,Belgrano,2021,132,0.0
74,San Luis,74014,Belgrano,2022,143,0.0
74,San Luis,74014,Belgrano,2023,126,0.0
74,San Luis,74014,Belgrano,2024,81,0.0
74,San Luis,74021,Coronel Pringles,2000,112,0.0
74,San Luis,74021,Coronel Pringles,2001,81,0.0
74,San Luis,74021,Coronel Pringles,2002,75,0.0
74,San Luis,74021,Coronel Pringles,2003,125,0.0
74,San Luis,74021,Coronel Pringles,2004,105,0.0
74,San Luis,74021,Coronel Pringles,2005,127,0.0
74,San Luis,74021,Coronel Pringles,2006,144,0.0
74,San Luis,74021,Coronel Pringles,2007,161,0.0
74,San Luis,74021,Coronel Pringles,2008,219,0.0
74,San Luis,74021,Coronel Pringles,2009,248,0.0
74,San Luis,74021,Coronel Pringles,2010,225,0.0
74,San Luis,74021,Coronel Pringles,2011,335,0.0
74,San Luis,74021,Coronel Pringles,2012,246,0.0
74,San Luis,74021,Coronel Pringles,2013,219,0.0
74,San Luis,74021,Coronel Pringles,2014,300,0.0
74,San Luis,74021,Coronel Pringles,2015,153,0.0
74,San Luis,74021,Coronel Pringles,2016,141,0.0
74,San Luis,74021,Coronel Pringles,2017,105,0.0
74,San Luis,74021,Coronel Pringles,2018,96,0.0
74,San Luis,74021,Coronel Pringles,2019,177,0.0
74,San Luis,74021,Coronel Pringles,2020,102,0.0
74,San Luis,74021,Coronel Pringles,2021,133,0.0
74,San Luis,74021,Coronel Pringles,2022,199,0.0
74,San Luis,74021,Coronel Pringles,2023,187,0.0
74,San Luis,74021,Coronel Pringles,2024,228,0.0
74,San Luis,74028,Chacabuco,2000,99,0.0
74,San Luis,74028,Chacabuco,2001,108,0.0
74,San Luis,74028,Chacabuco,2002,131,0.0
74,San Luis,74028,Chacabuco,2003,166,0.0
74,San Luis,74028,Chacabuco,2004,185,0.0
74,San Luis,74028,Chacabuco,2005,155,0.0
74,San Luis,74028,Chacabuco,2006,167,0.0
74,San Luis,74028,Chacabuco,2007,164,0.0
74,San Luis,74028,Chacabuco,2008,164,0.0
74,San Luis,74028,Chacabuco,2009,207,0.0
74,San Luis,74028,Chacabuco,2010,226,0.0
74,San Luis,74028,Chacabuco,2011,192,0.0
74,San Luis,74028,Chacabuco,2012,197,0.0
74,San Luis,74028,Chacabuco,2013,181,0.0
74,San Luis,74028,Chacabuco,2014,211,0.0
74,San Luis,74028,Chacabuco,2015,244,0.0
74,San Luis,74028,Chacabuco,2016,214,0.0
74,San Luis,74028,Chacabuco,2017,160,0.0
74,San Luis,74028,Chacabuco,2018,174,0.0
74,San Luis,74028,Chacabuco,2019,168,0.0
74,San Luis,74028,Chacabuco,2020,151,0.0
74,San Luis,74028,Chacabuco,2021,196,0.0
74,San Luis,74028,Chacabuco,2022,220,0.0
74,San Luis,74028,Chacabuco,2023,190,0.0
74,San Luis,74028,Chacabuco,2024,251,0.0
74,San Luis,74035,General Pedernera,2000,1461,0.0
74,San Luis,74035,General Pedernera,2001,1408,0.0
74,San Luis,74035,General Pedernera,2002,1338,0.0
74,San Luis,74035,General Pedernera,2003,1663,0.0
74,San Luis,74035,General Pedernera,2004,1687,0.0
74,San Luis,74035,General Pedernera,2005,1427,0.0
74,San Luis,74035,General Pedernera,2006,1121,0.0
74,San Luis,74035,General Pedernera,2007,1404,0.0
74,San Luis,74035,General Pedernera,2008,1773,0.0
74,San Luis,74035,General Pedernera,2009,2073,0.0
74,San Luis,74035,General Pedernera,2010,1992,0.0
74,San Luis,74035,General Pedernera,2011,1961,0.0
74,San Luis,74035,General Pedernera,2012,2382,0.0
74,San Luis,74035,General Pedernera,2013,1750,0.0
74,San Luis,74035,General Pedernera,2014,1524,0.0
74,San Luis,74035,General Pedernera,2015,1349,0.0
74,San Luis,74035,General Pedernera,2016,1421,0.0
74,San Luis,74035,General Pedernera,2017,1216,0.0
74,San Luis,74035,General Pedernera,2018,1245,0.0
74,San Luis,74035,General Pedernera,2019,1201,0.0
74,San Luis,74035,General Pedernera,2020,1057,0.0
74,San Luis,74035,General Pedernera,2021,1110,0.0
74,San Luis,74035,General Pedernera,2022,1613,0.0
74,San Luis,74035,General Pedernera,2023,1853,0.0
74,San Luis,74035,General Pedernera,2024,2084,0.0
74,San Luis,74042,Gobernador Dupuy,2000,76,0.0
74,San Luis,74042,Gobernador Dupuy,2001,46,0.0
74,San Luis,74042,Gobernador Dupuy,2002,80,0.0
74,San Luis,74042,Gobernador Dupuy,2003,81,0.0
74,San Luis,74042,Gobernador Dupuy,2004,55,0.0
74,San Luis,74042,Gobernador Dupuy,2005,43,0.0
74,San Luis,74042,Gobernador Dupuy,2006,41,0.0
74,San Luis,74042,Gobernador Dupuy,2007,40,0.0
74,San Luis,74042,Gobernador Dupuy,2008,42,0.0
74,San Luis,74042,Gobernador Dupuy,2009,70,0.0
74,San Luis,74042,Gobernador Dupuy,2010,76,0.0
74,San Luis,74042,Gobernador Dupuy,2011,60,0.0
74,San Luis,74042,Gobernador Dupuy,2012,55,0.0
74,San Luis,74042,Gobernador Dupuy,2013,88,0.0
74,San Luis,74042,Gobernador Dupuy,2014,74,0.0
74,San Luis,74042,Gobernador Dupuy,2015,78,0.0
74,San Luis,74042,Gobernador Dupuy,2016,73,0.0
74,San Luis,74042,Gobernador Dupuy,2017,58,0.0
74,San Luis,74042,Gobernador Dupuy,2018,41,0.0
74,San Luis,74042,Gobernador Dupuy,2019,66,0.0
74,San Luis,74042,Gobernador Dupuy,2020,53,0.0
74,San Luis,74042,Gobernador Dupuy,2021,77,0.0
74,San Luis,74042,Gobernador Dupuy,2022,82,0.0
74,San Luis,74042,Gobernador Dupuy,2023,119,0.0
74,San Luis,74042,Gobernador Dupuy,2024,128,0.0
74,San Luis,74049,Junín,2000,110,0.0
74,San Luis,74049,Junín,2001,102,0.0
74,San Luis,74049,Junín,2002,177,0.0
74,San Luis,74049,Junín,2003,231,0.0
74,San Luis,74049,Junín,2004,158,0.0
74,San Luis,74049,Junín,2005,160,0.0
74,San Luis,74049,Junín,2006,183,0.0
74,San Luis,74049,Junín,2007,154,0.0
74,San Luis,74049,Junín,2008,209,0.0
74,San Luis,74049,Junín,2009,251,0.0
74,San Luis,74049,Junín,2010,290,0.0
74,San Luis,74049,Junín,2011,232,0.0
74,San Luis,74049,Junín,2012,273,0.0
74,San Luis,74049,Junín,2013,189,0.0
74,San Luis,74049,Junín,2014,227,0.0
74,San Luis,74049,Junín,2015,198,0.0
74,San Luis,74049,Junín,2016,211,0.0
74,San Luis,74049,Junín,2017,229,0.0
74,San Luis,74049,Junín,2018,243,0.0
74,San Luis,74049,Junín,2019,271,0.0
74,San Luis,74049,Junín,2020,216,0.0
74,San Luis,74049,Junín,2021,304,0.0
74,San Luis,74049,Junín,2022,506,0.0
74,San Luis,74049,Junín,2023,420,0.0
74,San Luis,74049,Junín,2024,385,0.0
74,San Luis,74056,La Capital,2000,2969,0.0
74,San Luis,74056,La Capital,2001,2828,0.0
74,San Luis,74056,La Capital,2002,3426,0.0
74,San Luis,74056,La Capital,2003,3921,0.0
74,San Luis,74056,La Capital,2004,3065,0.0
74,San Luis,74056,La Capital,2005,2907,0.0
74,San Luis,74056,La Capital,2006,2462,0.0
74,San Luis,74056,La Capital,2007,3100,0.0
74,San Luis,74056,La Capital,2008,3694,0.0
74,San Luis,74056,La Capital,2009,3628,0.0
74,San Luis,74056,La Capital,2010,4057,0.0
74,San Luis,74056,La Capital,2011,4047,0.0
74,San Luis,74056,La Capital,2012,4126,0.0
74,San Luis,74056,La Capital,2013,4097,0.0
74,San Luis,74056,La Capital,2014,3925,0.0
74,San Luis,74056,La Capital,2015,2695,0.0
74,San Luis,74056,La Capital,2016,2950,0.0
74,San Luis,74056,La Capital,2017,2666,0.0
74,San Luis,74056,La Capital,2018,2286,0.0
74,San Luis,74056,La Capital,2019,2878,0.0
74,San Luis,74056,La Capital,2020,2747,0.0
74,San Luis,74056,La Capital,2021,3492,0.0
74,San Luis,74056,La Capital,2022,4449,0.0
74,San Luis,74056,La Capital,2023,5340,0.0
74,San Luis,74056,La Capital,2024,5816,0.0
74,San Luis,74063,Libertador General San Martín,2000,41,0.0
74,San Luis,74063,Libertador General San Martín,2001,26,0.0
74,San Luis,74063,Libertador General San Martín,2002,26,0.0
74,San Luis,74063,Libertador General San Martín,2003,23,0.0
74,San Luis,74063,Libertador General San Martín,2004,15,0.0
74,San Luis,74063,Libertador General San Martín,2005,12,0.0
74,San Luis,74063,Libertador General San Martín,2006,13,0.0
74,San Luis,74063,Libertador General San Martín,2007,14,0.0
74,San Luis,74063,Libertador General San Martín,2008,28,0.0
74,San Luis,74063,Libertador General San Martín,2009,49,0.0
74,San Luis,74063,Libertador General San Martín,2010,51,0.0
74,San Luis,74063,Libertador General San Martín,2011,40,0.0
74,San Luis,74063,Libertador General San Martín,2012,58,0.0
74,San Luis,74063,Libertador General San Martín,2013,57,0.0
74,San Luis,74063,Libertador General San Martín,2014,43,0.0
74,San Luis,74063,Libertador General San Martín,2015,45,0.0
74,San Luis,74063,Libertador General San Martín,2016,46,0.0
74,San Luis,74063,Libertador General San Martín,2017,36,0.0
74,San Luis,74063,Libertador General San Martín,2018,34,0.0
74,San Luis,74063,Libertador General San Martín,2019,38,0.0
74,San Luis,74063,Libertador General San Martín,2020,26,0.0
74,San Luis,74063,Libertador General San Martín,2021,45,0.0
74,San Luis,74063,Libertador General San Martín,2022,63,0.0
74,San Luis,74063,Libertador General San Martín,2023,43,0.0
74,San Luis,74063,Libertador General San Martín,2024,39,0.0
74,San Luis,74999,Departamento sin determinar,2000,0,0.0
74,San Luis,74999,Departamento sin determinar,2001,0,0.0
74,San Luis,74999,Departamento sin determinar,2002,0,0.0
74,San Luis,74999,Departamento sin determinar,2003,8,0.0
74,San Luis,74999,Departamento sin determinar,2004,12,0.0
74,San Luis,74999,Departamento sin determinar,2005,37,0.0
74,San Luis,74999,Departamento sin determinar,2006,12,0.0
74,San Luis,74999,Departamento sin determinar,2007,9,0.0
74,San Luis,74999,Departamento sin determinar,2008,15,0.0
74,San Luis,74999,Departamento sin determinar,2009,12,0.0
74,San Luis,74999,Departamento sin determinar,2010,0,0.0
74,San Luis,74999,Departamento sin determinar,2011,4,0.0
74,San Luis,74999,Departamento sin determinar,2012,11,0.0
74,San Luis,74999,Departamento sin determinar,2013,19,0.0
74,San Luis,74999,Departamento sin determinar,2014,28,0.0
74,San Luis,74999,Departamento sin determinar,2015,10,0.0
74,San Luis,74999,Departamento sin determinar,2016,15,0.0
74,San Luis,74999,Departamento sin determinar,2017,15,0.0
74,San Luis,74999,Departamento sin determinar,2018,9,0.0
74,San Luis,74999,Departamento sin determinar,2019,4,0.0
74,San Luis,74999,Departamento sin determinar,2020,5,0.0
74,San Luis,74999,Departamento sin determinar,2021,8,0.0
74,San Luis,74999,Departamento sin determinar,2022,11,0.0
74,San Luis,74999,Departamento sin determinar,2023,10,0.0
74,San Luis,74999,Departamento sin determinar,2024,10,0.0
78,Santa Cruz,78007,Corpen Aike,2000,105,0.0
78,Santa Cruz,78007,Corpen Aike,2001,138,0.0
78,Santa Cruz,78007,Corpen Aike,2002,184,0.0
78,Santa Cruz,78007,Corpen Aike,2003,130,0.0
78,Santa Cruz,78007,Corpen Aike,2004,182,0.0
78,Santa Cruz,78007,Corpen Aike,2005,188,0.0
78,Santa Cruz,78007,Corpen Aike,2006,166,0.0
78,Santa Cruz,78007,Corpen Aike,2007,185,0.0
78,Santa Cruz,78007,Corpen Aike,2008,184,0.0
78,Santa Cruz,78007,Corpen Aike,2009,184,0.0
78,Santa Cruz,78007,Corpen Aike,2010,237,0.0
78,Santa Cruz,78007,Corpen Aike,2011,173,0.0
78,Santa Cruz,78007,Corpen Aike,2012,200,0.0
78,Santa Cruz,78007,Corpen Aike,2013,223,0.0
78,Santa Cruz,78007,Corpen Aike,2014,223,0.0
78,Santa Cruz,78007,Corpen Aike,2015,196,0.0
78,Santa Cruz,78007,Corpen Aike,2016,207,0.0
78,Santa Cruz,78007,Corpen Aike,2017,215,0.0
78,Santa Cruz,78007,Corpen Aike,2018,174,0.0
78,Santa Cruz,78007,Corpen Aike,2019,185,0.0
78,Santa Cruz,78007,Corpen Aike,2020,237,0.0
78,Santa Cruz,78007,Corpen Aike,2021,208,0.0
78,Santa Cruz,78007,Corpen Aike,2022,277,0.0
78,Santa Cruz,78007,Corpen Aike,2023,329,0.0
78,Santa Cruz,78007,Corpen Aike,2024,313,0.0
78,Santa Cruz,78014,Deseado,2000,1407,0.0
78,Santa Cruz,78014,Deseado,2001,1723,0.0
78,Santa Cruz,78014,Deseado,2002,2492,0.0
78,Santa Cruz,78014,Deseado,2003,2802,0.0
78,Santa Cruz,78014,Deseado,2004,2748,0.0
78,Santa Cruz,78014,Deseado,2005,2469,0.0
78,Santa Cruz,78014,Deseado,2006,2336,0.0
78,Santa Cruz,78014,Deseado,2007,3043,0.0
78,Santa Cruz,78014,Deseado,2008,2931,0.0
78,Santa Cruz,78014,Deseado,2009,2935,0.0
78,Santa Cruz,78014,Deseado,2010,2715,0.0
78,Santa Cruz,78014,Deseado,2011,3457,0.0
78,Santa Cruz,78014,Deseado,2012,3472,0.0
78,Santa Cruz,78014,Deseado,2013,3219,0.0
78,Santa Cruz,78014,Deseado,2014,3182,0.0
78,Santa Cruz,78014,Deseado,2015,3166,0.0
78,Santa Cruz,78014,Deseado,2016,3428,0.0
78,Santa Cruz,78014,Deseado,2017,3127,0.0
78,Santa Cruz,78014,Deseado,2018,3488,0.0
78,Santa Cruz,78014,Deseado,2019,3571,0.0
78,Santa Cruz,78014,Deseado,2020,2967,0.0
78,Santa Cruz,78014,Deseado,2021,3221,0.0
78,Santa Cruz,78014,Deseado,2022,3557,0.0
78,Santa Cruz,78014,Deseado,2023,3978,0.0
78,Santa Cruz,78014,Deseado,2024,3933,0.0
78,Santa Cruz,78021,Güer Aike,2000,2079,0.0
78,Santa Cruz,78021,Güer Aike,2001,2830,0.0
78,Santa Cruz,78021,Güer Aike,2002,3546,0.0
78,Santa Cruz,78021,Güer Aike,2003,3320,0.0
78,Santa Cruz,78021,Güer Aike,2004,2655,0.0
78,Santa Cruz,78021,Güer Aike,2005,2487,0.0
78,Santa Cruz,78021,Güer Aike,2006,2694,0.0
78,Santa Cruz,78021,Güer Aike,2007,2281,0.0
78,Santa Cruz,78021,Güer Aike,2008,2672,0.0
78,Santa Cruz,78021,Güer Aike,2009,2500,0.0
78,Santa Cruz,78021,Güer Aike,2010,3023,0.0
78,Santa Cruz,78021,Güer Aike,2011,2963,0.0
78,Santa Cruz,78021,Güer Aike,2012,2914,0.0
78,Santa Cruz,78021,Güer Aike,2013,2646,0.0
78,Santa Cruz,78021,Güer Aike,2014,2573,0.0
78,Santa Cruz,78021,Güer Aike,2015,2277,0.0
78,Santa Cruz,78021,Güer Aike,2016,2450,0.0
78,Santa Cruz,78021,Güer Aike,2017,2347,0.0
78,Santa Cruz,78021,Güer Aike,2018,2205,0.0
78,Santa Cruz,78021,Güer Aike,2019,2584,0.0
78,Santa Cruz,78021,Güer Aike,2020,2005,0.0
78,Santa Cruz,78021,Güer Aike,2021,2178,0.0
78,Santa Cruz,78021,Güer Aike,2022,2245,0.0
78,Santa Cruz,78021,Güer Aike,2023,2942,0.0
78,Santa Cruz,78021,Güer Aike,2024,2770,0.0
78,Santa Cruz,78028,Lago Argentino,2000,118,0.0
78,Santa Cruz,78028,Lago Argentino,2001,173,0.0
78,Santa Cruz,78028,Lago Argentino,2002,243,0.0
78,Santa Cruz,78028,Lago Argentino,2003,255,0.0
78,Santa Cruz,78028,Lago Argentino,2004,256,0.0
78,Santa Cruz,78028,Lago Argentino,2005,370,0.0
78,Santa Cruz,78028,Lago Argentino,2006,388,0.0
78,Santa Cruz,78028,Lago Argentino,2007,475,0.0
78,Santa Cruz,78028,Lago Argentino,2008,440,0.0
78,Santa Cruz,78028,Lago Argentino,2009,452,0.0
78,Santa Cruz,78028,Lago Argentino,2010,485,0.0
78,Santa Cruz,78028,Lago Argentino,2011,459,0.0
78,Santa Cruz,78028,Lago Argentino,2012,482,0.0
78,Santa Cruz,78028,Lago Argentino,2013,306,0.0
78,Santa Cruz,78028,Lago Argentino,2014,378,0.0
78,Santa Cruz,78028,Lago Argentino,2015,372,0.0
78,Santa Cruz,78028,Lago Argentino,2016,454,0.0
78,Santa Cruz,78028,Lago Argentino,2017,283,0.0
78,Santa Cruz,78028,Lago Argentino,2018,277,0.0
78,Santa Cruz,78028,Lago Argentino,2019,378,0.0
78,Santa Cruz,78028,Lago Argentino,2020,375,0.0
78,Santa Cruz,78028,Lago Argentino,2021,407,0.0
78,Santa Cruz,78028,Lago Argentino,2022,497,0.0
78,Santa Cruz,78028,Lago Argentino,2023,426,0.0
78,Santa Cruz,78028,Lago Argentino,2024,534,0.0
78,Santa Cruz,78035,Lago Buenos Aires,2000,96,0.0
78,Santa Cruz,78035,Lago Buenos Aires,2001,117,0.0
78,Santa Cruz,78035,Lago Buenos Aires,2002,160,0.0
78,Santa Cruz,78035,Lago Buenos Aires,2003,144,0.0
78,Santa Cruz,78035,Lago Buenos Aires,2004,145,0.0
78,Santa Cruz,78035,Lago Buenos Aires,2005,136,0.0
78,Santa Cruz,78035,Lago Buenos Aires,2006,106,0.0
78,Santa Cruz,78035,Lago Buenos Aires,2007,90,0.0
78,Santa Cruz,78035,Lago Buenos Aires,2008,186,0.0
78,Santa Cruz,78035,Lago Buenos Aires,2009,187,0.0
78,Santa Cruz,78035,Lago Buenos Aires,2010,151,0.0
78,Santa Cruz,78035,Lago Buenos Aires,2011,206,0.0
78,Santa Cruz,78035,Lago Buenos Aires,2012,115,0.0
78,Santa Cruz,78035,Lago Buenos Aires,2013,139,0.0
78,Santa Cruz,78035,Lago Buenos Aires,2014,167,0.0
78,Santa Cruz,78035,Lago Buenos Aires,2015,174,0.0
78,Santa Cruz,78035,Lago Buenos Aires,2016,198,0.0
78,Santa Cruz,78035,Lago Buenos Aires,2017,131,0.0
78,Santa Cruz,78035,Lago Buenos Aires,2018,141,0.0
78,Santa Cruz,78035,Lago Buenos Aires,2019,137,0.0
78,Santa Cruz,78035,Lago Buenos Aires,2020,142,0.0
78,Santa Cruz,78035,Lago Buenos Aires,2021,167,0.0
78,Santa Cruz,78035,Lago Buenos Aires,2022,237,0.0
78,Santa Cruz,78035,Lago Buenos Aires,2023,226,0.0
78,Santa Cruz,78035,Lago Buenos Aires,2024,303,0.0
78,Santa Cruz,78042,Magallanes,2000,185,0.0
78,Santa Cruz,78042,Magallanes,2001,132,0.0
78,Santa Cruz,78042,Magallanes,2002,205,0.0
78,Santa Cruz,78042,Magallanes,2003,247,0.0
78,Santa Cruz,78042,Magallanes,2004,215,0.0
78,Santa Cruz,78042,Magallanes,2005,145,0.0
78,Santa Cruz,78042,Magallanes,2006,165,0.0
78,Santa Cruz,78042,Magallanes,2007,169,0.0
78,Santa Cruz,78042,Magallanes,2008,178,0.0
78,Santa Cruz,78042,Magallanes,2009,178,0.0
78,Santa Cruz,78042,Magallanes,2010,106,0.0
78,Santa Cruz,78042,Magallanes,2011,171,0.0
78,Santa Cruz,78042,Magallanes,2012,153,0.0
78,Santa Cruz,78042,Magallanes,2013,236,0.0
78,Santa Cruz,78042,Magallanes,2014,180,0.0
78,Santa Cruz,78042,Magallanes,2015,148,0.0
78,Santa Cruz,78042,Magallanes,2016,202,0.0
78,Santa Cruz,78042,Magallanes,2017,193,0.0
78,Santa Cruz,78042,Magallanes,2018,226,0.0
78,Santa Cruz,78042,Magallanes,2019,206,0.0
78,Santa Cruz,78042,Magallanes,2020,204,0.0
78,Santa Cruz,78042,Magallanes,2021,252,0.0
78,Santa Cruz,78042,Magallanes,2022,270,0.0
78,Santa Cruz,78042,Magallanes,2023,293,0.0
78,Santa Cruz,78042,Magallanes,2024,285,0.0
78,Santa Cruz,78049,Río Chico,2000,55,0.0
78,Santa Cruz,78049,Río Chico,2001,56,0.0
78,Santa Cruz,78049,Río Chico,2002,77,0.0
78,Santa Cruz,78049,Río Chico,2003,62,0.0
78,Santa Cruz,78049,Río Chico,2004,63,0.0
78,Santa Cruz,78049,Río Chico,2005,80,0.0
78,Santa Cruz,78049,Río Chico,2006,54,0.0
78,Santa Cruz,78049,Río Chico,2007,102,0.0
78,Santa Cruz,78049,Río Chico,2008,102,0.0
78,Santa Cruz,78049,Río Chico,2009,110,0.0
78,Santa Cruz,78049,Río Chico,2010,104,0.0
78,Santa Cruz,78049,Río Chico,2011,144,0.0
78,Santa Cruz,78049,Río Chico,2012,103,0.0
78,Santa Cruz,78049,Río Chico,2013,150,0.0
78,Santa Cruz,78049,Río Chico,2014,87,0.0
78,Santa Cruz,78049,Río Chico,2015,103,0.0
78,Santa Cruz,78049,Río Chico,2016,96,0.0
78,Santa Cruz,78049,Río Chico,2017,58,0.0
78,Santa Cruz,78049,Río Chico,2018,103,0.0
78,Santa Cruz,78049,Río Chico,2019,103,0.0
78,Santa Cruz,78049,Río Chico,2020,81,0.0
78,Santa Cruz,78049,Río Chico,2021,93,0.0
78,Santa Cruz,78049,Río Chico,2022,78,0.0
78,Santa Cruz,78049,Río Chico,2023,88,0.0
78,Santa Cruz,78049,Río Chico,2024,93,0.0
78,Santa Cruz,78999,Departamento sin determinar,2000,14,0.0
78,Santa Cruz,78999,Departamento sin determinar,2001,21,0.0
78,Santa Cruz,78999,Departamento sin determinar,2002,30,0.0
78,Santa Cruz,78999,Departamento sin determinar,2003,368,0.0
78,Santa Cruz,78999,Departamento sin determinar,2004,187,0.0
78,Santa Cruz,78999,Departamento sin determinar,2005,41,0.0
78,Santa Cruz,78999,Departamento sin determinar,2006,9,0.0
78,Santa Cruz,78999,Departamento sin determinar,2007,17,0.0
78,Santa Cruz,78999,Departamento sin determinar,2008,21,0.0
78,Santa Cruz,78999,Departamento sin determinar,2009,1025,0.0
78,Santa Cruz,78999,Departamento sin determinar,2010,932,0.0
78,Santa Cruz,78999,Departamento sin determinar,2011,71,0.0
78,Santa Cruz,78999,Departamento sin determinar,2012,74,0.0
78,Santa Cruz,78999,Departamento sin determinar,2013,16,0.0
78,Santa Cruz,78999,Departamento sin determinar,2014,12,0.0
78,Santa Cruz,78999,Departamento sin determinar,2015,20,0.0
78,Santa Cruz,78999,Departamento sin determinar,2016,20,0.0
78,Santa Cruz,78999,Departamento sin determinar,2017,7,0.0
78,Santa Cruz,78999,Departamento sin determinar,2018,11,0.0
78,Santa Cruz,78999,Departamento sin determinar,2019,17,0.0
78,Santa Cruz,78999,Departamento sin determinar,2020,16,0.0
78,Santa Cruz,78999,Departamento sin determinar,2021,9,0.0
78,Santa Cruz,78999,Departamento sin determinar,2022,20,0.0
78,Santa Cruz,78999,Departamento sin determinar,2023,27,0.0
78,Santa Cruz,78999,Departamento sin determinar,2024,19,0.0
82,Santa Fe,82007,Belgrano,2000,214,0.0
82,Santa Fe,82007,Belgrano,2001,324,0.0
82,Santa Fe,82007,Belgrano,2002,558,0.0
82,Santa Fe,82007,Belgrano,2003,519,0.0
82,Santa Fe,82007,Belgrano,2004,377,0.0
82,Santa Fe,82007,Belgrano,2005,516,0.0
82,Santa Fe,82007,Belgrano,2006,535,0.0
82,Santa Fe,82007,Belgrano,2007,387,0.0
82,Santa Fe,82007,Belgrano,2008,360,0.0
82,Santa Fe,82007,Belgrano,2009,307,0.0
82,Santa Fe,82007,Belgrano,2010,266,0.0
82,Santa Fe,82007,Belgrano,2011,252,0.0
82,Santa Fe,82007,Belgrano,2012,348,0.0
82,Santa Fe,82007,Belgrano,2013,403,0.0
82,Santa Fe,82007,Belgrano,2014,295,0.0
82,Santa Fe,82007,Belgrano,2015,389,0.0
82,Santa Fe,82007,Belgrano,2016,297,0.0
82,Santa Fe,82007,Belgrano,2017,436,0.0
82,Santa Fe,82007,Belgrano,2018,598,0.0
82,Santa Fe,82007,Belgrano,2019,516,0.0
82,Santa Fe,82007,Belgrano,2020,463,0.0
82,Santa Fe,82007,Belgrano,2021,560,0.0
82,Santa Fe,82007,Belgrano,2022,1096,0.0
82,Santa Fe,82007,Belgrano,2023,1219,0.0
82,Santa Fe,82007,Belgrano,2024,895,0.0
82,Santa Fe,82014,Caseros,2000,956,0.0
82,Santa Fe,82014,Caseros,2001,1077,0.0
82,Santa Fe,82014,Caseros,2002,1656,0.0
82,Santa Fe,82014,Caseros,2003,1709,0.0
82,Santa Fe,82014,Caseros,2004,1494,0.0
82,Santa Fe,82014,Caseros,2005,1491,0.0
82,Santa Fe,82014,Caseros,2006,1257,0.0
82,Santa Fe,82014,Caseros,2007,1205,0.0
82,Santa Fe,82014,Caseros,2008,1119,0.0
82,Santa Fe,82014,Caseros,2009,1434,0.0
82,Santa Fe,82014,Caseros,2010,1128,0.0
82,Santa Fe,82014,Caseros,2011,943,0.0
82,Santa Fe,82014,Caseros,2012,896,0.0
82,Santa Fe,82014,Caseros,2013,949,0.0
82,Santa Fe,82014,Caseros,2014,1107,0.0
82,Santa Fe,82014,Caseros,2015,845,0.0
82,Santa Fe,82014,Caseros,2016,785,0.0
82,Santa Fe,82014,Caseros,2017,946,0.0
82,Santa Fe,82014,Caseros,2018,1154,0.0
82,Santa Fe,82014,Caseros,2019,1028,0.0
82,Santa Fe,82014,Caseros,2020,824,0.0
82,Santa Fe,82014,Caseros,2021,1442,0.0
82,Santa Fe,82014,Caseros,2022,1237,0.0
82,Santa Fe,82014,Caseros,2023,1850,0.0
82,Santa Fe,82014,Caseros,2024,2091,0.0
82,Santa Fe,82021,Castellanos,2000,2446,0.0
82,Santa Fe,82021,Castellanos,2001,1911,0.0
82,Santa Fe,82021,Castellanos,2002,2068,0.0
82,Santa Fe,82021,Castellanos,2003,2202,0.0
82,Santa Fe,82021,Castellanos,2004,2681,0.0
82,Santa Fe,82021,Castellanos,2005,2519,0.0
82,Santa Fe,82021,Castellanos,2006,2398,0.0
82,Santa Fe,82021,Castellanos,2007,2153,0.0
82,Santa Fe,82021,Castellanos,2008,2201,0.0
82,Santa Fe,82021,Castellanos,2009,2221,0.0
82,Santa Fe,82021,Castellanos,2010,2170,0.0
82,Santa Fe,82021,Castellanos,2011,2395,0.0
82,Santa Fe,82021,Castellanos,2012,3083,0.0
82,Santa Fe,82021,Castellanos,2013,2621,0.0
82,Santa Fe,82021,Castellanos,2014,2528,0.0
82,Santa Fe,82021,Castellanos,2015,4041,0.0
82,Santa Fe,82021,Castellanos,2016,4602,0.0
82,Santa Fe,82021,Castellanos,2017,3989,0.0
82,Santa Fe,82021,Castellanos,2018,4206,0.0
82,Santa Fe,82021,Castellanos,2019,4751,0.0
82,Santa Fe,82021,Castellanos,2020,3761,0.0
82,Santa Fe,82021,Castellanos,2021,3591,0.0
82,Santa Fe,82021,Castellanos,2022,3784,0.0
82,Santa Fe,82021,Castellanos,2023,5299,0.0
82,Santa Fe,82021,Castellanos,2024,5319,0.0
82,Santa Fe,82028,Constitución,2000,1279,0.0
82,Santa Fe,82028,Constitución,2001,1406,0.0
82,Santa Fe,82028,Constitución,2002,1361,0.0
82,Santa Fe,82028,Constitución,2003,1156,0.0
82,Santa Fe,82028,Constitución,2004,1299,0.0
82,Santa Fe,82028,Constitución,2005,1047,0.0
82,Santa Fe,82028,Constitución,2006,847,0.0
82,Santa Fe,82028,Constitución,2007,1087,0.0
82,Santa Fe,82028,Constitución,2008,1161,0.0
82,Santa Fe,82028,Constitución,2009,1097,0.0
82,Santa Fe,82028,Constitución,2010,1027,0.0
82,Santa Fe,82028,Constitución,2011,821,0.0
82,Santa Fe,82028,Constitución,2012,1042,0.0
82,Santa Fe,82028,Constitución,2013,898,0.0
82,Santa Fe,82028,Constitución,2014,1237,0.0
82,Santa Fe,82028,Constitución,2015,1301,0.0
82,Santa Fe,82028,Constitución,2016,1473,0.0
82,Santa Fe,82028,Constitución,2017,813,0.0
82,Santa Fe,82028,Constitución,2018,1125,0.0
82,Santa Fe,82028,Constitución,2019,1128,0.0
82,Santa Fe,82028,Constitución,2020,973,0.0
82,Santa Fe,82028,Constitución,2021,1279,0.0
82,Santa Fe,82028,Constitución,2022,1584,0.0
82,Santa Fe,82028,Constitución,2023,1786,0.0
82,Santa Fe,82028,Constitución,2024,1853,0.0
82,Santa Fe,82035,Garay,2000,230,0.0
82,Santa Fe,82035,Garay,2001,277,0.0
82,Santa Fe,82035,Garay,2002,571,0.0
82,Santa Fe,82035,Garay,2003,348,0.0
82,Santa Fe,82035,Garay,2004,291,0.0
82,Santa Fe,82035,Garay,2005,362,0.0
82,Santa Fe,82035,Garay,2006,376,0.0
82,Santa Fe,82035,Garay,2007,343,0.0
82,Santa Fe,82035,Garay,2008,356,0.0
82,Santa Fe,82035,Garay,2009,287,0.0
82,Santa Fe,82035,Garay,2010,324,0.0
82,Santa Fe,82035,Garay,2011,317,0.0
82,Santa Fe,82035,Garay,2012,419,0.0
82,Santa Fe,82035,Garay,2013,387,0.0
82,Santa Fe,82035,Garay,2014,476,0.0
82,Santa Fe,82035,Garay,2015,492,0.0
82,Santa Fe,82035,Garay,2016,467,0.0
82,Santa Fe,82035,Garay,2017,430,0.0
82,Santa Fe,82035,Garay,2018,455,0.0
82,Santa Fe,82035,Garay,2019,545,0.0
82,Santa Fe,82035,Garay,2020,430,0.0
82,Santa Fe,82035,Garay,2021,479,0.0
82,Santa Fe,82035,Garay,2022,404,0.0
82,Santa Fe,82035,Garay,2023,497,0.0
82,Santa Fe,82035,Garay,2024,662,0.0
82,Santa Fe,82042,General López,2000,1733,0.0
82,Santa Fe,82042,General López,2001,1552,0.0
82,Santa Fe,82042,General López,2002,2121,0.0
82,Santa Fe,82042,General López,2003,1953,0.0
82,Santa Fe,82042,General López,2004,1861,0.0
82,Santa Fe,82042,General López,2005,1912,0.0
82,Santa Fe,82042,General López,2006,1825,0.0
82,Santa Fe,82042,General López,2007,1775,0.0
82,Santa Fe,82042,General López,2008,1983,0.0
82,Santa Fe,82042,General López,2009,2241,0.0
82,Santa Fe,82042,General López,2010,1620,0.0
82,Santa Fe,82042,General López,2011,1625,0.0
82,Santa Fe,82042,General López,2012,2206,0.0
82,Santa Fe,82042,General López,2013,2077,0.0
82,Santa Fe,82042,General López,2014,2137,0.0
82,Santa Fe,82042,General López,2015,1460,0.0
82,Santa Fe,82042,General López,2016,1854,0.0
82,Santa Fe,82042,General López,2017,1491,0.0
82,Santa Fe,82042,General López,2018,1567,0.0
82,Santa Fe,82042,General López,2019,1268,0.0
82,Santa Fe,82042,General López,2020,847,0.0
82,Santa Fe,82042,General López,2021,572,0.0
82,Santa Fe,82042,General López,2022,673,0.0
82,Santa Fe,82042,General López,2023,934,0.0
82,Santa Fe,82042,General López,2024,1391,0.0
82,Santa Fe,82049,General Obligado,2000,1167,0.0
82,Santa Fe,82049,General Obligado,2001,1572,0.0
82,Santa Fe,82049,General Obligado,2002,3049,0.0
82,Santa Fe,82049,General Obligado,2003,2843,0.0
82,Santa Fe,82049,General Obligado,2004,2137,0.0
82,Santa Fe,82049,General Obligado,2005,2356,0.0
82,Santa Fe,82049,General Obligado,2006,1803,0.0
82,Santa Fe,82049,General Obligado,2007,1432,0.0
82,Santa Fe,82049,General Obligado,2008,1528,0.0
82,Santa Fe,82049,General Obligado,2009,1229,0.0
82,Santa Fe,82049,General Obligado,2010,1331,0.0
82,Santa Fe,82049,General Obligado,2011,1023,0.0
82,Santa Fe,82049,General Obligado,2012,1235,0.0
82,Santa Fe,82049,General Obligado,2013,1284,0.0
82,Santa Fe,82049,General Obligado,2014,1726,0.0
82,Santa Fe,82049,General Obligado,2015,1599,0.0
82,Santa Fe,82049,General Obligado,2016,1582,0.0
82,Santa Fe,82049,General Obligado,2017,1453,0.0
82,Santa Fe,82049,General Obligado,2018,1996,0.0
82,Santa Fe,82049,General Obligado,2019,2168,0.0
82,Santa Fe,82049,General Obligado,2020,1936,0.0
82,Santa Fe,82049,General Obligado,2021,2297,0.0
82,Santa Fe,82049,General Obligado,2022,2441,0.0
82,Santa Fe,82049,General Obligado,2023,2910,0.0
82,Santa Fe,82049,General Obligado,2024,4201,0.0
82,Santa Fe,82056,Iriondo,2000,1046,0.0
82,Santa Fe,82056,Iriondo,2001,795,0.0
82,Santa Fe,82056,Iriondo,2002,1522,0.0
82,Santa Fe,82056,Iriondo,2003,1358,0.0
82,Santa Fe,82056,Iriondo,2004,1384,0.0
82,Santa Fe,82056,Iriondo,2005,1218,0.0
82,Santa Fe,82056,Iriondo,2006,1220,0.0
82,Santa Fe,82056,Iriondo,2007,1043,0.0
82,Santa Fe,82056,Iriondo,2008,1082,0.0
82,Santa Fe,82056,Iriondo,2009,865,0.0
82,Santa Fe,82056,Iriondo,2010,1055,0.0
82,Santa Fe,82056,Iriondo,2011,1022,0.0
82,Santa Fe,82056,Iriondo,2012,1142,0.0
82,Santa Fe,82056,Iriondo,2013,1037,0.0
82,Santa Fe,82056,Iriondo,2014,1328,0.0
82,Santa Fe,82056,Iriondo,2015,1366,0.0
82,Santa Fe,82056,Iriondo,2016,1376,0.0
82,Santa Fe,82056,Iriondo,2017,1600,0.0
82,Santa Fe,82056,Iriondo,2018,1663,0.0
82,Santa Fe,82056,Iriondo,2019,1581,0.0
82,Santa Fe,82056,Iriondo,2020,1123,0.0
82,Santa Fe,82056,Iriondo,2021,1208,0.0
82,Santa Fe,82056,Iriondo,2022,1292,0.0
82,Santa Fe,82056,Iriondo,2023,1119,0.0
82,Santa Fe,82056,Iriondo,2024,991,0.0
82,Santa Fe,82063,La Capital,2000,14522,0.0
82,Santa Fe,82063,La Capital,2001,15104,0.0
82,Santa Fe,82063,La Capital,2002,17607,0.0
82,Santa Fe,82063,La Capital,2003,15842,0.0
82,Santa Fe,82063,La Capital,2004,15519,0.0
82,Santa Fe,82063,La Capital,2005,14263,0.0
82,Santa Fe,82063,La Capital,2006,12164,0.0
82,Santa Fe,82063,La Capital,2007,11488,0.0
82,Santa Fe,82063,La Capital,2008,11682,0.0
82,Santa Fe,82063,La Capital,2009,11487,0.0
82,Santa Fe,82063,La Capital,2010,11629,0.0
82,Santa Fe,82063,La Capital,2011,11167,0.0
82,Santa Fe,82063,La Capital,2012,12945,0.0
82,Santa Fe,82063,La Capital,2013,10944,0.0
82,Santa Fe,82063,La Capital,2014,11564,0.0
82,Santa Fe,82063,La Capital,2015,11138,0.0
82,Santa Fe,82063,La Capital,2016,11951,0.0
82,Santa Fe,82063,La Capital,2017,10625,0.0
82,Santa Fe,82063,La Capital,2018,13534,0.0
82,Santa Fe,82063,La Capital,2019,14505,0.0
82,Santa Fe,82063,La Capital,2020,10690,0.0
82,Santa Fe,82063,La Capital,2021,13163,0.0
82,Santa Fe,82063,La Capital,2022,13547,0.0
82,Santa Fe,82063,La Capital,2023,17928,0.0
82,Santa Fe,82063,La Capital,2024,15982,0.0
82,Santa Fe,82070,Las Colonias,2000,819,0.0
82,Santa Fe,82070,Las Colonias,2001,853,0.0
82,Santa Fe,82070,Las Colonias,2002,1281,0.0
82,Santa Fe,82070,Las Colonias,2003,1160,0.0
82,Santa Fe,82070,Las Colonias,2004,935,0.0
82,Santa Fe,82070,Las Colonias,2005,924,0.0
82,Santa Fe,82070,Las Colonias,2006,949,0.0
82,Santa Fe,82070,Las Colonias,2007,976,0.0
82,Santa Fe,82070,Las Colonias,2008,1068,0.0
82,Santa Fe,82070,Las Colonias,2009,997,0.0
82,Santa Fe,82070,Las Colonias,2010,892,0.0
82,Santa Fe,82070,Las Colonias,2011,953,0.0
82,Santa Fe,82070,Las Colonias,2012,942,0.0
82,Santa Fe,82070,Las Colonias,2013,905,0.0
82,Santa Fe,82070,Las Colonias,2014,866,0.0
82,Santa Fe,82070,Las Colonias,2015,830,0.0
82,Santa Fe,82070,Las Colonias,2016,1154,0.0
82,Santa Fe,82070,Las Colonias,2017,1288,0.0
82,Santa Fe,82070,Las Colonias,2018,1485,0.0
82,Santa Fe,82070,Las Colonias,2019,1921,0.0
82,Santa Fe,82070,Las Colonias,2020,1292,0.0
82,Santa Fe,82070,Las Colonias,2021,1539,0.0
82,Santa Fe,82070,Las Colonias,2022,1448,0.0
82,Santa Fe,82070,Las Colonias,2023,1926,0.0
82,Santa Fe,82070,Las Colonias,2024,2054,0.0
82,Santa Fe,82077,9 de Julio,2000,332,0.0
82,Santa Fe,82077,9 de Julio,2001,419,0.0
82,Santa Fe,82077,9 de Julio,2002,525,0.0
82,Santa Fe,82077,9 de Julio,2003,382,0.0
82,Santa Fe,82077,9 de Julio,2004,289,0.0
82,Santa Fe,82077,9 de Julio,2005,256,0.0
82,Santa Fe,82077,9 de Julio,2006,288,0.0
82,Santa Fe,82077,9 de Julio,2007,322,0.0
82,Santa Fe,82077,9 de Julio,2008,286,0.0
82,Santa Fe,82077,9 de Julio,2009,349,0.0
82,Santa Fe,82077,9 de Julio,2010,221,0.0
82,Santa Fe,82077,9 de Julio,2011,210,0.0
82,Santa Fe,82077,9 de Julio,2012,257,0.0
82,Santa Fe,82077,9 de Julio,2013,274,0.0
82,Santa Fe,82077,9 de Julio,2014,407,0.0
82,Santa Fe,82077,9 de Julio,2015,303,0.0
82,Santa Fe,82077,9 de Julio,2016,359,0.0
82,Santa Fe,82077,9 de Julio,2017,395,0.0
82,Santa Fe,82077,9 de Julio,2018,432,0.0
82,Santa Fe,82077,9 de Julio,2019,527,0.0
82,Santa Fe,82077,9 de Julio,2020,525,0.0
82,Santa Fe,82077,9 de Julio,2021,576,0.0
82,Santa Fe,82077,9 de Julio,2022,645,0.0
82,Santa Fe,82077,9 de Julio,2023,1207,0.0
82,Santa Fe,82077,9 de Julio,2024,1282,0.0
82,Santa Fe,82084,Rosario,2000,21233,0.0
82,Santa Fe,82084,Rosario,2001,25233,0.0
82,Santa Fe,82084,Rosario,2002,27715,0.0
82,Santa Fe,82084,Rosario,2003,26553,0.0
82,Santa Fe,82084,Rosario,2004,29278,0.0
82,Santa Fe,82084,Rosario,2005,36224,0.0
82,Santa Fe,82084,Rosario,2006,32634,0.0
82,Santa Fe,82084,Rosario,2007,34674,0.0
82,Santa Fe,82084,Rosario,2008,36392,0.0
82,Santa Fe,82084,Rosario,2009,41235,0.0
82,Santa Fe,82084,Rosario,2010,40990,0.0
82,Santa Fe,82084,Rosario,2011,42415,0.0
82,Santa Fe,82084,Rosario,2012,41665,0.0
82,Santa Fe,82084,Rosario,2013,42199,0.0
82,Santa Fe,82084,Rosario,2014,39779,0.0
82,Santa Fe,82084,Rosario,2015,40657,0.0
82,Santa Fe,82084,Rosario,2016,36970,0.0
82,Santa Fe,82084,Rosario,2017,34329,0.0
82,Santa Fe,82084,Rosario,2018,35428,0.0
82,Santa Fe,82084,Rosario,2019,33506,0.0
82,Santa Fe,82084,Rosario,2020,28562,0.0
82,Santa Fe,82084,Rosario,2021,30195,0.0
82,Santa Fe,82084,Rosario,2022,31361,0.0
82,Santa Fe,82084,Rosario,2023,33733,0.0
82,Santa Fe,82084,Rosario,2024,29995,0.0
82,Santa Fe,82091,San Cristóbal,2000,682,0.0
82,Santa Fe,82091,San Cristóbal,2001,690,0.0
82,Santa Fe,82091,San Cristóbal,2002,960,0.0
82,Santa Fe,82091,San Cristóbal,2003,879,0.0
82,Santa Fe,82091,San Cristóbal,2004,673,0.0
82,Santa Fe,82091,San Cristóbal,2005,640,0.0
82,Santa Fe,82091,San Cristóbal,2006,623,0.0
82,Santa Fe,82091,San Cristóbal,2007,555,0.0
82,Santa Fe,82091,San Cristóbal,2008,506,0.0
82,Santa Fe,82091,San Cristóbal,2009,444,0.0
82,Santa Fe,82091,San Cristóbal,2010,432,0.0
82,Santa Fe,82091,San Cristóbal,2011,336,0.0
82,Santa Fe,82091,San Cristóbal,2012,416,0.0
82,Santa Fe,82091,San Cristóbal,2013,506,0.0
82,Santa Fe,82091,San Cristóbal,2014,593,0.0
82,Santa Fe,82091,San Cristóbal,2015,326,0.0
82,Santa Fe,82091,San Cristóbal,2016,499,0.0
82,Santa Fe,82091,San Cristóbal,2017,400,0.0
82,Santa Fe,82091,San Cristóbal,2018,482,0.0
82,Santa Fe,82091,San Cristóbal,2019,520,0.0
82,Santa Fe,82091,San Cristóbal,2020,473,0.0
82,Santa Fe,82091,San Cristóbal,2021,566,0.0
82,Santa Fe,82091,San Cristóbal,2022,529,0.0
82,Santa Fe,82091,San Cristóbal,2023,1068,0.0
82,Santa Fe,82091,San Cristóbal,2024,1208,0.0
82,Santa Fe,82098,San Javier,2000,450,0.0
82,Santa Fe,82098,San Javier,2001,473,0.0
82,Santa Fe,82098,San Javier,2002,604,0.0
82,Santa Fe,82098,San Javier,2003,601,0.0
82,Santa Fe,82098,San Javier,2004,710,0.0
82,Santa Fe,82098,San Javier,2005,638,0.0
82,Santa Fe,82098,San Javier,2006,709,0.0
82,Santa Fe,82098,San Javier,2007,576,0.0
82,Santa Fe,82098,San Javier,2008,545,0.0
82,Santa Fe,82098,San Javier,2009,698,0.0
82,Santa Fe,82098,San Javier,2010,705,0.0
82,Santa Fe,82098,San Javier,2011,570,0.0
82,Santa Fe,82098,San Javier,2012,633,0.0
82,Santa Fe,82098,San Javier,2013,565,0.0
82,Santa Fe,82098,San Javier,2014,701,0.0
82,Santa Fe,82098,San Javier,2015,533,0.0
82,Santa Fe,82098,San Javier,2016,575,0.0
82,Santa Fe,82098,San Javier,2017,709,0.0
82,Santa Fe,82098,San Javier,2018,783,0.0
82,Santa Fe,82098,San Javier,2019,649,0.0
82,Santa Fe,82098,San Javier,2020,544,0.0
82,Santa Fe,82098,San Javier,2021,626,0.0
82,Santa Fe,82098,San Javier,2022,696,0.0
82,Santa Fe,82098,San Javier,2023,825,0.0
82,Santa Fe,82098,San Javier,2024,802,0.0
82,Santa Fe,82105,San Jerónimo,2000,1087,0.0
82,Santa Fe,82105,San Jerónimo,2001,1096,0.0
82,Santa Fe,82105,San Jerónimo,2002,1381,0.0
82,Santa Fe,82105,San Jerónimo,2003,1257,0.0
82,Santa Fe,82105,San Jerónimo,2004,1136,0.0
82,Santa Fe,82105,San Jerónimo,2005,1047,0.0
82,Santa Fe,82105,San Jerónimo,2006,1169,0.0
82,Santa Fe,82105,San Jerónimo,2007,1241,0.0
82,Santa Fe,82105,San Jerónimo,2008,1213,0.0
82,Santa Fe,82105,San Jerónimo,2009,1194,0.0
82,Santa Fe,82105,San Jerónimo,2010,1287,0.0
82,Santa Fe,82105,San Jerónimo,2011,1210,0.0
82,Santa Fe,82105,San Jerónimo,2012,975,0.0
82,Santa Fe,82105,San Jerónimo,2013,1140,0.0
82,Santa Fe,82105,San Jerónimo,2014,1355,0.0
82,Santa Fe,82105,San Jerónimo,2015,1405,0.0
82,Santa Fe,82105,San Jerónimo,2016,1142,0.0
82,Santa Fe,82105,San Jerónimo,2017,967,0.0
82,Santa Fe,82105,San Jerónimo,2018,1441,0.0
82,Santa Fe,82105,San Jerónimo,2019,1396,0.0
82,Santa Fe,82105,San Jerónimo,2020,1209,0.0
82,Santa Fe,82105,San Jerónimo,2021,1526,0.0
82,Santa Fe,82105,San Jerónimo,2022,1492,0.0
82,Santa Fe,82105,San Jerónimo,2023,2021,0.0
82,Santa Fe,82105,San Jerónimo,2024,2136,0.0
82,Santa Fe,82112,San Justo,2000,521,0.0
82,Santa Fe,82112,San Justo,2001,601,0.0
82,Santa Fe,82112,San Justo,2002,998,0.0
82,Santa Fe,82112,San Justo,2003,719,0.0
82,Santa Fe,82112,San Justo,2004,734,0.0
82,Santa Fe,82112,San Justo,2005,649,0.0
82,Santa Fe,82112,San Justo,2006,598,0.0
82,Santa Fe,82112,San Justo,2007,554,0.0
82,Santa Fe,82112,San Justo,2008,574,0.0
82,Santa Fe,82112,San Justo,2009,707,0.0
82,Santa Fe,82112,San Justo,2010,829,0.0
82,Santa Fe,82112,San Justo,2011,659,0.0
82,Santa Fe,82112,San Justo,2012,744,0.0
82,Santa Fe,82112,San Justo,2013,1028,0.0
82,Santa Fe,82112,San Justo,2014,954,0.0
82,Santa Fe,82112,San Justo,2015,775,0.0
82,Santa Fe,82112,San Justo,2016,785,0.0
82,Santa Fe,82112,San Justo,2017,617,0.0
82,Santa Fe,82112,San Justo,2018,647,0.0
82,Santa Fe,82112,San Justo,2019,591,0.0
82,Santa Fe,82112,San Justo,2020,529,0.0
82,Santa Fe,82112,San Justo,2021,702,0.0
82,Santa Fe,82112,San Justo,2022,724,0.0
82,Santa Fe,82112,San Justo,2023,1036,0.0
82,Santa Fe,82112,San Justo,2024,1050,0.0
82,Santa Fe,82119,San Lorenzo,2000,2402,0.0
82,Santa Fe,82119,San Lorenzo,2001,2209,0.0
82,Santa Fe,82119,San Lorenzo,2002,3094,0.0
82,Santa Fe,82119,San Lorenzo,2003,2949,0.0
82,Santa Fe,82119,San Lorenzo,2004,2631,0.0
82,Santa Fe,82119,San Lorenzo,2005,2566,0.0
82,Santa Fe,82119,San Lorenzo,2006,2402,0.0
82,Santa Fe,82119,San Lorenzo,2007,1938,0.0
82,Santa Fe,82119,San Lorenzo,2008,2256,0.0
82,Santa Fe,82119,San Lorenzo,2009,2967,0.0
82,Santa Fe,82119,San Lorenzo,2010,2672,0.0
82,Santa Fe,82119,San Lorenzo,2011,2519,0.0
82,Santa Fe,82119,San Lorenzo,2012,2552,0.0
82,Santa Fe,82119,San Lorenzo,2013,2941,0.0
82,Santa Fe,82119,San Lorenzo,2014,2434,0.0
82,Santa Fe,82119,San Lorenzo,2015,1992,0.0
82,Santa Fe,82119,San Lorenzo,2016,2431,0.0
82,Santa Fe,82119,San Lorenzo,2017,2661,0.0
82,Santa Fe,82119,San Lorenzo,2018,3659,0.0
82,Santa Fe,82119,San Lorenzo,2019,4577,0.0
82,Santa Fe,82119,San Lorenzo,2020,3759,0.0
82,Santa Fe,82119,San Lorenzo,2021,4424,0.0
82,Santa Fe,82119,San Lorenzo,2022,6043,0.0
82,Santa Fe,82119,San Lorenzo,2023,6775,0.0
82,Santa Fe,82119,San Lorenzo,2024,6069,0.0
82,Santa Fe,82126,San Martín,2000,588,0.0
82,Santa Fe,82126,San Martín,2001,567,0.0
82,Santa Fe,82126,San Martín,2002,893,0.0
82,Santa Fe,82126,San Martín,2003,914,0.0
82,Santa Fe,82126,San Martín,2004,625,0.0
82,Santa Fe,82126,San Martín,2005,678,0.0
82,Santa Fe,82126,San Martín,2006,566,0.0
82,Santa Fe,82126,San Martín,2007,486,0.0
82,Santa Fe,82126,San Martín,2008,426,0.0
82,Santa Fe,82126,San Martín,2009,474,0.0
82,Santa Fe,82126,San Martín,2010,465,0.0
82,Santa Fe,82126,San Martín,2011,438,0.0
82,Santa Fe,82126,San Martín,2012,388,0.0
82,Santa Fe,82126,San Martín,2013,406,0.0
82,Santa Fe,82126,San Martín,2014,402,0.0
82,Santa Fe,82126,San Martín,2015,437,0.0
82,Santa Fe,82126,San Martín,2016,571,0.0
82,Santa Fe,82126,San Martín,2017,647,0.0
82,Santa Fe,82126,San Martín,2018,597,0.0
82,Santa Fe,82126,San Martín,2019,577,0.0
82,Santa Fe,82126,San Martín,2020,606,0.0
82,Santa Fe,82126,San Martín,2021,851,0.0
82,Santa Fe,82126,San Martín,2022,883,0.0
82,Santa Fe,82126,San Martín,2023,1087,0.0
82,Santa Fe,82126,San Martín,2024,1141,0.0
82,Santa Fe,82133,Vera,2000,1050,0.0
82,Santa Fe,82133,Vera,2001,1117,0.0
82,Santa Fe,82133,Vera,2002,1669,0.0
82,Santa Fe,82133,Vera,2003,1582,0.0
82,Santa Fe,82133,Vera,2004,1314,0.0
82,Santa Fe,82133,Vera,2005,1273,0.0
82,Santa Fe,82133,Vera,2006,1102,0.0
82,Santa Fe,82133,Vera,2007,1031,0.0
82,Santa Fe,82133,Vera,2008,983,0.0
82,Santa Fe,82133,Vera,2009,1108,0.0
82,Santa Fe,82133,Vera,2010,1051,0.0
82,Santa Fe,82133,Vera,2011,897,0.0
82,Santa Fe,82133,Vera,2012,951,0.0
82,Santa Fe,82133,Vera,2013,553,0.0
82,Santa Fe,82133,Vera,2014,634,0.0
82,Santa Fe,82133,Vera,2015,600,0.0
82,Santa Fe,82133,Vera,2016,475,0.0
82,Santa Fe,82133,Vera,2017,300,0.0
82,Santa Fe,82133,Vera,2018,349,0.0
82,Santa Fe,82133,Vera,2019,485,0.0
82,Santa Fe,82133,Vera,2020,468,0.0
82,Santa Fe,82133,Vera,2021,427,0.0
82,Santa Fe,82133,Vera,2022,604,0.0
82,Santa Fe,82133,Vera,2023,843,0.0
82,Santa Fe,82133,Vera,2024,1004,0.0
82,Santa Fe,82999,Departamento sin determinar,2000,40,0.0
82,Santa Fe,82999,Departamento sin determinar,2001,60,0.0
82,Santa Fe,82999,Departamento sin determinar,2002,105,0.0
82,Santa Fe,82999,Departamento sin determinar,2003,116,0.0
82,Santa Fe,82999,Departamento sin determinar,2004,150,0.0
82,Santa Fe,82999,Departamento sin determinar,2005,264,0.0
82,Santa Fe,82999,Departamento sin determinar,2006,154,0.0
82,Santa Fe,82999,Departamento sin determinar,2007,125,0.0
82,Santa Fe,82999,Departamento sin determinar,2008,115,0.0
82,Santa Fe,82999,Departamento sin determinar,2009,123,0.0
82,Santa Fe,82999,Departamento sin determinar,2010,114,0.0
82,Santa Fe,82999,Departamento sin determinar,2011,85,0.0
82,Santa Fe,82999,Departamento sin determinar,2012,98,0.0
82,Santa Fe,82999,Departamento sin determinar,2013,100,0.0
82,Santa Fe,82999,Departamento sin determinar,2014,94,0.0
82,Santa Fe,82999,Departamento sin determinar,2015,78,0.0
82,Santa Fe,82999,Departamento sin determinar,2016,210,0.0
82,Santa Fe,82999,Departamento sin determinar,2017,233,0.0
82,Santa Fe,82999,Departamento sin determinar,2018,149,0.0
82,Santa Fe,82999,Departamento sin determinar,2019,264,0.0
82,Santa Fe,82999,Departamento sin determinar,2020,101,0.0
82,Santa Fe,82999,Departamento sin determinar,2021,106,0.0
82,Santa Fe,82999,Departamento sin determinar,2022,144,0.0
82,Santa Fe,82999,Departamento sin determinar,2023,179,0.0
82,Santa Fe,82999,Departamento sin determinar,2024,181,0.0
86,Santiago del Estero,86007,Aguirre,2000,94,0.0
86,Santiago del Estero,86007,Aguirre,2001,95,0.0
86,Santiago del Estero,86007,Aguirre,2002,73,0.0
86,Santiago del Estero,86007,Aguirre,2003,71,0.0
86,Santiago del Estero,86007,Aguirre,2004,74,0.0
86,Santiago del Estero,86007,Aguirre,2005,66,0.0
86,Santiago del Estero,86007,Aguirre,2006,87,0.0
86,Santiago del Estero,86007,Aguirre,2007,49,0.0
86,Santiago del Estero,86007,Aguirre,2008,48,0.0
86,Santiago del Estero,86007,Aguirre,2009,28,0.0
86,Santiago del Estero,86007,Aguirre,2010,36,0.0
86,Santiago del Estero,86007,Aguirre,2011,20,0.0
86,Santiago del Estero,86007,Aguirre,2012,43,0.0
86,Santiago del Estero,86007,Aguirre,2013,50,0.0
86,Santiago del Estero,86007,Aguirre,2014,89,0.0
86,Santiago del Estero,86007,Aguirre,2015,132,0.0
86,Santiago del Estero,86007,Aguirre,2016,131,0.0
86,Santiago del Estero,86007,Aguirre,2017,100,0.0
86,Santiago del Estero,86007,Aguirre,2018,135,0.0
86,Santiago del Estero,86007,Aguirre,2019,141,0.0
86,Santiago del Estero,86007,Aguirre,2020,128,0.0
86,Santiago del Estero,86007,Aguirre,2021,172,0.0
86,Santiago del Estero,86007,Aguirre,2022,189,0.0
86,Santiago del Estero,86007,Aguirre,2023,168,0.0
86,Santiago del Estero,86007,Aguirre,2024,143,0.0
86,Santiago del Estero,86014,Alberdi,2000,51,0.0
86,Santiago del Estero,86014,Alberdi,2001,44,0.0
86,Santiago del Estero,86014,Alberdi,2002,80,0.0
86,Santiago del Estero,86014,Alberdi,2003,90,0.0
86,Santiago del Estero,86014,Alberdi,2004,131,0.0
86,Santiago del Estero,86014,Alberdi,2005,97,0.0
86,Santiago del Estero,86014,Alberdi,2006,99,0.0
86,Santiago del Estero,86014,Alberdi,2007,70,0.0
86,Santiago del Estero,86014,Alberdi,2008,71,0.0
86,Santiago del Estero,86014,Alberdi,2009,56,0.0
86,Santiago del Estero,86014,Alberdi,2010,18,0.0
86,Santiago del Estero,86014,Alberdi,2011,57,0.0
86,Santiago del Estero,86014,Alberdi,2012,23,0.0
86,Santiago del Estero,86014,Alberdi,2013,32,0.0
86,Santiago del Estero,86014,Alberdi,2014,45,0.0
86,Santiago del Estero,86014,Alberdi,2015,56,0.0
86,Santiago del Estero,86014,Alberdi,2016,115,0.0
86,Santiago del Estero,86014,Alberdi,2017,113,0.0
86,Santiago del Estero,86014,Alberdi,2018,131,0.0
86,Santiago del Estero,86014,Alberdi,2019,219,0.0
86,Santiago del Estero,86014,Alberdi,2020,149,0.0
86,Santiago del Estero,86014,Alberdi,2021,178,0.0
86,Santiago del Estero,86014,Alberdi,2022,123,0.0
86,Santiago del Estero,86014,Alberdi,2023,107,0.0
86,Santiago del Estero,86014,Alberdi,2024,165,0.0
86,Santiago del Estero,86021,Atamisqui,2000,44,0.0
86,Santiago del Estero,86021,Atamisqui,2001,48,0.0
86,Santiago del Estero,86021,Atamisqui,2002,99,0.0
86,Santiago del Estero,86021,Atamisqui,2003,97,0.0
86,Santiago del Estero,86021,Atamisqui,2004,66,0.0
86,Santiago del Estero,86021,Atamisqui,2005,56,0.0
86,Santiago del Estero,86021,Atamisqui,2006,47,0.0
86,Santiago del Estero,86021,Atamisqui,2007,43,0.0
86,Santiago del Estero,86021,Atamisqui,2008,53,0.0
86,Santiago del Estero,86021,Atamisqui,2009,61,0.0
86,Santiago del Estero,86021,Atamisqui,2010,37,0.0
86,Santiago del Estero,86021,Atamisqui,2011,22,0.0
86,Santiago del Estero,86021,Atamisqui,2012,32,0.0
86,Santiago del Estero,86021,Atamisqui,2013,33,0.0
86,Santiago del Estero,86021,Atamisqui,2014,37,0.0
86,Santiago del Estero,86021,Atamisqui,2015,20,0.0
86,Santiago del Estero,86021,Atamisqui,2016,21,0.0
86,Santiago del Estero,86021,Atamisqui,2017,56,0.0
86,Santiago del Estero,86021,Atamisqui,2018,42,0.0
86,Santiago del Estero,86021,Atamisqui,2019,64,0.0
86,Santiago del Estero,86021,Atamisqui,2020,23,0.0
86,Santiago del Estero,86021,Atamisqui,2021,48,0.0
86,Santiago del Estero,86021,Atamisqui,2022,90,0.0
86,Santiago del Estero,86021,Atamisqui,2023,78,0.0
86,Santiago del Estero,86021,Atamisqui,2024,109,0.0
86,Santiago del Estero,86028,Avellaneda,2000,181,0.0
86,Santiago del Estero,86028,Avellaneda,2001,198,0.0
86,Santiago del Estero,86028,Avellaneda,2002,155,0.0
86,Santiago del Estero,86028,Avellaneda,2003,96,0.0
86,Santiago del Estero,86028,Avellaneda,2004,126,0.0
86,Santiago del Estero,86028,Avellaneda,2005,83,0.0
86,Santiago del Estero,86028,Avellaneda,2006,104,0.0
86,Santiago del Estero,86028,Avellaneda,2007,137,0.0
86,Santiago del Estero,86028,Avellaneda,2008,126,0.0
86,Santiago del Estero,86028,Avellaneda,2009,97,0.0
86,Santiago del Estero,86028,Avellaneda,2010,57,0.0
86,Santiago del Estero,86028,Avellaneda,2011,67,0.0
86,Santiago del Estero,86028,Avellaneda,2012,68,0.0
86,Santiago del Estero,86028,Avellaneda,2013,61,0.0
86,Santiago del Estero,86028,Avellaneda,2014,123,0.0
86,Santiago del Estero,86028,Avellaneda,2015,177,0.0
86,Santiago del Estero,86028,Avellaneda,2016,165,0.0
86,Santiago del Estero,86028,Avellaneda,2017,134,0.0
86,Santiago del Estero,86028,Avellaneda,2018,167,0.0
86,Santiago del Estero,86028,Avellaneda,2019,216,0.0
86,Santiago del Estero,86028,Avellaneda,2020,169,0.0
86,Santiago del Estero,86028,Avellaneda,2021,184,0.0
86,Santiago del Estero,86028,Avellaneda,2022,239,0.0
86,Santiago del Estero,86028,Avellaneda,2023,108,0.0
86,Santiago del Estero,86028,Avellaneda,2024,107,0.0
86,Santiago del Estero,86035,Banda,2000,1624,0.0
86,Santiago del Estero,86035,Banda,2001,2047,0.0
86,Santiago del Estero,86035,Banda,2002,2945,0.0
86,Santiago del Estero,86035,Banda,2003,1987,0.0
86,Santiago del Estero,86035,Banda,2004,2087,0.0
86,Santiago del Estero,86035,Banda,2005,1652,0.0
86,Santiago del Estero,86035,Banda,2006,2241,0.0
86,Santiago del Estero,86035,Banda,2007,1903,0.0
86,Santiago del Estero,86035,Banda,2008,2023,0.0
86,Santiago del Estero,86035,Banda,2009,1709,0.0
86,Santiago del Estero,86035,Banda,2010,2116,0.0
86,Santiago del Estero,86035,Banda,2011,1483,0.0
86,Santiago del Estero,86035,Banda,2012,1103,0.0
86,Santiago del Estero,86035,Banda,2013,330,0.0
86,Santiago del Estero,86035,Banda,2014,1512,0.0
86,Santiago del Estero,86035,Banda,2015,2814,0.0
86,Santiago del Estero,86035,Banda,2016,2840,0.0
86,Santiago del Estero,86035,Banda,2017,3533,0.0
86,Santiago del Estero,86035,Banda,2018,4242,0.0
86,Santiago del Estero,86035,Banda,2019,4405,0.0
86,Santiago del Estero,86035,Banda,2020,2665,0.0
86,Santiago del Estero,86035,Banda,2021,3336,0.0
86,Santiago del Estero,86035,Banda,2022,3943,0.0
86,Santiago del Estero,86035,Banda,2023,5104,0.0
86,Santiago del Estero,86035,Banda,2024,6530,0.0
86,Santiago del Estero,86042,Belgrano,2000,42,0.0
86,Santiago del Estero,86042,Belgrano,2001,53,0.0
86,Santiago del Estero,86042,Belgrano,2002,117,0.0
86,Santiago del Estero,86042,Belgrano,2003,48,0.0
86,Santiago del Estero,86042,Belgrano,2004,133,0.0
86,Santiago del Estero,86042,Belgrano,2005,86,0.0
86,Santiago del Estero,86042,Belgrano,2006,79,0.0
86,Santiago del Estero,86042,Belgrano,2007,105,0.0
86,Santiago del Estero,86042,Belgrano,2008,40,0.0
86,Santiago del Estero,86042,Belgrano,2009,20,0.0
86,Santiago del Estero,86042,Belgrano,2010,12,0.0
86,Santiago del Estero,86042,Belgrano,2011,35,0.0
86,Santiago del Estero,86042,Belgrano,2012,20,0.0
86,Santiago del Estero,86042,Belgrano,2013,16,0.0
86,Santiago del Estero,86042,Belgrano,2014,29,0.0
86,Santiago del Estero,86042,Belgrano,2015,77,0.0
86,Santiago del Estero,86042,Belgrano,2016,114,0.0
86,Santiago del Estero,86042,Belgrano,2017,76,0.0
86,Santiago del Estero,86042,Belgrano,2018,143,0.0
86,Santiago del Estero,86042,Belgrano,2019,202,0.0
86,Santiago del Estero,86042,Belgrano,2020,99,0.0
86,Santiago del Estero,86042,Belgrano,2021,111,0.0
86,Santiago del Estero,86042,Belgrano,2022,154,0.0
86,Santiago del Estero,86042,Belgrano,2023,177,0.0
86,Santiago del Estero,86042,Belgrano,2024,138,0.0
86,Santiago del Estero,86049,Capital,2000,5298,0.0
86,Santiago del Estero,86049,Capital,2001,4734,0.0
86,Santiago del Estero,86049,Capital,2002,5920,0.0
86,Santiago del Estero,86049,Capital,2003,5818,0.0
86,Santiago del Estero,86049,Capital,2004,7233,0.0
86,Santiago del Estero,86049,Capital,2005,5467,0.0
86,Santiago del Estero,86049,Capital,2006,6260,0.0
86,Santiago del Estero,86049,Capital,2007,4774,0.0
86,Santiago del Estero,86049,Capital,2008,3889,0.0
86,Santiago del Estero,86049,Capital,2009,3403,0.0
86,Santiago del Estero,86049,Capital,2010,2326,0.0
86,Santiago del Estero,86049,Capital,2011,1849,0.0
86,Santiago del Estero,86049,Capital,2012,1002,0.0
86,Santiago del Estero,86049,Capital,2013,566,0.0
86,Santiago del Estero,86049,Capital,2014,1962,0.0
86,Santiago del Estero,86049,Capital,2015,3226,0.0
86,Santiago del Estero,86049,Capital,2016,4645,0.0
86,Santiago del Estero,86049,Capital,2017,8275,0.0
86,Santiago del Estero,86049,Capital,2018,9130,0.0
86,Santiago del Estero,86049,Capital,2019,9199,0.0
86,Santiago del Estero,86049,Capital,2020,5890,0.0
86,Santiago del Estero,86049,Capital,2021,6465,0.0
86,Santiago del Estero,86049,Capital,2022,8405,0.0
86,Santiago del Estero,86049,Capital,2023,10789,0.0
86,Santiago del Estero,86049,Capital,2024,12641,0.0
86,Santiago del Estero,86056,Copo,2000,233,0.0
86,Santiago del Estero,86056,Copo,2001,251,0.0
86,Santiago del Estero,86056,Copo,2002,190,0.0
86,Santiago del Estero,86056,Copo,2003,195,0.0
86,Santiago del Estero,86056,Copo,2004,168,0.0
86,Santiago del Estero,86056,Copo,2005,171,0.0
86,Santiago del Estero,86056,Copo,2006,293,0.0
86,Santiago del Estero,86056,Copo,2007,239,0.0
86,Santiago del Estero,86056,Copo,2008,221,0.0
86,Santiago del Estero,86056,Copo,2009,187,0.0
86,Santiago del Estero,86056,Copo,2010,113,0.0
86,Santiago del Estero,86056,Copo,2011,120,0.0
86,Santiago del Estero,86056,Copo,2012,91,0.0
86,Santiago del Estero,86056,Copo,2013,106,0.0
86,Santiago del Estero,86056,Copo,2014,90,0.0
86,Santiago del Estero,86056,Copo,2015,124,0.0
86,Santiago del Estero,86056,Copo,2016,236,0.0
86,Santiago del Estero,86056,Copo,2017,432,0.0
86,Santiago del Estero,86056,Copo,2018,560,0.0
86,Santiago del Estero,86056,Copo,2019,390,0.0
86,Santiago del Estero,86056,Copo,2020,278,0.0
86,Santiago del Estero,86056,Copo,2021,475,0.0
86,Santiago del Estero,86056,Copo,2022,509,0.0
86,Santiago del Estero,86056,Copo,2023,422,0.0
86,Santiago del Estero,86056,Copo,2024,598,0.0
86,Santiago del Estero,86063,Choya,2000,275,0.0
86,Santiago del Estero,86063,Choya,2001,188,0.0
86,Santiago del Estero,86063,Choya,2002,257,0.0
86,Santiago del Estero,86063,Choya,2003,201,0.0
86,Santiago del Estero,86063,Choya,2004,281,0.0
86,Santiago del Estero,86063,Choya,2005,273,0.0
86,Santiago del Estero,86063,Choya,2006,273,0.0
86,Santiago del Estero,86063,Choya,2007,337,0.0
86,Santiago del Estero,86063,Choya,2008,276,0.0
86,Santiago del Estero,86063,Choya,2009,310,0.0
86,Santiago del Estero,86063,Choya,2010,697,0.0
86,Santiago del Estero,86063,Choya,2011,528,0.0
86,Santiago del Estero,86063,Choya,2012,937,0.0
86,Santiago del Estero,86063,Choya,2013,843,0.0
86,Santiago del Estero,86063,Choya,2014,860,0.0
86,Santiago del Estero,86063,Choya,2015,878,0.0
86,Santiago del Estero,86063,Choya,2016,1232,0.0
86,Santiago del Estero,86063,Choya,2017,1098,0.0
86,Santiago del Estero,86063,Choya,2018,1098,0.0
86,Santiago del Estero,86063,Choya,2019,1000,0.0
86,Santiago del Estero,86063,Choya,2020,742,0.0
86,Santiago del Estero,86063,Choya,2021,654,0.0
86,Santiago del Estero,86063,Choya,2022,804,0.0
86,Santiago del Estero,86063,Choya,2023,949,0.0
86,Santiago del Estero,86063,Choya,2024,1170,0.0
86,Santiago del Estero,86070,Figueroa,2000,54,0.0
86,Santiago del Estero,86070,Figueroa,2001,47,0.0
86,Santiago del Estero,86070,Figueroa,2002,66,0.0
86,Santiago del Estero,86070,Figueroa,2003,60,0.0
86,Santiago del Estero,86070,Figueroa,2004,80,0.0
86,Santiago del Estero,86070,Figueroa,2005,110,0.0
86,Santiago del Estero,86070,Figueroa,2006,136,0.0
86,Santiago del Estero,86070,Figueroa,2007,129,0.0
86,Santiago del Estero,86070,Figueroa,2008,94,0.0
86,Santiago del Estero,86070,Figueroa,2009,116,0.0
86,Santiago del Estero,86070,Figueroa,2010,84,0.0
86,Santiago del Estero,86070,Figueroa,2011,74,0.0
86,Santiago del Estero,86070,Figueroa,2012,120,0.0
86,Santiago del Estero,86070,Figueroa,2013,113,0.0
86,Santiago del Estero,86070,Figueroa,2014,127,0.0
86,Santiago del Estero,86070,Figueroa,2015,148,0.0
86,Santiago del Estero,86070,Figueroa,2016,115,0.0
86,Santiago del Estero,86070,Figueroa,2017,139,0.0
86,Santiago del Estero,86070,Figueroa,2018,153,0.0
86,Santiago del Estero,86070,Figueroa,2019,170,0.0
86,Santiago del Estero,86070,Figueroa,2020,121,0.0
86,Santiago del Estero,86070,Figueroa,2021,125,0.0
86,Santiago del Estero,86070,Figueroa,2022,109,0.0
86,Santiago del Estero,86070,Figueroa,2023,152,0.0
86,Santiago del Estero,86070,Figueroa,2024,155,0.0
86,Santiago del Estero,86077,General Taboada,2000,381,0.0
86,Santiago del Estero,86077,General Taboada,2001,629,0.0
86,Santiago del Estero,86077,General Taboada,2002,605,0.0
86,Santiago del Estero,86077,General Taboada,2003,415,0.0
86,Santiago del Estero,86077,General Taboada,2004,865,0.0
86,Santiago del Estero,86077,General Taboada,2005,534,0.0
86,Santiago del Estero,86077,General Taboada,2006,558,0.0
86,Santiago del Estero,86077,General Taboada,2007,295,0.0
86,Santiago del Estero,86077,General Taboada,2008,151,0.0
86,Santiago del Estero,86077,General Taboada,2009,242,0.0
86,Santiago del Estero,86077,General Taboada,2010,30,0.0
86,Santiago del Estero,86077,General Taboada,2011,120,0.0
86,Santiago del Estero,86077,General Taboada,2012,62,0.0
86,Santiago del Estero,86077,General Taboada,2013,0,0.0
86,Santiago del Estero,86077,General Taboada,2014,280,0.0
86,Santiago del Estero,86077,General Taboada,2015,885,0.0
86,Santiago del Estero,86077,General Taboada,2016,803,0.0
86,Santiago del Estero,86077,General Taboada,2017,772,0.0
86,Santiago del Estero,86077,General Taboada,2018,921,0.0
86,Santiago del Estero,86077,General Taboada,2019,1019,0.0
86,Santiago del Estero,86077,General Taboada,2020,596,0.0
86,Santiago del Estero,86077,General Taboada,2021,444,0.0
86,Santiago del Estero,86077,General Taboada,2022,632,0.0
86,Santiago del Estero,86077,General Taboada,2023,639,0.0
86,Santiago del Estero,86077,General Taboada,2024,721,0.0
86,Santiago del Estero,86084,Guasayán,2000,102,0.0
86,Santiago del Estero,86084,Guasayán,2001,52,0.0
86,Santiago del Estero,86084,Guasayán,2002,155,0.0
86,Santiago del Estero,86084,Guasayán,2003,113,0.0
86,Santiago del Estero,86084,Guasayán,2004,97,0.0
86,Santiago del Estero,86084,Guasayán,2005,114,0.0
86,Santiago del Estero,86084,Guasayán,2006,71,0.0
86,Santiago del Estero,86084,Guasayán,2007,82,0.0
86,Santiago del Estero,86084,Guasayán,2008,78,0.0
86,Santiago del Estero,86084,Guasayán,2009,75,0.0
86,Santiago del Estero,86084,Guasayán,2010,68,0.0
86,Santiago del Estero,86084,Guasayán,2011,76,0.0
86,Santiago del Estero,86084,Guasayán,2012,43,0.0
86,Santiago del Estero,86084,Guasayán,2013,27,0.0
86,Santiago del Estero,86084,Guasayán,2014,38,0.0
86,Santiago del Estero,86084,Guasayán,2015,71,0.0
86,Santiago del Estero,86084,Guasayán,2016,84,0.0
86,Santiago del Estero,86084,Guasayán,2017,29,0.0
86,Santiago del Estero,86084,Guasayán,2018,63,0.0
86,Santiago del Estero,86084,Guasayán,2019,106,0.0
86,Santiago del Estero,86084,Guasayán,2020,89,0.0
86,Santiago del Estero,86084,Guasayán,2021,119,0.0
86,Santiago del Estero,86084,Guasayán,2022,120,0.0
86,Santiago del Estero,86084,Guasayán,2023,73,0.0
86,Santiago del Estero,86084,Guasayán,2024,207,0.0
86,Santiago del Estero,86091,Jiménez,2000,40,0.0
86,Santiago del Estero,86091,Jiménez,2001,35,0.0
86,Santiago del Estero,86091,Jiménez,2002,104,0.0
86,Santiago del Estero,86091,Jiménez,2003,68,0.0
86,Santiago del Estero,86091,Jiménez,2004,89,0.0
86,Santiago del Estero,86091,Jiménez,2005,96,0.0
86,Santiago del Estero,86091,Jiménez,2006,106,0.0
86,Santiago del Estero,86091,Jiménez,2007,117,0.0
86,Santiago del Estero,86091,Jiménez,2008,78,0.0
86,Santiago del Estero,86091,Jiménez,2009,68,0.0
86,Santiago del Estero,86091,Jiménez,2010,53,0.0
86,Santiago del Estero,86091,Jiménez,2011,67,0.0
86,Santiago del Estero,86091,Jiménez,2012,60,0.0
86,Santiago del Estero,86091,Jiménez,2013,35,0.0
86,Santiago del Estero,86091,Jiménez,2014,79,0.0
86,Santiago del Estero,86091,Jiménez,2015,161,0.0
86,Santiago del Estero,86091,Jiménez,2016,230,0.0
86,Santiago del Estero,86091,Jiménez,2017,196,0.0
86,Santiago del Estero,86091,Jiménez,2018,278,0.0
86,Santiago del Estero,86091,Jiménez,2019,331,0.0
86,Santiago del Estero,86091,Jiménez,2020,299,0.0
86,Santiago del Estero,86091,Jiménez,2021,308,0.0
86,Santiago del Estero,86091,Jiménez,2022,265,0.0
86,Santiago del Estero,86091,Jiménez,2023,199,0.0
86,Santiago del Estero,86091,Jiménez,2024,277,0.0
86,Santiago del Estero,86098,Juan F. Ibarra,2000,72,0.0
86,Santiago del Estero,86098,Juan F. Ibarra,2001,78,0.0
86,Santiago del Estero,86098,Juan F. Ibarra,2002,162,0.0
86,Santiago del Estero,86098,Juan F. Ibarra,2003,76,0.0
86,Santiago del Estero,86098,Juan F. Ibarra,2004,111,0.0
86,Santiago del Estero,86098,Juan F. Ibarra,2005,81,0.0
86,Santiago del Estero,86098,Juan F. Ibarra,2006,68,0.0
86,Santiago del Estero,86098,Juan F. Ibarra,2007,72,0.0
86,Santiago del Estero,86098,Juan F. Ibarra,2008,61,0.0
86,Santiago del Estero,86098,Juan F. Ibarra,2009,54,0.0
86,Santiago del Estero,86098,Juan F. Ibarra,2010,47,0.0
86,Santiago del Estero,86098,Juan F. Ibarra,2011,56,0.0
86,Santiago del Estero,86098,Juan F. Ibarra,2012,67,0.0
86,Santiago del Estero,86098,Juan F. Ibarra,2013,73,0.0
86,Santiago del Estero,86098,Juan F. Ibarra,2014,91,0.0
86,Santiago del Estero,86098,Juan F. Ibarra,2015,96,0.0
86,Santiago del Estero,86098,Juan F. Ibarra,2016,105,0.0
86,Santiago del Estero,86098,Juan F. Ibarra,2017,107,0.0
86,Santiago del Estero,86098,Juan F. Ibarra,2018,139,0.0
86,Santiago del Estero,86098,Juan F. Ibarra,2019,178,0.0
86,Santiago del Estero,86098,Juan F. Ibarra,2020,107,0.0
86,Santiago del Estero,86098,Juan F. Ibarra,2021,143,0.0
86,Santiago del Estero,86098,Juan F. Ibarra,2022,200,0.0
86,Santiago del Estero,86098,Juan F. Ibarra,2023,250,0.0
86,Santiago del Estero,86098,Juan F. Ibarra,2024,261,0.0
86,Santiago del Estero,86105,Loreto,2000,139,0.0
86,Santiago del Estero,86105,Loreto,2001,143,0.0
86,Santiago del Estero,86105,Loreto,2002,207,0.0
86,Santiago del Estero,86105,Loreto,2003,158,0.0
86,Santiago del Estero,86105,Loreto,2004,281,0.0
86,Santiago del Estero,86105,Loreto,2005,292,0.0
86,Santiago del Estero,86105,Loreto,2006,186,0.0
86,Santiago del Estero,86105,Loreto,2007,166,0.0
86,Santiago del Estero,86105,Loreto,2008,132,0.0
86,Santiago del Estero,86105,Loreto,2009,95,0.0
86,Santiago del Estero,86105,Loreto,2010,43,0.0
86,Santiago del Estero,86105,Loreto,2011,18,0.0
86,Santiago del Estero,86105,Loreto,2012,0,0.0
86,Santiago del Estero,86105,Loreto,2013,0,0.0
86,Santiago del Estero,86105,Loreto,2014,38,0.0
86,Santiago del Estero,86105,Loreto,2015,166,0.0
86,Santiago del Estero,86105,Loreto,2016,243,0.0
86,Santiago del Estero,86105,Loreto,2017,338,0.0
86,Santiago del Estero,86105,Loreto,2018,373,0.0
86,Santiago del Estero,86105,Loreto,2019,453,0.0
86,Santiago del Estero,86105,Loreto,2020,198,0.0
86,Santiago del Estero,86105,Loreto,2021,317,0.0
86,Santiago del Estero,86105,Loreto,2022,312,0.0
86,Santiago del Estero,86105,Loreto,2023,185,0.0
86,Santiago del Estero,86105,Loreto,2024,188,0.0
86,Santiago del Estero,86112,Mitre,2000,22,0.0
86,Santiago del Estero,86112,Mitre,2001,56,0.0
86,Santiago del Estero,86112,Mitre,2002,51,0.0
86,Santiago del Estero,86112,Mitre,2003,42,0.0
86,Santiago del Estero,86112,Mitre,2004,37,0.0
86,Santiago del Estero,86112,Mitre,2005,56,0.0
86,Santiago del Estero,86112,Mitre,2006,30,0.0
86,Santiago del Estero,86112,Mitre,2007,20,0.0
86,Santiago del Estero,86112,Mitre,2008,28,0.0
86,Santiago del Estero,86112,Mitre,2009,16,0.0
86,Santiago del Estero,86112,Mitre,2010,0,0.0
86,Santiago del Estero,86112,Mitre,2011,11,0.0
86,Santiago del Estero,86112,Mitre,2012,13,0.0
86,Santiago del Estero,86112,Mitre,2013,16,0.0
86,Santiago del Estero,86112,Mitre,2014,14,0.0
86,Santiago del Estero,86112,Mitre,2015,19,0.0
86,Santiago del Estero,86112,Mitre,2016,10,0.0
86,Santiago del Estero,86112,Mitre,2017,16,0.0
86,Santiago del Estero,86112,Mitre,2018,14,0.0
86,Santiago del Estero,86112,Mitre,2019,19,0.0
86,Santiago del Estero,86112,Mitre,2020,30,0.0
86,Santiago del Estero,86112,Mitre,2021,17,0.0
86,Santiago del Estero,86112,Mitre,2022,27,0.0
86,Santiago del Estero,86112,Mitre,2023,29,0.0
86,Santiago del Estero,86112,Mitre,2024,15,0.0
86,Santiago del Estero,86119,Moreno,2000,222,0.0
86,Santiago del Estero,86119,Moreno,2001,254,0.0
86,Santiago del Estero,86119,Moreno,2002,269,0.0
86,Santiago del Estero,86119,Moreno,2003,358,0.0
86,Santiago del Estero,86119,Moreno,2004,269,0.0
86,Santiago del Estero,86119,Moreno,2005,313,0.0
86,Santiago del Estero,86119,Moreno,2006,282,0.0
86,Santiago del Estero,86119,Moreno,2007,290,0.0
86,Santiago del Estero,86119,Moreno,2008,310,0.0
86,Santiago del Estero,86119,Moreno,2009,136,0.0
86,Santiago del Estero,86119,Moreno,2010,124,0.0
86,Santiago del Estero,86119,Moreno,2011,143,0.0
86,Santiago del Estero,86119,Moreno,2012,94,0.0
86,Santiago del Estero,86119,Moreno,2013,51,0.0
86,Santiago del Estero,86119,Moreno,2014,98,0.0
86,Santiago del Estero,86119,Moreno,2015,303,0.0
86,Santiago del Estero,86119,Moreno,2016,389,0.0
86,Santiago del Estero,86119,Moreno,2017,476,0.0
86,Santiago del Estero,86119,Moreno,2018,498,0.0
86,Santiago del Estero,86119,Moreno,2019,731,0.0
86,Santiago del Estero,86119,Moreno,2020,559,0.0
86,Santiago del Estero,86119,Moreno,2021,582,0.0
86,Santiago del Estero,86119,Moreno,2022,524,0.0
86,Santiago del Estero,86119,Moreno,2023,374,0.0
86,Santiago del Estero,86119,Moreno,2024,504,0.0
86,Santiago del Estero,86126,Ojo de Agua,2000,84,0.0
86,Santiago del Estero,86126,Ojo de Agua,2001,103,0.0
86,Santiago del Estero,86126,Ojo de Agua,2002,101,0.0
86,Santiago del Estero,86126,Ojo de Agua,2003,97,0.0
86,Santiago del Estero,86126,Ojo de Agua,2004,133,0.0
86,Santiago del Estero,86126,Ojo de Agua,2005,106,0.0
86,Santiago del Estero,86126,Ojo de Agua,2006,120,0.0
86,Santiago del Estero,86126,Ojo de Agua,2007,78,0.0
86,Santiago del Estero,86126,Ojo de Agua,2008,85,0.0
86,Santiago del Estero,86126,Ojo de Agua,2009,69,0.0
86,Santiago del Estero,86126,Ojo de Agua,2010,90,0.0
86,Santiago del Estero,86126,Ojo de Agua,2011,81,0.0
86,Santiago del Estero,86126,Ojo de Agua,2012,72,0.0
86,Santiago del Estero,86126,Ojo de Agua,2013,77,0.0
86,Santiago del Estero,86126,Ojo de Agua,2014,91,0.0
86,Santiago del Estero,86126,Ojo de Agua,2015,145,0.0
86,Santiago del Estero,86126,Ojo de Agua,2016,114,0.0
86,Santiago del Estero,86126,Ojo de Agua,2017,182,0.0
86,Santiago del Estero,86126,Ojo de Agua,2018,233,0.0
86,Santiago del Estero,86126,Ojo de Agua,2019,330,0.0
86,Santiago del Estero,86126,Ojo de Agua,2020,166,0.0
86,Santiago del Estero,86126,Ojo de Agua,2021,240,0.0
86,Santiago del Estero,86126,Ojo de Agua,2022,142,0.0
86,Santiago del Estero,86126,Ojo de Agua,2023,141,0.0
86,Santiago del Estero,86126,Ojo de Agua,2024,193,0.0
86,Santiago del Estero,86133,Pellegrini,2000,85,0.0
86,Santiago del Estero,86133,Pellegrini,2001,107,0.0
86,Santiago del Estero,86133,Pellegrini,2002,116,0.0
86,Santiago del Estero,86133,Pellegrini,2003,117,0.0
86,Santiago del Estero,86133,Pellegrini,2004,274,0.0
86,Santiago del Estero,86133,Pellegrini,2005,217,0.0
86,Santiago del Estero,86133,Pellegrini,2006,221,0.0
86,Santiago del Estero,86133,Pellegrini,2007,255,0.0
86,Santiago del Estero,86133,Pellegrini,2008,232,0.0
86,Santiago del Estero,86133,Pellegrini,2009,148,0.0
86,Santiago del Estero,86133,Pellegrini,2010,177,0.0
86,Santiago del Estero,86133,Pellegrini,2011,225,0.0
86,Santiago del Estero,86133,Pellegrini,2012,69,0.0
86,Santiago del Estero,86133,Pellegrini,2013,27,0.0
86,Santiago del Estero,86133,Pellegrini,2014,81,0.0
86,Santiago del Estero,86133,Pellegrini,2015,113,0.0
86,Santiago del Estero,86133,Pellegrini,2016,189,0.0
86,Santiago del Estero,86133,Pellegrini,2017,197,0.0
86,Santiago del Estero,86133,Pellegrini,2018,309,0.0
86,Santiago del Estero,86133,Pellegrini,2019,443,0.0
86,Santiago del Estero,86133,Pellegrini,2020,407,0.0
86,Santiago del Estero,86133,Pellegrini,2021,304,0.0
86,Santiago del Estero,86133,Pellegrini,2022,412,0.0
86,Santiago del Estero,86133,Pellegrini,2023,168,0.0
86,Santiago del Estero,86133,Pellegrini,2024,323,0.0
86,Santiago del Estero,86140,Quebrachos,2000,106,0.0
86,Santiago del Estero,86140,Quebrachos,2001,111,0.0
86,Santiago del Estero,86140,Quebrachos,2002,144,0.0
86,Santiago del Estero,86140,Quebrachos,2003,143,0.0
86,Santiago del Estero,86140,Quebrachos,2004,98,0.0
86,Santiago del Estero,86140,Quebrachos,2005,55,0.0
86,Santiago del Estero,86140,Quebrachos,2006,86,0.0
86,Santiago del Estero,86140,Quebrachos,2007,71,0.0
86,Santiago del Estero,86140,Quebrachos,2008,114,0.0
86,Santiago del Estero,86140,Quebrachos,2009,54,0.0
86,Santiago del Estero,86140,Quebrachos,2010,77,0.0
86,Santiago del Estero,86140,Quebrachos,2011,63,0.0
86,Santiago del Estero,86140,Quebrachos,2012,22,0.0
86,Santiago del Estero,86140,Quebrachos,2013,87,0.0
86,Santiago del Estero,86140,Quebrachos,2014,38,0.0
86,Santiago del Estero,86140,Quebrachos,2015,97,0.0
86,Santiago del Estero,86140,Quebrachos,2016,92,0.0
86,Santiago del Estero,86140,Quebrachos,2017,76,0.0
86,Santiago del Estero,86140,Quebrachos,2018,94,0.0
86,Santiago del Estero,86140,Quebrachos,2019,149,0.0
86,Santiago del Estero,86140,Quebrachos,2020,117,0.0
86,Santiago del Estero,86140,Quebrachos,2021,93,0.0
86,Santiago del Estero,86140,Quebrachos,2022,76,0.0
86,Santiago del Estero,86140,Quebrachos,2023,106,0.0
86,Santiago del Estero,86140,Quebrachos,2024,197,0.0
86,Santiago del Estero,86147,Río Hondo,2000,671,0.0
86,Santiago del Estero,86147,Río Hondo,2001,682,0.0
86,Santiago del Estero,86147,Río Hondo,2002,818,0.0
86,Santiago del Estero,86147,Río Hondo,2003,965,0.0
86,Santiago del Estero,86147,Río Hondo,2004,1233,0.0
86,Santiago del Estero,86147,Río Hondo,2005,1209,0.0
86,Santiago del Estero,86147,Río Hondo,2006,1018,0.0
86,Santiago del Estero,86147,Río Hondo,2007,745,0.0
86,Santiago del Estero,86147,Río Hondo,2008,624,0.0
86,Santiago del Estero,86147,Río Hondo,2009,859,0.0
86,Santiago del Estero,86147,Río Hondo,2010,201,0.0
86,Santiago del Estero,86147,Río Hondo,2011,88,0.0
86,Santiago del Estero,86147,Río Hondo,2012,60,0.0
86,Santiago del Estero,86147,Río Hondo,2013,64,0.0
86,Santiago del Estero,86147,Río Hondo,2014,774,0.0
86,Santiago del Estero,86147,Río Hondo,2015,1210,0.0
86,Santiago del Estero,86147,Río Hondo,2016,1721,0.0
86,Santiago del Estero,86147,Río Hondo,2017,2085,0.0
86,Santiago del Estero,86147,Río Hondo,2018,2290,0.0
86,Santiago del Estero,86147,Río Hondo,2019,2141,0.0
86,Santiago del Estero,86147,Río Hondo,2020,1447,0.0
86,Santiago del Estero,86147,Río Hondo,2021,1593,0.0
86,Santiago del Estero,86147,Río Hondo,2022,1585,0.0
86,Santiago del Estero,86147,Río Hondo,2023,1893,0.0
86,Santiago del Estero,86147,Río Hondo,2024,1847,0.0
86,Santiago del Estero,86154,Rivadavia,2000,29,0.0
86,Santiago del Estero,86154,Rivadavia,2001,32,0.0
86,Santiago del Estero,86154,Rivadavia,2002,49,0.0
86,Santiago del Estero,86154,Rivadavia,2003,55,0.0
86,Santiago del Estero,86154,Rivadavia,2004,22,0.0
86,Santiago del Estero,86154,Rivadavia,2005,24,0.0
86,Santiago del Estero,86154,Rivadavia,2006,23,0.0
86,Santiago del Estero,86154,Rivadavia,2007,52,0.0
86,Santiago del Estero,86154,Rivadavia,2008,36,0.0
86,Santiago del Estero,86154,Rivadavia,2009,42,0.0
86,Santiago del Estero,86154,Rivadavia,2010,26,0.0
86,Santiago del Estero,86154,Rivadavia,2011,19,0.0
86,Santiago del Estero,86154,Rivadavia,2012,23,0.0
86,Santiago del Estero,86154,Rivadavia,2013,7,0.0
86,Santiago del Estero,86154,Rivadavia,2014,9,0.0
86,Santiago del Estero,86154,Rivadavia,2015,24,0.0
86,Santiago del Estero,86154,Rivadavia,2016,28,0.0
86,Santiago del Estero,86154,Rivadavia,2017,20,0.0
86,Santiago del Estero,86154,Rivadavia,2018,39,0.0
86,Santiago del Estero,86154,Rivadavia,2019,50,0.0
86,Santiago del Estero,86154,Rivadavia,2020,25,0.0
86,Santiago del Estero,86154,Rivadavia,2021,37,0.0
86,Santiago del Estero,86154,Rivadavia,2022,48,0.0
86,Santiago del Estero,86154,Rivadavia,2023,67,0.0
86,Santiago del Estero,86154,Rivadavia,2024,42,0.0
86,Santiago del Estero,86161,Robles,2000,333,0.0
86,Santiago del Estero,86161,Robles,2001,499,0.0
86,Santiago del Estero,86161,Robles,2002,512,0.0
86,Santiago del Estero,86161,Robles,2003,524,0.0
86,Santiago del Estero,86161,Robles,2004,679,0.0
86,Santiago del Estero,86161,Robles,2005,399,0.0
86,Santiago del Estero,86161,Robles,2006,334,0.0
86,Santiago del Estero,86161,Robles,2007,245,0.0
86,Santiago del Estero,86161,Robles,2008,199,0.0
86,Santiago del Estero,86161,Robles,2009,322,0.0
86,Santiago del Estero,86161,Robles,2010,269,0.0
86,Santiago del Estero,86161,Robles,2011,206,0.0
86,Santiago del Estero,86161,Robles,2012,299,0.0
86,Santiago del Estero,86161,Robles,2013,437,0.0
86,Santiago del Estero,86161,Robles,2014,454,0.0
86,Santiago del Estero,86161,Robles,2015,372,0.0
86,Santiago del Estero,86161,Robles,2016,330,0.0
86,Santiago del Estero,86161,Robles,2017,505,0.0
86,Santiago del Estero,86161,Robles,2018,791,0.0
86,Santiago del Estero,86161,Robles,2019,825,0.0
86,Santiago del Estero,86161,Robles,2020,463,0.0
86,Santiago del Estero,86161,Robles,2021,558,0.0
86,Santiago del Estero,86161,Robles,2022,524,0.0
86,Santiago del Estero,86161,Robles,2023,703,0.0
86,Santiago del Estero,86161,Robles,2024,863,0.0
86,Santiago del Estero,86168,Salavina,2000,56,0.0
86,Santiago del Estero,86168,Salavina,2001,65,0.0
86,Santiago del Estero,86168,Salavina,2002,75,0.0
86,Santiago del Estero,86168,Salavina,2003,93,0.0
86,Santiago del Estero,86168,Salavina,2004,118,0.0
86,Santiago del Estero,86168,Salavina,2005,106,0.0
86,Santiago del Estero,86168,Salavina,2006,60,0.0
86,Santiago del Estero,86168,Salavina,2007,69,0.0
86,Santiago del Estero,86168,Salavina,2008,58,0.0
86,Santiago del Estero,86168,Salavina,2009,66,0.0
86,Santiago del Estero,86168,Salavina,2010,46,0.0
86,Santiago del Estero,86168,Salavina,2011,12,0.0
86,Santiago del Estero,86168,Salavina,2012,44,0.0
86,Santiago del Estero,86168,Salavina,2013,33,0.0
86,Santiago del Estero,86168,Salavina,2014,44,0.0
86,Santiago del Estero,86168,Salavina,2015,48,0.0
86,Santiago del Estero,86168,Salavina,2016,63,0.0
86,Santiago del Estero,86168,Salavina,2017,33,0.0
86,Santiago del Estero,86168,Salavina,2018,37,0.0
86,Santiago del Estero,86168,Salavina,2019,105,0.0
86,Santiago del Estero,86168,Salavina,2020,85,0.0
86,Santiago del Estero,86168,Salavina,2021,133,0.0
86,Santiago del Estero,86168,Salavina,2022,126,0.0
86,Santiago del Estero,86168,Salavina,2023,101,0.0
86,Santiago del Estero,86168,Salavina,2024,112,0.0
86,Santiago del Estero,86175,San Martín,2000,51,0.0
86,Santiago del Estero,86175,San Martín,2001,79,0.0
86,Santiago del Estero,86175,San Martín,2002,82,0.0
86,Santiago del Estero,86175,San Martín,2003,69,0.0
86,Santiago del Estero,86175,San Martín,2004,85,0.0
86,Santiago del Estero,86175,San Martín,2005,67,0.0
86,Santiago del Estero,86175,San Martín,2006,56,0.0
86,Santiago del Estero,86175,San Martín,2007,48,0.0
86,Santiago del Estero,86175,San Martín,2008,45,0.0
86,Santiago del Estero,86175,San Martín,2009,25,0.0
86,Santiago del Estero,86175,San Martín,2010,40,0.0
86,Santiago del Estero,86175,San Martín,2011,59,0.0
86,Santiago del Estero,86175,San Martín,2012,43,0.0
86,Santiago del Estero,86175,San Martín,2013,23,0.0
86,Santiago del Estero,86175,San Martín,2014,32,0.0
86,Santiago del Estero,86175,San Martín,2015,47,0.0
86,Santiago del Estero,86175,San Martín,2016,64,0.0
86,Santiago del Estero,86175,San Martín,2017,45,0.0
86,Santiago del Estero,86175,San Martín,2018,56,0.0
86,Santiago del Estero,86175,San Martín,2019,75,0.0
86,Santiago del Estero,86175,San Martín,2020,69,0.0
86,Santiago del Estero,86175,San Martín,2021,90,0.0
86,Santiago del Estero,86175,San Martín,2022,95,0.0
86,Santiago del Estero,86175,San Martín,2023,77,0.0
86,Santiago del Estero,86175,San Martín,2024,76,0.0
86,Santiago del Estero,86182,Sarmiento,2000,17,0.0
86,Santiago del Estero,86182,Sarmiento,2001,12,0.0
86,Santiago del Estero,86182,Sarmiento,2002,28,0.0
86,Santiago del Estero,86182,Sarmiento,2003,46,0.0
86,Santiago del Estero,86182,Sarmiento,2004,31,0.0
86,Santiago del Estero,86182,Sarmiento,2005,20,0.0
86,Santiago del Estero,86182,Sarmiento,2006,28,0.0
86,Santiago del Estero,86182,Sarmiento,2007,22,0.0
86,Santiago del Estero,86182,Sarmiento,2008,36,0.0
86,Santiago del Estero,86182,Sarmiento,2009,40,0.0
86,Santiago del Estero,86182,Sarmiento,2010,24,0.0
86,Santiago del Estero,86182,Sarmiento,2011,20,0.0
86,Santiago del Estero,86182,Sarmiento,2012,40,0.0
86,Santiago del Estero,86182,Sarmiento,2013,22,0.0
86,Santiago del Estero,86182,Sarmiento,2014,24,0.0
86,Santiago del Estero,86182,Sarmiento,2015,19,0.0
86,Santiago del Estero,86182,Sarmiento,2016,15,0.0
86,Santiago del Estero,86182,Sarmiento,2017,42,0.0
86,Santiago del Estero,86182,Sarmiento,2018,37,0.0
86,Santiago del Estero,86182,Sarmiento,2019,54,0.0
86,Santiago del Estero,86182,Sarmiento,2020,69,0.0
86,Santiago del Estero,86182,Sarmiento,2021,61,0.0
86,Santiago del Estero,86182,Sarmiento,2022,59,0.0
86,Santiago del Estero,86182,Sarmiento,2023,47,0.0
86,Santiago del Estero,86182,Sarmiento,2024,73,0.0
86,Santiago del Estero,86189,Silípica,2000,59,0.0
86,Santiago del Estero,86189,Silípica,2001,87,0.0
86,Santiago del Estero,86189,Silípica,2002,98,0.0
86,Santiago del Estero,86189,Silípica,2003,153,0.0
86,Santiago del Estero,86189,Silípica,2004,138,0.0
86,Santiago del Estero,86189,Silípica,2005,80,0.0
86,Santiago del Estero,86189,Silípica,2006,65,0.0
86,Santiago del Estero,86189,Silípica,2007,54,0.0
86,Santiago del Estero,86189,Silípica,2008,27,0.0
86,Santiago del Estero,86189,Silípica,2009,17,0.0
86,Santiago del Estero,86189,Silípica,2010,13,0.0
86,Santiago del Estero,86189,Silípica,2011,4,0.0
86,Santiago del Estero,86189,Silípica,2012,0,0.0
86,Santiago del Estero,86189,Silípica,2013,0,0.0
86,Santiago del Estero,86189,Silípica,2014,2,0.0
86,Santiago del Estero,86189,Silípica,2015,18,0.0
86,Santiago del Estero,86189,Silípica,2016,35,0.0
86,Santiago del Estero,86189,Silípica,2017,55,0.0
86,Santiago del Estero,86189,Silípica,2018,72,0.0
86,Santiago del Estero,86189,Silípica,2019,74,0.0
86,Santiago del Estero,86189,Silípica,2020,66,0.0
86,Santiago del Estero,86189,Silípica,2021,103,0.0
86,Santiago del Estero,86189,Silípica,2022,73,0.0
86,Santiago del Estero,86189,Silípica,2023,65,0.0
86,Santiago del Estero,86189,Silípica,2024,58,0.0
86,Santiago del Estero,86999,Departamento sin determinar,2000,0,0.0
86,Santiago del Estero,86999,Departamento sin determinar,2001,0,0.0
86,Santiago del Estero,86999,Departamento sin determinar,2002,0,0.0
86,Santiago del Estero,86999,Departamento sin determinar,2003,2,0.0
86,Santiago del Estero,86999,Departamento sin determinar,2004,5,0.0
86,Santiago del Estero,86999,Departamento sin determinar,2005,9,0.0
86,Santiago del Estero,86999,Departamento sin determinar,2006,10,0.0
86,Santiago del Estero,86999,Departamento sin determinar,2007,7,0.0
86,Santiago del Estero,86999,Departamento sin determinar,2008,4,0.0
86,Santiago del Estero,86999,Departamento sin determinar,2009,8,0.0
86,Santiago del Estero,86999,Departamento sin determinar,2010,3,0.0
86,Santiago del Estero,86999,Departamento sin determinar,2011,4,0.0
86,Santiago del Estero,86999,Departamento sin determinar,2012,3,0.0
86,Santiago del Estero,86999,Departamento sin determinar,2013,7,0.0
86,Santiago del Estero,86999,Departamento sin determinar,2014,12,0.0
86,Santiago del Estero,86999,Departamento sin determinar,2015,10,0.0
86,Santiago del Estero,86999,Departamento sin determinar,2016,18,0.0
86,Santiago del Estero,86999,Departamento sin determinar,2017,20,0.0
86,Santiago del Estero,86999,Departamento sin determinar,2018,15,0.0
86,Santiago del Estero,86999,Departamento sin determinar,2019,15,0.0
86,Santiago del Estero,86999,Departamento sin determinar,2020,15,0.0
86,Santiago del Estero,86999,Departamento sin determinar,2021,11,0.0
86,Santiago del Estero,86999,Departamento sin determinar,2022,9,0.0
86,Santiago del Estero,86999,Departamento sin determinar,2023,22,0.0
86,Santiago del Estero,86999,Departamento sin determinar,2024,32,0.0
90,Tucumán,90007,Burruyacú,2000,65,0.0
90,Tucumán,90007,Burruyacú,2001,86,0.0
90,Tucumán,90007,Burruyacú,2002,125,0.0
90,Tucumán,90007,Burruyacú,2003,128,0.0
90,Tucumán,90007,Burruyacú,2004,157,0.0
90,Tucumán,90007,Burruyacú,2005,133,0.0
90,Tucumán,90007,Burruyacú,2006,99,0.0
90,Tucumán,90007,Burruyacú,2007,70,0.0
90,Tucumán,90007,Burruyacú,2008,52,0.0
90,Tucumán,90007,Burruyacú,2009,47,0.0
90,Tucumán,90007,Burruyacú,2010,35,0.0
90,Tucumán,90007,Burruyacú,2011,35,0.0
90,Tucumán,90007,Burruyacú,2012,11,0.0
90,Tucumán,90007,Burruyacú,2013,68,0.0
90,Tucumán,90007,Burruyacú,2014,87,0.0
90,Tucumán,90007,Burruyacú,2015,86,0.0
90,Tucumán,90007,Burruyacú,2016,148,0.0
90,Tucumán,90007,Burruyacú,2017,75,0.0
90,Tucumán,90007,Burruyacú,2018,221,0.0
90,Tucumán,90007,Burruyacú,2019,209,0.0
90,Tucumán,90007,Burruyacú,2020,285,0.0
90,Tucumán,90007,Burruyacú,2021,274,0.0
90,Tucumán,90007,Burruyacú,2022,259,0.0
90,Tucumán,90007,Burruyacú,2023,508,0.0
90,Tucumán,90007,Burruyacú,2024,455,0.0
90,Tucumán,90014,Cruz Alta,2000,965,0.0
90,Tucumán,90014,Cruz Alta,2001,1062,0.0
90,Tucumán,90014,Cruz Alta,2002,1288,0.0
90,Tucumán,90014,Cruz Alta,2003,1178,0.0
90,Tucumán,90014,Cruz Alta,2004,1049,0.0
90,Tucumán,90014,Cruz Alta,2005,1517,0.0
90,Tucumán,90014,Cruz Alta,2006,1470,0.0
90,Tucumán,90014,Cruz Alta,2007,972,0.0
90,Tucumán,90014,Cruz Alta,2008,896,0.0
90,Tucumán,90014,Cruz Alta,2009,685,0.0
90,Tucumán,90014,Cruz Alta,2010,763,0.0
90,Tucumán,90014,Cruz Alta,2011,927,0.0
90,Tucumán,90014,Cruz Alta,2012,900,0.0
90,Tucumán,90014,Cruz Alta,2013,1320,0.0
90,Tucumán,90014,Cruz Alta,2014,1576,0.0
90,Tucumán,90014,Cruz Alta,2015,1977,0.0
90,Tucumán,90014,Cruz Alta,2016,1727,0.0
90,Tucumán,90014,Cruz Alta,2017,2530,0.0
90,Tucumán,90014,Cruz Alta,2018,2513,0.0
90,Tucumán,90014,Cruz Alta,2019,2924,0.0
90,Tucumán,90014,Cruz Alta,2020,1936,0.0
90,Tucumán,90014,Cruz Alta,2021,2057,0.0
90,Tucumán,90014,Cruz Alta,2022,3889,0.0
90,Tucumán,90014,Cruz Alta,2023,4000,0.0
90,Tucumán,90014,Cruz Alta,2024,3783,0.0
90,Tucumán,90021,Chicligasta,2000,863,0.0
90,Tucumán,90021,Chicligasta,2001,764,0.0
90,Tucumán,90021,Chicligasta,2002,909,0.0
90,Tucumán,90021,Chicligasta,2003,947,0.0
90,Tucumán,90021,Chicligasta,2004,1043,0.0
90,Tucumán,90021,Chicligasta,2005,1074,0.0
90,Tucumán,90021,Chicligasta,2006,933,0.0
90,Tucumán,90021,Chicligasta,2007,878,0.0
90,Tucumán,90021,Chicligasta,2008,1002,0.0
90,Tucumán,90021,Chicligasta,2009,968,0.0
90,Tucumán,90021,Chicligasta,2010,891,0.0
90,Tucumán,90021,Chicligasta,2011,767,0.0
90,Tucumán,90021,Chicligasta,2012,1036,0.0
90,Tucumán,90021,Chicligasta,2013,1239,0.0
90,Tucumán,90021,Chicligasta,2014,1225,0.0
90,Tucumán,90021,Chicligasta,2015,1514,0.0
90,Tucumán,90021,Chicligasta,2016,1535,0.0
90,Tucumán,90021,Chicligasta,2017,1444,0.0
90,Tucumán,90021,Chicligasta,2018,1472,0.0
90,Tucumán,90021,Chicligasta,2019,1612,0.0
90,Tucumán,90021,Chicligasta,2020,1609,0.0
90,Tucumán,90021,Chicligasta,2021,1391,0.0
90,Tucumán,90021,Chicligasta,2022,1425,0.0
90,Tucumán,90021,Chicligasta,2023,1379,0.0
90,Tucumán,90021,Chicligasta,2024,1439,0.0
90,Tucumán,90028,Famaillá,2000,241,0.0
90,Tucumán,90028,Famaillá,2001,199,0.0
90,Tucumán,90028,Famaillá,2002,252,0.0
90,Tucumán,90028,Famaillá,2003,280,0.0
90,Tucumán,90028,Famaillá,2004,297,0.0
90,Tucumán,90028,Famaillá,2005,383,0.0
90,Tucumán,90028,Famaillá,2006,351,0.0
90,Tucumán,90028,Famaillá,2007,310,0.0
90,Tucumán,90028,Famaillá,2008,299,0.0
90,Tucumán,90028,Famaillá,2009,244,0.0
90,Tucumán,90028,Famaillá,2010,104,0.0
90,Tucumán,90028,Famaillá,2011,142,0.0
90,Tucumán,90028,Famaillá,2012,57,0.0
90,Tucumán,90028,Famaillá,2013,367,0.0
90,Tucumán,90028,Famaillá,2014,303,0.0
90,Tucumán,90028,Famaillá,2015,287,0.0
90,Tucumán,90028,Famaillá,2016,242,0.0
90,Tucumán,90028,Famaillá,2017,241,0.0
90,Tucumán,90028,Famaillá,2018,326,0.0
90,Tucumán,90028,Famaillá,2019,295,0.0
90,Tucumán,90028,Famaillá,2020,255,0.0
90,Tucumán,90028,Famaillá,2021,548,0.0
90,Tucumán,90028,Famaillá,2022,625,0.0
90,Tucumán,90028,Famaillá,2023,865,0.0
90,Tucumán,90028,Famaillá,2024,769,0.0
90,Tucumán,90035,Graneros,2000,82,0.0
90,Tucumán,90035,Graneros,2001,71,0.0
90,Tucumán,90035,Graneros,2002,118,0.0
90,Tucumán,90035,Graneros,2003,142,0.0
90,Tucumán,90035,Graneros,2004,215,0.0
90,Tucumán,90035,Graneros,2005,172,0.0
90,Tucumán,90035,Graneros,2006,137,0.0
90,Tucumán,90035,Graneros,2007,112,0.0
90,Tucumán,90035,Graneros,2008,83,0.0
90,Tucumán,90035,Graneros,2009,78,0.0
90,Tucumán,90035,Graneros,2010,56,0.0
90,Tucumán,90035,Graneros,2011,58,0.0
90,Tucumán,90035,Graneros,2012,72,0.0
90,Tucumán,90035,Graneros,2013,142,0.0
90,Tucumán,90035,Graneros,2014,84,0.0
90,Tucumán,90035,Graneros,2015,72,0.0
90,Tucumán,90035,Graneros,2016,70,0.0
90,Tucumán,90035,Graneros,2017,55,0.0
90,Tucumán,90035,Graneros,2018,70,0.0
90,Tucumán,90035,Graneros,2019,88,0.0
90,Tucumán,90035,Graneros,2020,111,0.0
90,Tucumán,90035,Graneros,2021,108,0.0
90,Tucumán,90035,Graneros,2022,120,0.0
90,Tucumán,90035,Graneros,2023,135,0.0
90,Tucumán,90035,Graneros,2024,135,0.0
90,Tucumán,90042,Juan Bautista Alberdi,2000,264,0.0
90,Tucumán,90042,Juan Bautista Alberdi,2001,269,0.0
90,Tucumán,90042,Juan Bautista Alberdi,2002,506,0.0
90,Tucumán,90042,Juan Bautista Alberdi,2003,493,0.0
90,Tucumán,90042,Juan Bautista Alberdi,2004,380,0.0
90,Tucumán,90042,Juan Bautista Alberdi,2005,415,0.0
90,Tucumán,90042,Juan Bautista Alberdi,2006,405,0.0
90,Tucumán,90042,Juan Bautista Alberdi,2007,436,0.0
90,Tucumán,90042,Juan Bautista Alberdi,2008,486,0.0
90,Tucumán,90042,Juan Bautista Alberdi,2009,411,0.0
90,Tucumán,90042,Juan Bautista Alberdi,2010,425,0.0
90,Tucumán,90042,Juan Bautista Alberdi,2011,524,0.0
90,Tucumán,90042,Juan Bautista Alberdi,2012,355,0.0
90,Tucumán,90042,Juan Bautista Alberdi,2013,410,0.0
90,Tucumán,90042,Juan Bautista Alberdi,2014,351,0.0
90,Tucumán,90042,Juan Bautista Alberdi,2015,459,0.0
90,Tucumán,90042,Juan Bautista Alberdi,2016,380,0.0
90,Tucumán,90042,Juan Bautista Alberdi,2017,333,0.0
90,Tucumán,90042,Juan Bautista Alberdi,2018,818,0.0
90,Tucumán,90042,Juan Bautista Alberdi,2019,539,0.0
90,Tucumán,90042,Juan Bautista Alberdi,2020,428,0.0
90,Tucumán,90042,Juan Bautista Alberdi,2021,497,0.0
90,Tucumán,90042,Juan Bautista Alberdi,2022,541,0.0
90,Tucumán,90042,Juan Bautista Alberdi,2023,471,0.0
90,Tucumán,90042,Juan Bautista Alberdi,2024,396,0.0
90,Tucumán,90049,La Cocha,2000,69,0.0
90,Tucumán,90049,La Cocha,2001,82,0.0
90,Tucumán,90049,La Cocha,2002,138,0.0
90,Tucumán,90049,La Cocha,2003,148,0.0
90,Tucumán,90049,La Cocha,2004,121,0.0
90,Tucumán,90049,La Cocha,2005,137,0.0
90,Tucumán,90049,La Cocha,2006,75,0.0
90,Tucumán,90049,La Cocha,2007,108,0.0
90,Tucumán,90049,La Cocha,2008,97,0.0
90,Tucumán,90049,La Cocha,2009,107,0.0
90,Tucumán,90049,La Cocha,2010,105,0.0
90,Tucumán,90049,La Cocha,2011,84,0.0
90,Tucumán,90049,La Cocha,2012,110,0.0
90,Tucumán,90049,La Cocha,2013,133,0.0
90,Tucumán,90049,La Cocha,2014,88,0.0
90,Tucumán,90049,La Cocha,2015,90,0.0
90,Tucumán,90049,La Cocha,2016,100,0.0
90,Tucumán,90049,La Cocha,2017,83,0.0
90,Tucumán,90049,La Cocha,2018,91,0.0
90,Tucumán,90049,La Cocha,2019,106,0.0
90,Tucumán,90049,La Cocha,2020,76,0.0
90,Tucumán,90049,La Cocha,2021,69,0.0
90,Tucumán,90049,La Cocha,2022,124,0.0
90,Tucumán,90049,La Cocha,2023,166,0.0
90,Tucumán,90049,La Cocha,2024,185,0.0
90,Tucumán,90056,Leales,2000,97,0.0
90,Tucumán,90056,Leales,2001,109,0.0
90,Tucumán,90056,Leales,2002,203,0.0
90,Tucumán,90056,Leales,2003,239,0.0
90,Tucumán,90056,Leales,2004,223,0.0
90,Tucumán,90056,Leales,2005,244,0.0
90,Tucumán,90056,Leales,2006,173,0.0
90,Tucumán,90056,Leales,2007,120,0.0
90,Tucumán,90056,Leales,2008,164,0.0
90,Tucumán,90056,Leales,2009,147,0.0
90,Tucumán,90056,Leales,2010,191,0.0
90,Tucumán,90056,Leales,2011,139,0.0
90,Tucumán,90056,Leales,2012,190,0.0
90,Tucumán,90056,Leales,2013,195,0.0
90,Tucumán,90056,Leales,2014,228,0.0
90,Tucumán,90056,Leales,2015,193,0.0
90,Tucumán,90056,Leales,2016,154,0.0
90,Tucumán,90056,Leales,2017,196,0.0
90,Tucumán,90056,Leales,2018,308,0.0
90,Tucumán,90056,Leales,2019,359,0.0
90,Tucumán,90056,Leales,2020,399,0.0
90,Tucumán,90056,Leales,2021,517,0.0
90,Tucumán,90056,Leales,2022,818,0.0
90,Tucumán,90056,Leales,2023,981,0.0
90,Tucumán,90056,Leales,2024,954,0.0
90,Tucumán,90063,Lules,2000,298,0.0
90,Tucumán,90063,Lules,2001,338,0.0
90,Tucumán,90063,Lules,2002,435,0.0
90,Tucumán,90063,Lules,2003,286,0.0
90,Tucumán,90063,Lules,2004,587,0.0
90,Tucumán,90063,Lules,2005,537,0.0
90,Tucumán,90063,Lules,2006,480,0.0
90,Tucumán,90063,Lules,2007,314,0.0
90,Tucumán,90063,Lules,2008,374,0.0
90,Tucumán,90063,Lules,2009,509,0.0
90,Tucumán,90063,Lules,2010,437,0.0
90,Tucumán,90063,Lules,2011,490,0.0
90,Tucumán,90063,Lules,2012,505,0.0
90,Tucumán,90063,Lules,2013,574,0.0
90,Tucumán,90063,Lules,2014,677,0.0
90,Tucumán,90063,Lules,2015,671,0.0
90,Tucumán,90063,Lules,2016,496,0.0
90,Tucumán,90063,Lules,2017,752,0.0
90,Tucumán,90063,Lules,2018,782,0.0
90,Tucumán,90063,Lules,2019,938,0.0
90,Tucumán,90063,Lules,2020,751,0.0
90,Tucumán,90063,Lules,2021,888,0.0
90,Tucumán,90063,Lules,2022,1532,0.0
90,Tucumán,90063,Lules,2023,1779,0.0
90,Tucumán,90063,Lules,2024,1575,0.0
90,Tucumán,90070,Monteros,2000,340,0.0
90,Tucumán,90070,Monteros,2001,325,0.0
90,Tucumán,90070,Monteros,2002,449,0.0
90,Tucumán,90070,Monteros,2003,575,0.0
90,Tucumán,90070,Monteros,2004,466,0.0
90,Tucumán,90070,Monteros,2005,527,0.0
90,Tucumán,90070,Monteros,2006,428,0.0
90,Tucumán,90070,Monteros,2007,524,0.0
90,Tucumán,90070,Monteros,2008,397,0.0
90,Tucumán,90070,Monteros,2009,422,0.0
90,Tucumán,90070,Monteros,2010,359,0.0
90,Tucumán,90070,Monteros,2011,333,0.0
90,Tucumán,90070,Monteros,2012,387,0.0
90,Tucumán,90070,Monteros,2013,495,0.0
90,Tucumán,90070,Monteros,2014,524,0.0
90,Tucumán,90070,Monteros,2015,407,0.0
90,Tucumán,90070,Monteros,2016,246,0.0
90,Tucumán,90070,Monteros,2017,375,0.0
90,Tucumán,90070,Monteros,2018,402,0.0
90,Tucumán,90070,Monteros,2019,466,0.0
90,Tucumán,90070,Monteros,2020,282,0.0
90,Tucumán,90070,Monteros,2021,413,0.0
90,Tucumán,90070,Monteros,2022,862,0.0
90,Tucumán,90070,Monteros,2023,929,0.0
90,Tucumán,90070,Monteros,2024,921,0.0
90,Tucumán,90077,Río Chico,2000,409,0.0
90,Tucumán,90077,Río Chico,2001,394,0.0
90,Tucumán,90077,Río Chico,2002,700,0.0
90,Tucumán,90077,Río Chico,2003,705,0.0
90,Tucumán,90077,Río Chico,2004,587,0.0
90,Tucumán,90077,Río Chico,2005,527,0.0
90,Tucumán,90077,Río Chico,2006,523,0.0
90,Tucumán,90077,Río Chico,2007,398,0.0
90,Tucumán,90077,Río Chico,2008,396,0.0
90,Tucumán,90077,Río Chico,2009,434,0.0
90,Tucumán,90077,Río Chico,2010,429,0.0
90,Tucumán,90077,Río Chico,2011,553,0.0
90,Tucumán,90077,Río Chico,2012,555,0.0
90,Tucumán,90077,Río Chico,2013,709,0.0
90,Tucumán,90077,Río Chico,2014,607,0.0
90,Tucumán,90077,Río Chico,2015,546,0.0
90,Tucumán,90077,Río Chico,2016,467,0.0
90,Tucumán,90077,Río Chico,2017,528,0.0
90,Tucumán,90077,Río Chico,2018,747,0.0
90,Tucumán,90077,Río Chico,2019,865,0.0
90,Tucumán,90077,Río Chico,2020,812,0.0
90,Tucumán,90077,Río Chico,2021,561,0.0
90,Tucumán,90077,Río Chico,2022,931,0.0
90,Tucumán,90077,Río Chico,2023,1049,0.0
90,Tucumán,90077,Río Chico,2024,962,0.0
90,Tucumán,90084,Capital,2000,7012,0.0
90,Tucumán,90084,Capital,2001,7742,0.0
90,Tucumán,90084,Capital,2002,9344,0.0
90,Tucumán,90084,Capital,2003,7776,0.0
90,Tucumán,90084,Capital,2004,7190,0.0
90,Tucumán,90084,Capital,2005,8743,0.0
90,Tucumán,90084,Capital,2006,8075,0.0
90,Tucumán,90084,Capital,2007,6825,0.0
90,Tucumán,90084,Capital,2008,6953,0.0
90,Tucumán,90084,Capital,2009,6306,0.0
90,Tucumán,90084,Capital,2010,5773,0.0
90,Tucumán,90084,Capital,2011,6533,0.0
90,Tucumán,90084,Capital,2012,7475,0.0
90,Tucumán,90084,Capital,2013,9935,0.0
90,Tucumán,90084,Capital,2014,14052,0.0
90,Tucumán,90084,Capital,2015,12357,0.0
90,Tucumán,90084,Capital,2016,14509,0.0
90,Tucumán,90084,Capital,2017,17127,0.0
90,Tucumán,90084,Capital,2018,15251,0.0
90,Tucumán,90084,Capital,2019,15908,0.0
90,Tucumán,90084,Capital,2020,13434,0.0
90,Tucumán,90084,Capital,2021,13926,0.0
90,Tucumán,90084,Capital,2022,19540,0.0
90,Tucumán,90084,Capital,2023,21347,0.0
90,Tucumán,90084,Capital,2024,18812,0.0
90,Tucumán,90091,Simoca,2000,180,0.0
90,Tucumán,90091,Simoca,2001,243,0.0
90,Tucumán,90091,Simoca,2002,254,0.0
90,Tucumán,90091,Simoca,2003,215,0.0
90,Tucumán,90091,Simoca,2004,271,0.0
90,Tucumán,90091,Simoca,2005,206,0.0
90,Tucumán,90091,Simoca,2006,189,0.0
90,Tucumán,90091,Simoca,2007,207,0.0
90,Tucumán,90091,Simoca,2008,242,0.0
90,Tucumán,90091,Simoca,2009,184,0.0
90,Tucumán,90091,Simoca,2010,109,0.0
90,Tucumán,90091,Simoca,2011,210,0.0
90,Tucumán,90091,Simoca,2012,164,0.0
90,Tucumán,90091,Simoca,2013,100,0.0
90,Tucumán,90091,Simoca,2014,119,0.0
90,Tucumán,90091,Simoca,2015,155,0.0
90,Tucumán,90091,Simoca,2016,148,0.0
90,Tucumán,90091,Simoca,2017,117,0.0
90,Tucumán,90091,Simoca,2018,126,0.0
90,Tucumán,90091,Simoca,2019,141,0.0
90,Tucumán,90091,Simoca,2020,148,0.0
90,Tucumán,90091,Simoca,2021,193,0.0
90,Tucumán,90091,Simoca,2022,318,0.0
90,Tucumán,90091,Simoca,2023,377,0.0
90,Tucumán,90091,Simoca,2024,377,0.0
90,Tucumán,90098,Tafí del Valle,2000,163,0.0
90,Tucumán,90098,Tafí del Valle,2001,140,0.0
90,Tucumán,90098,Tafí del Valle,2002,176,0.0
90,Tucumán,90098,Tafí del Valle,2003,129,0.0
90,Tucumán,90098,Tafí del Valle,2004,131,0.0
90,Tucumán,90098,Tafí del Valle,2005,67,0.0
90,Tucumán,90098,Tafí del Valle,2006,108,0.0
90,Tucumán,90098,Tafí del Valle,2007,130,0.0
90,Tucumán,90098,Tafí del Valle,2008,127,0.0
90,Tucumán,90098,Tafí del Valle,2009,99,0.0
90,Tucumán,90098,Tafí del Valle,2010,145,0.0
90,Tucumán,90098,Tafí del Valle,2011,139,0.0
90,Tucumán,90098,Tafí del Valle,2012,96,0.0
90,Tucumán,90098,Tafí del Valle,2013,131,0.0
90,Tucumán,90098,Tafí del Valle,2014,109,0.0
90,Tucumán,90098,Tafí del Valle,2015,146,0.0
90,Tucumán,90098,Tafí del Valle,2016,198,0.0
90,Tucumán,90098,Tafí del Valle,2017,135,0.0
90,Tucumán,90098,Tafí del Valle,2018,262,0.0
90,Tucumán,90098,Tafí del Valle,2019,204,0.0
90,Tucumán,90098,Tafí del Valle,2020,150,0.0
90,Tucumán,90098,Tafí del Valle,2021,195,0.0
90,Tucumán,90098,Tafí del Valle,2022,455,0.0
90,Tucumán,90098,Tafí del Valle,2023,569,0.0
90,Tucumán,90098,Tafí del Valle,2024,474,0.0
90,Tucumán,90105,Tafí Viejo,2000,885,0.0
90,Tucumán,90105,Tafí Viejo,2001,884,0.0
90,Tucumán,90105,Tafí Viejo,2002,1336,0.0
90,Tucumán,90105,Tafí Viejo,2003,1019,0.0
90,Tucumán,90105,Tafí Viejo,2004,1268,0.0
90,Tucumán,90105,Tafí Viejo,2005,1185,0.0
90,Tucumán,90105,Tafí Viejo,2006,1015,0.0
90,Tucumán,90105,Tafí Viejo,2007,1308,0.0
90,Tucumán,90105,Tafí Viejo,2008,858,0.0
90,Tucumán,90105,Tafí Viejo,2009,986,0.0
90,Tucumán,90105,Tafí Viejo,2010,1084,0.0
90,Tucumán,90105,Tafí Viejo,2011,1256,0.0
90,Tucumán,90105,Tafí Viejo,2012,1396,0.0
90,Tucumán,90105,Tafí Viejo,2013,1584,0.0
90,Tucumán,90105,Tafí Viejo,2014,1889,0.0
90,Tucumán,90105,Tafí Viejo,2015,1740,0.0
90,Tucumán,90105,Tafí Viejo,2016,1824,0.0
90,Tucumán,90105,Tafí Viejo,2017,2573,0.0
90,Tucumán,90105,Tafí Viejo,2018,2527,0.0
90,Tucumán,90105,Tafí Viejo,2019,2909,0.0
90,Tucumán,90105,Tafí Viejo,2020,2430,0.0
90,Tucumán,90105,Tafí Viejo,2021,2935,0.0
90,Tucumán,90105,Tafí Viejo,2022,4070,0.0
90,Tucumán,90105,Tafí Viejo,2023,4086,0.0
90,Tucumán,90105,Tafí Viejo,2024,3477,0.0
90,Tucumán,90112,Trancas,2000,75,0.0
90,Tucumán,90112,Trancas,2001,75,0.0
90,Tucumán,90112,Trancas,2002,63,0.0
90,Tucumán,90112,Trancas,2003,92,0.0
90,Tucumán,90112,Trancas,2004,98,0.0
90,Tucumán,90112,Trancas,2005,139,0.0
90,Tucumán,90112,Trancas,2006,62,0.0
90,Tucumán,90112,Trancas,2007,96,0.0
90,Tucumán,90112,Trancas,2008,96,0.0
90,Tucumán,90112,Trancas,2009,102,0.0
90,Tucumán,90112,Trancas,2010,107,0.0
90,Tucumán,90112,Trancas,2011,72,0.0
90,Tucumán,90112,Trancas,2012,76,0.0
90,Tucumán,90112,Trancas,2013,84,0.0
90,Tucumán,90112,Trancas,2014,102,0.0
90,Tucumán,90112,Trancas,2015,90,0.0
90,Tucumán,90112,Trancas,2016,137,0.0
90,Tucumán,90112,Trancas,2017,280,0.0
90,Tucumán,90112,Trancas,2018,238,0.0
90,Tucumán,90112,Trancas,2019,190,0.0
90,Tucumán,90112,Trancas,2020,163,0.0
90,Tucumán,90112,Trancas,2021,175,0.0
90,Tucumán,90112,Trancas,2022,365,0.0
90,Tucumán,90112,Trancas,2023,410,0.0
90,Tucumán,90112,Trancas,2024,393,0.0
90,Tucumán,90119,Yerba Buena,2000,444,0.0
90,Tucumán,90119,Yerba Buena,2001,441,0.0
90,Tucumán,90119,Yerba Buena,2002,386,0.0
90,Tucumán,90119,Yerba Buena,2003,493,0.0
90,Tucumán,90119,Yerba Buena,2004,805,0.0
90,Tucumán,90119,Yerba Buena,2005,759,0.0
90,Tucumán,90119,Yerba Buena,2006,604,0.0
90,Tucumán,90119,Yerba Buena,2007,905,0.0
90,Tucumán,90119,Yerba Buena,2008,590,0.0
90,Tucumán,90119,Yerba Buena,2009,653,0.0
90,Tucumán,90119,Yerba Buena,2010,543,0.0
90,Tucumán,90119,Yerba Buena,2011,384,0.0
90,Tucumán,90119,Yerba Buena,2012,712,0.0
90,Tucumán,90119,Yerba Buena,2013,1059,0.0
90,Tucumán,90119,Yerba Buena,2014,1058,0.0
90,Tucumán,90119,Yerba Buena,2015,777,0.0
90,Tucumán,90119,Yerba Buena,2016,698,0.0
90,Tucumán,90119,Yerba Buena,2017,1385,0.0
90,Tucumán,90119,Yerba Buena,2018,1223,0.0
90,Tucumán,90119,Yerba Buena,2019,1372,0.0
90,Tucumán,90119,Yerba Buena,2020,1171,0.0
90,Tucumán,90119,Yerba Buena,2021,1474,0.0
90,Tucumán,90119,Yerba Buena,2022,2254,0.0
90,Tucumán,90119,Yerba Buena,2023,2414,0.0
90,Tucumán,90119,Yerba Buena,2024,1805,0.0
90,Tucumán,90999,Departamento sin determinar,2000,0,0.0
90,Tucumán,90999,Departamento sin determinar,2001,5,0.0
90,Tucumán,90999,Departamento sin determinar,2002,28,0.0
90,Tucumán,90999,Departamento sin determinar,2003,23,0.0
90,Tucumán,90999,Departamento sin determinar,2004,26,0.0
90,Tucumán,90999,Departamento sin determinar,2005,80,0.0
90,Tucumán,90999,Departamento sin determinar,2006,22,0.0
90,Tucumán,90999,Departamento sin determinar,2007,22,0.0
90,Tucumán,90999,Departamento sin determinar,2008,19,0.0
90,Tucumán,90999,Departamento sin determinar,2009,8,0.0
90,Tucumán,90999,Departamento sin determinar,2010,15,0.0
90,Tucumán,90999,Departamento sin determinar,2011,5,0.0
90,Tucumán,90999,Departamento sin determinar,2012,13,0.0
90,Tucumán,90999,Departamento sin determinar,2013,29,0.0
90,Tucumán,90999,Departamento sin determinar,2014,40,0.0
90,Tucumán,90999,Departamento sin determinar,2015,60,0.0
90,Tucumán,90999,Departamento sin determinar,2016,69,0.0
90,Tucumán,90999,Departamento sin determinar,2017,46,0.0
90,Tucumán,90999,Departamento sin determinar,2018,73,0.0
90,Tucumán,90999,Departamento sin determinar,2019,59,0.0
90,Tucumán,90999,Departamento sin determinar,2020,54,0.0
90,Tucumán,90999,Departamento sin determinar,2021,58,0.0
90,Tucumán,90999,Departamento sin determinar,2022,28,0.0
90,Tucumán,90999,Departamento sin determinar,2023,39,0.0
90,Tucumán,90999,Departamento sin determinar,2024,61,0.0
94,"Tierra del Fuego, Antártida e Islas del Atlántico Sur",94007,Río Grande,2000,731,0.0
94,"Tierra del Fuego, Antártida e Islas del Atlántico Sur",94007,Río Grande,2001,824,0.0
94,"Tierra del Fuego, Antártida e Islas del Atlántico Sur",94007,Río Grande,2002,1251,0.0
94,"Tierra del Fuego, Antártida e Islas del Atlántico Sur",94007,Río Grande,2003,1264,0.0
94,"Tierra del Fuego, Antártida e Islas del Atlántico Sur",94007,Río Grande,2004,1230,0.0
94,"Tierra del Fuego, Antártida e Islas del Atlántico Sur",94007,Río Grande,2005,1323,0.0
94,"Tierra del Fuego, Antártida e Islas del Atlántico Sur",94007,Río Grande,2006,1687,0.0
94,"Tierra del Fuego, Antártida e Islas del Atlántico Sur",94007,Río Grande,2007,1656,0.0
94,"Tierra del Fuego, Antártida e Islas del Atlántico Sur",94007,Río Grande,2008,1627,0.0
94,"Tierra del Fuego, Antártida e Islas del Atlántico Sur",94007,Río Grande,2009,1791,0.0
94,"Tierra del Fuego, Antártida e Islas del Atlántico Sur",94007,Río Grande,2010,1511,0.0
94,"Tierra del Fuego, Antártida e Islas del Atlántico Sur",94007,Río Grande,2011,1168,0.0
94,"Tierra del Fuego, Antártida e Islas del Atlántico Sur",94007,Río Grande,2012,1328,0.0
94,"Tierra del Fuego, Antártida e Islas del Atlántico Sur",94007,Río Grande,2013,1826,0.0
94,"Tierra del Fuego, Antártida e Islas del Atlántico Sur",94007,Río Grande,2014,2207,0.0
94,"Tierra del Fuego, Antártida e Islas del Atlántico Sur",94007,Río Grande,2015,1966,0.0
94,"Tierra del Fuego, Antártida e Islas del Atlántico Sur",94007,Río Grande,2016,1941,0.0
94,"Tierra del Fuego, Antártida e Islas del Atlántico Sur",94007,Río Grande,2017,2223,0.0
94,"Tierra del Fuego, Antártida e Islas del Atlántico Sur",94007,Río Grande,2018,2245,0.0
94,"Tierra del Fuego, Antártida e Islas del Atlántico Sur",94007,Río Grande,2019,2185,0.0
94,"Tierra del Fuego, Antártida e Islas del Atlántico Sur",94007,Río Grande,2020,1657,0.0
94,"Tierra del Fuego, Antártida e Islas del Atlántico Sur",94007,Río Grande,2021,1838,0.0
94,"Tierra del Fuego, Antártida e Islas del Atlántico Sur",94007,Río Grande,2022,2263,0.0
94,"Tierra del Fuego, Antártida e Islas del Atlántico Sur",94007,Río Grande,2023,2413,0.0
94,"Tierra del Fuego, Antártida e Islas del Atlántico Sur",94007,Río Grande,2024,2573,0.0
94,"Tierra del Fuego, Antártida e Islas del Atlántico Sur",94014,Ushuaia,2000,1220,0.0
94,"Tierra del Fuego, Antártida e Islas del Atlántico Sur",94014,Ushuaia,2001,928,0.0
94,"Tierra del Fuego, Antártida e Islas del Atlántico Sur",94014,Ushuaia,2002,1284,0.0
94,"Tierra del Fuego, Antártida e Islas del Atlántico Sur",94014,Ushuaia,2003,1215,0.0
94,"Tierra del Fuego, Antártida e Islas del Atlántico Sur",94014,Ushuaia,2004,1354,0.0
94,"Tierra del Fuego, Antártida e Islas del Atlántico Sur",94014,Ushuaia,2005,1224,0.0
94,"Tierra del Fuego, Antártida e Islas del Atlántico Sur",94014,Ushuaia,2006,1131,0.0
94,"Tierra del Fuego, Antártida e Islas del Atlántico Sur",94014,Ushuaia,2007,1226,0.0
94,"Tierra del Fuego, Antártida e Islas del Atlántico Sur",94014,Ushuaia,2008,1277,0.0
94,"Tierra del Fuego, Antártida e Islas del Atlántico Sur",94014,Ushuaia,2009,1276,0.0
94,"Tierra del Fuego, Antártida e Islas del Atlántico Sur",94014,Ushuaia,2010,910,0.0
94,"Tierra del Fuego, Antártida e Islas del Atlántico Sur",94014,Ushuaia,2011,923,0.0
94,"Tierra del Fuego, Antártida e Islas del Atlántico Sur",94014,Ushuaia,2012,866,0.0
94,"Tierra del Fuego, Antártida e Islas del Atlántico Sur",94014,Ushuaia,2013,936,0.0
94,"Tierra del Fuego, Antártida e Islas del Atlántico Sur",94014,Ushuaia,2014,786,0.0
94,"Tierra del Fuego, Antártida e Islas del Atlántico Sur",94014,Ushuaia,2015,793,0.0
94,"Tierra del Fuego, Antártida e Islas del Atlántico Sur",94014,Ushuaia,2016,868,0.0
94,"Tierra del Fuego, Antártida e Islas del Atlántico Sur",94014,Ushuaia,2017,855,0.0
94,"Tierra del Fuego, Antártida e Islas del Atlántico Sur",94014,Ushuaia,2018,818,0.0
94,"Tierra del Fuego, Antártida e Islas del Atlántico Sur",94014,Ushuaia,2019,944,0.0
94,"Tierra del Fuego, Antártida e Islas del Atlántico Sur",94014,Ushuaia,2020,735,0.0
94,"Tierra del Fuego, Antártida e Islas del Atlántico Sur",94014,Ushuaia,2021,921,0.0
94,"Tierra del Fuego, Antártida e Islas del Atlántico Sur",94014,Ushuaia,2022,1427,0.0
94,"Tierra del Fuego, Antártida e Islas del Atlántico Sur",94014,Ushuaia,2023,1508,0.0
94,"Tierra del Fuego, Antártida e Islas del Atlántico Sur",94014,Ushuaia,2024,1758,0.0
94,"Tierra del Fuego, Antártida e Islas del Atlántico Sur",94999,Departamento sin determinar,2000,0,0.0
94,"Tierra del Fuego, Antártida e Islas del Atlántico Sur",94999,Departamento sin determinar,2001,213,0.0
94,"Tierra del Fuego, Antártida e Islas del Atlántico Sur",94999,Departamento sin determinar,2002,6,0.0
94,"Tierra del Fuego, Antártida e Islas del Atlántico Sur",94999,Departamento sin determinar,2003,8,0.0
94,"Tierra del Fuego, Antártida e Islas del Atlántico Sur",94999,Departamento sin determinar,2004,5,0.0
94,"Tierra del Fuego, Antártida e Islas del Atlántico Sur",94999,Departamento sin determinar,2005,7,0.0
94,"Tierra del Fuego, Antártida e Islas del Atlántico Sur",94999,Departamento sin determinar,2006,17,0.0
94,"Tierra del Fuego, Antártida e Islas del Atlántico Sur",94999,Departamento sin determinar,2007,3,0.0
94,"Tierra del Fuego, Antártida e Islas del Atlántico Sur",94999,Departamento sin determinar,2008,7,0.0
94,"Tierra del Fuego, Antártida e Islas del Atlántico Sur",94999,Departamento sin determinar,2009,2,0.0
94,"Tierra del Fuego, Antártida e Islas del Atlántico Sur",94999,Departamento sin determinar,2010,4,0.0
94,"Tierra del Fuego, Antártida e Islas del Atlántico Sur",94999,Departamento sin determinar,2011,71,0.0
94,"Tierra del Fuego, Antártida e Islas del Atlántico Sur",94999,Departamento sin determinar,2012,91,0.0
94,"Tierra del Fuego, Antártida e Islas del Atlántico Sur",94999,Departamento sin determinar,2013,31,0.0
94,"Tierra del Fuego, Antártida e Islas del Atlántico Sur",94999,Departamento sin determinar,2014,26,0.0
94,"Tierra del Fuego, Antártida e Islas del Atlántico Sur",94999,Departamento sin determinar,2015,26,0.0
94,"Tierra del Fuego, Antártida e Islas del Atlántico Sur",94999,Departamento sin determinar,2016,22,0.0
94,"Tierra del Fuego, Antártida e Islas del Atlántico Sur",94999,Departamento sin determinar,2017,20,0.0
94,"Tierra del Fuego, Antártida e Islas del Atlántico Sur",94999,Departamento sin determinar,2018,9,0.0
94,"Tierra del Fuego, Antártida e Islas del Atlántico Sur",94999,Departamento sin determinar,2019,19,0.0
94,"Tierra del Fuego, Antártida e Islas del Atlántico Sur",94999,Departamento sin determinar,2020,7,0.0
94,"Tierra del Fuego, Antártida e Islas del Atlántico Sur",94999,Departamento sin determinar,2021,9,0.0
94,"Tierra del Fuego, Antártida e Islas del Atlántico Sur",94999,Departamento sin determinar,2022,27,0.0
94,"Tierra del Fuego, Antártida e Islas del Atlántico Sur",94999,Departamento sin determinar,2023,35,0.0
94,"Tierra del Fuego, Antártida e Islas del Atlántico Sur",94999,Departamento sin determinar,2024,27,0.0
